[0.299s] DEBUG:colcon:Command line arguments: ['/usr/bin/colcon', 'build']
[0.299s] DEBUG:colcon:Parsed command line arguments: Namespace(log_base=None, log_level=None, verb_name='build', build_base='build', install_base='install', merge_install=False, symlink_install=False, test_result_base=None, continue_on_error=False, executor='parallel', parallel_workers=2, event_handlers=None, ignore_user_meta=False, metas=['./colcon.meta'], base_paths=['.'], packages_ignore=None, packages_ignore_regex=None, paths=None, packages_up_to=None, packages_up_to_regex=None, packages_above=None, packages_above_and_dependencies=None, packages_above_depth=None, packages_select_by_dep=None, packages_skip_by_dep=None, packages_skip_up_to=None, packages_select_build_failed=False, packages_skip_build_finished=False, packages_select_test_failures=False, packages_skip_test_passed=False, packages_select=None, packages_skip=None, packages_select_regex=None, packages_skip_regex=None, packages_start=None, packages_end=None, allow_overriding=[], cmake_args=None, cmake_target=None, cmake_target_skip_unavailable=False, cmake_clean_cache=False, cmake_clean_first=False, cmake_force_configure=False, ament_cmake_args=None, catkin_cmake_args=None, catkin_skip_building_tests=False, mixin_files=None, mixin=None, verb_parser=<colcon_mixin.mixin.mixin_argument.MixinArgumentDecorator object at 0x7cd5662aed80>, verb_extension=<colcon_core.verb.build.BuildVerb object at 0x7cd5662aeb70>, main=<bound method BuildVerb.main of <colcon_core.verb.build.BuildVerb object at 0x7cd5662aeb70>>, mixin_verb=('build',))
[0.342s] Level 1:colcon.colcon_core.package_discovery:discover_packages(colcon_meta) check parameters
[0.342s] Level 1:colcon.colcon_core.package_discovery:discover_packages(recursive) check parameters
[0.342s] Level 1:colcon.colcon_core.package_discovery:discover_packages(ignore) check parameters
[0.342s] Level 1:colcon.colcon_core.package_discovery:discover_packages(path) check parameters
[0.342s] Level 1:colcon.colcon_core.package_discovery:discover_packages(colcon_meta) discover
[0.342s] Level 1:colcon.colcon_core.package_discovery:discover_packages(recursive) discover
[0.342s] INFO:colcon.colcon_core.package_discovery:Crawling recursively for packages in '/home/rasp/ros2_ws'
[0.342s] Level 1:colcon.colcon_core.package_identification:_identify(.) by extensions ['ignore', 'ignore_ament_install']
[0.342s] Level 1:colcon.colcon_core.package_identification:_identify(.) by extension 'ignore'
[0.343s] Level 1:colcon.colcon_core.package_identification:_identify(.) by extension 'ignore_ament_install'
[0.343s] Level 1:colcon.colcon_core.package_identification:_identify(.) by extensions ['colcon_pkg']
[0.343s] Level 1:colcon.colcon_core.package_identification:_identify(.) by extension 'colcon_pkg'
[0.343s] Level 1:colcon.colcon_core.package_identification:_identify(.) by extensions ['colcon_meta']
[0.343s] Level 1:colcon.colcon_core.package_identification:_identify(.) by extension 'colcon_meta'
[0.343s] Level 1:colcon.colcon_core.package_identification:_identify(.) by extensions ['ros']
[0.343s] Level 1:colcon.colcon_core.package_identification:_identify(.) by extension 'ros'
[0.367s] Level 1:colcon.colcon_core.package_identification:_identify(.) by extensions ['cmake', 'python']
[0.367s] Level 1:colcon.colcon_core.package_identification:_identify(.) by extension 'cmake'
[0.367s] Level 1:colcon.colcon_core.package_identification:_identify(.) by extension 'python'
[0.367s] Level 1:colcon.colcon_core.package_identification:_identify(.) by extensions ['python_setup_py']
[0.367s] Level 1:colcon.colcon_core.package_identification:_identify(.) by extension 'python_setup_py'
[0.367s] Level 1:colcon.colcon_core.package_identification:_identify(build) by extensions ['ignore', 'ignore_ament_install']
[0.367s] Level 1:colcon.colcon_core.package_identification:_identify(build) by extension 'ignore'
[0.367s] Level 1:colcon.colcon_core.package_identification:_identify(build) ignored
[0.368s] Level 1:colcon.colcon_core.package_identification:_identify(filtre) by extensions ['ignore', 'ignore_ament_install']
[0.368s] Level 1:colcon.colcon_core.package_identification:_identify(filtre) by extension 'ignore'
[0.368s] Level 1:colcon.colcon_core.package_identification:_identify(filtre) by extension 'ignore_ament_install'
[0.368s] Level 1:colcon.colcon_core.package_identification:_identify(filtre) by extensions ['colcon_pkg']
[0.368s] Level 1:colcon.colcon_core.package_identification:_identify(filtre) by extension 'colcon_pkg'
[0.368s] Level 1:colcon.colcon_core.package_identification:_identify(filtre) by extensions ['colcon_meta']
[0.368s] Level 1:colcon.colcon_core.package_identification:_identify(filtre) by extension 'colcon_meta'
[0.368s] Level 1:colcon.colcon_core.package_identification:_identify(filtre) by extensions ['ros']
[0.368s] Level 1:colcon.colcon_core.package_identification:_identify(filtre) by extension 'ros'
[0.368s] Level 1:colcon.colcon_core.package_identification:_identify(filtre) by extensions ['cmake', 'python']
[0.368s] Level 1:colcon.colcon_core.package_identification:_identify(filtre) by extension 'cmake'
[0.368s] Level 1:colcon.colcon_core.package_identification:_identify(filtre) by extension 'python'
[0.368s] Level 1:colcon.colcon_core.package_identification:_identify(filtre) by extensions ['python_setup_py']
[0.368s] Level 1:colcon.colcon_core.package_identification:_identify(filtre) by extension 'python_setup_py'
[0.368s] Level 1:colcon.colcon_core.package_identification:_identify(install) by extensions ['ignore', 'ignore_ament_install']
[0.368s] Level 1:colcon.colcon_core.package_identification:_identify(install) by extension 'ignore'
[0.368s] Level 1:colcon.colcon_core.package_identification:_identify(install) ignored
[0.368s] Level 1:colcon.colcon_core.package_identification:_identify(log) by extensions ['ignore', 'ignore_ament_install']
[0.368s] Level 1:colcon.colcon_core.package_identification:_identify(log) by extension 'ignore'
[0.369s] Level 1:colcon.colcon_core.package_identification:_identify(log) ignored
[0.369s] Level 1:colcon.colcon_core.package_identification:_identify(src) by extensions ['ignore', 'ignore_ament_install']
[0.369s] Level 1:colcon.colcon_core.package_identification:_identify(src) by extension 'ignore'
[0.369s] Level 1:colcon.colcon_core.package_identification:_identify(src) by extension 'ignore_ament_install'
[0.369s] Level 1:colcon.colcon_core.package_identification:_identify(src) by extensions ['colcon_pkg']
[0.369s] Level 1:colcon.colcon_core.package_identification:_identify(src) by extension 'colcon_pkg'
[0.369s] Level 1:colcon.colcon_core.package_identification:_identify(src) by extensions ['colcon_meta']
[0.369s] Level 1:colcon.colcon_core.package_identification:_identify(src) by extension 'colcon_meta'
[0.369s] Level 1:colcon.colcon_core.package_identification:_identify(src) by extensions ['ros']
[0.369s] Level 1:colcon.colcon_core.package_identification:_identify(src) by extension 'ros'
[0.369s] Level 1:colcon.colcon_core.package_identification:_identify(src) by extensions ['cmake', 'python']
[0.369s] Level 1:colcon.colcon_core.package_identification:_identify(src) by extension 'cmake'
[0.369s] Level 1:colcon.colcon_core.package_identification:_identify(src) by extension 'python'
[0.369s] Level 1:colcon.colcon_core.package_identification:_identify(src) by extensions ['python_setup_py']
[0.369s] Level 1:colcon.colcon_core.package_identification:_identify(src) by extension 'python_setup_py'
[0.369s] Level 1:colcon.colcon_core.package_identification:_identify(src/laser_filters) by extensions ['ignore', 'ignore_ament_install']
[0.369s] Level 1:colcon.colcon_core.package_identification:_identify(src/laser_filters) by extension 'ignore'
[0.369s] Level 1:colcon.colcon_core.package_identification:_identify(src/laser_filters) by extension 'ignore_ament_install'
[0.370s] Level 1:colcon.colcon_core.package_identification:_identify(src/laser_filters) by extensions ['colcon_pkg']
[0.370s] Level 1:colcon.colcon_core.package_identification:_identify(src/laser_filters) by extension 'colcon_pkg'
[0.370s] Level 1:colcon.colcon_core.package_identification:_identify(src/laser_filters) by extensions ['colcon_meta']
[0.370s] Level 1:colcon.colcon_core.package_identification:_identify(src/laser_filters) by extension 'colcon_meta'
[0.370s] Level 1:colcon.colcon_core.package_identification:_identify(src/laser_filters) by extensions ['ros']
[0.370s] Level 1:colcon.colcon_core.package_identification:_identify(src/laser_filters) by extension 'ros'
[0.372s] DEBUG:colcon.colcon_core.package_identification:Package 'src/laser_filters' with type 'ros.ament_cmake' and name 'laser_filters'
[0.372s] Level 1:colcon.colcon_core.package_identification:_identify(src/nav) by extensions ['ignore', 'ignore_ament_install']
[0.372s] Level 1:colcon.colcon_core.package_identification:_identify(src/nav) by extension 'ignore'
[0.372s] Level 1:colcon.colcon_core.package_identification:_identify(src/nav) by extension 'ignore_ament_install'
[0.373s] Level 1:colcon.colcon_core.package_identification:_identify(src/nav) by extensions ['colcon_pkg']
[0.373s] Level 1:colcon.colcon_core.package_identification:_identify(src/nav) by extension 'colcon_pkg'
[0.373s] Level 1:colcon.colcon_core.package_identification:_identify(src/nav) by extensions ['colcon_meta']
[0.373s] Level 1:colcon.colcon_core.package_identification:_identify(src/nav) by extension 'colcon_meta'
[0.373s] Level 1:colcon.colcon_core.package_identification:_identify(src/nav) by extensions ['ros']
[0.373s] Level 1:colcon.colcon_core.package_identification:_identify(src/nav) by extension 'ros'
[0.373s] Level 1:colcon.colcon_core.package_identification:_identify(src/nav) by extensions ['cmake', 'python']
[0.373s] Level 1:colcon.colcon_core.package_identification:_identify(src/nav) by extension 'cmake'
[0.373s] Level 1:colcon.colcon_core.package_identification:_identify(src/nav) by extension 'python'
[0.373s] Level 1:colcon.colcon_core.package_identification:_identify(src/nav) by extensions ['python_setup_py']
[0.373s] Level 1:colcon.colcon_core.package_identification:_identify(src/nav) by extension 'python_setup_py'
[0.373s] Level 1:colcon.colcon_core.package_identification:_identify(src/rf2o_laser_odometry) by extensions ['ignore', 'ignore_ament_install']
[0.373s] Level 1:colcon.colcon_core.package_identification:_identify(src/rf2o_laser_odometry) by extension 'ignore'
[0.373s] Level 1:colcon.colcon_core.package_identification:_identify(src/rf2o_laser_odometry) by extension 'ignore_ament_install'
[0.373s] Level 1:colcon.colcon_core.package_identification:_identify(src/rf2o_laser_odometry) by extensions ['colcon_pkg']
[0.373s] Level 1:colcon.colcon_core.package_identification:_identify(src/rf2o_laser_odometry) by extension 'colcon_pkg'
[0.373s] Level 1:colcon.colcon_core.package_identification:_identify(src/rf2o_laser_odometry) by extensions ['colcon_meta']
[0.373s] Level 1:colcon.colcon_core.package_identification:_identify(src/rf2o_laser_odometry) by extension 'colcon_meta'
[0.373s] Level 1:colcon.colcon_core.package_identification:_identify(src/rf2o_laser_odometry) by extensions ['ros']
[0.373s] Level 1:colcon.colcon_core.package_identification:_identify(src/rf2o_laser_odometry) by extension 'ros'
[0.374s] DEBUG:colcon.colcon_core.package_identification:Package 'src/rf2o_laser_odometry' with type 'ros.ament_cmake' and name 'rf2o_laser_odometry'
[0.374s] Level 1:colcon.colcon_core.package_identification:_identify(src/robot_description) by extensions ['ignore', 'ignore_ament_install']
[0.374s] Level 1:colcon.colcon_core.package_identification:_identify(src/robot_description) by extension 'ignore'
[0.374s] Level 1:colcon.colcon_core.package_identification:_identify(src/robot_description) by extension 'ignore_ament_install'
[0.374s] Level 1:colcon.colcon_core.package_identification:_identify(src/robot_description) by extensions ['colcon_pkg']
[0.374s] Level 1:colcon.colcon_core.package_identification:_identify(src/robot_description) by extension 'colcon_pkg'
[0.374s] Level 1:colcon.colcon_core.package_identification:_identify(src/robot_description) by extensions ['colcon_meta']
[0.374s] Level 1:colcon.colcon_core.package_identification:_identify(src/robot_description) by extension 'colcon_meta'
[0.374s] Level 1:colcon.colcon_core.package_identification:_identify(src/robot_description) by extensions ['ros']
[0.374s] Level 1:colcon.colcon_core.package_identification:_identify(src/robot_description) by extension 'ros'
[0.375s] DEBUG:colcon.colcon_core.package_identification:Package 'src/robot_description' with type 'ros.ament_python' and name 'robot_description'
[0.375s] Level 1:colcon.colcon_core.package_identification:_identify(src/robot_nav) by extensions ['ignore', 'ignore_ament_install']
[0.375s] Level 1:colcon.colcon_core.package_identification:_identify(src/robot_nav) by extension 'ignore'
[0.375s] Level 1:colcon.colcon_core.package_identification:_identify(src/robot_nav) by extension 'ignore_ament_install'
[0.375s] Level 1:colcon.colcon_core.package_identification:_identify(src/robot_nav) by extensions ['colcon_pkg']
[0.375s] Level 1:colcon.colcon_core.package_identification:_identify(src/robot_nav) by extension 'colcon_pkg'
[0.375s] Level 1:colcon.colcon_core.package_identification:_identify(src/robot_nav) by extensions ['colcon_meta']
[0.375s] Level 1:colcon.colcon_core.package_identification:_identify(src/robot_nav) by extension 'colcon_meta'
[0.375s] Level 1:colcon.colcon_core.package_identification:_identify(src/robot_nav) by extensions ['ros']
[0.375s] Level 1:colcon.colcon_core.package_identification:_identify(src/robot_nav) by extension 'ros'
[0.376s] DEBUG:colcon.colcon_core.package_identification:Package 'src/robot_nav' with type 'ros.ament_cmake' and name 'robot_nav'
[0.376s] Level 1:colcon.colcon_core.package_identification:_identify(src/sllidar_ros2) by extensions ['ignore', 'ignore_ament_install']
[0.376s] Level 1:colcon.colcon_core.package_identification:_identify(src/sllidar_ros2) by extension 'ignore'
[0.376s] Level 1:colcon.colcon_core.package_identification:_identify(src/sllidar_ros2) by extension 'ignore_ament_install'
[0.376s] Level 1:colcon.colcon_core.package_identification:_identify(src/sllidar_ros2) by extensions ['colcon_pkg']
[0.376s] Level 1:colcon.colcon_core.package_identification:_identify(src/sllidar_ros2) by extension 'colcon_pkg'
[0.376s] Level 1:colcon.colcon_core.package_identification:_identify(src/sllidar_ros2) by extensions ['colcon_meta']
[0.376s] Level 1:colcon.colcon_core.package_identification:_identify(src/sllidar_ros2) by extension 'colcon_meta'
[0.376s] Level 1:colcon.colcon_core.package_identification:_identify(src/sllidar_ros2) by extensions ['ros']
[0.376s] Level 1:colcon.colcon_core.package_identification:_identify(src/sllidar_ros2) by extension 'ros'
[0.377s] DEBUG:colcon.colcon_core.package_identification:Package 'src/sllidar_ros2' with type 'ros.ament_cmake' and name 'sllidar_ros2'
[0.377s] Level 1:colcon.colcon_core.package_identification:_identify(src/uros) by extensions ['ignore', 'ignore_ament_install']
[0.377s] Level 1:colcon.colcon_core.package_identification:_identify(src/uros) by extension 'ignore'
[0.377s] Level 1:colcon.colcon_core.package_identification:_identify(src/uros) by extension 'ignore_ament_install'
[0.377s] Level 1:colcon.colcon_core.package_identification:_identify(src/uros) by extensions ['colcon_pkg']
[0.377s] Level 1:colcon.colcon_core.package_identification:_identify(src/uros) by extension 'colcon_pkg'
[0.377s] Level 1:colcon.colcon_core.package_identification:_identify(src/uros) by extensions ['colcon_meta']
[0.377s] Level 1:colcon.colcon_core.package_identification:_identify(src/uros) by extension 'colcon_meta'
[0.377s] Level 1:colcon.colcon_core.package_identification:_identify(src/uros) by extensions ['ros']
[0.377s] Level 1:colcon.colcon_core.package_identification:_identify(src/uros) by extension 'ros'
[0.377s] Level 1:colcon.colcon_core.package_identification:_identify(src/uros) by extensions ['cmake', 'python']
[0.377s] Level 1:colcon.colcon_core.package_identification:_identify(src/uros) by extension 'cmake'
[0.377s] Level 1:colcon.colcon_core.package_identification:_identify(src/uros) by extension 'python'
[0.377s] Level 1:colcon.colcon_core.package_identification:_identify(src/uros) by extensions ['python_setup_py']
[0.377s] Level 1:colcon.colcon_core.package_identification:_identify(src/uros) by extension 'python_setup_py'
[0.377s] Level 1:colcon.colcon_core.package_identification:_identify(src/uros/micro-ROS-Agent) by extensions ['ignore', 'ignore_ament_install']
[0.377s] Level 1:colcon.colcon_core.package_identification:_identify(src/uros/micro-ROS-Agent) by extension 'ignore'
[0.377s] Level 1:colcon.colcon_core.package_identification:_identify(src/uros/micro-ROS-Agent) by extension 'ignore_ament_install'
[0.377s] Level 1:colcon.colcon_core.package_identification:_identify(src/uros/micro-ROS-Agent) by extensions ['colcon_pkg']
[0.377s] Level 1:colcon.colcon_core.package_identification:_identify(src/uros/micro-ROS-Agent) by extension 'colcon_pkg'
[0.378s] Level 1:colcon.colcon_core.package_identification:_identify(src/uros/micro-ROS-Agent) by extensions ['colcon_meta']
[0.378s] Level 1:colcon.colcon_core.package_identification:_identify(src/uros/micro-ROS-Agent) by extension 'colcon_meta'
[0.378s] Level 1:colcon.colcon_core.package_identification:_identify(src/uros/micro-ROS-Agent) by extensions ['ros']
[0.378s] Level 1:colcon.colcon_core.package_identification:_identify(src/uros/micro-ROS-Agent) by extension 'ros'
[0.378s] Level 1:colcon.colcon_core.package_identification:_identify(src/uros/micro-ROS-Agent) by extensions ['cmake', 'python']
[0.378s] Level 1:colcon.colcon_core.package_identification:_identify(src/uros/micro-ROS-Agent) by extension 'cmake'
[0.378s] Level 1:colcon.colcon_core.package_identification:_identify(src/uros/micro-ROS-Agent) by extension 'python'
[0.378s] Level 1:colcon.colcon_core.package_identification:_identify(src/uros/micro-ROS-Agent) by extensions ['python_setup_py']
[0.378s] Level 1:colcon.colcon_core.package_identification:_identify(src/uros/micro-ROS-Agent) by extension 'python_setup_py'
[0.378s] Level 1:colcon.colcon_core.package_identification:_identify(src/uros/micro-ROS-Agent/micro_ros_agent) by extensions ['ignore', 'ignore_ament_install']
[0.378s] Level 1:colcon.colcon_core.package_identification:_identify(src/uros/micro-ROS-Agent/micro_ros_agent) by extension 'ignore'
[0.378s] Level 1:colcon.colcon_core.package_identification:_identify(src/uros/micro-ROS-Agent/micro_ros_agent) by extension 'ignore_ament_install'
[0.378s] Level 1:colcon.colcon_core.package_identification:_identify(src/uros/micro-ROS-Agent/micro_ros_agent) by extensions ['colcon_pkg']
[0.378s] Level 1:colcon.colcon_core.package_identification:_identify(src/uros/micro-ROS-Agent/micro_ros_agent) by extension 'colcon_pkg'
[0.378s] Level 1:colcon.colcon_core.package_identification:_identify(src/uros/micro-ROS-Agent/micro_ros_agent) by extensions ['colcon_meta']
[0.378s] Level 1:colcon.colcon_core.package_identification:_identify(src/uros/micro-ROS-Agent/micro_ros_agent) by extension 'colcon_meta'
[0.378s] Level 1:colcon.colcon_core.package_identification:_identify(src/uros/micro-ROS-Agent/micro_ros_agent) by extensions ['ros']
[0.378s] Level 1:colcon.colcon_core.package_identification:_identify(src/uros/micro-ROS-Agent/micro_ros_agent) by extension 'ros'
[0.379s] DEBUG:colcon.colcon_core.package_identification:Package 'src/uros/micro-ROS-Agent/micro_ros_agent' with type 'ros.ament_cmake' and name 'micro_ros_agent'
[0.379s] Level 1:colcon.colcon_core.package_identification:_identify(src/uros/micro-ROS-Agent/snap) by extensions ['ignore', 'ignore_ament_install']
[0.379s] Level 1:colcon.colcon_core.package_identification:_identify(src/uros/micro-ROS-Agent/snap) by extension 'ignore'
[0.379s] Level 1:colcon.colcon_core.package_identification:_identify(src/uros/micro-ROS-Agent/snap) by extension 'ignore_ament_install'
[0.379s] Level 1:colcon.colcon_core.package_identification:_identify(src/uros/micro-ROS-Agent/snap) by extensions ['colcon_pkg']
[0.379s] Level 1:colcon.colcon_core.package_identification:_identify(src/uros/micro-ROS-Agent/snap) by extension 'colcon_pkg'
[0.379s] Level 1:colcon.colcon_core.package_identification:_identify(src/uros/micro-ROS-Agent/snap) by extensions ['colcon_meta']
[0.379s] Level 1:colcon.colcon_core.package_identification:_identify(src/uros/micro-ROS-Agent/snap) by extension 'colcon_meta'
[0.379s] Level 1:colcon.colcon_core.package_identification:_identify(src/uros/micro-ROS-Agent/snap) by extensions ['ros']
[0.379s] Level 1:colcon.colcon_core.package_identification:_identify(src/uros/micro-ROS-Agent/snap) by extension 'ros'
[0.379s] Level 1:colcon.colcon_core.package_identification:_identify(src/uros/micro-ROS-Agent/snap) by extensions ['cmake', 'python']
[0.379s] Level 1:colcon.colcon_core.package_identification:_identify(src/uros/micro-ROS-Agent/snap) by extension 'cmake'
[0.379s] Level 1:colcon.colcon_core.package_identification:_identify(src/uros/micro-ROS-Agent/snap) by extension 'python'
[0.379s] Level 1:colcon.colcon_core.package_identification:_identify(src/uros/micro-ROS-Agent/snap) by extensions ['python_setup_py']
[0.379s] Level 1:colcon.colcon_core.package_identification:_identify(src/uros/micro-ROS-Agent/snap) by extension 'python_setup_py'
[0.379s] Level 1:colcon.colcon_core.package_identification:_identify(src/uros/micro-ROS-Agent/snap/hooks) by extensions ['ignore', 'ignore_ament_install']
[0.380s] Level 1:colcon.colcon_core.package_identification:_identify(src/uros/micro-ROS-Agent/snap/hooks) by extension 'ignore'
[0.380s] Level 1:colcon.colcon_core.package_identification:_identify(src/uros/micro-ROS-Agent/snap/hooks) by extension 'ignore_ament_install'
[0.380s] Level 1:colcon.colcon_core.package_identification:_identify(src/uros/micro-ROS-Agent/snap/hooks) by extensions ['colcon_pkg']
[0.380s] Level 1:colcon.colcon_core.package_identification:_identify(src/uros/micro-ROS-Agent/snap/hooks) by extension 'colcon_pkg'
[0.380s] Level 1:colcon.colcon_core.package_identification:_identify(src/uros/micro-ROS-Agent/snap/hooks) by extensions ['colcon_meta']
[0.380s] Level 1:colcon.colcon_core.package_identification:_identify(src/uros/micro-ROS-Agent/snap/hooks) by extension 'colcon_meta'
[0.380s] Level 1:colcon.colcon_core.package_identification:_identify(src/uros/micro-ROS-Agent/snap/hooks) by extensions ['ros']
[0.380s] Level 1:colcon.colcon_core.package_identification:_identify(src/uros/micro-ROS-Agent/snap/hooks) by extension 'ros'
[0.380s] Level 1:colcon.colcon_core.package_identification:_identify(src/uros/micro-ROS-Agent/snap/hooks) by extensions ['cmake', 'python']
[0.380s] Level 1:colcon.colcon_core.package_identification:_identify(src/uros/micro-ROS-Agent/snap/hooks) by extension 'cmake'
[0.380s] Level 1:colcon.colcon_core.package_identification:_identify(src/uros/micro-ROS-Agent/snap/hooks) by extension 'python'
[0.380s] Level 1:colcon.colcon_core.package_identification:_identify(src/uros/micro-ROS-Agent/snap/hooks) by extensions ['python_setup_py']
[0.380s] Level 1:colcon.colcon_core.package_identification:_identify(src/uros/micro-ROS-Agent/snap/hooks) by extension 'python_setup_py'
[0.380s] Level 1:colcon.colcon_core.package_identification:_identify(src/uros/micro-ROS-Agent/snap/local) by extensions ['ignore', 'ignore_ament_install']
[0.380s] Level 1:colcon.colcon_core.package_identification:_identify(src/uros/micro-ROS-Agent/snap/local) by extension 'ignore'
[0.380s] Level 1:colcon.colcon_core.package_identification:_identify(src/uros/micro-ROS-Agent/snap/local) by extension 'ignore_ament_install'
[0.380s] Level 1:colcon.colcon_core.package_identification:_identify(src/uros/micro-ROS-Agent/snap/local) by extensions ['colcon_pkg']
[0.380s] Level 1:colcon.colcon_core.package_identification:_identify(src/uros/micro-ROS-Agent/snap/local) by extension 'colcon_pkg'
[0.380s] Level 1:colcon.colcon_core.package_identification:_identify(src/uros/micro-ROS-Agent/snap/local) by extensions ['colcon_meta']
[0.380s] Level 1:colcon.colcon_core.package_identification:_identify(src/uros/micro-ROS-Agent/snap/local) by extension 'colcon_meta'
[0.380s] Level 1:colcon.colcon_core.package_identification:_identify(src/uros/micro-ROS-Agent/snap/local) by extensions ['ros']
[0.380s] Level 1:colcon.colcon_core.package_identification:_identify(src/uros/micro-ROS-Agent/snap/local) by extension 'ros'
[0.381s] Level 1:colcon.colcon_core.package_identification:_identify(src/uros/micro-ROS-Agent/snap/local) by extensions ['cmake', 'python']
[0.381s] Level 1:colcon.colcon_core.package_identification:_identify(src/uros/micro-ROS-Agent/snap/local) by extension 'cmake'
[0.381s] Level 1:colcon.colcon_core.package_identification:_identify(src/uros/micro-ROS-Agent/snap/local) by extension 'python'
[0.381s] Level 1:colcon.colcon_core.package_identification:_identify(src/uros/micro-ROS-Agent/snap/local) by extensions ['python_setup_py']
[0.381s] Level 1:colcon.colcon_core.package_identification:_identify(src/uros/micro-ROS-Agent/snap/local) by extension 'python_setup_py'
[0.381s] Level 1:colcon.colcon_core.package_identification:_identify(src/uros/micro_ros_msgs) by extensions ['ignore', 'ignore_ament_install']
[0.381s] Level 1:colcon.colcon_core.package_identification:_identify(src/uros/micro_ros_msgs) by extension 'ignore'
[0.381s] Level 1:colcon.colcon_core.package_identification:_identify(src/uros/micro_ros_msgs) by extension 'ignore_ament_install'
[0.381s] Level 1:colcon.colcon_core.package_identification:_identify(src/uros/micro_ros_msgs) by extensions ['colcon_pkg']
[0.381s] Level 1:colcon.colcon_core.package_identification:_identify(src/uros/micro_ros_msgs) by extension 'colcon_pkg'
[0.381s] Level 1:colcon.colcon_core.package_identification:_identify(src/uros/micro_ros_msgs) by extensions ['colcon_meta']
[0.381s] Level 1:colcon.colcon_core.package_identification:_identify(src/uros/micro_ros_msgs) by extension 'colcon_meta'
[0.381s] Level 1:colcon.colcon_core.package_identification:_identify(src/uros/micro_ros_msgs) by extensions ['ros']
[0.381s] Level 1:colcon.colcon_core.package_identification:_identify(src/uros/micro_ros_msgs) by extension 'ros'
[0.381s] DEBUG:colcon.colcon_core.package_identification:Package 'src/uros/micro_ros_msgs' with type 'ros.ament_cmake' and name 'micro_ros_msgs'
[0.381s] Level 1:colcon.colcon_core.package_discovery:discover_packages(recursive) using defaults
[0.382s] Level 1:colcon.colcon_core.package_discovery:discover_packages(ignore) discover
[0.382s] Level 1:colcon.colcon_core.package_discovery:discover_packages(ignore) using defaults
[0.382s] Level 1:colcon.colcon_core.package_discovery:discover_packages(path) discover
[0.382s] Level 1:colcon.colcon_core.package_discovery:discover_packages(path) using defaults
[0.407s] Level 1:colcon.colcon_core.package_discovery:discover_packages(prefix_path) check parameters
[0.407s] Level 1:colcon.colcon_core.package_discovery:discover_packages(prefix_path) discover
[0.430s] DEBUG:colcon.colcon_installed_package_information.package_discovery:Found 45 installed packages in /home/rasp/ros2_ws/install
[0.432s] DEBUG:colcon.colcon_installed_package_information.package_discovery:Found 379 installed packages in /opt/ros/jazzy
[0.434s] Level 1:colcon.colcon_core.package_discovery:discover_packages(prefix_path) using defaults
[0.570s] WARNING:colcon.colcon_core.package_selection:Some selected packages are already built in one or more underlay workspaces:
	'micro_ros_msgs' is in: /home/rasp/ros2_ws/install/micro_ros_msgs
If a package in a merged underlay workspace is overridden and it installs headers, then all packages in the overlay must sort their include directories by workspace order. Failure to do so may result in build failures or undefined behavior at run time.
If the overridden package is used by another package in any underlay, then the overriding package in the overlay must be API and ABI compatible or undefined behavior at run time may occur.

If you understand the risks and want to override a package anyways, add the following to the command line:
	--allow-overriding micro_ros_msgs

This may be promoted to an error in a future release of colcon-override-check.
[0.571s] Level 5:colcon.colcon_core.verb:set package 'laser_filters' build argument 'cmake_args' from command line to 'None'
[0.571s] Level 5:colcon.colcon_core.verb:set package 'laser_filters' build argument 'cmake_target' from command line to 'None'
[0.571s] Level 5:colcon.colcon_core.verb:set package 'laser_filters' build argument 'cmake_target_skip_unavailable' from command line to 'False'
[0.571s] Level 5:colcon.colcon_core.verb:set package 'laser_filters' build argument 'cmake_clean_cache' from command line to 'False'
[0.571s] Level 5:colcon.colcon_core.verb:set package 'laser_filters' build argument 'cmake_clean_first' from command line to 'False'
[0.571s] Level 5:colcon.colcon_core.verb:set package 'laser_filters' build argument 'cmake_force_configure' from command line to 'False'
[0.571s] Level 5:colcon.colcon_core.verb:set package 'laser_filters' build argument 'ament_cmake_args' from command line to 'None'
[0.571s] Level 5:colcon.colcon_core.verb:set package 'laser_filters' build argument 'catkin_cmake_args' from command line to 'None'
[0.571s] Level 5:colcon.colcon_core.verb:set package 'laser_filters' build argument 'catkin_skip_building_tests' from command line to 'False'
[0.571s] DEBUG:colcon.colcon_core.verb:Building package 'laser_filters' with the following arguments: {'ament_cmake_args': None, 'build_base': '/home/rasp/ros2_ws/build/laser_filters', 'catkin_cmake_args': None, 'catkin_skip_building_tests': False, 'cmake_args': None, 'cmake_clean_cache': False, 'cmake_clean_first': False, 'cmake_force_configure': False, 'cmake_target': None, 'cmake_target_skip_unavailable': False, 'install_base': '/home/rasp/ros2_ws/install/laser_filters', 'merge_install': False, 'path': '/home/rasp/ros2_ws/src/laser_filters', 'symlink_install': False, 'test_result_base': None}
[0.571s] Level 5:colcon.colcon_core.verb:set package 'micro_ros_msgs' build argument 'cmake_args' from command line to 'None'
[0.571s] Level 5:colcon.colcon_core.verb:set package 'micro_ros_msgs' build argument 'cmake_target' from command line to 'None'
[0.571s] Level 5:colcon.colcon_core.verb:set package 'micro_ros_msgs' build argument 'cmake_target_skip_unavailable' from command line to 'False'
[0.571s] Level 5:colcon.colcon_core.verb:set package 'micro_ros_msgs' build argument 'cmake_clean_cache' from command line to 'False'
[0.571s] Level 5:colcon.colcon_core.verb:set package 'micro_ros_msgs' build argument 'cmake_clean_first' from command line to 'False'
[0.571s] Level 5:colcon.colcon_core.verb:set package 'micro_ros_msgs' build argument 'cmake_force_configure' from command line to 'False'
[0.571s] Level 5:colcon.colcon_core.verb:set package 'micro_ros_msgs' build argument 'ament_cmake_args' from command line to 'None'
[0.571s] Level 5:colcon.colcon_core.verb:set package 'micro_ros_msgs' build argument 'catkin_cmake_args' from command line to 'None'
[0.571s] Level 5:colcon.colcon_core.verb:set package 'micro_ros_msgs' build argument 'catkin_skip_building_tests' from command line to 'False'
[0.572s] DEBUG:colcon.colcon_core.verb:Building package 'micro_ros_msgs' with the following arguments: {'ament_cmake_args': None, 'build_base': '/home/rasp/ros2_ws/build/micro_ros_msgs', 'catkin_cmake_args': None, 'catkin_skip_building_tests': False, 'cmake_args': None, 'cmake_clean_cache': False, 'cmake_clean_first': False, 'cmake_force_configure': False, 'cmake_target': None, 'cmake_target_skip_unavailable': False, 'install_base': '/home/rasp/ros2_ws/install/micro_ros_msgs', 'merge_install': False, 'path': '/home/rasp/ros2_ws/src/uros/micro_ros_msgs', 'symlink_install': False, 'test_result_base': None}
[0.572s] Level 5:colcon.colcon_core.verb:set package 'rf2o_laser_odometry' build argument 'cmake_args' from command line to 'None'
[0.572s] Level 5:colcon.colcon_core.verb:set package 'rf2o_laser_odometry' build argument 'cmake_target' from command line to 'None'
[0.572s] Level 5:colcon.colcon_core.verb:set package 'rf2o_laser_odometry' build argument 'cmake_target_skip_unavailable' from command line to 'False'
[0.572s] Level 5:colcon.colcon_core.verb:set package 'rf2o_laser_odometry' build argument 'cmake_clean_cache' from command line to 'False'
[0.572s] Level 5:colcon.colcon_core.verb:set package 'rf2o_laser_odometry' build argument 'cmake_clean_first' from command line to 'False'
[0.572s] Level 5:colcon.colcon_core.verb:set package 'rf2o_laser_odometry' build argument 'cmake_force_configure' from command line to 'False'
[0.572s] Level 5:colcon.colcon_core.verb:set package 'rf2o_laser_odometry' build argument 'ament_cmake_args' from command line to 'None'
[0.572s] Level 5:colcon.colcon_core.verb:set package 'rf2o_laser_odometry' build argument 'catkin_cmake_args' from command line to 'None'
[0.572s] Level 5:colcon.colcon_core.verb:set package 'rf2o_laser_odometry' build argument 'catkin_skip_building_tests' from command line to 'False'
[0.572s] DEBUG:colcon.colcon_core.verb:Building package 'rf2o_laser_odometry' with the following arguments: {'ament_cmake_args': None, 'build_base': '/home/rasp/ros2_ws/build/rf2o_laser_odometry', 'catkin_cmake_args': None, 'catkin_skip_building_tests': False, 'cmake_args': None, 'cmake_clean_cache': False, 'cmake_clean_first': False, 'cmake_force_configure': False, 'cmake_target': None, 'cmake_target_skip_unavailable': False, 'install_base': '/home/rasp/ros2_ws/install/rf2o_laser_odometry', 'merge_install': False, 'path': '/home/rasp/ros2_ws/src/rf2o_laser_odometry', 'symlink_install': False, 'test_result_base': None}
[0.572s] Level 5:colcon.colcon_core.verb:set package 'robot_description' build argument 'cmake_args' from command line to 'None'
[0.572s] Level 5:colcon.colcon_core.verb:set package 'robot_description' build argument 'cmake_target' from command line to 'None'
[0.572s] Level 5:colcon.colcon_core.verb:set package 'robot_description' build argument 'cmake_target_skip_unavailable' from command line to 'False'
[0.572s] Level 5:colcon.colcon_core.verb:set package 'robot_description' build argument 'cmake_clean_cache' from command line to 'False'
[0.572s] Level 5:colcon.colcon_core.verb:set package 'robot_description' build argument 'cmake_clean_first' from command line to 'False'
[0.572s] Level 5:colcon.colcon_core.verb:set package 'robot_description' build argument 'cmake_force_configure' from command line to 'False'
[0.572s] Level 5:colcon.colcon_core.verb:set package 'robot_description' build argument 'ament_cmake_args' from command line to 'None'
[0.572s] Level 5:colcon.colcon_core.verb:set package 'robot_description' build argument 'catkin_cmake_args' from command line to 'None'
[0.572s] Level 5:colcon.colcon_core.verb:set package 'robot_description' build argument 'catkin_skip_building_tests' from command line to 'False'
[0.572s] DEBUG:colcon.colcon_core.verb:Building package 'robot_description' with the following arguments: {'ament_cmake_args': None, 'build_base': '/home/rasp/ros2_ws/build/robot_description', 'catkin_cmake_args': None, 'catkin_skip_building_tests': False, 'cmake_args': None, 'cmake_clean_cache': False, 'cmake_clean_first': False, 'cmake_force_configure': False, 'cmake_target': None, 'cmake_target_skip_unavailable': False, 'install_base': '/home/rasp/ros2_ws/install/robot_description', 'merge_install': False, 'path': '/home/rasp/ros2_ws/src/robot_description', 'symlink_install': False, 'test_result_base': None}
[0.573s] Level 5:colcon.colcon_core.verb:set package 'robot_nav' build argument 'cmake_args' from command line to 'None'
[0.573s] Level 5:colcon.colcon_core.verb:set package 'robot_nav' build argument 'cmake_target' from command line to 'None'
[0.573s] Level 5:colcon.colcon_core.verb:set package 'robot_nav' build argument 'cmake_target_skip_unavailable' from command line to 'False'
[0.573s] Level 5:colcon.colcon_core.verb:set package 'robot_nav' build argument 'cmake_clean_cache' from command line to 'False'
[0.573s] Level 5:colcon.colcon_core.verb:set package 'robot_nav' build argument 'cmake_clean_first' from command line to 'False'
[0.573s] Level 5:colcon.colcon_core.verb:set package 'robot_nav' build argument 'cmake_force_configure' from command line to 'False'
[0.573s] Level 5:colcon.colcon_core.verb:set package 'robot_nav' build argument 'ament_cmake_args' from command line to 'None'
[0.573s] Level 5:colcon.colcon_core.verb:set package 'robot_nav' build argument 'catkin_cmake_args' from command line to 'None'
[0.573s] Level 5:colcon.colcon_core.verb:set package 'robot_nav' build argument 'catkin_skip_building_tests' from command line to 'False'
[0.573s] DEBUG:colcon.colcon_core.verb:Building package 'robot_nav' with the following arguments: {'ament_cmake_args': None, 'build_base': '/home/rasp/ros2_ws/build/robot_nav', 'catkin_cmake_args': None, 'catkin_skip_building_tests': False, 'cmake_args': None, 'cmake_clean_cache': False, 'cmake_clean_first': False, 'cmake_force_configure': False, 'cmake_target': None, 'cmake_target_skip_unavailable': False, 'install_base': '/home/rasp/ros2_ws/install/robot_nav', 'merge_install': False, 'path': '/home/rasp/ros2_ws/src/robot_nav', 'symlink_install': False, 'test_result_base': None}
[0.573s] Level 5:colcon.colcon_core.verb:set package 'sllidar_ros2' build argument 'cmake_args' from command line to 'None'
[0.573s] Level 5:colcon.colcon_core.verb:set package 'sllidar_ros2' build argument 'cmake_target' from command line to 'None'
[0.573s] Level 5:colcon.colcon_core.verb:set package 'sllidar_ros2' build argument 'cmake_target_skip_unavailable' from command line to 'False'
[0.573s] Level 5:colcon.colcon_core.verb:set package 'sllidar_ros2' build argument 'cmake_clean_cache' from command line to 'False'
[0.573s] Level 5:colcon.colcon_core.verb:set package 'sllidar_ros2' build argument 'cmake_clean_first' from command line to 'False'
[0.573s] Level 5:colcon.colcon_core.verb:set package 'sllidar_ros2' build argument 'cmake_force_configure' from command line to 'False'
[0.573s] Level 5:colcon.colcon_core.verb:set package 'sllidar_ros2' build argument 'ament_cmake_args' from command line to 'None'
[0.573s] Level 5:colcon.colcon_core.verb:set package 'sllidar_ros2' build argument 'catkin_cmake_args' from command line to 'None'
[0.573s] Level 5:colcon.colcon_core.verb:set package 'sllidar_ros2' build argument 'catkin_skip_building_tests' from command line to 'False'
[0.573s] DEBUG:colcon.colcon_core.verb:Building package 'sllidar_ros2' with the following arguments: {'ament_cmake_args': None, 'build_base': '/home/rasp/ros2_ws/build/sllidar_ros2', 'catkin_cmake_args': None, 'catkin_skip_building_tests': False, 'cmake_args': None, 'cmake_clean_cache': False, 'cmake_clean_first': False, 'cmake_force_configure': False, 'cmake_target': None, 'cmake_target_skip_unavailable': False, 'install_base': '/home/rasp/ros2_ws/install/sllidar_ros2', 'merge_install': False, 'path': '/home/rasp/ros2_ws/src/sllidar_ros2', 'symlink_install': False, 'test_result_base': None}
[0.573s] Level 5:colcon.colcon_core.verb:set package 'micro_ros_agent' build argument 'cmake_args' from command line to 'None'
[0.573s] Level 5:colcon.colcon_core.verb:set package 'micro_ros_agent' build argument 'cmake_target' from command line to 'None'
[0.573s] Level 5:colcon.colcon_core.verb:set package 'micro_ros_agent' build argument 'cmake_target_skip_unavailable' from command line to 'False'
[0.573s] Level 5:colcon.colcon_core.verb:set package 'micro_ros_agent' build argument 'cmake_clean_cache' from command line to 'False'
[0.573s] Level 5:colcon.colcon_core.verb:set package 'micro_ros_agent' build argument 'cmake_clean_first' from command line to 'False'
[0.573s] Level 5:colcon.colcon_core.verb:set package 'micro_ros_agent' build argument 'cmake_force_configure' from command line to 'False'
[0.573s] Level 5:colcon.colcon_core.verb:set package 'micro_ros_agent' build argument 'ament_cmake_args' from command line to 'None'
[0.573s] Level 5:colcon.colcon_core.verb:set package 'micro_ros_agent' build argument 'catkin_cmake_args' from command line to 'None'
[0.573s] Level 5:colcon.colcon_core.verb:set package 'micro_ros_agent' build argument 'catkin_skip_building_tests' from command line to 'False'
[0.573s] DEBUG:colcon.colcon_core.verb:Building package 'micro_ros_agent' with the following arguments: {'ament_cmake_args': None, 'build_base': '/home/rasp/ros2_ws/build/micro_ros_agent', 'catkin_cmake_args': None, 'catkin_skip_building_tests': False, 'cmake_args': None, 'cmake_clean_cache': False, 'cmake_clean_first': False, 'cmake_force_configure': False, 'cmake_target': None, 'cmake_target_skip_unavailable': False, 'install_base': '/home/rasp/ros2_ws/install/micro_ros_agent', 'merge_install': False, 'path': '/home/rasp/ros2_ws/src/uros/micro-ROS-Agent/micro_ros_agent', 'symlink_install': False, 'test_result_base': None}
[0.574s] INFO:colcon.colcon_core.executor:Executing jobs using 'parallel' executor
[0.575s] DEBUG:colcon.colcon_parallel_executor.executor.parallel:run_until_complete
[0.575s] INFO:colcon.colcon_ros.task.ament_cmake.build:Building ROS package in '/home/rasp/ros2_ws/src/uros/micro_ros_msgs' with build type 'ament_cmake'
[0.575s] INFO:colcon.colcon_cmake.task.cmake.build:Building CMake package in '/home/rasp/ros2_ws/src/uros/micro_ros_msgs'
[0.582s] INFO:colcon.colcon_core.plugin_system:Skipping extension 'colcon_core.shell.bat': Not used on non-Windows systems
[0.582s] INFO:colcon.colcon_core.shell:Skip shell extension 'powershell' for command environment: Not usable outside of PowerShell
[0.582s] DEBUG:colcon.colcon_core.shell:Skip shell extension 'dsv' for command environment
[0.590s] INFO:colcon.colcon_ros.task.ament_cmake.build:Building ROS package in '/home/rasp/ros2_ws/src/laser_filters' with build type 'ament_cmake'
[0.590s] INFO:colcon.colcon_cmake.task.cmake.build:Building CMake package in '/home/rasp/ros2_ws/src/laser_filters'
[0.590s] INFO:colcon.colcon_core.shell:Skip shell extension 'powershell' for command environment: Not usable outside of PowerShell
[0.590s] DEBUG:colcon.colcon_core.shell:Skip shell extension 'dsv' for command environment
[0.602s] DEBUG:colcon.colcon_core.event_handler.log_command:Invoking command in '/home/rasp/ros2_ws/build/micro_ros_msgs': CMAKE_PREFIX_PATH=${CMAKE_PREFIX_PATH}:/home/rasp/ros2_ws/install/robot_description:/home/rasp/ros2_ws/install/sensor_msgs_py:/opt/ros/jazzy DEBUGINFOD_URLS=https://debuginfod.ubuntu.com /usr/bin/cmake --build /home/rasp/ros2_ws/build/micro_ros_msgs -- -j2 -l2
[0.610s] DEBUG:colcon.colcon_core.event_handler.log_command:Invoking command in '/home/rasp/ros2_ws/build/laser_filters': CMAKE_PREFIX_PATH=${CMAKE_PREFIX_PATH}:/home/rasp/ros2_ws/install/robot_description:/home/rasp/ros2_ws/install/sensor_msgs_py:/opt/ros/jazzy DEBUGINFOD_URLS=https://debuginfod.ubuntu.com /usr/bin/cmake --build /home/rasp/ros2_ws/build/laser_filters -- -j2 -l2
[1.410s] DEBUG:colcon.colcon_core.event_handler.log_command:Invoked command in '/home/rasp/ros2_ws/build/laser_filters' returned '0': CMAKE_PREFIX_PATH=${CMAKE_PREFIX_PATH}:/home/rasp/ros2_ws/install/robot_description:/home/rasp/ros2_ws/install/sensor_msgs_py:/opt/ros/jazzy DEBUGINFOD_URLS=https://debuginfod.ubuntu.com /usr/bin/cmake --build /home/rasp/ros2_ws/build/laser_filters -- -j2 -l2
[1.456s] DEBUG:colcon.colcon_core.event_handler.log_command:Invoking command in '/home/rasp/ros2_ws/build/laser_filters': CMAKE_PREFIX_PATH=${CMAKE_PREFIX_PATH}:/home/rasp/ros2_ws/install/robot_description:/home/rasp/ros2_ws/install/sensor_msgs_py:/opt/ros/jazzy DEBUGINFOD_URLS=https://debuginfod.ubuntu.com /usr/bin/cmake --install /home/rasp/ros2_ws/build/laser_filters
[1.649s] Level 1:colcon.colcon_core.environment:create_environment_scripts_only(laser_filters)
[1.649s] DEBUG:colcon.colcon_core.event_handler.log_command:Invoked command in '/home/rasp/ros2_ws/build/laser_filters' returned '0': CMAKE_PREFIX_PATH=${CMAKE_PREFIX_PATH}:/home/rasp/ros2_ws/install/robot_description:/home/rasp/ros2_ws/install/sensor_msgs_py:/opt/ros/jazzy DEBUGINFOD_URLS=https://debuginfod.ubuntu.com /usr/bin/cmake --install /home/rasp/ros2_ws/build/laser_filters
[1.657s] Level 1:colcon.colcon_core.environment:checking '/home/rasp/ros2_ws/install/laser_filters' for CMake module files
[1.657s] Level 1:colcon.colcon_core.environment:checking '/home/rasp/ros2_ws/install/laser_filters' for CMake config files
[1.657s] Level 1:colcon.colcon_core.shell:create_environment_hook('laser_filters', 'cmake_prefix_path')
[1.658s] INFO:colcon.colcon_core.shell:Creating environment hook '/home/rasp/ros2_ws/install/laser_filters/share/laser_filters/hook/cmake_prefix_path.ps1'
[1.659s] INFO:colcon.colcon_core.shell:Creating environment descriptor '/home/rasp/ros2_ws/install/laser_filters/share/laser_filters/hook/cmake_prefix_path.dsv'
[1.659s] INFO:colcon.colcon_core.shell:Creating environment hook '/home/rasp/ros2_ws/install/laser_filters/share/laser_filters/hook/cmake_prefix_path.sh'
[1.660s] Level 1:colcon.colcon_core.environment:checking '/home/rasp/ros2_ws/install/laser_filters/lib'
[1.660s] Level 1:colcon.colcon_core.shell:create_environment_hook('laser_filters', 'ld_library_path_lib')
[1.661s] INFO:colcon.colcon_core.shell:Creating environment hook '/home/rasp/ros2_ws/install/laser_filters/share/laser_filters/hook/ld_library_path_lib.ps1'
[1.661s] INFO:colcon.colcon_core.shell:Creating environment descriptor '/home/rasp/ros2_ws/install/laser_filters/share/laser_filters/hook/ld_library_path_lib.dsv'
[1.661s] INFO:colcon.colcon_core.shell:Creating environment hook '/home/rasp/ros2_ws/install/laser_filters/share/laser_filters/hook/ld_library_path_lib.sh'
[1.662s] Level 1:colcon.colcon_core.environment:checking '/home/rasp/ros2_ws/install/laser_filters/bin'
[1.662s] Level 1:colcon.colcon_core.environment:checking '/home/rasp/ros2_ws/install/laser_filters/lib/pkgconfig/laser_filters.pc'
[1.662s] Level 1:colcon.colcon_core.environment:checking '/home/rasp/ros2_ws/install/laser_filters/lib/python3.12/site-packages'
[1.663s] Level 1:colcon.colcon_core.environment:checking '/home/rasp/ros2_ws/install/laser_filters/bin'
[1.663s] INFO:colcon.colcon_core.shell:Creating package script '/home/rasp/ros2_ws/install/laser_filters/share/laser_filters/package.ps1'
[1.664s] INFO:colcon.colcon_core.shell:Creating package descriptor '/home/rasp/ros2_ws/install/laser_filters/share/laser_filters/package.dsv'
[1.664s] INFO:colcon.colcon_core.shell:Creating package script '/home/rasp/ros2_ws/install/laser_filters/share/laser_filters/package.sh'
[1.665s] INFO:colcon.colcon_core.shell:Creating package script '/home/rasp/ros2_ws/install/laser_filters/share/laser_filters/package.bash'
[1.665s] INFO:colcon.colcon_core.shell:Creating package script '/home/rasp/ros2_ws/install/laser_filters/share/laser_filters/package.zsh'
[1.666s] Level 1:colcon.colcon_core.environment:create_file_with_runtime_dependencies(/home/rasp/ros2_ws/install/laser_filters/share/colcon-core/packages/laser_filters)
[1.666s] Level 1:colcon.colcon_core.environment:create_environment_scripts_only(laser_filters)
[1.667s] Level 1:colcon.colcon_core.environment:checking '/home/rasp/ros2_ws/install/laser_filters' for CMake module files
[1.667s] Level 1:colcon.colcon_core.environment:checking '/home/rasp/ros2_ws/install/laser_filters' for CMake config files
[1.667s] Level 1:colcon.colcon_core.shell:create_environment_hook('laser_filters', 'cmake_prefix_path')
[1.668s] INFO:colcon.colcon_core.shell:Creating environment hook '/home/rasp/ros2_ws/install/laser_filters/share/laser_filters/hook/cmake_prefix_path.ps1'
[1.668s] INFO:colcon.colcon_core.shell:Creating environment descriptor '/home/rasp/ros2_ws/install/laser_filters/share/laser_filters/hook/cmake_prefix_path.dsv'
[1.669s] INFO:colcon.colcon_core.shell:Creating environment hook '/home/rasp/ros2_ws/install/laser_filters/share/laser_filters/hook/cmake_prefix_path.sh'
[1.669s] Level 1:colcon.colcon_core.environment:checking '/home/rasp/ros2_ws/install/laser_filters/lib'
[1.669s] Level 1:colcon.colcon_core.shell:create_environment_hook('laser_filters', 'ld_library_path_lib')
[1.670s] INFO:colcon.colcon_core.shell:Creating environment hook '/home/rasp/ros2_ws/install/laser_filters/share/laser_filters/hook/ld_library_path_lib.ps1'
[1.670s] INFO:colcon.colcon_core.shell:Creating environment descriptor '/home/rasp/ros2_ws/install/laser_filters/share/laser_filters/hook/ld_library_path_lib.dsv'
[1.670s] INFO:colcon.colcon_core.shell:Creating environment hook '/home/rasp/ros2_ws/install/laser_filters/share/laser_filters/hook/ld_library_path_lib.sh'
[1.671s] Level 1:colcon.colcon_core.environment:checking '/home/rasp/ros2_ws/install/laser_filters/bin'
[1.671s] Level 1:colcon.colcon_core.environment:checking '/home/rasp/ros2_ws/install/laser_filters/lib/pkgconfig/laser_filters.pc'
[1.671s] Level 1:colcon.colcon_core.environment:checking '/home/rasp/ros2_ws/install/laser_filters/lib/python3.12/site-packages'
[1.671s] Level 1:colcon.colcon_core.environment:checking '/home/rasp/ros2_ws/install/laser_filters/bin'
[1.672s] INFO:colcon.colcon_core.shell:Creating package script '/home/rasp/ros2_ws/install/laser_filters/share/laser_filters/package.ps1'
[1.672s] INFO:colcon.colcon_core.shell:Creating package descriptor '/home/rasp/ros2_ws/install/laser_filters/share/laser_filters/package.dsv'
[1.673s] INFO:colcon.colcon_core.shell:Creating package script '/home/rasp/ros2_ws/install/laser_filters/share/laser_filters/package.sh'
[1.673s] INFO:colcon.colcon_core.shell:Creating package script '/home/rasp/ros2_ws/install/laser_filters/share/laser_filters/package.bash'
[1.674s] INFO:colcon.colcon_core.shell:Creating package script '/home/rasp/ros2_ws/install/laser_filters/share/laser_filters/package.zsh'
[1.674s] Level 1:colcon.colcon_core.environment:create_file_with_runtime_dependencies(/home/rasp/ros2_ws/install/laser_filters/share/colcon-core/packages/laser_filters)
[1.676s] INFO:colcon.colcon_ros.task.ament_cmake.build:Building ROS package in '/home/rasp/ros2_ws/src/rf2o_laser_odometry' with build type 'ament_cmake'
[1.677s] INFO:colcon.colcon_cmake.task.cmake.build:Building CMake package in '/home/rasp/ros2_ws/src/rf2o_laser_odometry'
[1.677s] INFO:colcon.colcon_core.shell:Skip shell extension 'powershell' for command environment: Not usable outside of PowerShell
[1.677s] DEBUG:colcon.colcon_core.shell:Skip shell extension 'dsv' for command environment
[1.698s] DEBUG:colcon.colcon_core.event_handler.log_command:Invoking command in '/home/rasp/ros2_ws/build/rf2o_laser_odometry': CMAKE_PREFIX_PATH=${CMAKE_PREFIX_PATH}:/home/rasp/ros2_ws/install/robot_description:/home/rasp/ros2_ws/install/sensor_msgs_py:/opt/ros/jazzy DEBUGINFOD_URLS=https://debuginfod.ubuntu.com /usr/bin/cmake --build /home/rasp/ros2_ws/build/rf2o_laser_odometry -- -j2 -l2
[2.004s] DEBUG:colcon.colcon_core.event_handler.log_command:Invoked command in '/home/rasp/ros2_ws/build/micro_ros_msgs' returned '0': CMAKE_PREFIX_PATH=${CMAKE_PREFIX_PATH}:/home/rasp/ros2_ws/install/robot_description:/home/rasp/ros2_ws/install/sensor_msgs_py:/opt/ros/jazzy DEBUGINFOD_URLS=https://debuginfod.ubuntu.com /usr/bin/cmake --build /home/rasp/ros2_ws/build/micro_ros_msgs -- -j2 -l2
[2.007s] DEBUG:colcon.colcon_core.event_handler.log_command:Invoking command in '/home/rasp/ros2_ws/build/micro_ros_msgs': CMAKE_PREFIX_PATH=${CMAKE_PREFIX_PATH}:/home/rasp/ros2_ws/install/robot_description:/home/rasp/ros2_ws/install/sensor_msgs_py:/opt/ros/jazzy DEBUGINFOD_URLS=https://debuginfod.ubuntu.com /usr/bin/cmake --install /home/rasp/ros2_ws/build/micro_ros_msgs
[2.145s] Level 1:colcon.colcon_core.environment:create_environment_scripts_only(micro_ros_msgs)
[2.145s] Level 1:colcon.colcon_core.environment:checking '/home/rasp/ros2_ws/install/micro_ros_msgs' for CMake module files
[2.146s] Level 1:colcon.colcon_core.environment:checking '/home/rasp/ros2_ws/install/micro_ros_msgs' for CMake config files
[2.147s] DEBUG:colcon.colcon_core.event_handler.log_command:Invoked command in '/home/rasp/ros2_ws/build/micro_ros_msgs' returned '0': CMAKE_PREFIX_PATH=${CMAKE_PREFIX_PATH}:/home/rasp/ros2_ws/install/robot_description:/home/rasp/ros2_ws/install/sensor_msgs_py:/opt/ros/jazzy DEBUGINFOD_URLS=https://debuginfod.ubuntu.com /usr/bin/cmake --install /home/rasp/ros2_ws/build/micro_ros_msgs
[2.147s] Level 1:colcon.colcon_core.shell:create_environment_hook('micro_ros_msgs', 'cmake_prefix_path')
[2.147s] INFO:colcon.colcon_core.shell:Creating environment hook '/home/rasp/ros2_ws/install/micro_ros_msgs/share/micro_ros_msgs/hook/cmake_prefix_path.ps1'
[2.148s] INFO:colcon.colcon_core.shell:Creating environment descriptor '/home/rasp/ros2_ws/install/micro_ros_msgs/share/micro_ros_msgs/hook/cmake_prefix_path.dsv'
[2.148s] INFO:colcon.colcon_core.shell:Creating environment hook '/home/rasp/ros2_ws/install/micro_ros_msgs/share/micro_ros_msgs/hook/cmake_prefix_path.sh'
[2.149s] Level 1:colcon.colcon_core.environment:checking '/home/rasp/ros2_ws/install/micro_ros_msgs/lib'
[2.149s] Level 1:colcon.colcon_core.shell:create_environment_hook('micro_ros_msgs', 'ld_library_path_lib')
[2.149s] INFO:colcon.colcon_core.shell:Creating environment hook '/home/rasp/ros2_ws/install/micro_ros_msgs/share/micro_ros_msgs/hook/ld_library_path_lib.ps1'
[2.150s] INFO:colcon.colcon_core.shell:Creating environment descriptor '/home/rasp/ros2_ws/install/micro_ros_msgs/share/micro_ros_msgs/hook/ld_library_path_lib.dsv'
[2.150s] INFO:colcon.colcon_core.shell:Creating environment hook '/home/rasp/ros2_ws/install/micro_ros_msgs/share/micro_ros_msgs/hook/ld_library_path_lib.sh'
[2.151s] Level 1:colcon.colcon_core.environment:checking '/home/rasp/ros2_ws/install/micro_ros_msgs/bin'
[2.151s] Level 1:colcon.colcon_core.environment:checking '/home/rasp/ros2_ws/install/micro_ros_msgs/lib/pkgconfig/micro_ros_msgs.pc'
[2.151s] Level 1:colcon.colcon_core.environment:checking '/home/rasp/ros2_ws/install/micro_ros_msgs/lib/python3.12/site-packages'
[2.151s] Level 1:colcon.colcon_core.shell:create_environment_hook('micro_ros_msgs', 'pythonpath')
[2.151s] INFO:colcon.colcon_core.shell:Creating environment hook '/home/rasp/ros2_ws/install/micro_ros_msgs/share/micro_ros_msgs/hook/pythonpath.ps1'
[2.152s] INFO:colcon.colcon_core.shell:Creating environment descriptor '/home/rasp/ros2_ws/install/micro_ros_msgs/share/micro_ros_msgs/hook/pythonpath.dsv'
[2.152s] INFO:colcon.colcon_core.shell:Creating environment hook '/home/rasp/ros2_ws/install/micro_ros_msgs/share/micro_ros_msgs/hook/pythonpath.sh'
[2.153s] Level 1:colcon.colcon_core.environment:checking '/home/rasp/ros2_ws/install/micro_ros_msgs/bin'
[2.153s] INFO:colcon.colcon_core.shell:Creating package script '/home/rasp/ros2_ws/install/micro_ros_msgs/share/micro_ros_msgs/package.ps1'
[2.153s] INFO:colcon.colcon_core.shell:Creating package descriptor '/home/rasp/ros2_ws/install/micro_ros_msgs/share/micro_ros_msgs/package.dsv'
[2.154s] INFO:colcon.colcon_core.shell:Creating package script '/home/rasp/ros2_ws/install/micro_ros_msgs/share/micro_ros_msgs/package.sh'
[2.155s] INFO:colcon.colcon_core.shell:Creating package script '/home/rasp/ros2_ws/install/micro_ros_msgs/share/micro_ros_msgs/package.bash'
[2.155s] INFO:colcon.colcon_core.shell:Creating package script '/home/rasp/ros2_ws/install/micro_ros_msgs/share/micro_ros_msgs/package.zsh'
[2.156s] Level 1:colcon.colcon_core.environment:create_file_with_runtime_dependencies(/home/rasp/ros2_ws/install/micro_ros_msgs/share/colcon-core/packages/micro_ros_msgs)
[2.156s] Level 1:colcon.colcon_core.environment:create_environment_scripts_only(micro_ros_msgs)
[2.156s] Level 1:colcon.colcon_core.environment:checking '/home/rasp/ros2_ws/install/micro_ros_msgs' for CMake module files
[2.157s] Level 1:colcon.colcon_core.environment:checking '/home/rasp/ros2_ws/install/micro_ros_msgs' for CMake config files
[2.157s] Level 1:colcon.colcon_core.shell:create_environment_hook('micro_ros_msgs', 'cmake_prefix_path')
[2.157s] INFO:colcon.colcon_core.shell:Creating environment hook '/home/rasp/ros2_ws/install/micro_ros_msgs/share/micro_ros_msgs/hook/cmake_prefix_path.ps1'
[2.158s] INFO:colcon.colcon_core.shell:Creating environment descriptor '/home/rasp/ros2_ws/install/micro_ros_msgs/share/micro_ros_msgs/hook/cmake_prefix_path.dsv'
[2.158s] INFO:colcon.colcon_core.shell:Creating environment hook '/home/rasp/ros2_ws/install/micro_ros_msgs/share/micro_ros_msgs/hook/cmake_prefix_path.sh'
[2.159s] Level 1:colcon.colcon_core.environment:checking '/home/rasp/ros2_ws/install/micro_ros_msgs/lib'
[2.159s] Level 1:colcon.colcon_core.shell:create_environment_hook('micro_ros_msgs', 'ld_library_path_lib')
[2.159s] INFO:colcon.colcon_core.shell:Creating environment hook '/home/rasp/ros2_ws/install/micro_ros_msgs/share/micro_ros_msgs/hook/ld_library_path_lib.ps1'
[2.160s] INFO:colcon.colcon_core.shell:Creating environment descriptor '/home/rasp/ros2_ws/install/micro_ros_msgs/share/micro_ros_msgs/hook/ld_library_path_lib.dsv'
[2.160s] INFO:colcon.colcon_core.shell:Creating environment hook '/home/rasp/ros2_ws/install/micro_ros_msgs/share/micro_ros_msgs/hook/ld_library_path_lib.sh'
[2.161s] Level 1:colcon.colcon_core.environment:checking '/home/rasp/ros2_ws/install/micro_ros_msgs/bin'
[2.161s] Level 1:colcon.colcon_core.environment:checking '/home/rasp/ros2_ws/install/micro_ros_msgs/lib/pkgconfig/micro_ros_msgs.pc'
[2.161s] Level 1:colcon.colcon_core.environment:checking '/home/rasp/ros2_ws/install/micro_ros_msgs/lib/python3.12/site-packages'
[2.161s] Level 1:colcon.colcon_core.shell:create_environment_hook('micro_ros_msgs', 'pythonpath')
[2.161s] INFO:colcon.colcon_core.shell:Creating environment hook '/home/rasp/ros2_ws/install/micro_ros_msgs/share/micro_ros_msgs/hook/pythonpath.ps1'
[2.162s] INFO:colcon.colcon_core.shell:Creating environment descriptor '/home/rasp/ros2_ws/install/micro_ros_msgs/share/micro_ros_msgs/hook/pythonpath.dsv'
[2.162s] INFO:colcon.colcon_core.shell:Creating environment hook '/home/rasp/ros2_ws/install/micro_ros_msgs/share/micro_ros_msgs/hook/pythonpath.sh'
[2.163s] Level 1:colcon.colcon_core.environment:checking '/home/rasp/ros2_ws/install/micro_ros_msgs/bin'
[2.163s] INFO:colcon.colcon_core.shell:Creating package script '/home/rasp/ros2_ws/install/micro_ros_msgs/share/micro_ros_msgs/package.ps1'
[2.164s] INFO:colcon.colcon_core.shell:Creating package descriptor '/home/rasp/ros2_ws/install/micro_ros_msgs/share/micro_ros_msgs/package.dsv'
[2.165s] INFO:colcon.colcon_core.shell:Creating package script '/home/rasp/ros2_ws/install/micro_ros_msgs/share/micro_ros_msgs/package.sh'
[2.165s] INFO:colcon.colcon_core.shell:Creating package script '/home/rasp/ros2_ws/install/micro_ros_msgs/share/micro_ros_msgs/package.bash'
[2.166s] INFO:colcon.colcon_core.shell:Creating package script '/home/rasp/ros2_ws/install/micro_ros_msgs/share/micro_ros_msgs/package.zsh'
[2.166s] Level 1:colcon.colcon_core.environment:create_file_with_runtime_dependencies(/home/rasp/ros2_ws/install/micro_ros_msgs/share/colcon-core/packages/micro_ros_msgs)
[2.168s] INFO:colcon.colcon_ros.task.ament_python.build:Building ROS package in '/home/rasp/ros2_ws/src/robot_description' with build type 'ament_python'
[2.169s] Level 1:colcon.colcon_core.shell:create_environment_hook('robot_description', 'ament_prefix_path')
[2.169s] INFO:colcon.colcon_core.shell:Creating environment hook '/home/rasp/ros2_ws/install/robot_description/share/robot_description/hook/ament_prefix_path.ps1'
[2.170s] INFO:colcon.colcon_core.shell:Creating environment descriptor '/home/rasp/ros2_ws/install/robot_description/share/robot_description/hook/ament_prefix_path.dsv'
[2.171s] INFO:colcon.colcon_core.shell:Creating environment hook '/home/rasp/ros2_ws/install/robot_description/share/robot_description/hook/ament_prefix_path.sh'
[2.172s] INFO:colcon.colcon_core.shell:Skip shell extension 'powershell' for command environment: Not usable outside of PowerShell
[2.172s] DEBUG:colcon.colcon_core.shell:Skip shell extension 'dsv' for command environment
[2.468s] INFO:colcon.colcon_core.task.python.build:Building Python package in '/home/rasp/ros2_ws/src/robot_description'
[2.469s] INFO:colcon.colcon_core.shell:Skip shell extension 'powershell' for command environment: Not usable outside of PowerShell
[2.469s] DEBUG:colcon.colcon_core.shell:Skip shell extension 'dsv' for command environment
[3.430s] DEBUG:colcon.colcon_core.event_handler.log_command:Invoking command in '/home/rasp/ros2_ws/src/robot_description': DEBUGINFOD_URLS=https://debuginfod.ubuntu.com PYTHONPATH=/home/rasp/ros2_ws/build/robot_description/prefix_override:/usr/lib/python3/dist-packages/colcon_core/task/python/colcon_distutils_commands:/home/rasp/ros2_ws/install/robot_description/lib/python3.12/site-packages:${PYTHONPATH} /usr/bin/python3 -W ignore:setup.py install is deprecated -W ignore:easy_install command is deprecated setup.py egg_info --egg-base ../../build/robot_description build --build-base /home/rasp/ros2_ws/build/robot_description/build install --record /home/rasp/ros2_ws/build/robot_description/install.log --single-version-externally-managed install_data
[4.059s] Level 1:colcon.colcon_core.environment:checking '/home/rasp/ros2_ws/install/robot_description' for CMake module files
[4.059s] DEBUG:colcon.colcon_core.event_handler.log_command:Invoked command in '/home/rasp/ros2_ws/src/robot_description' returned '0': DEBUGINFOD_URLS=https://debuginfod.ubuntu.com PYTHONPATH=/home/rasp/ros2_ws/build/robot_description/prefix_override:/usr/lib/python3/dist-packages/colcon_core/task/python/colcon_distutils_commands:/home/rasp/ros2_ws/install/robot_description/lib/python3.12/site-packages:${PYTHONPATH} /usr/bin/python3 -W ignore:setup.py install is deprecated -W ignore:easy_install command is deprecated setup.py egg_info --egg-base ../../build/robot_description build --build-base /home/rasp/ros2_ws/build/robot_description/build install --record /home/rasp/ros2_ws/build/robot_description/install.log --single-version-externally-managed install_data
[4.060s] Level 1:colcon.colcon_core.environment:checking '/home/rasp/ros2_ws/install/robot_description' for CMake config files
[4.061s] Level 1:colcon.colcon_core.environment:checking '/home/rasp/ros2_ws/install/robot_description/lib'
[4.061s] Level 1:colcon.colcon_core.environment:checking '/home/rasp/ros2_ws/install/robot_description/bin'
[4.061s] Level 1:colcon.colcon_core.environment:checking '/home/rasp/ros2_ws/install/robot_description/lib/pkgconfig/robot_description.pc'
[4.061s] Level 1:colcon.colcon_core.environment:checking '/home/rasp/ros2_ws/install/robot_description/lib/python3.12/site-packages'
[4.061s] Level 1:colcon.colcon_core.shell:create_environment_hook('robot_description', 'pythonpath')
[4.061s] INFO:colcon.colcon_core.shell:Creating environment hook '/home/rasp/ros2_ws/install/robot_description/share/robot_description/hook/pythonpath.ps1'
[4.062s] INFO:colcon.colcon_core.shell:Creating environment descriptor '/home/rasp/ros2_ws/install/robot_description/share/robot_description/hook/pythonpath.dsv'
[4.063s] INFO:colcon.colcon_core.shell:Creating environment hook '/home/rasp/ros2_ws/install/robot_description/share/robot_description/hook/pythonpath.sh'
[4.063s] Level 1:colcon.colcon_core.environment:checking '/home/rasp/ros2_ws/install/robot_description/bin'
[4.063s] Level 1:colcon.colcon_core.environment:create_environment_scripts_only(robot_description)
[4.064s] INFO:colcon.colcon_core.shell:Creating package script '/home/rasp/ros2_ws/install/robot_description/share/robot_description/package.ps1'
[4.064s] INFO:colcon.colcon_core.shell:Creating package descriptor '/home/rasp/ros2_ws/install/robot_description/share/robot_description/package.dsv'
[4.065s] INFO:colcon.colcon_core.shell:Creating package script '/home/rasp/ros2_ws/install/robot_description/share/robot_description/package.sh'
[4.065s] INFO:colcon.colcon_core.shell:Creating package script '/home/rasp/ros2_ws/install/robot_description/share/robot_description/package.bash'
[4.066s] INFO:colcon.colcon_core.shell:Creating package script '/home/rasp/ros2_ws/install/robot_description/share/robot_description/package.zsh'
[4.066s] Level 1:colcon.colcon_core.environment:create_file_with_runtime_dependencies(/home/rasp/ros2_ws/install/robot_description/share/colcon-core/packages/robot_description)
[4.068s] INFO:colcon.colcon_ros.task.ament_cmake.build:Building ROS package in '/home/rasp/ros2_ws/src/robot_nav' with build type 'ament_cmake'
[4.068s] INFO:colcon.colcon_cmake.task.cmake.build:Building CMake package in '/home/rasp/ros2_ws/src/robot_nav'
[4.068s] INFO:colcon.colcon_core.shell:Skip shell extension 'powershell' for command environment: Not usable outside of PowerShell
[4.068s] DEBUG:colcon.colcon_core.shell:Skip shell extension 'dsv' for command environment
[4.087s] DEBUG:colcon.colcon_core.event_handler.log_command:Invoking command in '/home/rasp/ros2_ws/build/robot_nav': CMAKE_PREFIX_PATH=${CMAKE_PREFIX_PATH}:/home/rasp/ros2_ws/install/robot_description:/home/rasp/ros2_ws/install/sensor_msgs_py:/opt/ros/jazzy DEBUGINFOD_URLS=https://debuginfod.ubuntu.com /usr/bin/cmake --build /home/rasp/ros2_ws/build/robot_nav -- -j2 -l2
[4.173s] DEBUG:colcon.colcon_core.event_handler.log_command:Invoked command in '/home/rasp/ros2_ws/build/robot_nav' returned '0': CMAKE_PREFIX_PATH=${CMAKE_PREFIX_PATH}:/home/rasp/ros2_ws/install/robot_description:/home/rasp/ros2_ws/install/sensor_msgs_py:/opt/ros/jazzy DEBUGINFOD_URLS=https://debuginfod.ubuntu.com /usr/bin/cmake --build /home/rasp/ros2_ws/build/robot_nav -- -j2 -l2
[4.175s] DEBUG:colcon.colcon_core.event_handler.log_command:Invoking command in '/home/rasp/ros2_ws/build/robot_nav': CMAKE_PREFIX_PATH=${CMAKE_PREFIX_PATH}:/home/rasp/ros2_ws/install/robot_description:/home/rasp/ros2_ws/install/sensor_msgs_py:/opt/ros/jazzy DEBUGINFOD_URLS=https://debuginfod.ubuntu.com /usr/bin/cmake --install /home/rasp/ros2_ws/build/robot_nav
[4.202s] Level 1:colcon.colcon_core.environment:create_environment_scripts_only(robot_nav)
[4.203s] DEBUG:colcon.colcon_core.event_handler.log_command:Invoked command in '/home/rasp/ros2_ws/build/robot_nav' returned '0': CMAKE_PREFIX_PATH=${CMAKE_PREFIX_PATH}:/home/rasp/ros2_ws/install/robot_description:/home/rasp/ros2_ws/install/sensor_msgs_py:/opt/ros/jazzy DEBUGINFOD_URLS=https://debuginfod.ubuntu.com /usr/bin/cmake --install /home/rasp/ros2_ws/build/robot_nav
[4.203s] Level 1:colcon.colcon_core.environment:checking '/home/rasp/ros2_ws/install/robot_nav' for CMake module files
[4.203s] Level 1:colcon.colcon_core.environment:checking '/home/rasp/ros2_ws/install/robot_nav' for CMake config files
[4.204s] Level 1:colcon.colcon_core.shell:create_environment_hook('robot_nav', 'cmake_prefix_path')
[4.204s] INFO:colcon.colcon_core.shell:Creating environment hook '/home/rasp/ros2_ws/install/robot_nav/share/robot_nav/hook/cmake_prefix_path.ps1'
[4.205s] INFO:colcon.colcon_core.shell:Creating environment descriptor '/home/rasp/ros2_ws/install/robot_nav/share/robot_nav/hook/cmake_prefix_path.dsv'
[4.205s] INFO:colcon.colcon_core.shell:Creating environment hook '/home/rasp/ros2_ws/install/robot_nav/share/robot_nav/hook/cmake_prefix_path.sh'
[4.206s] Level 1:colcon.colcon_core.environment:checking '/home/rasp/ros2_ws/install/robot_nav/bin'
[4.206s] Level 1:colcon.colcon_core.environment:checking '/home/rasp/ros2_ws/install/robot_nav/lib/pkgconfig/robot_nav.pc'
[4.206s] Level 1:colcon.colcon_core.environment:checking '/home/rasp/ros2_ws/install/robot_nav/lib/python3.12/site-packages'
[4.206s] Level 1:colcon.colcon_core.environment:checking '/home/rasp/ros2_ws/install/robot_nav/bin'
[4.207s] INFO:colcon.colcon_core.shell:Creating package script '/home/rasp/ros2_ws/install/robot_nav/share/robot_nav/package.ps1'
[4.207s] INFO:colcon.colcon_core.shell:Creating package descriptor '/home/rasp/ros2_ws/install/robot_nav/share/robot_nav/package.dsv'
[4.208s] INFO:colcon.colcon_core.shell:Creating package script '/home/rasp/ros2_ws/install/robot_nav/share/robot_nav/package.sh'
[4.208s] INFO:colcon.colcon_core.shell:Creating package script '/home/rasp/ros2_ws/install/robot_nav/share/robot_nav/package.bash'
[4.209s] INFO:colcon.colcon_core.shell:Creating package script '/home/rasp/ros2_ws/install/robot_nav/share/robot_nav/package.zsh'
[4.209s] Level 1:colcon.colcon_core.environment:create_file_with_runtime_dependencies(/home/rasp/ros2_ws/install/robot_nav/share/colcon-core/packages/robot_nav)
[4.210s] Level 1:colcon.colcon_core.environment:create_environment_scripts_only(robot_nav)
[4.210s] Level 1:colcon.colcon_core.environment:checking '/home/rasp/ros2_ws/install/robot_nav' for CMake module files
[4.210s] Level 1:colcon.colcon_core.environment:checking '/home/rasp/ros2_ws/install/robot_nav' for CMake config files
[4.211s] Level 1:colcon.colcon_core.shell:create_environment_hook('robot_nav', 'cmake_prefix_path')
[4.211s] INFO:colcon.colcon_core.shell:Creating environment hook '/home/rasp/ros2_ws/install/robot_nav/share/robot_nav/hook/cmake_prefix_path.ps1'
[4.211s] INFO:colcon.colcon_core.shell:Creating environment descriptor '/home/rasp/ros2_ws/install/robot_nav/share/robot_nav/hook/cmake_prefix_path.dsv'
[4.212s] INFO:colcon.colcon_core.shell:Creating environment hook '/home/rasp/ros2_ws/install/robot_nav/share/robot_nav/hook/cmake_prefix_path.sh'
[4.212s] Level 1:colcon.colcon_core.environment:checking '/home/rasp/ros2_ws/install/robot_nav/bin'
[4.212s] Level 1:colcon.colcon_core.environment:checking '/home/rasp/ros2_ws/install/robot_nav/lib/pkgconfig/robot_nav.pc'
[4.213s] Level 1:colcon.colcon_core.environment:checking '/home/rasp/ros2_ws/install/robot_nav/lib/python3.12/site-packages'
[4.213s] Level 1:colcon.colcon_core.environment:checking '/home/rasp/ros2_ws/install/robot_nav/bin'
[4.213s] INFO:colcon.colcon_core.shell:Creating package script '/home/rasp/ros2_ws/install/robot_nav/share/robot_nav/package.ps1'
[4.213s] INFO:colcon.colcon_core.shell:Creating package descriptor '/home/rasp/ros2_ws/install/robot_nav/share/robot_nav/package.dsv'
[4.214s] INFO:colcon.colcon_core.shell:Creating package script '/home/rasp/ros2_ws/install/robot_nav/share/robot_nav/package.sh'
[4.215s] INFO:colcon.colcon_core.shell:Creating package script '/home/rasp/ros2_ws/install/robot_nav/share/robot_nav/package.bash'
[4.216s] INFO:colcon.colcon_core.shell:Creating package script '/home/rasp/ros2_ws/install/robot_nav/share/robot_nav/package.zsh'
[4.216s] Level 1:colcon.colcon_core.environment:create_file_with_runtime_dependencies(/home/rasp/ros2_ws/install/robot_nav/share/colcon-core/packages/robot_nav)
[4.219s] INFO:colcon.colcon_ros.task.ament_cmake.build:Building ROS package in '/home/rasp/ros2_ws/src/sllidar_ros2' with build type 'ament_cmake'
[4.219s] INFO:colcon.colcon_cmake.task.cmake.build:Building CMake package in '/home/rasp/ros2_ws/src/sllidar_ros2'
[4.219s] INFO:colcon.colcon_core.shell:Skip shell extension 'powershell' for command environment: Not usable outside of PowerShell
[4.219s] DEBUG:colcon.colcon_core.shell:Skip shell extension 'dsv' for command environment
[4.238s] DEBUG:colcon.colcon_core.event_handler.log_command:Invoking command in '/home/rasp/ros2_ws/build/sllidar_ros2': CMAKE_PREFIX_PATH=${CMAKE_PREFIX_PATH}:/home/rasp/ros2_ws/install/robot_description:/home/rasp/ros2_ws/install/sensor_msgs_py:/opt/ros/jazzy DEBUGINFOD_URLS=https://debuginfod.ubuntu.com /usr/bin/cmake /home/rasp/ros2_ws/src/sllidar_ros2 -DCMAKE_INSTALL_PREFIX=/home/rasp/ros2_ws/install/sllidar_ros2
[6.812s] DEBUG:colcon.colcon_core.event_handler.log_command:Invoked command in '/home/rasp/ros2_ws/build/sllidar_ros2' returned '0': CMAKE_PREFIX_PATH=${CMAKE_PREFIX_PATH}:/home/rasp/ros2_ws/install/robot_description:/home/rasp/ros2_ws/install/sensor_msgs_py:/opt/ros/jazzy DEBUGINFOD_URLS=https://debuginfod.ubuntu.com /usr/bin/cmake /home/rasp/ros2_ws/src/sllidar_ros2 -DCMAKE_INSTALL_PREFIX=/home/rasp/ros2_ws/install/sllidar_ros2
[6.813s] DEBUG:colcon.colcon_core.event_handler.log_command:Invoking command in '/home/rasp/ros2_ws/build/sllidar_ros2': CMAKE_PREFIX_PATH=${CMAKE_PREFIX_PATH}:/home/rasp/ros2_ws/install/robot_description:/home/rasp/ros2_ws/install/sensor_msgs_py:/opt/ros/jazzy DEBUGINFOD_URLS=https://debuginfod.ubuntu.com /usr/bin/cmake --build /home/rasp/ros2_ws/build/sllidar_ros2 -- -j2 -l2
[31.946s] DEBUG:colcon.colcon_core.event_handler.log_command:Invoked command in '/home/rasp/ros2_ws/build/sllidar_ros2' returned '0': CMAKE_PREFIX_PATH=${CMAKE_PREFIX_PATH}:/home/rasp/ros2_ws/install/robot_description:/home/rasp/ros2_ws/install/sensor_msgs_py:/opt/ros/jazzy DEBUGINFOD_URLS=https://debuginfod.ubuntu.com /usr/bin/cmake --build /home/rasp/ros2_ws/build/sllidar_ros2 -- -j2 -l2
[31.998s] DEBUG:colcon.colcon_core.event_handler.log_command:Invoking command in '/home/rasp/ros2_ws/build/sllidar_ros2': CMAKE_PREFIX_PATH=${CMAKE_PREFIX_PATH}:/home/rasp/ros2_ws/install/robot_description:/home/rasp/ros2_ws/install/sensor_msgs_py:/opt/ros/jazzy DEBUGINFOD_URLS=https://debuginfod.ubuntu.com /usr/bin/cmake --install /home/rasp/ros2_ws/build/sllidar_ros2
[32.080s] DEBUG:colcon.colcon_core.event_handler.log_command:Invoked command in '/home/rasp/ros2_ws/build/sllidar_ros2' returned '0': CMAKE_PREFIX_PATH=${CMAKE_PREFIX_PATH}:/home/rasp/ros2_ws/install/robot_description:/home/rasp/ros2_ws/install/sensor_msgs_py:/opt/ros/jazzy DEBUGINFOD_URLS=https://debuginfod.ubuntu.com /usr/bin/cmake --install /home/rasp/ros2_ws/build/sllidar_ros2
[32.077s] Level 1:colcon.colcon_core.environment:create_environment_scripts_only(sllidar_ros2)
[32.111s] Level 1:colcon.colcon_core.environment:checking '/home/rasp/ros2_ws/install/sllidar_ros2' for CMake module files
[32.119s] Level 1:colcon.colcon_core.environment:checking '/home/rasp/ros2_ws/install/sllidar_ros2' for CMake config files
[32.121s] Level 1:colcon.colcon_core.shell:create_environment_hook('sllidar_ros2', 'cmake_prefix_path')
[32.125s] INFO:colcon.colcon_core.shell:Creating environment hook '/home/rasp/ros2_ws/install/sllidar_ros2/share/sllidar_ros2/hook/cmake_prefix_path.ps1'
[32.147s] INFO:colcon.colcon_core.shell:Creating environment descriptor '/home/rasp/ros2_ws/install/sllidar_ros2/share/sllidar_ros2/hook/cmake_prefix_path.dsv'
[32.153s] INFO:colcon.colcon_core.shell:Creating environment hook '/home/rasp/ros2_ws/install/sllidar_ros2/share/sllidar_ros2/hook/cmake_prefix_path.sh'
[32.163s] Level 1:colcon.colcon_core.environment:checking '/home/rasp/ros2_ws/install/sllidar_ros2/lib'
[32.163s] Level 1:colcon.colcon_core.environment:checking '/home/rasp/ros2_ws/install/sllidar_ros2/bin'
[32.164s] Level 1:colcon.colcon_core.environment:checking '/home/rasp/ros2_ws/install/sllidar_ros2/lib/pkgconfig/sllidar_ros2.pc'
[32.174s] Level 1:colcon.colcon_core.environment:checking '/home/rasp/ros2_ws/install/sllidar_ros2/lib/python3.12/site-packages'
[32.175s] Level 1:colcon.colcon_core.environment:checking '/home/rasp/ros2_ws/install/sllidar_ros2/bin'
[32.176s] INFO:colcon.colcon_core.shell:Creating package script '/home/rasp/ros2_ws/install/sllidar_ros2/share/sllidar_ros2/package.ps1'
[32.178s] INFO:colcon.colcon_core.shell:Creating package descriptor '/home/rasp/ros2_ws/install/sllidar_ros2/share/sllidar_ros2/package.dsv'
[32.179s] INFO:colcon.colcon_core.shell:Creating package script '/home/rasp/ros2_ws/install/sllidar_ros2/share/sllidar_ros2/package.sh'
[32.181s] INFO:colcon.colcon_core.shell:Creating package script '/home/rasp/ros2_ws/install/sllidar_ros2/share/sllidar_ros2/package.bash'
[32.183s] INFO:colcon.colcon_core.shell:Creating package script '/home/rasp/ros2_ws/install/sllidar_ros2/share/sllidar_ros2/package.zsh'
[32.186s] Level 1:colcon.colcon_core.environment:create_file_with_runtime_dependencies(/home/rasp/ros2_ws/install/sllidar_ros2/share/colcon-core/packages/sllidar_ros2)
[32.190s] Level 1:colcon.colcon_core.environment:create_environment_scripts_only(sllidar_ros2)
[32.190s] Level 1:colcon.colcon_core.environment:checking '/home/rasp/ros2_ws/install/sllidar_ros2' for CMake module files
[32.191s] Level 1:colcon.colcon_core.environment:checking '/home/rasp/ros2_ws/install/sllidar_ros2' for CMake config files
[32.191s] Level 1:colcon.colcon_core.shell:create_environment_hook('sllidar_ros2', 'cmake_prefix_path')
[32.191s] INFO:colcon.colcon_core.shell:Creating environment hook '/home/rasp/ros2_ws/install/sllidar_ros2/share/sllidar_ros2/hook/cmake_prefix_path.ps1'
[32.192s] INFO:colcon.colcon_core.shell:Creating environment descriptor '/home/rasp/ros2_ws/install/sllidar_ros2/share/sllidar_ros2/hook/cmake_prefix_path.dsv'
[32.192s] INFO:colcon.colcon_core.shell:Creating environment hook '/home/rasp/ros2_ws/install/sllidar_ros2/share/sllidar_ros2/hook/cmake_prefix_path.sh'
[32.195s] Level 1:colcon.colcon_core.environment:checking '/home/rasp/ros2_ws/install/sllidar_ros2/lib'
[32.195s] Level 1:colcon.colcon_core.environment:checking '/home/rasp/ros2_ws/install/sllidar_ros2/bin'
[32.195s] Level 1:colcon.colcon_core.environment:checking '/home/rasp/ros2_ws/install/sllidar_ros2/lib/pkgconfig/sllidar_ros2.pc'
[32.195s] Level 1:colcon.colcon_core.environment:checking '/home/rasp/ros2_ws/install/sllidar_ros2/lib/python3.12/site-packages'
[32.195s] Level 1:colcon.colcon_core.environment:checking '/home/rasp/ros2_ws/install/sllidar_ros2/bin'
[32.196s] INFO:colcon.colcon_core.shell:Creating package script '/home/rasp/ros2_ws/install/sllidar_ros2/share/sllidar_ros2/package.ps1'
[32.199s] INFO:colcon.colcon_core.shell:Creating package descriptor '/home/rasp/ros2_ws/install/sllidar_ros2/share/sllidar_ros2/package.dsv'
[32.201s] INFO:colcon.colcon_core.shell:Creating package script '/home/rasp/ros2_ws/install/sllidar_ros2/share/sllidar_ros2/package.sh'
[32.204s] INFO:colcon.colcon_core.shell:Creating package script '/home/rasp/ros2_ws/install/sllidar_ros2/share/sllidar_ros2/package.bash'
[32.207s] INFO:colcon.colcon_core.shell:Creating package script '/home/rasp/ros2_ws/install/sllidar_ros2/share/sllidar_ros2/package.zsh'
[32.209s] Level 1:colcon.colcon_core.environment:create_file_with_runtime_dependencies(/home/rasp/ros2_ws/install/sllidar_ros2/share/colcon-core/packages/sllidar_ros2)
[32.229s] INFO:colcon.colcon_ros.task.ament_cmake.build:Building ROS package in '/home/rasp/ros2_ws/src/uros/micro-ROS-Agent/micro_ros_agent' with build type 'ament_cmake'
[32.232s] INFO:colcon.colcon_cmake.task.cmake.build:Building CMake package in '/home/rasp/ros2_ws/src/uros/micro-ROS-Agent/micro_ros_agent'
[32.235s] INFO:colcon.colcon_core.shell:Skip shell extension 'powershell' for command environment: Not usable outside of PowerShell
[32.235s] DEBUG:colcon.colcon_core.shell:Skip shell extension 'dsv' for command environment
[32.455s] DEBUG:colcon.colcon_core.event_handler.log_command:Invoking command in '/home/rasp/ros2_ws/build/micro_ros_agent': CMAKE_PREFIX_PATH=/home/rasp/ros2_ws/install/micro_ros_msgs:/home/rasp/ros2_ws/install/robot_nav:/opt/ros/jazzy/opt/gz_sim_vendor:/opt/ros/jazzy/opt/gz_sensors_vendor:/opt/ros/jazzy/opt/gz_physics_vendor:/opt/ros/jazzy/opt/sdformat_vendor:/opt/ros/jazzy/opt/gz_gui_vendor:/opt/ros/jazzy/opt/gz_transport_vendor:/opt/ros/jazzy/opt/gz_rendering_vendor:/opt/ros/jazzy/opt/gz_plugin_vendor:/opt/ros/jazzy/opt/gz_fuel_tools_vendor:/opt/ros/jazzy/opt/gz_msgs_vendor:/opt/ros/jazzy/opt/gz_common_vendor:/opt/ros/jazzy/opt/gz_tools_vendor:/opt/ros/jazzy/opt/gz_ogre_next_vendor:/opt/ros/jazzy/opt/gz_dartsim_vendor:/home/rasp/ros2_ws/install/micro_ros_demos_rclc:/home/rasp/ros2_ws/install/common_interfaces:/home/rasp/ros2_ws/install/visualization_msgs:/home/rasp/ros2_ws/install/action_msgs:/home/rasp/ros2_ws/install/unique_identifier_msgs:/home/rasp/ros2_ws/install/type_description_interfaces:/home/rasp/ros2_ws/install/trajectory_msgs:/home/rasp/ros2_ws/install/test_msgs:/home/rasp/ros2_ws/install/test_interface_files:/home/rasp/ros2_ws/install/stereo_msgs:/home/rasp/ros2_ws/install/std_srvs:/home/rasp/ros2_ws/install/shape_msgs:/home/rasp/ros2_ws/install/sensor_msgs:/home/rasp/ros2_ws/install/nav_msgs:/home/rasp/ros2_ws/install/diagnostic_msgs:/home/rasp/ros2_ws/install/geometry_msgs:/home/rasp/ros2_ws/install/actionlib_msgs:/home/rasp/ros2_ws/install/std_msgs:/home/rasp/ros2_ws/install/statistics_msgs:/home/rasp/ros2_ws/install/service_msgs:/home/rasp/ros2_ws/install/rosidl_typesupport_microxrcedds_test_msg:/home/rasp/ros2_ws/install/rosidl_typesupport_microxrcedds_cpp_tests:/home/rasp/ros2_ws/install/rmw_microxrcedds:/home/rasp/ros2_ws/install/rosidl_typesupport_microxrcedds_cpp:/home/rasp/ros2_ws/install/rosidl_typesupport_microxrcedds_c_tests:/home/rasp/ros2_ws/install/rosidl_typesupport_microxrcedds_c:/home/rasp/ros2_ws/install/rosgraph_msgs:/home/rasp/ros2_ws/install/rclc_parameter:/home/rasp/ros2_ws/install/rclc:/home/rasp/ros2_ws/install/composition_interfaces:/home/rasp/ros2_ws/install/rcl_interfaces:/home/rasp/ros2_ws/install/microxrcedds_client:/home/rasp/ros2_ws/install/microcdr:/home/rasp/ros2_ws/install/micro_ros_utilities:/home/rasp/ros2_ws/install/micro_ros_setup:/home/rasp/ros2_ws/install/micro_ros_agent:/home/rasp/ros2_ws/install/lifecycle_msgs:/home/rasp/ros2_ws/install/example_interfaces:/home/rasp/ros2_ws/install/complex_msgs:/home/rasp/ros2_ws/install/builtin_interfaces:/opt/ros/jazzy/opt/gz_math_vendor:/opt/ros/jazzy/opt/gz_utils_vendor:/opt/ros/jazzy/opt/gz_cmake_vendor:/home/rasp/ros2_ws/install/robot_description:/home/rasp/ros2_ws/install/sensor_msgs_py:/opt/ros/jazzy DEBUGINFOD_URLS=https://debuginfod.ubuntu.com LD_LIBRARY_PATH=/home/rasp/ros2_ws/install/micro_ros_msgs/lib:/opt/ros/jazzy/opt/gz_sim_vendor/lib:/opt/ros/jazzy/opt/gz_sensors_vendor/lib:/opt/ros/jazzy/opt/gz_physics_vendor/lib:/opt/ros/jazzy/opt/sdformat_vendor/lib:/opt/ros/jazzy/opt/gz_gui_vendor/lib:/opt/ros/jazzy/opt/gz_transport_vendor/lib:/opt/ros/jazzy/opt/gz_rendering_vendor/lib:/opt/ros/jazzy/opt/gz_plugin_vendor/lib:/opt/ros/jazzy/opt/gz_fuel_tools_vendor/lib:/opt/ros/jazzy/opt/gz_msgs_vendor/lib:/opt/ros/jazzy/opt/gz_common_vendor/lib:/opt/ros/jazzy/opt/gz_tools_vendor/lib:/opt/ros/jazzy/opt/gz_ogre_next_vendor/lib:/opt/ros/jazzy/opt/gz_dartsim_vendor/lib:/home/rasp/ros2_ws/install/visualization_msgs/lib:/home/rasp/ros2_ws/install/action_msgs/lib:/home/rasp/ros2_ws/install/unique_identifier_msgs/lib:/home/rasp/ros2_ws/install/type_description_interfaces/lib:/home/rasp/ros2_ws/install/trajectory_msgs/lib:/home/rasp/ros2_ws/install/test_msgs/lib:/home/rasp/ros2_ws/install/stereo_msgs/lib:/home/rasp/ros2_ws/install/std_srvs/lib:/home/rasp/ros2_ws/install/shape_msgs/lib:/home/rasp/ros2_ws/install/sensor_msgs/lib:/home/rasp/ros2_ws/install/nav_msgs/lib:/home/rasp/ros2_ws/install/diagnostic_msgs/lib:/home/rasp/ros2_ws/install/geometry_msgs/lib:/home/rasp/ros2_ws/install/actionlib_msgs/lib:/home/rasp/ros2_ws/install/std_msgs/lib:/home/rasp/ros2_ws/install/statistics_msgs/lib:/home/rasp/ros2_ws/install/service_msgs/lib:/home/rasp/ros2_ws/install/rmw_microxrcedds/lib:/home/rasp/ros2_ws/install/rosidl_typesupport_microxrcedds_cpp/lib:/home/rasp/ros2_ws/install/rosidl_typesupport_microxrcedds_c/lib:/home/rasp/ros2_ws/install/rosgraph_msgs/lib:/home/rasp/ros2_ws/install/rclc_parameter/lib:/home/rasp/ros2_ws/install/rclc/lib:/home/rasp/ros2_ws/install/composition_interfaces/lib:/home/rasp/ros2_ws/install/rcl_interfaces/lib:/home/rasp/ros2_ws/install/microxrcedds_client/lib:/home/rasp/ros2_ws/install/microcdr/lib:/home/rasp/ros2_ws/install/micro_ros_utilities/lib:/home/rasp/ros2_ws/install/micro_ros_agent/lib:/home/rasp/ros2_ws/install/lifecycle_msgs/lib:/home/rasp/ros2_ws/install/example_interfaces/lib:/home/rasp/ros2_ws/install/complex_msgs/lib:/home/rasp/ros2_ws/install/builtin_interfaces/lib:/opt/ros/jazzy/opt/rviz_ogre_vendor/lib:/opt/ros/jazzy/lib/x86_64-linux-gnu:/opt/ros/jazzy/opt/gz_math_vendor/lib:/opt/ros/jazzy/opt/gz_utils_vendor/lib:/opt/ros/jazzy/opt/gz_cmake_vendor/lib:/opt/ros/jazzy/lib PYTHONPATH=/home/rasp/ros2_ws/install/micro_ros_msgs/lib/python3.12/site-packages:/home/rasp/ros2_ws/install/robot_description/lib/python3.12/site-packages:/home/rasp/ros2_ws/install/visualization_msgs/lib/python3.12/site-packages:/home/rasp/ros2_ws/install/action_msgs/lib/python3.12/site-packages:/home/rasp/ros2_ws/install/unique_identifier_msgs/lib/python3.12/site-packages:/home/rasp/ros2_ws/install/type_description_interfaces/lib/python3.12/site-packages:/home/rasp/ros2_ws/install/trajectory_msgs/lib/python3.12/site-packages:/home/rasp/ros2_ws/install/test_msgs/lib/python3.12/site-packages:/home/rasp/ros2_ws/install/stereo_msgs/lib/python3.12/site-packages:/home/rasp/ros2_ws/install/std_srvs/lib/python3.12/site-packages:/home/rasp/ros2_ws/install/shape_msgs/lib/python3.12/site-packages:/home/rasp/ros2_ws/install/sensor_msgs_py/lib/python3.12/site-packages:/home/rasp/ros2_ws/install/sensor_msgs/lib/python3.12/site-packages:/home/rasp/ros2_ws/install/nav_msgs/lib/python3.12/site-packages:/home/rasp/ros2_ws/install/diagnostic_msgs/lib/python3.12/site-packages:/home/rasp/ros2_ws/install/geometry_msgs/lib/python3.12/site-packages:/home/rasp/ros2_ws/install/actionlib_msgs/lib/python3.12/site-packages:/home/rasp/ros2_ws/install/std_msgs/lib/python3.12/site-packages:/home/rasp/ros2_ws/install/statistics_msgs/lib/python3.12/site-packages:/home/rasp/ros2_ws/install/service_msgs/lib/python3.12/site-packages:/home/rasp/ros2_ws/install/rosidl_typesupport_microxrcedds_cpp/lib/python3.12/site-packages:/home/rasp/ros2_ws/install/rosidl_typesupport_microxrcedds_c/lib/python3.12/site-packages:/home/rasp/ros2_ws/install/rosgraph_msgs/lib/python3.12/site-packages:/home/rasp/ros2_ws/install/composition_interfaces/lib/python3.12/site-packages:/home/rasp/ros2_ws/install/rcl_interfaces/lib/python3.12/site-packages:/home/rasp/ros2_ws/install/lifecycle_msgs/lib/python3.12/site-packages:/home/rasp/ros2_ws/install/example_interfaces/lib/python3.12/site-packages:/home/rasp/ros2_ws/install/complex_msgs/lib/python3.12/site-packages:/home/rasp/ros2_ws/install/builtin_interfaces/lib/python3.12/site-packages:/opt/ros/jazzy/lib/python3.12/site-packages /usr/bin/cmake --build /home/rasp/ros2_ws/build/micro_ros_agent -- -j2 -l2
[32.858s] DEBUG:colcon.colcon_core.event_handler.log_command:Invoked command in '/home/rasp/ros2_ws/build/micro_ros_agent' returned '0': CMAKE_PREFIX_PATH=/home/rasp/ros2_ws/install/micro_ros_msgs:/home/rasp/ros2_ws/install/robot_nav:/opt/ros/jazzy/opt/gz_sim_vendor:/opt/ros/jazzy/opt/gz_sensors_vendor:/opt/ros/jazzy/opt/gz_physics_vendor:/opt/ros/jazzy/opt/sdformat_vendor:/opt/ros/jazzy/opt/gz_gui_vendor:/opt/ros/jazzy/opt/gz_transport_vendor:/opt/ros/jazzy/opt/gz_rendering_vendor:/opt/ros/jazzy/opt/gz_plugin_vendor:/opt/ros/jazzy/opt/gz_fuel_tools_vendor:/opt/ros/jazzy/opt/gz_msgs_vendor:/opt/ros/jazzy/opt/gz_common_vendor:/opt/ros/jazzy/opt/gz_tools_vendor:/opt/ros/jazzy/opt/gz_ogre_next_vendor:/opt/ros/jazzy/opt/gz_dartsim_vendor:/home/rasp/ros2_ws/install/micro_ros_demos_rclc:/home/rasp/ros2_ws/install/common_interfaces:/home/rasp/ros2_ws/install/visualization_msgs:/home/rasp/ros2_ws/install/action_msgs:/home/rasp/ros2_ws/install/unique_identifier_msgs:/home/rasp/ros2_ws/install/type_description_interfaces:/home/rasp/ros2_ws/install/trajectory_msgs:/home/rasp/ros2_ws/install/test_msgs:/home/rasp/ros2_ws/install/test_interface_files:/home/rasp/ros2_ws/install/stereo_msgs:/home/rasp/ros2_ws/install/std_srvs:/home/rasp/ros2_ws/install/shape_msgs:/home/rasp/ros2_ws/install/sensor_msgs:/home/rasp/ros2_ws/install/nav_msgs:/home/rasp/ros2_ws/install/diagnostic_msgs:/home/rasp/ros2_ws/install/geometry_msgs:/home/rasp/ros2_ws/install/actionlib_msgs:/home/rasp/ros2_ws/install/std_msgs:/home/rasp/ros2_ws/install/statistics_msgs:/home/rasp/ros2_ws/install/service_msgs:/home/rasp/ros2_ws/install/rosidl_typesupport_microxrcedds_test_msg:/home/rasp/ros2_ws/install/rosidl_typesupport_microxrcedds_cpp_tests:/home/rasp/ros2_ws/install/rmw_microxrcedds:/home/rasp/ros2_ws/install/rosidl_typesupport_microxrcedds_cpp:/home/rasp/ros2_ws/install/rosidl_typesupport_microxrcedds_c_tests:/home/rasp/ros2_ws/install/rosidl_typesupport_microxrcedds_c:/home/rasp/ros2_ws/install/rosgraph_msgs:/home/rasp/ros2_ws/install/rclc_parameter:/home/rasp/ros2_ws/install/rclc:/home/rasp/ros2_ws/install/composition_interfaces:/home/rasp/ros2_ws/install/rcl_interfaces:/home/rasp/ros2_ws/install/microxrcedds_client:/home/rasp/ros2_ws/install/microcdr:/home/rasp/ros2_ws/install/micro_ros_utilities:/home/rasp/ros2_ws/install/micro_ros_setup:/home/rasp/ros2_ws/install/micro_ros_agent:/home/rasp/ros2_ws/install/lifecycle_msgs:/home/rasp/ros2_ws/install/example_interfaces:/home/rasp/ros2_ws/install/complex_msgs:/home/rasp/ros2_ws/install/builtin_interfaces:/opt/ros/jazzy/opt/gz_math_vendor:/opt/ros/jazzy/opt/gz_utils_vendor:/opt/ros/jazzy/opt/gz_cmake_vendor:/home/rasp/ros2_ws/install/robot_description:/home/rasp/ros2_ws/install/sensor_msgs_py:/opt/ros/jazzy DEBUGINFOD_URLS=https://debuginfod.ubuntu.com LD_LIBRARY_PATH=/home/rasp/ros2_ws/install/micro_ros_msgs/lib:/opt/ros/jazzy/opt/gz_sim_vendor/lib:/opt/ros/jazzy/opt/gz_sensors_vendor/lib:/opt/ros/jazzy/opt/gz_physics_vendor/lib:/opt/ros/jazzy/opt/sdformat_vendor/lib:/opt/ros/jazzy/opt/gz_gui_vendor/lib:/opt/ros/jazzy/opt/gz_transport_vendor/lib:/opt/ros/jazzy/opt/gz_rendering_vendor/lib:/opt/ros/jazzy/opt/gz_plugin_vendor/lib:/opt/ros/jazzy/opt/gz_fuel_tools_vendor/lib:/opt/ros/jazzy/opt/gz_msgs_vendor/lib:/opt/ros/jazzy/opt/gz_common_vendor/lib:/opt/ros/jazzy/opt/gz_tools_vendor/lib:/opt/ros/jazzy/opt/gz_ogre_next_vendor/lib:/opt/ros/jazzy/opt/gz_dartsim_vendor/lib:/home/rasp/ros2_ws/install/visualization_msgs/lib:/home/rasp/ros2_ws/install/action_msgs/lib:/home/rasp/ros2_ws/install/unique_identifier_msgs/lib:/home/rasp/ros2_ws/install/type_description_interfaces/lib:/home/rasp/ros2_ws/install/trajectory_msgs/lib:/home/rasp/ros2_ws/install/test_msgs/lib:/home/rasp/ros2_ws/install/stereo_msgs/lib:/home/rasp/ros2_ws/install/std_srvs/lib:/home/rasp/ros2_ws/install/shape_msgs/lib:/home/rasp/ros2_ws/install/sensor_msgs/lib:/home/rasp/ros2_ws/install/nav_msgs/lib:/home/rasp/ros2_ws/install/diagnostic_msgs/lib:/home/rasp/ros2_ws/install/geometry_msgs/lib:/home/rasp/ros2_ws/install/actionlib_msgs/lib:/home/rasp/ros2_ws/install/std_msgs/lib:/home/rasp/ros2_ws/install/statistics_msgs/lib:/home/rasp/ros2_ws/install/service_msgs/lib:/home/rasp/ros2_ws/install/rmw_microxrcedds/lib:/home/rasp/ros2_ws/install/rosidl_typesupport_microxrcedds_cpp/lib:/home/rasp/ros2_ws/install/rosidl_typesupport_microxrcedds_c/lib:/home/rasp/ros2_ws/install/rosgraph_msgs/lib:/home/rasp/ros2_ws/install/rclc_parameter/lib:/home/rasp/ros2_ws/install/rclc/lib:/home/rasp/ros2_ws/install/composition_interfaces/lib:/home/rasp/ros2_ws/install/rcl_interfaces/lib:/home/rasp/ros2_ws/install/microxrcedds_client/lib:/home/rasp/ros2_ws/install/microcdr/lib:/home/rasp/ros2_ws/install/micro_ros_utilities/lib:/home/rasp/ros2_ws/install/micro_ros_agent/lib:/home/rasp/ros2_ws/install/lifecycle_msgs/lib:/home/rasp/ros2_ws/install/example_interfaces/lib:/home/rasp/ros2_ws/install/complex_msgs/lib:/home/rasp/ros2_ws/install/builtin_interfaces/lib:/opt/ros/jazzy/opt/rviz_ogre_vendor/lib:/opt/ros/jazzy/lib/x86_64-linux-gnu:/opt/ros/jazzy/opt/gz_math_vendor/lib:/opt/ros/jazzy/opt/gz_utils_vendor/lib:/opt/ros/jazzy/opt/gz_cmake_vendor/lib:/opt/ros/jazzy/lib PYTHONPATH=/home/rasp/ros2_ws/install/micro_ros_msgs/lib/python3.12/site-packages:/home/rasp/ros2_ws/install/robot_description/lib/python3.12/site-packages:/home/rasp/ros2_ws/install/visualization_msgs/lib/python3.12/site-packages:/home/rasp/ros2_ws/install/action_msgs/lib/python3.12/site-packages:/home/rasp/ros2_ws/install/unique_identifier_msgs/lib/python3.12/site-packages:/home/rasp/ros2_ws/install/type_description_interfaces/lib/python3.12/site-packages:/home/rasp/ros2_ws/install/trajectory_msgs/lib/python3.12/site-packages:/home/rasp/ros2_ws/install/test_msgs/lib/python3.12/site-packages:/home/rasp/ros2_ws/install/stereo_msgs/lib/python3.12/site-packages:/home/rasp/ros2_ws/install/std_srvs/lib/python3.12/site-packages:/home/rasp/ros2_ws/install/shape_msgs/lib/python3.12/site-packages:/home/rasp/ros2_ws/install/sensor_msgs_py/lib/python3.12/site-packages:/home/rasp/ros2_ws/install/sensor_msgs/lib/python3.12/site-packages:/home/rasp/ros2_ws/install/nav_msgs/lib/python3.12/site-packages:/home/rasp/ros2_ws/install/diagnostic_msgs/lib/python3.12/site-packages:/home/rasp/ros2_ws/install/geometry_msgs/lib/python3.12/site-packages:/home/rasp/ros2_ws/install/actionlib_msgs/lib/python3.12/site-packages:/home/rasp/ros2_ws/install/std_msgs/lib/python3.12/site-packages:/home/rasp/ros2_ws/install/statistics_msgs/lib/python3.12/site-packages:/home/rasp/ros2_ws/install/service_msgs/lib/python3.12/site-packages:/home/rasp/ros2_ws/install/rosidl_typesupport_microxrcedds_cpp/lib/python3.12/site-packages:/home/rasp/ros2_ws/install/rosidl_typesupport_microxrcedds_c/lib/python3.12/site-packages:/home/rasp/ros2_ws/install/rosgraph_msgs/lib/python3.12/site-packages:/home/rasp/ros2_ws/install/composition_interfaces/lib/python3.12/site-packages:/home/rasp/ros2_ws/install/rcl_interfaces/lib/python3.12/site-packages:/home/rasp/ros2_ws/install/lifecycle_msgs/lib/python3.12/site-packages:/home/rasp/ros2_ws/install/example_interfaces/lib/python3.12/site-packages:/home/rasp/ros2_ws/install/complex_msgs/lib/python3.12/site-packages:/home/rasp/ros2_ws/install/builtin_interfaces/lib/python3.12/site-packages:/opt/ros/jazzy/lib/python3.12/site-packages /usr/bin/cmake --build /home/rasp/ros2_ws/build/micro_ros_agent -- -j2 -l2
[32.862s] DEBUG:colcon.colcon_core.event_handler.log_command:Invoking command in '/home/rasp/ros2_ws/build/micro_ros_agent': CMAKE_PREFIX_PATH=/home/rasp/ros2_ws/install/micro_ros_msgs:/home/rasp/ros2_ws/install/robot_nav:/opt/ros/jazzy/opt/gz_sim_vendor:/opt/ros/jazzy/opt/gz_sensors_vendor:/opt/ros/jazzy/opt/gz_physics_vendor:/opt/ros/jazzy/opt/sdformat_vendor:/opt/ros/jazzy/opt/gz_gui_vendor:/opt/ros/jazzy/opt/gz_transport_vendor:/opt/ros/jazzy/opt/gz_rendering_vendor:/opt/ros/jazzy/opt/gz_plugin_vendor:/opt/ros/jazzy/opt/gz_fuel_tools_vendor:/opt/ros/jazzy/opt/gz_msgs_vendor:/opt/ros/jazzy/opt/gz_common_vendor:/opt/ros/jazzy/opt/gz_tools_vendor:/opt/ros/jazzy/opt/gz_ogre_next_vendor:/opt/ros/jazzy/opt/gz_dartsim_vendor:/home/rasp/ros2_ws/install/micro_ros_demos_rclc:/home/rasp/ros2_ws/install/common_interfaces:/home/rasp/ros2_ws/install/visualization_msgs:/home/rasp/ros2_ws/install/action_msgs:/home/rasp/ros2_ws/install/unique_identifier_msgs:/home/rasp/ros2_ws/install/type_description_interfaces:/home/rasp/ros2_ws/install/trajectory_msgs:/home/rasp/ros2_ws/install/test_msgs:/home/rasp/ros2_ws/install/test_interface_files:/home/rasp/ros2_ws/install/stereo_msgs:/home/rasp/ros2_ws/install/std_srvs:/home/rasp/ros2_ws/install/shape_msgs:/home/rasp/ros2_ws/install/sensor_msgs:/home/rasp/ros2_ws/install/nav_msgs:/home/rasp/ros2_ws/install/diagnostic_msgs:/home/rasp/ros2_ws/install/geometry_msgs:/home/rasp/ros2_ws/install/actionlib_msgs:/home/rasp/ros2_ws/install/std_msgs:/home/rasp/ros2_ws/install/statistics_msgs:/home/rasp/ros2_ws/install/service_msgs:/home/rasp/ros2_ws/install/rosidl_typesupport_microxrcedds_test_msg:/home/rasp/ros2_ws/install/rosidl_typesupport_microxrcedds_cpp_tests:/home/rasp/ros2_ws/install/rmw_microxrcedds:/home/rasp/ros2_ws/install/rosidl_typesupport_microxrcedds_cpp:/home/rasp/ros2_ws/install/rosidl_typesupport_microxrcedds_c_tests:/home/rasp/ros2_ws/install/rosidl_typesupport_microxrcedds_c:/home/rasp/ros2_ws/install/rosgraph_msgs:/home/rasp/ros2_ws/install/rclc_parameter:/home/rasp/ros2_ws/install/rclc:/home/rasp/ros2_ws/install/composition_interfaces:/home/rasp/ros2_ws/install/rcl_interfaces:/home/rasp/ros2_ws/install/microxrcedds_client:/home/rasp/ros2_ws/install/microcdr:/home/rasp/ros2_ws/install/micro_ros_utilities:/home/rasp/ros2_ws/install/micro_ros_setup:/home/rasp/ros2_ws/install/micro_ros_agent:/home/rasp/ros2_ws/install/lifecycle_msgs:/home/rasp/ros2_ws/install/example_interfaces:/home/rasp/ros2_ws/install/complex_msgs:/home/rasp/ros2_ws/install/builtin_interfaces:/opt/ros/jazzy/opt/gz_math_vendor:/opt/ros/jazzy/opt/gz_utils_vendor:/opt/ros/jazzy/opt/gz_cmake_vendor:/home/rasp/ros2_ws/install/robot_description:/home/rasp/ros2_ws/install/sensor_msgs_py:/opt/ros/jazzy DEBUGINFOD_URLS=https://debuginfod.ubuntu.com LD_LIBRARY_PATH=/home/rasp/ros2_ws/install/micro_ros_msgs/lib:/opt/ros/jazzy/opt/gz_sim_vendor/lib:/opt/ros/jazzy/opt/gz_sensors_vendor/lib:/opt/ros/jazzy/opt/gz_physics_vendor/lib:/opt/ros/jazzy/opt/sdformat_vendor/lib:/opt/ros/jazzy/opt/gz_gui_vendor/lib:/opt/ros/jazzy/opt/gz_transport_vendor/lib:/opt/ros/jazzy/opt/gz_rendering_vendor/lib:/opt/ros/jazzy/opt/gz_plugin_vendor/lib:/opt/ros/jazzy/opt/gz_fuel_tools_vendor/lib:/opt/ros/jazzy/opt/gz_msgs_vendor/lib:/opt/ros/jazzy/opt/gz_common_vendor/lib:/opt/ros/jazzy/opt/gz_tools_vendor/lib:/opt/ros/jazzy/opt/gz_ogre_next_vendor/lib:/opt/ros/jazzy/opt/gz_dartsim_vendor/lib:/home/rasp/ros2_ws/install/visualization_msgs/lib:/home/rasp/ros2_ws/install/action_msgs/lib:/home/rasp/ros2_ws/install/unique_identifier_msgs/lib:/home/rasp/ros2_ws/install/type_description_interfaces/lib:/home/rasp/ros2_ws/install/trajectory_msgs/lib:/home/rasp/ros2_ws/install/test_msgs/lib:/home/rasp/ros2_ws/install/stereo_msgs/lib:/home/rasp/ros2_ws/install/std_srvs/lib:/home/rasp/ros2_ws/install/shape_msgs/lib:/home/rasp/ros2_ws/install/sensor_msgs/lib:/home/rasp/ros2_ws/install/nav_msgs/lib:/home/rasp/ros2_ws/install/diagnostic_msgs/lib:/home/rasp/ros2_ws/install/geometry_msgs/lib:/home/rasp/ros2_ws/install/actionlib_msgs/lib:/home/rasp/ros2_ws/install/std_msgs/lib:/home/rasp/ros2_ws/install/statistics_msgs/lib:/home/rasp/ros2_ws/install/service_msgs/lib:/home/rasp/ros2_ws/install/rmw_microxrcedds/lib:/home/rasp/ros2_ws/install/rosidl_typesupport_microxrcedds_cpp/lib:/home/rasp/ros2_ws/install/rosidl_typesupport_microxrcedds_c/lib:/home/rasp/ros2_ws/install/rosgraph_msgs/lib:/home/rasp/ros2_ws/install/rclc_parameter/lib:/home/rasp/ros2_ws/install/rclc/lib:/home/rasp/ros2_ws/install/composition_interfaces/lib:/home/rasp/ros2_ws/install/rcl_interfaces/lib:/home/rasp/ros2_ws/install/microxrcedds_client/lib:/home/rasp/ros2_ws/install/microcdr/lib:/home/rasp/ros2_ws/install/micro_ros_utilities/lib:/home/rasp/ros2_ws/install/micro_ros_agent/lib:/home/rasp/ros2_ws/install/lifecycle_msgs/lib:/home/rasp/ros2_ws/install/example_interfaces/lib:/home/rasp/ros2_ws/install/complex_msgs/lib:/home/rasp/ros2_ws/install/builtin_interfaces/lib:/opt/ros/jazzy/opt/rviz_ogre_vendor/lib:/opt/ros/jazzy/lib/x86_64-linux-gnu:/opt/ros/jazzy/opt/gz_math_vendor/lib:/opt/ros/jazzy/opt/gz_utils_vendor/lib:/opt/ros/jazzy/opt/gz_cmake_vendor/lib:/opt/ros/jazzy/lib PYTHONPATH=/home/rasp/ros2_ws/install/micro_ros_msgs/lib/python3.12/site-packages:/home/rasp/ros2_ws/install/robot_description/lib/python3.12/site-packages:/home/rasp/ros2_ws/install/visualization_msgs/lib/python3.12/site-packages:/home/rasp/ros2_ws/install/action_msgs/lib/python3.12/site-packages:/home/rasp/ros2_ws/install/unique_identifier_msgs/lib/python3.12/site-packages:/home/rasp/ros2_ws/install/type_description_interfaces/lib/python3.12/site-packages:/home/rasp/ros2_ws/install/trajectory_msgs/lib/python3.12/site-packages:/home/rasp/ros2_ws/install/test_msgs/lib/python3.12/site-packages:/home/rasp/ros2_ws/install/stereo_msgs/lib/python3.12/site-packages:/home/rasp/ros2_ws/install/std_srvs/lib/python3.12/site-packages:/home/rasp/ros2_ws/install/shape_msgs/lib/python3.12/site-packages:/home/rasp/ros2_ws/install/sensor_msgs_py/lib/python3.12/site-packages:/home/rasp/ros2_ws/install/sensor_msgs/lib/python3.12/site-packages:/home/rasp/ros2_ws/install/nav_msgs/lib/python3.12/site-packages:/home/rasp/ros2_ws/install/diagnostic_msgs/lib/python3.12/site-packages:/home/rasp/ros2_ws/install/geometry_msgs/lib/python3.12/site-packages:/home/rasp/ros2_ws/install/actionlib_msgs/lib/python3.12/site-packages:/home/rasp/ros2_ws/install/std_msgs/lib/python3.12/site-packages:/home/rasp/ros2_ws/install/statistics_msgs/lib/python3.12/site-packages:/home/rasp/ros2_ws/install/service_msgs/lib/python3.12/site-packages:/home/rasp/ros2_ws/install/rosidl_typesupport_microxrcedds_cpp/lib/python3.12/site-packages:/home/rasp/ros2_ws/install/rosidl_typesupport_microxrcedds_c/lib/python3.12/site-packages:/home/rasp/ros2_ws/install/rosgraph_msgs/lib/python3.12/site-packages:/home/rasp/ros2_ws/install/composition_interfaces/lib/python3.12/site-packages:/home/rasp/ros2_ws/install/rcl_interfaces/lib/python3.12/site-packages:/home/rasp/ros2_ws/install/lifecycle_msgs/lib/python3.12/site-packages:/home/rasp/ros2_ws/install/example_interfaces/lib/python3.12/site-packages:/home/rasp/ros2_ws/install/complex_msgs/lib/python3.12/site-packages:/home/rasp/ros2_ws/install/builtin_interfaces/lib/python3.12/site-packages:/opt/ros/jazzy/lib/python3.12/site-packages /usr/bin/cmake --install /home/rasp/ros2_ws/build/micro_ros_agent
[32.918s] Level 1:colcon.colcon_core.environment:create_environment_scripts_only(micro_ros_agent)
[32.918s] Level 1:colcon.colcon_core.environment:checking '/home/rasp/ros2_ws/install/micro_ros_agent' for CMake module files
[32.919s] DEBUG:colcon.colcon_core.event_handler.log_command:Invoked command in '/home/rasp/ros2_ws/build/micro_ros_agent' returned '0': CMAKE_PREFIX_PATH=/home/rasp/ros2_ws/install/micro_ros_msgs:/home/rasp/ros2_ws/install/robot_nav:/opt/ros/jazzy/opt/gz_sim_vendor:/opt/ros/jazzy/opt/gz_sensors_vendor:/opt/ros/jazzy/opt/gz_physics_vendor:/opt/ros/jazzy/opt/sdformat_vendor:/opt/ros/jazzy/opt/gz_gui_vendor:/opt/ros/jazzy/opt/gz_transport_vendor:/opt/ros/jazzy/opt/gz_rendering_vendor:/opt/ros/jazzy/opt/gz_plugin_vendor:/opt/ros/jazzy/opt/gz_fuel_tools_vendor:/opt/ros/jazzy/opt/gz_msgs_vendor:/opt/ros/jazzy/opt/gz_common_vendor:/opt/ros/jazzy/opt/gz_tools_vendor:/opt/ros/jazzy/opt/gz_ogre_next_vendor:/opt/ros/jazzy/opt/gz_dartsim_vendor:/home/rasp/ros2_ws/install/micro_ros_demos_rclc:/home/rasp/ros2_ws/install/common_interfaces:/home/rasp/ros2_ws/install/visualization_msgs:/home/rasp/ros2_ws/install/action_msgs:/home/rasp/ros2_ws/install/unique_identifier_msgs:/home/rasp/ros2_ws/install/type_description_interfaces:/home/rasp/ros2_ws/install/trajectory_msgs:/home/rasp/ros2_ws/install/test_msgs:/home/rasp/ros2_ws/install/test_interface_files:/home/rasp/ros2_ws/install/stereo_msgs:/home/rasp/ros2_ws/install/std_srvs:/home/rasp/ros2_ws/install/shape_msgs:/home/rasp/ros2_ws/install/sensor_msgs:/home/rasp/ros2_ws/install/nav_msgs:/home/rasp/ros2_ws/install/diagnostic_msgs:/home/rasp/ros2_ws/install/geometry_msgs:/home/rasp/ros2_ws/install/actionlib_msgs:/home/rasp/ros2_ws/install/std_msgs:/home/rasp/ros2_ws/install/statistics_msgs:/home/rasp/ros2_ws/install/service_msgs:/home/rasp/ros2_ws/install/rosidl_typesupport_microxrcedds_test_msg:/home/rasp/ros2_ws/install/rosidl_typesupport_microxrcedds_cpp_tests:/home/rasp/ros2_ws/install/rmw_microxrcedds:/home/rasp/ros2_ws/install/rosidl_typesupport_microxrcedds_cpp:/home/rasp/ros2_ws/install/rosidl_typesupport_microxrcedds_c_tests:/home/rasp/ros2_ws/install/rosidl_typesupport_microxrcedds_c:/home/rasp/ros2_ws/install/rosgraph_msgs:/home/rasp/ros2_ws/install/rclc_parameter:/home/rasp/ros2_ws/install/rclc:/home/rasp/ros2_ws/install/composition_interfaces:/home/rasp/ros2_ws/install/rcl_interfaces:/home/rasp/ros2_ws/install/microxrcedds_client:/home/rasp/ros2_ws/install/microcdr:/home/rasp/ros2_ws/install/micro_ros_utilities:/home/rasp/ros2_ws/install/micro_ros_setup:/home/rasp/ros2_ws/install/micro_ros_agent:/home/rasp/ros2_ws/install/lifecycle_msgs:/home/rasp/ros2_ws/install/example_interfaces:/home/rasp/ros2_ws/install/complex_msgs:/home/rasp/ros2_ws/install/builtin_interfaces:/opt/ros/jazzy/opt/gz_math_vendor:/opt/ros/jazzy/opt/gz_utils_vendor:/opt/ros/jazzy/opt/gz_cmake_vendor:/home/rasp/ros2_ws/install/robot_description:/home/rasp/ros2_ws/install/sensor_msgs_py:/opt/ros/jazzy DEBUGINFOD_URLS=https://debuginfod.ubuntu.com LD_LIBRARY_PATH=/home/rasp/ros2_ws/install/micro_ros_msgs/lib:/opt/ros/jazzy/opt/gz_sim_vendor/lib:/opt/ros/jazzy/opt/gz_sensors_vendor/lib:/opt/ros/jazzy/opt/gz_physics_vendor/lib:/opt/ros/jazzy/opt/sdformat_vendor/lib:/opt/ros/jazzy/opt/gz_gui_vendor/lib:/opt/ros/jazzy/opt/gz_transport_vendor/lib:/opt/ros/jazzy/opt/gz_rendering_vendor/lib:/opt/ros/jazzy/opt/gz_plugin_vendor/lib:/opt/ros/jazzy/opt/gz_fuel_tools_vendor/lib:/opt/ros/jazzy/opt/gz_msgs_vendor/lib:/opt/ros/jazzy/opt/gz_common_vendor/lib:/opt/ros/jazzy/opt/gz_tools_vendor/lib:/opt/ros/jazzy/opt/gz_ogre_next_vendor/lib:/opt/ros/jazzy/opt/gz_dartsim_vendor/lib:/home/rasp/ros2_ws/install/visualization_msgs/lib:/home/rasp/ros2_ws/install/action_msgs/lib:/home/rasp/ros2_ws/install/unique_identifier_msgs/lib:/home/rasp/ros2_ws/install/type_description_interfaces/lib:/home/rasp/ros2_ws/install/trajectory_msgs/lib:/home/rasp/ros2_ws/install/test_msgs/lib:/home/rasp/ros2_ws/install/stereo_msgs/lib:/home/rasp/ros2_ws/install/std_srvs/lib:/home/rasp/ros2_ws/install/shape_msgs/lib:/home/rasp/ros2_ws/install/sensor_msgs/lib:/home/rasp/ros2_ws/install/nav_msgs/lib:/home/rasp/ros2_ws/install/diagnostic_msgs/lib:/home/rasp/ros2_ws/install/geometry_msgs/lib:/home/rasp/ros2_ws/install/actionlib_msgs/lib:/home/rasp/ros2_ws/install/std_msgs/lib:/home/rasp/ros2_ws/install/statistics_msgs/lib:/home/rasp/ros2_ws/install/service_msgs/lib:/home/rasp/ros2_ws/install/rmw_microxrcedds/lib:/home/rasp/ros2_ws/install/rosidl_typesupport_microxrcedds_cpp/lib:/home/rasp/ros2_ws/install/rosidl_typesupport_microxrcedds_c/lib:/home/rasp/ros2_ws/install/rosgraph_msgs/lib:/home/rasp/ros2_ws/install/rclc_parameter/lib:/home/rasp/ros2_ws/install/rclc/lib:/home/rasp/ros2_ws/install/composition_interfaces/lib:/home/rasp/ros2_ws/install/rcl_interfaces/lib:/home/rasp/ros2_ws/install/microxrcedds_client/lib:/home/rasp/ros2_ws/install/microcdr/lib:/home/rasp/ros2_ws/install/micro_ros_utilities/lib:/home/rasp/ros2_ws/install/micro_ros_agent/lib:/home/rasp/ros2_ws/install/lifecycle_msgs/lib:/home/rasp/ros2_ws/install/example_interfaces/lib:/home/rasp/ros2_ws/install/complex_msgs/lib:/home/rasp/ros2_ws/install/builtin_interfaces/lib:/opt/ros/jazzy/opt/rviz_ogre_vendor/lib:/opt/ros/jazzy/lib/x86_64-linux-gnu:/opt/ros/jazzy/opt/gz_math_vendor/lib:/opt/ros/jazzy/opt/gz_utils_vendor/lib:/opt/ros/jazzy/opt/gz_cmake_vendor/lib:/opt/ros/jazzy/lib PYTHONPATH=/home/rasp/ros2_ws/install/micro_ros_msgs/lib/python3.12/site-packages:/home/rasp/ros2_ws/install/robot_description/lib/python3.12/site-packages:/home/rasp/ros2_ws/install/visualization_msgs/lib/python3.12/site-packages:/home/rasp/ros2_ws/install/action_msgs/lib/python3.12/site-packages:/home/rasp/ros2_ws/install/unique_identifier_msgs/lib/python3.12/site-packages:/home/rasp/ros2_ws/install/type_description_interfaces/lib/python3.12/site-packages:/home/rasp/ros2_ws/install/trajectory_msgs/lib/python3.12/site-packages:/home/rasp/ros2_ws/install/test_msgs/lib/python3.12/site-packages:/home/rasp/ros2_ws/install/stereo_msgs/lib/python3.12/site-packages:/home/rasp/ros2_ws/install/std_srvs/lib/python3.12/site-packages:/home/rasp/ros2_ws/install/shape_msgs/lib/python3.12/site-packages:/home/rasp/ros2_ws/install/sensor_msgs_py/lib/python3.12/site-packages:/home/rasp/ros2_ws/install/sensor_msgs/lib/python3.12/site-packages:/home/rasp/ros2_ws/install/nav_msgs/lib/python3.12/site-packages:/home/rasp/ros2_ws/install/diagnostic_msgs/lib/python3.12/site-packages:/home/rasp/ros2_ws/install/geometry_msgs/lib/python3.12/site-packages:/home/rasp/ros2_ws/install/actionlib_msgs/lib/python3.12/site-packages:/home/rasp/ros2_ws/install/std_msgs/lib/python3.12/site-packages:/home/rasp/ros2_ws/install/statistics_msgs/lib/python3.12/site-packages:/home/rasp/ros2_ws/install/service_msgs/lib/python3.12/site-packages:/home/rasp/ros2_ws/install/rosidl_typesupport_microxrcedds_cpp/lib/python3.12/site-packages:/home/rasp/ros2_ws/install/rosidl_typesupport_microxrcedds_c/lib/python3.12/site-packages:/home/rasp/ros2_ws/install/rosgraph_msgs/lib/python3.12/site-packages:/home/rasp/ros2_ws/install/composition_interfaces/lib/python3.12/site-packages:/home/rasp/ros2_ws/install/rcl_interfaces/lib/python3.12/site-packages:/home/rasp/ros2_ws/install/lifecycle_msgs/lib/python3.12/site-packages:/home/rasp/ros2_ws/install/example_interfaces/lib/python3.12/site-packages:/home/rasp/ros2_ws/install/complex_msgs/lib/python3.12/site-packages:/home/rasp/ros2_ws/install/builtin_interfaces/lib/python3.12/site-packages:/opt/ros/jazzy/lib/python3.12/site-packages /usr/bin/cmake --install /home/rasp/ros2_ws/build/micro_ros_agent
[32.920s] Level 1:colcon.colcon_core.environment:checking '/home/rasp/ros2_ws/install/micro_ros_agent' for CMake config files
[32.922s] Level 1:colcon.colcon_core.shell:create_environment_hook('micro_ros_agent', 'cmake_prefix_path')
[32.923s] INFO:colcon.colcon_core.shell:Creating environment hook '/home/rasp/ros2_ws/install/micro_ros_agent/share/micro_ros_agent/hook/cmake_prefix_path.ps1'
[32.923s] INFO:colcon.colcon_core.shell:Creating environment descriptor '/home/rasp/ros2_ws/install/micro_ros_agent/share/micro_ros_agent/hook/cmake_prefix_path.dsv'
[32.924s] INFO:colcon.colcon_core.shell:Creating environment hook '/home/rasp/ros2_ws/install/micro_ros_agent/share/micro_ros_agent/hook/cmake_prefix_path.sh'
[32.925s] Level 1:colcon.colcon_core.environment:checking '/home/rasp/ros2_ws/install/micro_ros_agent/lib'
[32.925s] Level 1:colcon.colcon_core.shell:create_environment_hook('micro_ros_agent', 'ld_library_path_lib')
[32.925s] INFO:colcon.colcon_core.shell:Creating environment hook '/home/rasp/ros2_ws/install/micro_ros_agent/share/micro_ros_agent/hook/ld_library_path_lib.ps1'
[32.926s] INFO:colcon.colcon_core.shell:Creating environment descriptor '/home/rasp/ros2_ws/install/micro_ros_agent/share/micro_ros_agent/hook/ld_library_path_lib.dsv'
[32.927s] INFO:colcon.colcon_core.shell:Creating environment hook '/home/rasp/ros2_ws/install/micro_ros_agent/share/micro_ros_agent/hook/ld_library_path_lib.sh'
[32.927s] Level 1:colcon.colcon_core.environment:checking '/home/rasp/ros2_ws/install/micro_ros_agent/bin'
[32.927s] Level 1:colcon.colcon_core.environment:checking '/home/rasp/ros2_ws/install/micro_ros_agent/lib/pkgconfig/micro_ros_agent.pc'
[32.928s] Level 1:colcon.colcon_core.environment:checking '/home/rasp/ros2_ws/install/micro_ros_agent/lib/python3.12/site-packages'
[32.928s] Level 1:colcon.colcon_core.environment:checking '/home/rasp/ros2_ws/install/micro_ros_agent/bin'
[32.929s] INFO:colcon.colcon_core.shell:Creating package script '/home/rasp/ros2_ws/install/micro_ros_agent/share/micro_ros_agent/package.ps1'
[32.929s] INFO:colcon.colcon_core.shell:Creating package descriptor '/home/rasp/ros2_ws/install/micro_ros_agent/share/micro_ros_agent/package.dsv'
[32.930s] INFO:colcon.colcon_core.shell:Creating package script '/home/rasp/ros2_ws/install/micro_ros_agent/share/micro_ros_agent/package.sh'
[32.930s] INFO:colcon.colcon_core.shell:Creating package script '/home/rasp/ros2_ws/install/micro_ros_agent/share/micro_ros_agent/package.bash'
[32.931s] INFO:colcon.colcon_core.shell:Creating package script '/home/rasp/ros2_ws/install/micro_ros_agent/share/micro_ros_agent/package.zsh'
[32.931s] Level 1:colcon.colcon_core.environment:create_file_with_runtime_dependencies(/home/rasp/ros2_ws/install/micro_ros_agent/share/colcon-core/packages/micro_ros_agent)
[32.933s] Level 1:colcon.colcon_core.environment:create_environment_scripts_only(micro_ros_agent)
[32.933s] Level 1:colcon.colcon_core.environment:checking '/home/rasp/ros2_ws/install/micro_ros_agent' for CMake module files
[32.934s] Level 1:colcon.colcon_core.environment:checking '/home/rasp/ros2_ws/install/micro_ros_agent' for CMake config files
[32.934s] Level 1:colcon.colcon_core.shell:create_environment_hook('micro_ros_agent', 'cmake_prefix_path')
[32.934s] INFO:colcon.colcon_core.shell:Creating environment hook '/home/rasp/ros2_ws/install/micro_ros_agent/share/micro_ros_agent/hook/cmake_prefix_path.ps1'
[32.934s] INFO:colcon.colcon_core.shell:Creating environment descriptor '/home/rasp/ros2_ws/install/micro_ros_agent/share/micro_ros_agent/hook/cmake_prefix_path.dsv'
[32.935s] INFO:colcon.colcon_core.shell:Creating environment hook '/home/rasp/ros2_ws/install/micro_ros_agent/share/micro_ros_agent/hook/cmake_prefix_path.sh'
[32.936s] Level 1:colcon.colcon_core.environment:checking '/home/rasp/ros2_ws/install/micro_ros_agent/lib'
[32.936s] Level 1:colcon.colcon_core.shell:create_environment_hook('micro_ros_agent', 'ld_library_path_lib')
[32.937s] INFO:colcon.colcon_core.shell:Creating environment hook '/home/rasp/ros2_ws/install/micro_ros_agent/share/micro_ros_agent/hook/ld_library_path_lib.ps1'
[32.937s] INFO:colcon.colcon_core.shell:Creating environment descriptor '/home/rasp/ros2_ws/install/micro_ros_agent/share/micro_ros_agent/hook/ld_library_path_lib.dsv'
[32.938s] INFO:colcon.colcon_core.shell:Creating environment hook '/home/rasp/ros2_ws/install/micro_ros_agent/share/micro_ros_agent/hook/ld_library_path_lib.sh'
[32.938s] Level 1:colcon.colcon_core.environment:checking '/home/rasp/ros2_ws/install/micro_ros_agent/bin'
[32.938s] Level 1:colcon.colcon_core.environment:checking '/home/rasp/ros2_ws/install/micro_ros_agent/lib/pkgconfig/micro_ros_agent.pc'
[32.938s] Level 1:colcon.colcon_core.environment:checking '/home/rasp/ros2_ws/install/micro_ros_agent/lib/python3.12/site-packages'
[32.939s] Level 1:colcon.colcon_core.environment:checking '/home/rasp/ros2_ws/install/micro_ros_agent/bin'
[32.939s] INFO:colcon.colcon_core.shell:Creating package script '/home/rasp/ros2_ws/install/micro_ros_agent/share/micro_ros_agent/package.ps1'
[32.940s] INFO:colcon.colcon_core.shell:Creating package descriptor '/home/rasp/ros2_ws/install/micro_ros_agent/share/micro_ros_agent/package.dsv'
[32.941s] INFO:colcon.colcon_core.shell:Creating package script '/home/rasp/ros2_ws/install/micro_ros_agent/share/micro_ros_agent/package.sh'
[32.942s] INFO:colcon.colcon_core.shell:Creating package script '/home/rasp/ros2_ws/install/micro_ros_agent/share/micro_ros_agent/package.bash'
[32.942s] INFO:colcon.colcon_core.shell:Creating package script '/home/rasp/ros2_ws/install/micro_ros_agent/share/micro_ros_agent/package.zsh'
[32.943s] Level 1:colcon.colcon_core.environment:create_file_with_runtime_dependencies(/home/rasp/ros2_ws/install/micro_ros_agent/share/colcon-core/packages/micro_ros_agent)
[51.247s] DEBUG:colcon.colcon_core.event_handler.log_command:Invoked command in '/home/rasp/ros2_ws/build/rf2o_laser_odometry' returned '0': CMAKE_PREFIX_PATH=${CMAKE_PREFIX_PATH}:/home/rasp/ros2_ws/install/robot_description:/home/rasp/ros2_ws/install/sensor_msgs_py:/opt/ros/jazzy DEBUGINFOD_URLS=https://debuginfod.ubuntu.com /usr/bin/cmake --build /home/rasp/ros2_ws/build/rf2o_laser_odometry -- -j2 -l2
[51.250s] DEBUG:colcon.colcon_core.event_handler.log_command:Invoking command in '/home/rasp/ros2_ws/build/rf2o_laser_odometry': CMAKE_PREFIX_PATH=${CMAKE_PREFIX_PATH}:/home/rasp/ros2_ws/install/robot_description:/home/rasp/ros2_ws/install/sensor_msgs_py:/opt/ros/jazzy DEBUGINFOD_URLS=https://debuginfod.ubuntu.com /usr/bin/cmake --install /home/rasp/ros2_ws/build/rf2o_laser_odometry
[51.333s] Level 1:colcon.colcon_core.environment:create_environment_scripts_only(rf2o_laser_odometry)
[51.334s] Level 1:colcon.colcon_core.environment:checking '/home/rasp/ros2_ws/install/rf2o_laser_odometry' for CMake module files
[51.334s] Level 1:colcon.colcon_core.environment:checking '/home/rasp/ros2_ws/install/rf2o_laser_odometry' for CMake config files
[51.335s] DEBUG:colcon.colcon_core.event_handler.log_command:Invoked command in '/home/rasp/ros2_ws/build/rf2o_laser_odometry' returned '0': CMAKE_PREFIX_PATH=${CMAKE_PREFIX_PATH}:/home/rasp/ros2_ws/install/robot_description:/home/rasp/ros2_ws/install/sensor_msgs_py:/opt/ros/jazzy DEBUGINFOD_URLS=https://debuginfod.ubuntu.com /usr/bin/cmake --install /home/rasp/ros2_ws/build/rf2o_laser_odometry
[51.335s] Level 1:colcon.colcon_core.shell:create_environment_hook('rf2o_laser_odometry', 'cmake_prefix_path')
[51.336s] INFO:colcon.colcon_core.shell:Creating environment hook '/home/rasp/ros2_ws/install/rf2o_laser_odometry/share/rf2o_laser_odometry/hook/cmake_prefix_path.ps1'
[51.337s] INFO:colcon.colcon_core.shell:Creating environment descriptor '/home/rasp/ros2_ws/install/rf2o_laser_odometry/share/rf2o_laser_odometry/hook/cmake_prefix_path.dsv'
[51.338s] INFO:colcon.colcon_core.shell:Creating environment hook '/home/rasp/ros2_ws/install/rf2o_laser_odometry/share/rf2o_laser_odometry/hook/cmake_prefix_path.sh'
[51.339s] Level 1:colcon.colcon_core.environment:checking '/home/rasp/ros2_ws/install/rf2o_laser_odometry/lib'
[51.339s] Level 1:colcon.colcon_core.environment:checking '/home/rasp/ros2_ws/install/rf2o_laser_odometry/bin'
[51.339s] Level 1:colcon.colcon_core.environment:checking '/home/rasp/ros2_ws/install/rf2o_laser_odometry/lib/pkgconfig/rf2o_laser_odometry.pc'
[51.340s] Level 1:colcon.colcon_core.environment:checking '/home/rasp/ros2_ws/install/rf2o_laser_odometry/lib/python3.12/site-packages'
[51.340s] Level 1:colcon.colcon_core.environment:checking '/home/rasp/ros2_ws/install/rf2o_laser_odometry/bin'
[51.340s] INFO:colcon.colcon_core.shell:Creating package script '/home/rasp/ros2_ws/install/rf2o_laser_odometry/share/rf2o_laser_odometry/package.ps1'
[51.340s] INFO:colcon.colcon_core.shell:Creating package descriptor '/home/rasp/ros2_ws/install/rf2o_laser_odometry/share/rf2o_laser_odometry/package.dsv'
[51.341s] INFO:colcon.colcon_core.shell:Creating package script '/home/rasp/ros2_ws/install/rf2o_laser_odometry/share/rf2o_laser_odometry/package.sh'
[51.342s] INFO:colcon.colcon_core.shell:Creating package script '/home/rasp/ros2_ws/install/rf2o_laser_odometry/share/rf2o_laser_odometry/package.bash'
[51.343s] INFO:colcon.colcon_core.shell:Creating package script '/home/rasp/ros2_ws/install/rf2o_laser_odometry/share/rf2o_laser_odometry/package.zsh'
[51.344s] Level 1:colcon.colcon_core.environment:create_file_with_runtime_dependencies(/home/rasp/ros2_ws/install/rf2o_laser_odometry/share/colcon-core/packages/rf2o_laser_odometry)
[51.345s] Level 1:colcon.colcon_core.environment:create_environment_scripts_only(rf2o_laser_odometry)
[51.345s] Level 1:colcon.colcon_core.environment:checking '/home/rasp/ros2_ws/install/rf2o_laser_odometry' for CMake module files
[51.346s] Level 1:colcon.colcon_core.environment:checking '/home/rasp/ros2_ws/install/rf2o_laser_odometry' for CMake config files
[51.346s] Level 1:colcon.colcon_core.shell:create_environment_hook('rf2o_laser_odometry', 'cmake_prefix_path')
[51.346s] INFO:colcon.colcon_core.shell:Creating environment hook '/home/rasp/ros2_ws/install/rf2o_laser_odometry/share/rf2o_laser_odometry/hook/cmake_prefix_path.ps1'
[51.347s] INFO:colcon.colcon_core.shell:Creating environment descriptor '/home/rasp/ros2_ws/install/rf2o_laser_odometry/share/rf2o_laser_odometry/hook/cmake_prefix_path.dsv'
[51.347s] INFO:colcon.colcon_core.shell:Creating environment hook '/home/rasp/ros2_ws/install/rf2o_laser_odometry/share/rf2o_laser_odometry/hook/cmake_prefix_path.sh'
[51.348s] Level 1:colcon.colcon_core.environment:checking '/home/rasp/ros2_ws/install/rf2o_laser_odometry/lib'
[51.348s] Level 1:colcon.colcon_core.environment:checking '/home/rasp/ros2_ws/install/rf2o_laser_odometry/bin'
[51.348s] Level 1:colcon.colcon_core.environment:checking '/home/rasp/ros2_ws/install/rf2o_laser_odometry/lib/pkgconfig/rf2o_laser_odometry.pc'
[51.348s] Level 1:colcon.colcon_core.environment:checking '/home/rasp/ros2_ws/install/rf2o_laser_odometry/lib/python3.12/site-packages'
[51.349s] Level 1:colcon.colcon_core.environment:checking '/home/rasp/ros2_ws/install/rf2o_laser_odometry/bin'
[51.349s] INFO:colcon.colcon_core.shell:Creating package script '/home/rasp/ros2_ws/install/rf2o_laser_odometry/share/rf2o_laser_odometry/package.ps1'
[51.367s] INFO:colcon.colcon_core.shell:Creating package descriptor '/home/rasp/ros2_ws/install/rf2o_laser_odometry/share/rf2o_laser_odometry/package.dsv'
[51.368s] INFO:colcon.colcon_core.shell:Creating package script '/home/rasp/ros2_ws/install/rf2o_laser_odometry/share/rf2o_laser_odometry/package.sh'
[51.368s] INFO:colcon.colcon_core.shell:Creating package script '/home/rasp/ros2_ws/install/rf2o_laser_odometry/share/rf2o_laser_odometry/package.bash'
[51.369s] INFO:colcon.colcon_core.shell:Creating package script '/home/rasp/ros2_ws/install/rf2o_laser_odometry/share/rf2o_laser_odometry/package.zsh'
[51.369s] Level 1:colcon.colcon_core.environment:create_file_with_runtime_dependencies(/home/rasp/ros2_ws/install/rf2o_laser_odometry/share/colcon-core/packages/rf2o_laser_odometry)
[51.374s] DEBUG:colcon.colcon_parallel_executor.executor.parallel:closing loop
[51.376s] DEBUG:colcon.colcon_parallel_executor.executor.parallel:loop closed
[51.377s] DEBUG:colcon.colcon_parallel_executor.executor.parallel:run_until_complete finished with '0'
[51.378s] DEBUG:colcon.colcon_core.event_reactor:joining thread
[51.769s] INFO:colcon.colcon_core.plugin_system:Skipping extension 'colcon_notification.desktop_notification.terminal_notifier': Not used on non-Darwin systems
[51.769s] INFO:colcon.colcon_core.plugin_system:Skipping extension 'colcon_notification.desktop_notification.win32': Not used on non-Windows systems
[51.769s] INFO:colcon.colcon_notification.desktop_notification:Sending desktop notification using 'notify2'
[52.439s] DEBUG:colcon.colcon_core.event_reactor:joined thread
[52.440s] INFO:colcon.colcon_core.shell:Creating prefix script '/home/rasp/ros2_ws/install/local_setup.ps1'
[52.444s] INFO:colcon.colcon_core.shell:Creating prefix util module '/home/rasp/ros2_ws/install/_local_setup_util_ps1.py'
[52.448s] INFO:colcon.colcon_core.shell:Creating prefix chain script '/home/rasp/ros2_ws/install/setup.ps1'
[52.468s] INFO:colcon.colcon_core.shell:Creating prefix script '/home/rasp/ros2_ws/install/local_setup.sh'
[52.471s] INFO:colcon.colcon_core.shell:Creating prefix util module '/home/rasp/ros2_ws/install/_local_setup_util_sh.py'
[52.474s] INFO:colcon.colcon_core.shell:Creating prefix chain script '/home/rasp/ros2_ws/install/setup.sh'
[52.481s] INFO:colcon.colcon_core.shell:Creating prefix script '/home/rasp/ros2_ws/install/local_setup.bash'
[52.483s] INFO:colcon.colcon_core.shell:Creating prefix chain script '/home/rasp/ros2_ws/install/setup.bash'
[52.493s] INFO:colcon.colcon_core.shell:Creating prefix script '/home/rasp/ros2_ws/install/local_setup.zsh'
[52.495s] INFO:colcon.colcon_core.shell:Creating prefix chain script '/home/rasp/ros2_ws/install/setup.zsh'
