[0.562s] DEBUG:colcon:Command line arguments: ['/usr/bin/colcon', 'build']
[0.562s] DEBUG:colcon:Parsed command line arguments: Namespace(log_base=None, log_level=None, verb_name='build', build_base='build', install_base='install', merge_install=False, symlink_install=False, test_result_base=None, continue_on_error=False, executor='parallel', parallel_workers=2, event_handlers=None, ignore_user_meta=False, metas=['./colcon.meta'], base_paths=['.'], packages_ignore=None, packages_ignore_regex=None, paths=None, packages_up_to=None, packages_up_to_regex=None, packages_above=None, packages_above_and_dependencies=None, packages_above_depth=None, packages_select_by_dep=None, packages_skip_by_dep=None, packages_skip_up_to=None, packages_select_build_failed=False, packages_skip_build_finished=False, packages_select_test_failures=False, packages_skip_test_passed=False, packages_select=None, packages_skip=None, packages_select_regex=None, packages_skip_regex=None, packages_start=None, packages_end=None, allow_overriding=[], cmake_args=None, cmake_target=None, cmake_target_skip_unavailable=False, cmake_clean_cache=False, cmake_clean_first=False, cmake_force_configure=False, ament_cmake_args=None, catkin_cmake_args=None, catkin_skip_building_tests=False, mixin_files=None, mixin=None, verb_parser=<colcon_mixin.mixin.mixin_argument.MixinArgumentDecorator object at 0x794ab88b3170>, verb_extension=<colcon_core.verb.build.BuildVerb object at 0x794ab88b2f30>, main=<bound method BuildVerb.main of <colcon_core.verb.build.BuildVerb object at 0x794ab88b2f30>>, mixin_verb=('build',))
[0.667s] Level 1:colcon.colcon_core.package_discovery:discover_packages(colcon_meta) check parameters
[0.667s] Level 1:colcon.colcon_core.package_discovery:discover_packages(recursive) check parameters
[0.667s] Level 1:colcon.colcon_core.package_discovery:discover_packages(ignore) check parameters
[0.667s] Level 1:colcon.colcon_core.package_discovery:discover_packages(path) check parameters
[0.667s] Level 1:colcon.colcon_core.package_discovery:discover_packages(colcon_meta) discover
[0.667s] Level 1:colcon.colcon_core.package_discovery:discover_packages(recursive) discover
[0.667s] INFO:colcon.colcon_core.package_discovery:Crawling recursively for packages in '/home/rasp/ros2_ws'
[0.667s] Level 1:colcon.colcon_core.package_identification:_identify(.) by extensions ['ignore', 'ignore_ament_install']
[0.667s] Level 1:colcon.colcon_core.package_identification:_identify(.) by extension 'ignore'
[0.667s] Level 1:colcon.colcon_core.package_identification:_identify(.) by extension 'ignore_ament_install'
[0.667s] Level 1:colcon.colcon_core.package_identification:_identify(.) by extensions ['colcon_pkg']
[0.667s] Level 1:colcon.colcon_core.package_identification:_identify(.) by extension 'colcon_pkg'
[0.667s] Level 1:colcon.colcon_core.package_identification:_identify(.) by extensions ['colcon_meta']
[0.668s] Level 1:colcon.colcon_core.package_identification:_identify(.) by extension 'colcon_meta'
[0.668s] Level 1:colcon.colcon_core.package_identification:_identify(.) by extensions ['ros']
[0.668s] Level 1:colcon.colcon_core.package_identification:_identify(.) by extension 'ros'
[0.709s] Level 1:colcon.colcon_core.package_identification:_identify(.) by extensions ['cmake', 'python']
[0.709s] Level 1:colcon.colcon_core.package_identification:_identify(.) by extension 'cmake'
[0.709s] Level 1:colcon.colcon_core.package_identification:_identify(.) by extension 'python'
[0.709s] Level 1:colcon.colcon_core.package_identification:_identify(.) by extensions ['python_setup_py']
[0.710s] Level 1:colcon.colcon_core.package_identification:_identify(.) by extension 'python_setup_py'
[0.710s] Level 1:colcon.colcon_core.package_identification:_identify(build) by extensions ['ignore', 'ignore_ament_install']
[0.710s] Level 1:colcon.colcon_core.package_identification:_identify(build) by extension 'ignore'
[0.710s] Level 1:colcon.colcon_core.package_identification:_identify(build) ignored
[0.710s] Level 1:colcon.colcon_core.package_identification:_identify(filtre) by extensions ['ignore', 'ignore_ament_install']
[0.710s] Level 1:colcon.colcon_core.package_identification:_identify(filtre) by extension 'ignore'
[0.710s] Level 1:colcon.colcon_core.package_identification:_identify(filtre) by extension 'ignore_ament_install'
[0.710s] Level 1:colcon.colcon_core.package_identification:_identify(filtre) by extensions ['colcon_pkg']
[0.710s] Level 1:colcon.colcon_core.package_identification:_identify(filtre) by extension 'colcon_pkg'
[0.710s] Level 1:colcon.colcon_core.package_identification:_identify(filtre) by extensions ['colcon_meta']
[0.710s] Level 1:colcon.colcon_core.package_identification:_identify(filtre) by extension 'colcon_meta'
[0.710s] Level 1:colcon.colcon_core.package_identification:_identify(filtre) by extensions ['ros']
[0.710s] Level 1:colcon.colcon_core.package_identification:_identify(filtre) by extension 'ros'
[0.710s] Level 1:colcon.colcon_core.package_identification:_identify(filtre) by extensions ['cmake', 'python']
[0.710s] Level 1:colcon.colcon_core.package_identification:_identify(filtre) by extension 'cmake'
[0.710s] Level 1:colcon.colcon_core.package_identification:_identify(filtre) by extension 'python'
[0.711s] Level 1:colcon.colcon_core.package_identification:_identify(filtre) by extensions ['python_setup_py']
[0.711s] Level 1:colcon.colcon_core.package_identification:_identify(filtre) by extension 'python_setup_py'
[0.711s] Level 1:colcon.colcon_core.package_identification:_identify(install) by extensions ['ignore', 'ignore_ament_install']
[0.711s] Level 1:colcon.colcon_core.package_identification:_identify(install) by extension 'ignore'
[0.711s] Level 1:colcon.colcon_core.package_identification:_identify(install) ignored
[0.711s] Level 1:colcon.colcon_core.package_identification:_identify(log) by extensions ['ignore', 'ignore_ament_install']
[0.711s] Level 1:colcon.colcon_core.package_identification:_identify(log) by extension 'ignore'
[0.711s] Level 1:colcon.colcon_core.package_identification:_identify(log) ignored
[0.711s] Level 1:colcon.colcon_core.package_identification:_identify(src) by extensions ['ignore', 'ignore_ament_install']
[0.711s] Level 1:colcon.colcon_core.package_identification:_identify(src) by extension 'ignore'
[0.711s] Level 1:colcon.colcon_core.package_identification:_identify(src) by extension 'ignore_ament_install'
[0.711s] Level 1:colcon.colcon_core.package_identification:_identify(src) by extensions ['colcon_pkg']
[0.711s] Level 1:colcon.colcon_core.package_identification:_identify(src) by extension 'colcon_pkg'
[0.711s] Level 1:colcon.colcon_core.package_identification:_identify(src) by extensions ['colcon_meta']
[0.711s] Level 1:colcon.colcon_core.package_identification:_identify(src) by extension 'colcon_meta'
[0.711s] Level 1:colcon.colcon_core.package_identification:_identify(src) by extensions ['ros']
[0.711s] Level 1:colcon.colcon_core.package_identification:_identify(src) by extension 'ros'
[0.712s] Level 1:colcon.colcon_core.package_identification:_identify(src) by extensions ['cmake', 'python']
[0.712s] Level 1:colcon.colcon_core.package_identification:_identify(src) by extension 'cmake'
[0.712s] Level 1:colcon.colcon_core.package_identification:_identify(src) by extension 'python'
[0.712s] Level 1:colcon.colcon_core.package_identification:_identify(src) by extensions ['python_setup_py']
[0.712s] Level 1:colcon.colcon_core.package_identification:_identify(src) by extension 'python_setup_py'
[0.712s] Level 1:colcon.colcon_core.package_identification:_identify(src/laser_filters) by extensions ['ignore', 'ignore_ament_install']
[0.712s] Level 1:colcon.colcon_core.package_identification:_identify(src/laser_filters) by extension 'ignore'
[0.712s] Level 1:colcon.colcon_core.package_identification:_identify(src/laser_filters) by extension 'ignore_ament_install'
[0.712s] Level 1:colcon.colcon_core.package_identification:_identify(src/laser_filters) by extensions ['colcon_pkg']
[0.712s] Level 1:colcon.colcon_core.package_identification:_identify(src/laser_filters) by extension 'colcon_pkg'
[0.712s] Level 1:colcon.colcon_core.package_identification:_identify(src/laser_filters) by extensions ['colcon_meta']
[0.712s] Level 1:colcon.colcon_core.package_identification:_identify(src/laser_filters) by extension 'colcon_meta'
[0.712s] Level 1:colcon.colcon_core.package_identification:_identify(src/laser_filters) by extensions ['ros']
[0.712s] Level 1:colcon.colcon_core.package_identification:_identify(src/laser_filters) by extension 'ros'
[0.717s] DEBUG:colcon.colcon_core.package_identification:Package 'src/laser_filters' with type 'ros.ament_cmake' and name 'laser_filters'
[0.717s] Level 1:colcon.colcon_core.package_identification:_identify(src/nav) by extensions ['ignore', 'ignore_ament_install']
[0.717s] Level 1:colcon.colcon_core.package_identification:_identify(src/nav) by extension 'ignore'
[0.717s] Level 1:colcon.colcon_core.package_identification:_identify(src/nav) by extension 'ignore_ament_install'
[0.717s] Level 1:colcon.colcon_core.package_identification:_identify(src/nav) by extensions ['colcon_pkg']
[0.717s] Level 1:colcon.colcon_core.package_identification:_identify(src/nav) by extension 'colcon_pkg'
[0.717s] Level 1:colcon.colcon_core.package_identification:_identify(src/nav) by extensions ['colcon_meta']
[0.717s] Level 1:colcon.colcon_core.package_identification:_identify(src/nav) by extension 'colcon_meta'
[0.718s] Level 1:colcon.colcon_core.package_identification:_identify(src/nav) by extensions ['ros']
[0.718s] Level 1:colcon.colcon_core.package_identification:_identify(src/nav) by extension 'ros'
[0.718s] Level 1:colcon.colcon_core.package_identification:_identify(src/nav) by extensions ['cmake', 'python']
[0.718s] Level 1:colcon.colcon_core.package_identification:_identify(src/nav) by extension 'cmake'
[0.718s] Level 1:colcon.colcon_core.package_identification:_identify(src/nav) by extension 'python'
[0.718s] Level 1:colcon.colcon_core.package_identification:_identify(src/nav) by extensions ['python_setup_py']
[0.718s] Level 1:colcon.colcon_core.package_identification:_identify(src/nav) by extension 'python_setup_py'
[0.718s] Level 1:colcon.colcon_core.package_identification:_identify(src/rf2o_laser_odometry) by extensions ['ignore', 'ignore_ament_install']
[0.718s] Level 1:colcon.colcon_core.package_identification:_identify(src/rf2o_laser_odometry) by extension 'ignore'
[0.718s] Level 1:colcon.colcon_core.package_identification:_identify(src/rf2o_laser_odometry) by extension 'ignore_ament_install'
[0.718s] Level 1:colcon.colcon_core.package_identification:_identify(src/rf2o_laser_odometry) by extensions ['colcon_pkg']
[0.718s] Level 1:colcon.colcon_core.package_identification:_identify(src/rf2o_laser_odometry) by extension 'colcon_pkg'
[0.718s] Level 1:colcon.colcon_core.package_identification:_identify(src/rf2o_laser_odometry) by extensions ['colcon_meta']
[0.718s] Level 1:colcon.colcon_core.package_identification:_identify(src/rf2o_laser_odometry) by extension 'colcon_meta'
[0.718s] Level 1:colcon.colcon_core.package_identification:_identify(src/rf2o_laser_odometry) by extensions ['ros']
[0.718s] Level 1:colcon.colcon_core.package_identification:_identify(src/rf2o_laser_odometry) by extension 'ros'
[0.720s] DEBUG:colcon.colcon_core.package_identification:Package 'src/rf2o_laser_odometry' with type 'ros.ament_cmake' and name 'rf2o_laser_odometry'
[0.720s] Level 1:colcon.colcon_core.package_identification:_identify(src/robot_description) by extensions ['ignore', 'ignore_ament_install']
[0.720s] Level 1:colcon.colcon_core.package_identification:_identify(src/robot_description) by extension 'ignore'
[0.720s] Level 1:colcon.colcon_core.package_identification:_identify(src/robot_description) by extension 'ignore_ament_install'
[0.720s] Level 1:colcon.colcon_core.package_identification:_identify(src/robot_description) by extensions ['colcon_pkg']
[0.720s] Level 1:colcon.colcon_core.package_identification:_identify(src/robot_description) by extension 'colcon_pkg'
[0.720s] Level 1:colcon.colcon_core.package_identification:_identify(src/robot_description) by extensions ['colcon_meta']
[0.720s] Level 1:colcon.colcon_core.package_identification:_identify(src/robot_description) by extension 'colcon_meta'
[0.720s] Level 1:colcon.colcon_core.package_identification:_identify(src/robot_description) by extensions ['ros']
[0.720s] Level 1:colcon.colcon_core.package_identification:_identify(src/robot_description) by extension 'ros'
[0.721s] DEBUG:colcon.colcon_core.package_identification:Package 'src/robot_description' with type 'ros.ament_python' and name 'robot_description'
[0.721s] Level 1:colcon.colcon_core.package_identification:_identify(src/robot_nav) by extensions ['ignore', 'ignore_ament_install']
[0.721s] Level 1:colcon.colcon_core.package_identification:_identify(src/robot_nav) by extension 'ignore'
[0.721s] Level 1:colcon.colcon_core.package_identification:_identify(src/robot_nav) by extension 'ignore_ament_install'
[0.721s] Level 1:colcon.colcon_core.package_identification:_identify(src/robot_nav) by extensions ['colcon_pkg']
[0.721s] Level 1:colcon.colcon_core.package_identification:_identify(src/robot_nav) by extension 'colcon_pkg'
[0.721s] Level 1:colcon.colcon_core.package_identification:_identify(src/robot_nav) by extensions ['colcon_meta']
[0.721s] Level 1:colcon.colcon_core.package_identification:_identify(src/robot_nav) by extension 'colcon_meta'
[0.721s] Level 1:colcon.colcon_core.package_identification:_identify(src/robot_nav) by extensions ['ros']
[0.721s] Level 1:colcon.colcon_core.package_identification:_identify(src/robot_nav) by extension 'ros'
[0.722s] DEBUG:colcon.colcon_core.package_identification:Package 'src/robot_nav' with type 'ros.ament_cmake' and name 'robot_nav'
[0.722s] Level 1:colcon.colcon_core.package_identification:_identify(src/sllidar_ros2) by extensions ['ignore', 'ignore_ament_install']
[0.722s] Level 1:colcon.colcon_core.package_identification:_identify(src/sllidar_ros2) by extension 'ignore'
[0.723s] Level 1:colcon.colcon_core.package_identification:_identify(src/sllidar_ros2) by extension 'ignore_ament_install'
[0.723s] Level 1:colcon.colcon_core.package_identification:_identify(src/sllidar_ros2) by extensions ['colcon_pkg']
[0.723s] Level 1:colcon.colcon_core.package_identification:_identify(src/sllidar_ros2) by extension 'colcon_pkg'
[0.723s] Level 1:colcon.colcon_core.package_identification:_identify(src/sllidar_ros2) by extensions ['colcon_meta']
[0.723s] Level 1:colcon.colcon_core.package_identification:_identify(src/sllidar_ros2) by extension 'colcon_meta'
[0.723s] Level 1:colcon.colcon_core.package_identification:_identify(src/sllidar_ros2) by extensions ['ros']
[0.723s] Level 1:colcon.colcon_core.package_identification:_identify(src/sllidar_ros2) by extension 'ros'
[0.724s] DEBUG:colcon.colcon_core.package_identification:Package 'src/sllidar_ros2' with type 'ros.ament_cmake' and name 'sllidar_ros2'
[0.724s] Level 1:colcon.colcon_core.package_identification:_identify(src/uros) by extensions ['ignore', 'ignore_ament_install']
[0.724s] Level 1:colcon.colcon_core.package_identification:_identify(src/uros) by extension 'ignore'
[0.724s] Level 1:colcon.colcon_core.package_identification:_identify(src/uros) by extension 'ignore_ament_install'
[0.724s] Level 1:colcon.colcon_core.package_identification:_identify(src/uros) by extensions ['colcon_pkg']
[0.724s] Level 1:colcon.colcon_core.package_identification:_identify(src/uros) by extension 'colcon_pkg'
[0.724s] Level 1:colcon.colcon_core.package_identification:_identify(src/uros) by extensions ['colcon_meta']
[0.724s] Level 1:colcon.colcon_core.package_identification:_identify(src/uros) by extension 'colcon_meta'
[0.724s] Level 1:colcon.colcon_core.package_identification:_identify(src/uros) by extensions ['ros']
[0.724s] Level 1:colcon.colcon_core.package_identification:_identify(src/uros) by extension 'ros'
[0.724s] Level 1:colcon.colcon_core.package_identification:_identify(src/uros) by extensions ['cmake', 'python']
[0.724s] Level 1:colcon.colcon_core.package_identification:_identify(src/uros) by extension 'cmake'
[0.724s] Level 1:colcon.colcon_core.package_identification:_identify(src/uros) by extension 'python'
[0.724s] Level 1:colcon.colcon_core.package_identification:_identify(src/uros) by extensions ['python_setup_py']
[0.724s] Level 1:colcon.colcon_core.package_identification:_identify(src/uros) by extension 'python_setup_py'
[0.725s] Level 1:colcon.colcon_core.package_identification:_identify(src/uros/micro-ROS-Agent) by extensions ['ignore', 'ignore_ament_install']
[0.725s] Level 1:colcon.colcon_core.package_identification:_identify(src/uros/micro-ROS-Agent) by extension 'ignore'
[0.725s] Level 1:colcon.colcon_core.package_identification:_identify(src/uros/micro-ROS-Agent) by extension 'ignore_ament_install'
[0.725s] Level 1:colcon.colcon_core.package_identification:_identify(src/uros/micro-ROS-Agent) by extensions ['colcon_pkg']
[0.725s] Level 1:colcon.colcon_core.package_identification:_identify(src/uros/micro-ROS-Agent) by extension 'colcon_pkg'
[0.725s] Level 1:colcon.colcon_core.package_identification:_identify(src/uros/micro-ROS-Agent) by extensions ['colcon_meta']
[0.725s] Level 1:colcon.colcon_core.package_identification:_identify(src/uros/micro-ROS-Agent) by extension 'colcon_meta'
[0.725s] Level 1:colcon.colcon_core.package_identification:_identify(src/uros/micro-ROS-Agent) by extensions ['ros']
[0.725s] Level 1:colcon.colcon_core.package_identification:_identify(src/uros/micro-ROS-Agent) by extension 'ros'
[0.726s] Level 1:colcon.colcon_core.package_identification:_identify(src/uros/micro-ROS-Agent) by extensions ['cmake', 'python']
[0.726s] Level 1:colcon.colcon_core.package_identification:_identify(src/uros/micro-ROS-Agent) by extension 'cmake'
[0.726s] Level 1:colcon.colcon_core.package_identification:_identify(src/uros/micro-ROS-Agent) by extension 'python'
[0.726s] Level 1:colcon.colcon_core.package_identification:_identify(src/uros/micro-ROS-Agent) by extensions ['python_setup_py']
[0.726s] Level 1:colcon.colcon_core.package_identification:_identify(src/uros/micro-ROS-Agent) by extension 'python_setup_py'
[0.727s] Level 1:colcon.colcon_core.package_identification:_identify(src/uros/micro-ROS-Agent/micro_ros_agent) by extensions ['ignore', 'ignore_ament_install']
[0.727s] Level 1:colcon.colcon_core.package_identification:_identify(src/uros/micro-ROS-Agent/micro_ros_agent) by extension 'ignore'
[0.727s] Level 1:colcon.colcon_core.package_identification:_identify(src/uros/micro-ROS-Agent/micro_ros_agent) by extension 'ignore_ament_install'
[0.727s] Level 1:colcon.colcon_core.package_identification:_identify(src/uros/micro-ROS-Agent/micro_ros_agent) by extensions ['colcon_pkg']
[0.727s] Level 1:colcon.colcon_core.package_identification:_identify(src/uros/micro-ROS-Agent/micro_ros_agent) by extension 'colcon_pkg'
[0.727s] Level 1:colcon.colcon_core.package_identification:_identify(src/uros/micro-ROS-Agent/micro_ros_agent) by extensions ['colcon_meta']
[0.727s] Level 1:colcon.colcon_core.package_identification:_identify(src/uros/micro-ROS-Agent/micro_ros_agent) by extension 'colcon_meta'
[0.727s] Level 1:colcon.colcon_core.package_identification:_identify(src/uros/micro-ROS-Agent/micro_ros_agent) by extensions ['ros']
[0.727s] Level 1:colcon.colcon_core.package_identification:_identify(src/uros/micro-ROS-Agent/micro_ros_agent) by extension 'ros'
[0.728s] DEBUG:colcon.colcon_core.package_identification:Package 'src/uros/micro-ROS-Agent/micro_ros_agent' with type 'ros.ament_cmake' and name 'micro_ros_agent'
[0.729s] Level 1:colcon.colcon_core.package_identification:_identify(src/uros/micro-ROS-Agent/snap) by extensions ['ignore', 'ignore_ament_install']
[0.729s] Level 1:colcon.colcon_core.package_identification:_identify(src/uros/micro-ROS-Agent/snap) by extension 'ignore'
[0.729s] Level 1:colcon.colcon_core.package_identification:_identify(src/uros/micro-ROS-Agent/snap) by extension 'ignore_ament_install'
[0.729s] Level 1:colcon.colcon_core.package_identification:_identify(src/uros/micro-ROS-Agent/snap) by extensions ['colcon_pkg']
[0.729s] Level 1:colcon.colcon_core.package_identification:_identify(src/uros/micro-ROS-Agent/snap) by extension 'colcon_pkg'
[0.729s] Level 1:colcon.colcon_core.package_identification:_identify(src/uros/micro-ROS-Agent/snap) by extensions ['colcon_meta']
[0.729s] Level 1:colcon.colcon_core.package_identification:_identify(src/uros/micro-ROS-Agent/snap) by extension 'colcon_meta'
[0.729s] Level 1:colcon.colcon_core.package_identification:_identify(src/uros/micro-ROS-Agent/snap) by extensions ['ros']
[0.729s] Level 1:colcon.colcon_core.package_identification:_identify(src/uros/micro-ROS-Agent/snap) by extension 'ros'
[0.729s] Level 1:colcon.colcon_core.package_identification:_identify(src/uros/micro-ROS-Agent/snap) by extensions ['cmake', 'python']
[0.729s] Level 1:colcon.colcon_core.package_identification:_identify(src/uros/micro-ROS-Agent/snap) by extension 'cmake'
[0.729s] Level 1:colcon.colcon_core.package_identification:_identify(src/uros/micro-ROS-Agent/snap) by extension 'python'
[0.729s] Level 1:colcon.colcon_core.package_identification:_identify(src/uros/micro-ROS-Agent/snap) by extensions ['python_setup_py']
[0.729s] Level 1:colcon.colcon_core.package_identification:_identify(src/uros/micro-ROS-Agent/snap) by extension 'python_setup_py'
[0.730s] Level 1:colcon.colcon_core.package_identification:_identify(src/uros/micro-ROS-Agent/snap/hooks) by extensions ['ignore', 'ignore_ament_install']
[0.730s] Level 1:colcon.colcon_core.package_identification:_identify(src/uros/micro-ROS-Agent/snap/hooks) by extension 'ignore'
[0.730s] Level 1:colcon.colcon_core.package_identification:_identify(src/uros/micro-ROS-Agent/snap/hooks) by extension 'ignore_ament_install'
[0.730s] Level 1:colcon.colcon_core.package_identification:_identify(src/uros/micro-ROS-Agent/snap/hooks) by extensions ['colcon_pkg']
[0.730s] Level 1:colcon.colcon_core.package_identification:_identify(src/uros/micro-ROS-Agent/snap/hooks) by extension 'colcon_pkg'
[0.730s] Level 1:colcon.colcon_core.package_identification:_identify(src/uros/micro-ROS-Agent/snap/hooks) by extensions ['colcon_meta']
[0.730s] Level 1:colcon.colcon_core.package_identification:_identify(src/uros/micro-ROS-Agent/snap/hooks) by extension 'colcon_meta'
[0.730s] Level 1:colcon.colcon_core.package_identification:_identify(src/uros/micro-ROS-Agent/snap/hooks) by extensions ['ros']
[0.730s] Level 1:colcon.colcon_core.package_identification:_identify(src/uros/micro-ROS-Agent/snap/hooks) by extension 'ros'
[0.730s] Level 1:colcon.colcon_core.package_identification:_identify(src/uros/micro-ROS-Agent/snap/hooks) by extensions ['cmake', 'python']
[0.730s] Level 1:colcon.colcon_core.package_identification:_identify(src/uros/micro-ROS-Agent/snap/hooks) by extension 'cmake'
[0.730s] Level 1:colcon.colcon_core.package_identification:_identify(src/uros/micro-ROS-Agent/snap/hooks) by extension 'python'
[0.730s] Level 1:colcon.colcon_core.package_identification:_identify(src/uros/micro-ROS-Agent/snap/hooks) by extensions ['python_setup_py']
[0.730s] Level 1:colcon.colcon_core.package_identification:_identify(src/uros/micro-ROS-Agent/snap/hooks) by extension 'python_setup_py'
[0.731s] Level 1:colcon.colcon_core.package_identification:_identify(src/uros/micro-ROS-Agent/snap/local) by extensions ['ignore', 'ignore_ament_install']
[0.731s] Level 1:colcon.colcon_core.package_identification:_identify(src/uros/micro-ROS-Agent/snap/local) by extension 'ignore'
[0.731s] Level 1:colcon.colcon_core.package_identification:_identify(src/uros/micro-ROS-Agent/snap/local) by extension 'ignore_ament_install'
[0.731s] Level 1:colcon.colcon_core.package_identification:_identify(src/uros/micro-ROS-Agent/snap/local) by extensions ['colcon_pkg']
[0.731s] Level 1:colcon.colcon_core.package_identification:_identify(src/uros/micro-ROS-Agent/snap/local) by extension 'colcon_pkg'
[0.731s] Level 1:colcon.colcon_core.package_identification:_identify(src/uros/micro-ROS-Agent/snap/local) by extensions ['colcon_meta']
[0.731s] Level 1:colcon.colcon_core.package_identification:_identify(src/uros/micro-ROS-Agent/snap/local) by extension 'colcon_meta'
[0.731s] Level 1:colcon.colcon_core.package_identification:_identify(src/uros/micro-ROS-Agent/snap/local) by extensions ['ros']
[0.731s] Level 1:colcon.colcon_core.package_identification:_identify(src/uros/micro-ROS-Agent/snap/local) by extension 'ros'
[0.731s] Level 1:colcon.colcon_core.package_identification:_identify(src/uros/micro-ROS-Agent/snap/local) by extensions ['cmake', 'python']
[0.731s] Level 1:colcon.colcon_core.package_identification:_identify(src/uros/micro-ROS-Agent/snap/local) by extension 'cmake'
[0.731s] Level 1:colcon.colcon_core.package_identification:_identify(src/uros/micro-ROS-Agent/snap/local) by extension 'python'
[0.731s] Level 1:colcon.colcon_core.package_identification:_identify(src/uros/micro-ROS-Agent/snap/local) by extensions ['python_setup_py']
[0.731s] Level 1:colcon.colcon_core.package_identification:_identify(src/uros/micro-ROS-Agent/snap/local) by extension 'python_setup_py'
[0.732s] Level 1:colcon.colcon_core.package_identification:_identify(src/uros/micro_ros_msgs) by extensions ['ignore', 'ignore_ament_install']
[0.732s] Level 1:colcon.colcon_core.package_identification:_identify(src/uros/micro_ros_msgs) by extension 'ignore'
[0.732s] Level 1:colcon.colcon_core.package_identification:_identify(src/uros/micro_ros_msgs) by extension 'ignore_ament_install'
[0.732s] Level 1:colcon.colcon_core.package_identification:_identify(src/uros/micro_ros_msgs) by extensions ['colcon_pkg']
[0.732s] Level 1:colcon.colcon_core.package_identification:_identify(src/uros/micro_ros_msgs) by extension 'colcon_pkg'
[0.732s] Level 1:colcon.colcon_core.package_identification:_identify(src/uros/micro_ros_msgs) by extensions ['colcon_meta']
[0.732s] Level 1:colcon.colcon_core.package_identification:_identify(src/uros/micro_ros_msgs) by extension 'colcon_meta'
[0.732s] Level 1:colcon.colcon_core.package_identification:_identify(src/uros/micro_ros_msgs) by extensions ['ros']
[0.732s] Level 1:colcon.colcon_core.package_identification:_identify(src/uros/micro_ros_msgs) by extension 'ros'
[0.733s] DEBUG:colcon.colcon_core.package_identification:Package 'src/uros/micro_ros_msgs' with type 'ros.ament_cmake' and name 'micro_ros_msgs'
[0.733s] Level 1:colcon.colcon_core.package_discovery:discover_packages(recursive) using defaults
[0.733s] Level 1:colcon.colcon_core.package_discovery:discover_packages(ignore) discover
[0.733s] Level 1:colcon.colcon_core.package_discovery:discover_packages(ignore) using defaults
[0.733s] Level 1:colcon.colcon_core.package_discovery:discover_packages(path) discover
[0.733s] Level 1:colcon.colcon_core.package_discovery:discover_packages(path) using defaults
[0.772s] Level 1:colcon.colcon_core.package_discovery:discover_packages(prefix_path) check parameters
[0.772s] Level 1:colcon.colcon_core.package_discovery:discover_packages(prefix_path) discover
[0.781s] DEBUG:colcon.colcon_installed_package_information.package_discovery:Found 47 installed packages in /home/rasp/ros2_ws/install
[0.783s] DEBUG:colcon.colcon_installed_package_information.package_discovery:Found 379 installed packages in /opt/ros/jazzy
[0.786s] Level 1:colcon.colcon_core.package_discovery:discover_packages(prefix_path) using defaults
[0.925s] WARNING:colcon.colcon_core.package_selection:Some selected packages are already built in one or more underlay workspaces:
	'micro_ros_msgs' is in: /home/rasp/ros2_ws/install/micro_ros_msgs
If a package in a merged underlay workspace is overridden and it installs headers, then all packages in the overlay must sort their include directories by workspace order. Failure to do so may result in build failures or undefined behavior at run time.
If the overridden package is used by another package in any underlay, then the overriding package in the overlay must be API and ABI compatible or undefined behavior at run time may occur.

If you understand the risks and want to override a package anyways, add the following to the command line:
	--allow-overriding micro_ros_msgs

This may be promoted to an error in a future release of colcon-override-check.
[0.926s] Level 5:colcon.colcon_core.verb:set package 'laser_filters' build argument 'cmake_args' from command line to 'None'
[0.926s] Level 5:colcon.colcon_core.verb:set package 'laser_filters' build argument 'cmake_target' from command line to 'None'
[0.926s] Level 5:colcon.colcon_core.verb:set package 'laser_filters' build argument 'cmake_target_skip_unavailable' from command line to 'False'
[0.926s] Level 5:colcon.colcon_core.verb:set package 'laser_filters' build argument 'cmake_clean_cache' from command line to 'False'
[0.926s] Level 5:colcon.colcon_core.verb:set package 'laser_filters' build argument 'cmake_clean_first' from command line to 'False'
[0.926s] Level 5:colcon.colcon_core.verb:set package 'laser_filters' build argument 'cmake_force_configure' from command line to 'False'
[0.926s] Level 5:colcon.colcon_core.verb:set package 'laser_filters' build argument 'ament_cmake_args' from command line to 'None'
[0.926s] Level 5:colcon.colcon_core.verb:set package 'laser_filters' build argument 'catkin_cmake_args' from command line to 'None'
[0.926s] Level 5:colcon.colcon_core.verb:set package 'laser_filters' build argument 'catkin_skip_building_tests' from command line to 'False'
[0.927s] DEBUG:colcon.colcon_core.verb:Building package 'laser_filters' with the following arguments: {'ament_cmake_args': None, 'build_base': '/home/rasp/ros2_ws/build/laser_filters', 'catkin_cmake_args': None, 'catkin_skip_building_tests': False, 'cmake_args': None, 'cmake_clean_cache': False, 'cmake_clean_first': False, 'cmake_force_configure': False, 'cmake_target': None, 'cmake_target_skip_unavailable': False, 'install_base': '/home/rasp/ros2_ws/install/laser_filters', 'merge_install': False, 'path': '/home/rasp/ros2_ws/src/laser_filters', 'symlink_install': False, 'test_result_base': None}
[0.927s] Level 5:colcon.colcon_core.verb:set package 'micro_ros_msgs' build argument 'cmake_args' from command line to 'None'
[0.927s] Level 5:colcon.colcon_core.verb:set package 'micro_ros_msgs' build argument 'cmake_target' from command line to 'None'
[0.927s] Level 5:colcon.colcon_core.verb:set package 'micro_ros_msgs' build argument 'cmake_target_skip_unavailable' from command line to 'False'
[0.927s] Level 5:colcon.colcon_core.verb:set package 'micro_ros_msgs' build argument 'cmake_clean_cache' from command line to 'False'
[0.927s] Level 5:colcon.colcon_core.verb:set package 'micro_ros_msgs' build argument 'cmake_clean_first' from command line to 'False'
[0.927s] Level 5:colcon.colcon_core.verb:set package 'micro_ros_msgs' build argument 'cmake_force_configure' from command line to 'False'
[0.927s] Level 5:colcon.colcon_core.verb:set package 'micro_ros_msgs' build argument 'ament_cmake_args' from command line to 'None'
[0.927s] Level 5:colcon.colcon_core.verb:set package 'micro_ros_msgs' build argument 'catkin_cmake_args' from command line to 'None'
[0.927s] Level 5:colcon.colcon_core.verb:set package 'micro_ros_msgs' build argument 'catkin_skip_building_tests' from command line to 'False'
[0.927s] DEBUG:colcon.colcon_core.verb:Building package 'micro_ros_msgs' with the following arguments: {'ament_cmake_args': None, 'build_base': '/home/rasp/ros2_ws/build/micro_ros_msgs', 'catkin_cmake_args': None, 'catkin_skip_building_tests': False, 'cmake_args': None, 'cmake_clean_cache': False, 'cmake_clean_first': False, 'cmake_force_configure': False, 'cmake_target': None, 'cmake_target_skip_unavailable': False, 'install_base': '/home/rasp/ros2_ws/install/micro_ros_msgs', 'merge_install': False, 'path': '/home/rasp/ros2_ws/src/uros/micro_ros_msgs', 'symlink_install': False, 'test_result_base': None}
[0.927s] Level 5:colcon.colcon_core.verb:set package 'rf2o_laser_odometry' build argument 'cmake_args' from command line to 'None'
[0.927s] Level 5:colcon.colcon_core.verb:set package 'rf2o_laser_odometry' build argument 'cmake_target' from command line to 'None'
[0.927s] Level 5:colcon.colcon_core.verb:set package 'rf2o_laser_odometry' build argument 'cmake_target_skip_unavailable' from command line to 'False'
[0.927s] Level 5:colcon.colcon_core.verb:set package 'rf2o_laser_odometry' build argument 'cmake_clean_cache' from command line to 'False'
[0.927s] Level 5:colcon.colcon_core.verb:set package 'rf2o_laser_odometry' build argument 'cmake_clean_first' from command line to 'False'
[0.927s] Level 5:colcon.colcon_core.verb:set package 'rf2o_laser_odometry' build argument 'cmake_force_configure' from command line to 'False'
[0.927s] Level 5:colcon.colcon_core.verb:set package 'rf2o_laser_odometry' build argument 'ament_cmake_args' from command line to 'None'
[0.927s] Level 5:colcon.colcon_core.verb:set package 'rf2o_laser_odometry' build argument 'catkin_cmake_args' from command line to 'None'
[0.927s] Level 5:colcon.colcon_core.verb:set package 'rf2o_laser_odometry' build argument 'catkin_skip_building_tests' from command line to 'False'
[0.927s] DEBUG:colcon.colcon_core.verb:Building package 'rf2o_laser_odometry' with the following arguments: {'ament_cmake_args': None, 'build_base': '/home/rasp/ros2_ws/build/rf2o_laser_odometry', 'catkin_cmake_args': None, 'catkin_skip_building_tests': False, 'cmake_args': None, 'cmake_clean_cache': False, 'cmake_clean_first': False, 'cmake_force_configure': False, 'cmake_target': None, 'cmake_target_skip_unavailable': False, 'install_base': '/home/rasp/ros2_ws/install/rf2o_laser_odometry', 'merge_install': False, 'path': '/home/rasp/ros2_ws/src/rf2o_laser_odometry', 'symlink_install': False, 'test_result_base': None}
[0.928s] Level 5:colcon.colcon_core.verb:set package 'robot_description' build argument 'cmake_args' from command line to 'None'
[0.928s] Level 5:colcon.colcon_core.verb:set package 'robot_description' build argument 'cmake_target' from command line to 'None'
[0.928s] Level 5:colcon.colcon_core.verb:set package 'robot_description' build argument 'cmake_target_skip_unavailable' from command line to 'False'
[0.928s] Level 5:colcon.colcon_core.verb:set package 'robot_description' build argument 'cmake_clean_cache' from command line to 'False'
[0.928s] Level 5:colcon.colcon_core.verb:set package 'robot_description' build argument 'cmake_clean_first' from command line to 'False'
[0.928s] Level 5:colcon.colcon_core.verb:set package 'robot_description' build argument 'cmake_force_configure' from command line to 'False'
[0.928s] Level 5:colcon.colcon_core.verb:set package 'robot_description' build argument 'ament_cmake_args' from command line to 'None'
[0.928s] Level 5:colcon.colcon_core.verb:set package 'robot_description' build argument 'catkin_cmake_args' from command line to 'None'
[0.928s] Level 5:colcon.colcon_core.verb:set package 'robot_description' build argument 'catkin_skip_building_tests' from command line to 'False'
[0.928s] DEBUG:colcon.colcon_core.verb:Building package 'robot_description' with the following arguments: {'ament_cmake_args': None, 'build_base': '/home/rasp/ros2_ws/build/robot_description', 'catkin_cmake_args': None, 'catkin_skip_building_tests': False, 'cmake_args': None, 'cmake_clean_cache': False, 'cmake_clean_first': False, 'cmake_force_configure': False, 'cmake_target': None, 'cmake_target_skip_unavailable': False, 'install_base': '/home/rasp/ros2_ws/install/robot_description', 'merge_install': False, 'path': '/home/rasp/ros2_ws/src/robot_description', 'symlink_install': False, 'test_result_base': None}
[0.928s] Level 5:colcon.colcon_core.verb:set package 'robot_nav' build argument 'cmake_args' from command line to 'None'
[0.928s] Level 5:colcon.colcon_core.verb:set package 'robot_nav' build argument 'cmake_target' from command line to 'None'
[0.928s] Level 5:colcon.colcon_core.verb:set package 'robot_nav' build argument 'cmake_target_skip_unavailable' from command line to 'False'
[0.928s] Level 5:colcon.colcon_core.verb:set package 'robot_nav' build argument 'cmake_clean_cache' from command line to 'False'
[0.928s] Level 5:colcon.colcon_core.verb:set package 'robot_nav' build argument 'cmake_clean_first' from command line to 'False'
[0.928s] Level 5:colcon.colcon_core.verb:set package 'robot_nav' build argument 'cmake_force_configure' from command line to 'False'
[0.928s] Level 5:colcon.colcon_core.verb:set package 'robot_nav' build argument 'ament_cmake_args' from command line to 'None'
[0.928s] Level 5:colcon.colcon_core.verb:set package 'robot_nav' build argument 'catkin_cmake_args' from command line to 'None'
[0.928s] Level 5:colcon.colcon_core.verb:set package 'robot_nav' build argument 'catkin_skip_building_tests' from command line to 'False'
[0.928s] DEBUG:colcon.colcon_core.verb:Building package 'robot_nav' with the following arguments: {'ament_cmake_args': None, 'build_base': '/home/rasp/ros2_ws/build/robot_nav', 'catkin_cmake_args': None, 'catkin_skip_building_tests': False, 'cmake_args': None, 'cmake_clean_cache': False, 'cmake_clean_first': False, 'cmake_force_configure': False, 'cmake_target': None, 'cmake_target_skip_unavailable': False, 'install_base': '/home/rasp/ros2_ws/install/robot_nav', 'merge_install': False, 'path': '/home/rasp/ros2_ws/src/robot_nav', 'symlink_install': False, 'test_result_base': None}
[0.929s] Level 5:colcon.colcon_core.verb:set package 'sllidar_ros2' build argument 'cmake_args' from command line to 'None'
[0.929s] Level 5:colcon.colcon_core.verb:set package 'sllidar_ros2' build argument 'cmake_target' from command line to 'None'
[0.929s] Level 5:colcon.colcon_core.verb:set package 'sllidar_ros2' build argument 'cmake_target_skip_unavailable' from command line to 'False'
[0.929s] Level 5:colcon.colcon_core.verb:set package 'sllidar_ros2' build argument 'cmake_clean_cache' from command line to 'False'
[0.929s] Level 5:colcon.colcon_core.verb:set package 'sllidar_ros2' build argument 'cmake_clean_first' from command line to 'False'
[0.929s] Level 5:colcon.colcon_core.verb:set package 'sllidar_ros2' build argument 'cmake_force_configure' from command line to 'False'
[0.929s] Level 5:colcon.colcon_core.verb:set package 'sllidar_ros2' build argument 'ament_cmake_args' from command line to 'None'
[0.929s] Level 5:colcon.colcon_core.verb:set package 'sllidar_ros2' build argument 'catkin_cmake_args' from command line to 'None'
[0.929s] Level 5:colcon.colcon_core.verb:set package 'sllidar_ros2' build argument 'catkin_skip_building_tests' from command line to 'False'
[0.929s] DEBUG:colcon.colcon_core.verb:Building package 'sllidar_ros2' with the following arguments: {'ament_cmake_args': None, 'build_base': '/home/rasp/ros2_ws/build/sllidar_ros2', 'catkin_cmake_args': None, 'catkin_skip_building_tests': False, 'cmake_args': None, 'cmake_clean_cache': False, 'cmake_clean_first': False, 'cmake_force_configure': False, 'cmake_target': None, 'cmake_target_skip_unavailable': False, 'install_base': '/home/rasp/ros2_ws/install/sllidar_ros2', 'merge_install': False, 'path': '/home/rasp/ros2_ws/src/sllidar_ros2', 'symlink_install': False, 'test_result_base': None}
[0.929s] Level 5:colcon.colcon_core.verb:set package 'micro_ros_agent' build argument 'cmake_args' from command line to 'None'
[0.929s] Level 5:colcon.colcon_core.verb:set package 'micro_ros_agent' build argument 'cmake_target' from command line to 'None'
[0.929s] Level 5:colcon.colcon_core.verb:set package 'micro_ros_agent' build argument 'cmake_target_skip_unavailable' from command line to 'False'
[0.929s] Level 5:colcon.colcon_core.verb:set package 'micro_ros_agent' build argument 'cmake_clean_cache' from command line to 'False'
[0.929s] Level 5:colcon.colcon_core.verb:set package 'micro_ros_agent' build argument 'cmake_clean_first' from command line to 'False'
[0.929s] Level 5:colcon.colcon_core.verb:set package 'micro_ros_agent' build argument 'cmake_force_configure' from command line to 'False'
[0.929s] Level 5:colcon.colcon_core.verb:set package 'micro_ros_agent' build argument 'ament_cmake_args' from command line to 'None'
[0.929s] Level 5:colcon.colcon_core.verb:set package 'micro_ros_agent' build argument 'catkin_cmake_args' from command line to 'None'
[0.929s] Level 5:colcon.colcon_core.verb:set package 'micro_ros_agent' build argument 'catkin_skip_building_tests' from command line to 'False'
[0.929s] DEBUG:colcon.colcon_core.verb:Building package 'micro_ros_agent' with the following arguments: {'ament_cmake_args': None, 'build_base': '/home/rasp/ros2_ws/build/micro_ros_agent', 'catkin_cmake_args': None, 'catkin_skip_building_tests': False, 'cmake_args': None, 'cmake_clean_cache': False, 'cmake_clean_first': False, 'cmake_force_configure': False, 'cmake_target': None, 'cmake_target_skip_unavailable': False, 'install_base': '/home/rasp/ros2_ws/install/micro_ros_agent', 'merge_install': False, 'path': '/home/rasp/ros2_ws/src/uros/micro-ROS-Agent/micro_ros_agent', 'symlink_install': False, 'test_result_base': None}
[0.930s] INFO:colcon.colcon_core.executor:Executing jobs using 'parallel' executor
[0.931s] DEBUG:colcon.colcon_parallel_executor.executor.parallel:run_until_complete
[0.931s] INFO:colcon.colcon_ros.task.ament_cmake.build:Building ROS package in '/home/rasp/ros2_ws/src/uros/micro_ros_msgs' with build type 'ament_cmake'
[0.931s] INFO:colcon.colcon_cmake.task.cmake.build:Building CMake package in '/home/rasp/ros2_ws/src/uros/micro_ros_msgs'
[0.944s] INFO:colcon.colcon_core.plugin_system:Skipping extension 'colcon_core.shell.bat': Not used on non-Windows systems
[0.945s] INFO:colcon.colcon_core.shell:Skip shell extension 'powershell' for command environment: Not usable outside of PowerShell
[0.945s] DEBUG:colcon.colcon_core.shell:Skip shell extension 'dsv' for command environment
[0.954s] INFO:colcon.colcon_ros.task.ament_cmake.build:Building ROS package in '/home/rasp/ros2_ws/src/laser_filters' with build type 'ament_cmake'
[0.954s] INFO:colcon.colcon_cmake.task.cmake.build:Building CMake package in '/home/rasp/ros2_ws/src/laser_filters'
[0.954s] INFO:colcon.colcon_core.shell:Skip shell extension 'powershell' for command environment: Not usable outside of PowerShell
[0.954s] DEBUG:colcon.colcon_core.shell:Skip shell extension 'dsv' for command environment
[0.969s] DEBUG:colcon.colcon_core.event_handler.log_command:Invoking command in '/home/rasp/ros2_ws/build/micro_ros_msgs': CMAKE_PREFIX_PATH=${CMAKE_PREFIX_PATH}:/home/rasp/ros2_ws/install/sensor_msgs_py:/home/rasp/ros2_ws/install/robot_description:/opt/ros/jazzy DEBUGINFOD_URLS=https://debuginfod.ubuntu.com /usr/bin/cmake --build /home/rasp/ros2_ws/build/micro_ros_msgs -- -j2 -l2
[0.983s] DEBUG:colcon.colcon_core.event_handler.log_command:Invoking command in '/home/rasp/ros2_ws/build/laser_filters': CMAKE_PREFIX_PATH=${CMAKE_PREFIX_PATH}:/home/rasp/ros2_ws/install/sensor_msgs_py:/home/rasp/ros2_ws/install/robot_description:/opt/ros/jazzy DEBUGINFOD_URLS=https://debuginfod.ubuntu.com /usr/bin/cmake --build /home/rasp/ros2_ws/build/laser_filters -- -j2 -l2
[2.129s] DEBUG:colcon.colcon_core.event_handler.log_command:Invoked command in '/home/rasp/ros2_ws/build/laser_filters' returned '0': CMAKE_PREFIX_PATH=${CMAKE_PREFIX_PATH}:/home/rasp/ros2_ws/install/sensor_msgs_py:/home/rasp/ros2_ws/install/robot_description:/opt/ros/jazzy DEBUGINFOD_URLS=https://debuginfod.ubuntu.com /usr/bin/cmake --build /home/rasp/ros2_ws/build/laser_filters -- -j2 -l2
[2.179s] DEBUG:colcon.colcon_core.event_handler.log_command:Invoking command in '/home/rasp/ros2_ws/build/laser_filters': CMAKE_PREFIX_PATH=${CMAKE_PREFIX_PATH}:/home/rasp/ros2_ws/install/sensor_msgs_py:/home/rasp/ros2_ws/install/robot_description:/opt/ros/jazzy DEBUGINFOD_URLS=https://debuginfod.ubuntu.com /usr/bin/cmake --install /home/rasp/ros2_ws/build/laser_filters
[2.256s] Level 1:colcon.colcon_core.environment:create_environment_scripts_only(laser_filters)
[2.258s] DEBUG:colcon.colcon_core.event_handler.log_command:Invoked command in '/home/rasp/ros2_ws/build/laser_filters' returned '0': CMAKE_PREFIX_PATH=${CMAKE_PREFIX_PATH}:/home/rasp/ros2_ws/install/sensor_msgs_py:/home/rasp/ros2_ws/install/robot_description:/opt/ros/jazzy DEBUGINFOD_URLS=https://debuginfod.ubuntu.com /usr/bin/cmake --install /home/rasp/ros2_ws/build/laser_filters
[2.276s] Level 1:colcon.colcon_core.environment:checking '/home/rasp/ros2_ws/install/laser_filters' for CMake module files
[2.277s] Level 1:colcon.colcon_core.environment:checking '/home/rasp/ros2_ws/install/laser_filters' for CMake config files
[2.279s] Level 1:colcon.colcon_core.shell:create_environment_hook('laser_filters', 'cmake_prefix_path')
[2.279s] INFO:colcon.colcon_core.shell:Creating environment hook '/home/rasp/ros2_ws/install/laser_filters/share/laser_filters/hook/cmake_prefix_path.ps1'
[2.280s] INFO:colcon.colcon_core.shell:Creating environment descriptor '/home/rasp/ros2_ws/install/laser_filters/share/laser_filters/hook/cmake_prefix_path.dsv'
[2.283s] INFO:colcon.colcon_core.shell:Creating environment hook '/home/rasp/ros2_ws/install/laser_filters/share/laser_filters/hook/cmake_prefix_path.sh'
[2.288s] Level 1:colcon.colcon_core.environment:checking '/home/rasp/ros2_ws/install/laser_filters/lib'
[2.288s] Level 1:colcon.colcon_core.shell:create_environment_hook('laser_filters', 'ld_library_path_lib')
[2.289s] INFO:colcon.colcon_core.shell:Creating environment hook '/home/rasp/ros2_ws/install/laser_filters/share/laser_filters/hook/ld_library_path_lib.ps1'
[2.290s] INFO:colcon.colcon_core.shell:Creating environment descriptor '/home/rasp/ros2_ws/install/laser_filters/share/laser_filters/hook/ld_library_path_lib.dsv'
[2.291s] INFO:colcon.colcon_core.shell:Creating environment hook '/home/rasp/ros2_ws/install/laser_filters/share/laser_filters/hook/ld_library_path_lib.sh'
[2.293s] Level 1:colcon.colcon_core.environment:checking '/home/rasp/ros2_ws/install/laser_filters/bin'
[2.293s] Level 1:colcon.colcon_core.environment:checking '/home/rasp/ros2_ws/install/laser_filters/lib/pkgconfig/laser_filters.pc'
[2.293s] Level 1:colcon.colcon_core.environment:checking '/home/rasp/ros2_ws/install/laser_filters/lib/python3.12/site-packages'
[2.293s] Level 1:colcon.colcon_core.environment:checking '/home/rasp/ros2_ws/install/laser_filters/bin'
[2.293s] INFO:colcon.colcon_core.shell:Creating package script '/home/rasp/ros2_ws/install/laser_filters/share/laser_filters/package.ps1'
[2.295s] INFO:colcon.colcon_core.shell:Creating package descriptor '/home/rasp/ros2_ws/install/laser_filters/share/laser_filters/package.dsv'
[2.296s] INFO:colcon.colcon_core.shell:Creating package script '/home/rasp/ros2_ws/install/laser_filters/share/laser_filters/package.sh'
[2.298s] INFO:colcon.colcon_core.shell:Creating package script '/home/rasp/ros2_ws/install/laser_filters/share/laser_filters/package.bash'
[2.300s] INFO:colcon.colcon_core.shell:Creating package script '/home/rasp/ros2_ws/install/laser_filters/share/laser_filters/package.zsh'
[2.301s] Level 1:colcon.colcon_core.environment:create_file_with_runtime_dependencies(/home/rasp/ros2_ws/install/laser_filters/share/colcon-core/packages/laser_filters)
[2.302s] Level 1:colcon.colcon_core.environment:create_environment_scripts_only(laser_filters)
[2.302s] Level 1:colcon.colcon_core.environment:checking '/home/rasp/ros2_ws/install/laser_filters' for CMake module files
[2.303s] Level 1:colcon.colcon_core.environment:checking '/home/rasp/ros2_ws/install/laser_filters' for CMake config files
[2.303s] Level 1:colcon.colcon_core.shell:create_environment_hook('laser_filters', 'cmake_prefix_path')
[2.303s] INFO:colcon.colcon_core.shell:Creating environment hook '/home/rasp/ros2_ws/install/laser_filters/share/laser_filters/hook/cmake_prefix_path.ps1'
[2.304s] INFO:colcon.colcon_core.shell:Creating environment descriptor '/home/rasp/ros2_ws/install/laser_filters/share/laser_filters/hook/cmake_prefix_path.dsv'
[2.304s] INFO:colcon.colcon_core.shell:Creating environment hook '/home/rasp/ros2_ws/install/laser_filters/share/laser_filters/hook/cmake_prefix_path.sh'
[2.305s] Level 1:colcon.colcon_core.environment:checking '/home/rasp/ros2_ws/install/laser_filters/lib'
[2.305s] Level 1:colcon.colcon_core.shell:create_environment_hook('laser_filters', 'ld_library_path_lib')
[2.305s] INFO:colcon.colcon_core.shell:Creating environment hook '/home/rasp/ros2_ws/install/laser_filters/share/laser_filters/hook/ld_library_path_lib.ps1'
[2.306s] INFO:colcon.colcon_core.shell:Creating environment descriptor '/home/rasp/ros2_ws/install/laser_filters/share/laser_filters/hook/ld_library_path_lib.dsv'
[2.307s] INFO:colcon.colcon_core.shell:Creating environment hook '/home/rasp/ros2_ws/install/laser_filters/share/laser_filters/hook/ld_library_path_lib.sh'
[2.307s] Level 1:colcon.colcon_core.environment:checking '/home/rasp/ros2_ws/install/laser_filters/bin'
[2.307s] Level 1:colcon.colcon_core.environment:checking '/home/rasp/ros2_ws/install/laser_filters/lib/pkgconfig/laser_filters.pc'
[2.308s] Level 1:colcon.colcon_core.environment:checking '/home/rasp/ros2_ws/install/laser_filters/lib/python3.12/site-packages'
[2.308s] Level 1:colcon.colcon_core.environment:checking '/home/rasp/ros2_ws/install/laser_filters/bin'
[2.308s] INFO:colcon.colcon_core.shell:Creating package script '/home/rasp/ros2_ws/install/laser_filters/share/laser_filters/package.ps1'
[2.308s] INFO:colcon.colcon_core.shell:Creating package descriptor '/home/rasp/ros2_ws/install/laser_filters/share/laser_filters/package.dsv'
[2.309s] INFO:colcon.colcon_core.shell:Creating package script '/home/rasp/ros2_ws/install/laser_filters/share/laser_filters/package.sh'
[2.310s] INFO:colcon.colcon_core.shell:Creating package script '/home/rasp/ros2_ws/install/laser_filters/share/laser_filters/package.bash'
[2.310s] INFO:colcon.colcon_core.shell:Creating package script '/home/rasp/ros2_ws/install/laser_filters/share/laser_filters/package.zsh'
[2.311s] Level 1:colcon.colcon_core.environment:create_file_with_runtime_dependencies(/home/rasp/ros2_ws/install/laser_filters/share/colcon-core/packages/laser_filters)
[2.312s] INFO:colcon.colcon_ros.task.ament_cmake.build:Building ROS package in '/home/rasp/ros2_ws/src/rf2o_laser_odometry' with build type 'ament_cmake'
[2.312s] INFO:colcon.colcon_cmake.task.cmake.build:Building CMake package in '/home/rasp/ros2_ws/src/rf2o_laser_odometry'
[2.312s] INFO:colcon.colcon_core.shell:Skip shell extension 'powershell' for command environment: Not usable outside of PowerShell
[2.312s] DEBUG:colcon.colcon_core.shell:Skip shell extension 'dsv' for command environment
[2.334s] DEBUG:colcon.colcon_core.event_handler.log_command:Invoking command in '/home/rasp/ros2_ws/build/rf2o_laser_odometry': CMAKE_PREFIX_PATH=${CMAKE_PREFIX_PATH}:/home/rasp/ros2_ws/install/sensor_msgs_py:/home/rasp/ros2_ws/install/robot_description:/opt/ros/jazzy DEBUGINFOD_URLS=https://debuginfod.ubuntu.com /usr/bin/cmake --build /home/rasp/ros2_ws/build/rf2o_laser_odometry -- -j2 -l2
[2.536s] DEBUG:colcon.colcon_core.event_handler.log_command:Invoked command in '/home/rasp/ros2_ws/build/rf2o_laser_odometry' returned '0': CMAKE_PREFIX_PATH=${CMAKE_PREFIX_PATH}:/home/rasp/ros2_ws/install/sensor_msgs_py:/home/rasp/ros2_ws/install/robot_description:/opt/ros/jazzy DEBUGINFOD_URLS=https://debuginfod.ubuntu.com /usr/bin/cmake --build /home/rasp/ros2_ws/build/rf2o_laser_odometry -- -j2 -l2
[2.540s] DEBUG:colcon.colcon_core.event_handler.log_command:Invoking command in '/home/rasp/ros2_ws/build/rf2o_laser_odometry': CMAKE_PREFIX_PATH=${CMAKE_PREFIX_PATH}:/home/rasp/ros2_ws/install/sensor_msgs_py:/home/rasp/ros2_ws/install/robot_description:/opt/ros/jazzy DEBUGINFOD_URLS=https://debuginfod.ubuntu.com /usr/bin/cmake --install /home/rasp/ros2_ws/build/rf2o_laser_odometry
[2.584s] Level 1:colcon.colcon_core.environment:create_environment_scripts_only(rf2o_laser_odometry)
[2.584s] DEBUG:colcon.colcon_core.event_handler.log_command:Invoked command in '/home/rasp/ros2_ws/build/rf2o_laser_odometry' returned '0': CMAKE_PREFIX_PATH=${CMAKE_PREFIX_PATH}:/home/rasp/ros2_ws/install/sensor_msgs_py:/home/rasp/ros2_ws/install/robot_description:/opt/ros/jazzy DEBUGINFOD_URLS=https://debuginfod.ubuntu.com /usr/bin/cmake --install /home/rasp/ros2_ws/build/rf2o_laser_odometry
[2.585s] Level 1:colcon.colcon_core.environment:checking '/home/rasp/ros2_ws/install/rf2o_laser_odometry' for CMake module files
[2.585s] Level 1:colcon.colcon_core.environment:checking '/home/rasp/ros2_ws/install/rf2o_laser_odometry' for CMake config files
[2.586s] Level 1:colcon.colcon_core.shell:create_environment_hook('rf2o_laser_odometry', 'cmake_prefix_path')
[2.586s] INFO:colcon.colcon_core.shell:Creating environment hook '/home/rasp/ros2_ws/install/rf2o_laser_odometry/share/rf2o_laser_odometry/hook/cmake_prefix_path.ps1'
[2.587s] INFO:colcon.colcon_core.shell:Creating environment descriptor '/home/rasp/ros2_ws/install/rf2o_laser_odometry/share/rf2o_laser_odometry/hook/cmake_prefix_path.dsv'
[2.587s] INFO:colcon.colcon_core.shell:Creating environment hook '/home/rasp/ros2_ws/install/rf2o_laser_odometry/share/rf2o_laser_odometry/hook/cmake_prefix_path.sh'
[2.588s] Level 1:colcon.colcon_core.environment:checking '/home/rasp/ros2_ws/install/rf2o_laser_odometry/lib'
[2.588s] Level 1:colcon.colcon_core.environment:checking '/home/rasp/ros2_ws/install/rf2o_laser_odometry/bin'
[2.588s] Level 1:colcon.colcon_core.environment:checking '/home/rasp/ros2_ws/install/rf2o_laser_odometry/lib/pkgconfig/rf2o_laser_odometry.pc'
[2.589s] Level 1:colcon.colcon_core.environment:checking '/home/rasp/ros2_ws/install/rf2o_laser_odometry/lib/python3.12/site-packages'
[2.589s] Level 1:colcon.colcon_core.environment:checking '/home/rasp/ros2_ws/install/rf2o_laser_odometry/bin'
[2.589s] INFO:colcon.colcon_core.shell:Creating package script '/home/rasp/ros2_ws/install/rf2o_laser_odometry/share/rf2o_laser_odometry/package.ps1'
[2.590s] INFO:colcon.colcon_core.shell:Creating package descriptor '/home/rasp/ros2_ws/install/rf2o_laser_odometry/share/rf2o_laser_odometry/package.dsv'
[2.591s] INFO:colcon.colcon_core.shell:Creating package script '/home/rasp/ros2_ws/install/rf2o_laser_odometry/share/rf2o_laser_odometry/package.sh'
[2.591s] INFO:colcon.colcon_core.shell:Creating package script '/home/rasp/ros2_ws/install/rf2o_laser_odometry/share/rf2o_laser_odometry/package.bash'
[2.592s] INFO:colcon.colcon_core.shell:Creating package script '/home/rasp/ros2_ws/install/rf2o_laser_odometry/share/rf2o_laser_odometry/package.zsh'
[2.592s] Level 1:colcon.colcon_core.environment:create_file_with_runtime_dependencies(/home/rasp/ros2_ws/install/rf2o_laser_odometry/share/colcon-core/packages/rf2o_laser_odometry)
[2.593s] Level 1:colcon.colcon_core.environment:create_environment_scripts_only(rf2o_laser_odometry)
[2.593s] Level 1:colcon.colcon_core.environment:checking '/home/rasp/ros2_ws/install/rf2o_laser_odometry' for CMake module files
[2.594s] Level 1:colcon.colcon_core.environment:checking '/home/rasp/ros2_ws/install/rf2o_laser_odometry' for CMake config files
[2.594s] Level 1:colcon.colcon_core.shell:create_environment_hook('rf2o_laser_odometry', 'cmake_prefix_path')
[2.594s] INFO:colcon.colcon_core.shell:Creating environment hook '/home/rasp/ros2_ws/install/rf2o_laser_odometry/share/rf2o_laser_odometry/hook/cmake_prefix_path.ps1'
[2.594s] INFO:colcon.colcon_core.shell:Creating environment descriptor '/home/rasp/ros2_ws/install/rf2o_laser_odometry/share/rf2o_laser_odometry/hook/cmake_prefix_path.dsv'
[2.595s] INFO:colcon.colcon_core.shell:Creating environment hook '/home/rasp/ros2_ws/install/rf2o_laser_odometry/share/rf2o_laser_odometry/hook/cmake_prefix_path.sh'
[2.596s] Level 1:colcon.colcon_core.environment:checking '/home/rasp/ros2_ws/install/rf2o_laser_odometry/lib'
[2.596s] Level 1:colcon.colcon_core.environment:checking '/home/rasp/ros2_ws/install/rf2o_laser_odometry/bin'
[2.596s] Level 1:colcon.colcon_core.environment:checking '/home/rasp/ros2_ws/install/rf2o_laser_odometry/lib/pkgconfig/rf2o_laser_odometry.pc'
[2.596s] Level 1:colcon.colcon_core.environment:checking '/home/rasp/ros2_ws/install/rf2o_laser_odometry/lib/python3.12/site-packages'
[2.596s] Level 1:colcon.colcon_core.environment:checking '/home/rasp/ros2_ws/install/rf2o_laser_odometry/bin'
[2.596s] INFO:colcon.colcon_core.shell:Creating package script '/home/rasp/ros2_ws/install/rf2o_laser_odometry/share/rf2o_laser_odometry/package.ps1'
[2.597s] INFO:colcon.colcon_core.shell:Creating package descriptor '/home/rasp/ros2_ws/install/rf2o_laser_odometry/share/rf2o_laser_odometry/package.dsv'
[2.597s] INFO:colcon.colcon_core.shell:Creating package script '/home/rasp/ros2_ws/install/rf2o_laser_odometry/share/rf2o_laser_odometry/package.sh'
[2.598s] INFO:colcon.colcon_core.shell:Creating package script '/home/rasp/ros2_ws/install/rf2o_laser_odometry/share/rf2o_laser_odometry/package.bash'
[2.599s] INFO:colcon.colcon_core.shell:Creating package script '/home/rasp/ros2_ws/install/rf2o_laser_odometry/share/rf2o_laser_odometry/package.zsh'
[2.599s] Level 1:colcon.colcon_core.environment:create_file_with_runtime_dependencies(/home/rasp/ros2_ws/install/rf2o_laser_odometry/share/colcon-core/packages/rf2o_laser_odometry)
[2.603s] INFO:colcon.colcon_ros.task.ament_python.build:Building ROS package in '/home/rasp/ros2_ws/src/robot_description' with build type 'ament_python'
[2.603s] Level 1:colcon.colcon_core.shell:create_environment_hook('robot_description', 'ament_prefix_path')
[2.603s] INFO:colcon.colcon_core.shell:Creating environment hook '/home/rasp/ros2_ws/install/robot_description/share/robot_description/hook/ament_prefix_path.ps1'
[2.604s] INFO:colcon.colcon_core.shell:Creating environment descriptor '/home/rasp/ros2_ws/install/robot_description/share/robot_description/hook/ament_prefix_path.dsv'
[2.605s] INFO:colcon.colcon_core.shell:Creating environment hook '/home/rasp/ros2_ws/install/robot_description/share/robot_description/hook/ament_prefix_path.sh'
[2.606s] INFO:colcon.colcon_core.shell:Skip shell extension 'powershell' for command environment: Not usable outside of PowerShell
[2.606s] DEBUG:colcon.colcon_core.shell:Skip shell extension 'dsv' for command environment
[2.909s] INFO:colcon.colcon_core.task.python.build:Building Python package in '/home/rasp/ros2_ws/src/robot_description'
[2.910s] INFO:colcon.colcon_core.shell:Skip shell extension 'powershell' for command environment: Not usable outside of PowerShell
[2.910s] DEBUG:colcon.colcon_core.shell:Skip shell extension 'dsv' for command environment
[2.917s] DEBUG:colcon.colcon_core.event_handler.log_command:Invoked command in '/home/rasp/ros2_ws/build/micro_ros_msgs' returned '0': CMAKE_PREFIX_PATH=${CMAKE_PREFIX_PATH}:/home/rasp/ros2_ws/install/sensor_msgs_py:/home/rasp/ros2_ws/install/robot_description:/opt/ros/jazzy DEBUGINFOD_URLS=https://debuginfod.ubuntu.com /usr/bin/cmake --build /home/rasp/ros2_ws/build/micro_ros_msgs -- -j2 -l2
[2.922s] DEBUG:colcon.colcon_core.event_handler.log_command:Invoking command in '/home/rasp/ros2_ws/build/micro_ros_msgs': CMAKE_PREFIX_PATH=${CMAKE_PREFIX_PATH}:/home/rasp/ros2_ws/install/sensor_msgs_py:/home/rasp/ros2_ws/install/robot_description:/opt/ros/jazzy DEBUGINFOD_URLS=https://debuginfod.ubuntu.com /usr/bin/cmake --install /home/rasp/ros2_ws/build/micro_ros_msgs
[3.092s] Level 1:colcon.colcon_core.environment:create_environment_scripts_only(micro_ros_msgs)
[3.092s] Level 1:colcon.colcon_core.environment:checking '/home/rasp/ros2_ws/install/micro_ros_msgs' for CMake module files
[3.094s] Level 1:colcon.colcon_core.environment:checking '/home/rasp/ros2_ws/install/micro_ros_msgs' for CMake config files
[3.094s] Level 1:colcon.colcon_core.shell:create_environment_hook('micro_ros_msgs', 'cmake_prefix_path')
[3.095s] INFO:colcon.colcon_core.shell:Creating environment hook '/home/rasp/ros2_ws/install/micro_ros_msgs/share/micro_ros_msgs/hook/cmake_prefix_path.ps1'
[3.095s] INFO:colcon.colcon_core.shell:Creating environment descriptor '/home/rasp/ros2_ws/install/micro_ros_msgs/share/micro_ros_msgs/hook/cmake_prefix_path.dsv'
[3.096s] DEBUG:colcon.colcon_core.event_handler.log_command:Invoked command in '/home/rasp/ros2_ws/build/micro_ros_msgs' returned '0': CMAKE_PREFIX_PATH=${CMAKE_PREFIX_PATH}:/home/rasp/ros2_ws/install/sensor_msgs_py:/home/rasp/ros2_ws/install/robot_description:/opt/ros/jazzy DEBUGINFOD_URLS=https://debuginfod.ubuntu.com /usr/bin/cmake --install /home/rasp/ros2_ws/build/micro_ros_msgs
[3.096s] INFO:colcon.colcon_core.shell:Creating environment hook '/home/rasp/ros2_ws/install/micro_ros_msgs/share/micro_ros_msgs/hook/cmake_prefix_path.sh'
[3.097s] Level 1:colcon.colcon_core.environment:checking '/home/rasp/ros2_ws/install/micro_ros_msgs/lib'
[3.097s] Level 1:colcon.colcon_core.shell:create_environment_hook('micro_ros_msgs', 'ld_library_path_lib')
[3.097s] INFO:colcon.colcon_core.shell:Creating environment hook '/home/rasp/ros2_ws/install/micro_ros_msgs/share/micro_ros_msgs/hook/ld_library_path_lib.ps1'
[3.097s] INFO:colcon.colcon_core.shell:Creating environment descriptor '/home/rasp/ros2_ws/install/micro_ros_msgs/share/micro_ros_msgs/hook/ld_library_path_lib.dsv'
[3.098s] INFO:colcon.colcon_core.shell:Creating environment hook '/home/rasp/ros2_ws/install/micro_ros_msgs/share/micro_ros_msgs/hook/ld_library_path_lib.sh'
[3.098s] Level 1:colcon.colcon_core.environment:checking '/home/rasp/ros2_ws/install/micro_ros_msgs/bin'
[3.099s] Level 1:colcon.colcon_core.environment:checking '/home/rasp/ros2_ws/install/micro_ros_msgs/lib/pkgconfig/micro_ros_msgs.pc'
[3.099s] Level 1:colcon.colcon_core.environment:checking '/home/rasp/ros2_ws/install/micro_ros_msgs/lib/python3.12/site-packages'
[3.099s] Level 1:colcon.colcon_core.shell:create_environment_hook('micro_ros_msgs', 'pythonpath')
[3.099s] INFO:colcon.colcon_core.shell:Creating environment hook '/home/rasp/ros2_ws/install/micro_ros_msgs/share/micro_ros_msgs/hook/pythonpath.ps1'
[3.100s] INFO:colcon.colcon_core.shell:Creating environment descriptor '/home/rasp/ros2_ws/install/micro_ros_msgs/share/micro_ros_msgs/hook/pythonpath.dsv'
[3.100s] INFO:colcon.colcon_core.shell:Creating environment hook '/home/rasp/ros2_ws/install/micro_ros_msgs/share/micro_ros_msgs/hook/pythonpath.sh'
[3.101s] Level 1:colcon.colcon_core.environment:checking '/home/rasp/ros2_ws/install/micro_ros_msgs/bin'
[3.101s] INFO:colcon.colcon_core.shell:Creating package script '/home/rasp/ros2_ws/install/micro_ros_msgs/share/micro_ros_msgs/package.ps1'
[3.102s] INFO:colcon.colcon_core.shell:Creating package descriptor '/home/rasp/ros2_ws/install/micro_ros_msgs/share/micro_ros_msgs/package.dsv'
[3.102s] INFO:colcon.colcon_core.shell:Creating package script '/home/rasp/ros2_ws/install/micro_ros_msgs/share/micro_ros_msgs/package.sh'
[3.103s] INFO:colcon.colcon_core.shell:Creating package script '/home/rasp/ros2_ws/install/micro_ros_msgs/share/micro_ros_msgs/package.bash'
[3.103s] INFO:colcon.colcon_core.shell:Creating package script '/home/rasp/ros2_ws/install/micro_ros_msgs/share/micro_ros_msgs/package.zsh'
[3.104s] Level 1:colcon.colcon_core.environment:create_file_with_runtime_dependencies(/home/rasp/ros2_ws/install/micro_ros_msgs/share/colcon-core/packages/micro_ros_msgs)
[3.104s] Level 1:colcon.colcon_core.environment:create_environment_scripts_only(micro_ros_msgs)
[3.105s] Level 1:colcon.colcon_core.environment:checking '/home/rasp/ros2_ws/install/micro_ros_msgs' for CMake module files
[3.105s] Level 1:colcon.colcon_core.environment:checking '/home/rasp/ros2_ws/install/micro_ros_msgs' for CMake config files
[3.106s] Level 1:colcon.colcon_core.shell:create_environment_hook('micro_ros_msgs', 'cmake_prefix_path')
[3.106s] INFO:colcon.colcon_core.shell:Creating environment hook '/home/rasp/ros2_ws/install/micro_ros_msgs/share/micro_ros_msgs/hook/cmake_prefix_path.ps1'
[3.106s] INFO:colcon.colcon_core.shell:Creating environment descriptor '/home/rasp/ros2_ws/install/micro_ros_msgs/share/micro_ros_msgs/hook/cmake_prefix_path.dsv'
[3.107s] INFO:colcon.colcon_core.shell:Creating environment hook '/home/rasp/ros2_ws/install/micro_ros_msgs/share/micro_ros_msgs/hook/cmake_prefix_path.sh'
[3.107s] Level 1:colcon.colcon_core.environment:checking '/home/rasp/ros2_ws/install/micro_ros_msgs/lib'
[3.107s] Level 1:colcon.colcon_core.shell:create_environment_hook('micro_ros_msgs', 'ld_library_path_lib')
[3.108s] INFO:colcon.colcon_core.shell:Creating environment hook '/home/rasp/ros2_ws/install/micro_ros_msgs/share/micro_ros_msgs/hook/ld_library_path_lib.ps1'
[3.108s] INFO:colcon.colcon_core.shell:Creating environment descriptor '/home/rasp/ros2_ws/install/micro_ros_msgs/share/micro_ros_msgs/hook/ld_library_path_lib.dsv'
[3.108s] INFO:colcon.colcon_core.shell:Creating environment hook '/home/rasp/ros2_ws/install/micro_ros_msgs/share/micro_ros_msgs/hook/ld_library_path_lib.sh'
[3.109s] Level 1:colcon.colcon_core.environment:checking '/home/rasp/ros2_ws/install/micro_ros_msgs/bin'
[3.109s] Level 1:colcon.colcon_core.environment:checking '/home/rasp/ros2_ws/install/micro_ros_msgs/lib/pkgconfig/micro_ros_msgs.pc'
[3.109s] Level 1:colcon.colcon_core.environment:checking '/home/rasp/ros2_ws/install/micro_ros_msgs/lib/python3.12/site-packages'
[3.109s] Level 1:colcon.colcon_core.shell:create_environment_hook('micro_ros_msgs', 'pythonpath')
[3.110s] INFO:colcon.colcon_core.shell:Creating environment hook '/home/rasp/ros2_ws/install/micro_ros_msgs/share/micro_ros_msgs/hook/pythonpath.ps1'
[3.110s] INFO:colcon.colcon_core.shell:Creating environment descriptor '/home/rasp/ros2_ws/install/micro_ros_msgs/share/micro_ros_msgs/hook/pythonpath.dsv'
[3.110s] INFO:colcon.colcon_core.shell:Creating environment hook '/home/rasp/ros2_ws/install/micro_ros_msgs/share/micro_ros_msgs/hook/pythonpath.sh'
[3.111s] Level 1:colcon.colcon_core.environment:checking '/home/rasp/ros2_ws/install/micro_ros_msgs/bin'
[3.112s] INFO:colcon.colcon_core.shell:Creating package script '/home/rasp/ros2_ws/install/micro_ros_msgs/share/micro_ros_msgs/package.ps1'
[3.112s] INFO:colcon.colcon_core.shell:Creating package descriptor '/home/rasp/ros2_ws/install/micro_ros_msgs/share/micro_ros_msgs/package.dsv'
[3.113s] INFO:colcon.colcon_core.shell:Creating package script '/home/rasp/ros2_ws/install/micro_ros_msgs/share/micro_ros_msgs/package.sh'
[3.113s] INFO:colcon.colcon_core.shell:Creating package script '/home/rasp/ros2_ws/install/micro_ros_msgs/share/micro_ros_msgs/package.bash'
[3.114s] INFO:colcon.colcon_core.shell:Creating package script '/home/rasp/ros2_ws/install/micro_ros_msgs/share/micro_ros_msgs/package.zsh'
[3.114s] Level 1:colcon.colcon_core.environment:create_file_with_runtime_dependencies(/home/rasp/ros2_ws/install/micro_ros_msgs/share/colcon-core/packages/micro_ros_msgs)
[3.118s] INFO:colcon.colcon_ros.task.ament_cmake.build:Building ROS package in '/home/rasp/ros2_ws/src/robot_nav' with build type 'ament_cmake'
[3.118s] INFO:colcon.colcon_cmake.task.cmake.build:Building CMake package in '/home/rasp/ros2_ws/src/robot_nav'
[3.118s] INFO:colcon.colcon_core.shell:Skip shell extension 'powershell' for command environment: Not usable outside of PowerShell
[3.118s] DEBUG:colcon.colcon_core.shell:Skip shell extension 'dsv' for command environment
[3.142s] DEBUG:colcon.colcon_core.event_handler.log_command:Invoking command in '/home/rasp/ros2_ws/build/robot_nav': CMAKE_PREFIX_PATH=${CMAKE_PREFIX_PATH}:/home/rasp/ros2_ws/install/sensor_msgs_py:/home/rasp/ros2_ws/install/robot_description:/opt/ros/jazzy DEBUGINFOD_URLS=https://debuginfod.ubuntu.com /usr/bin/cmake --build /home/rasp/ros2_ws/build/robot_nav -- -j2 -l2
[3.235s] DEBUG:colcon.colcon_core.event_handler.log_command:Invoked command in '/home/rasp/ros2_ws/build/robot_nav' returned '0': CMAKE_PREFIX_PATH=${CMAKE_PREFIX_PATH}:/home/rasp/ros2_ws/install/sensor_msgs_py:/home/rasp/ros2_ws/install/robot_description:/opt/ros/jazzy DEBUGINFOD_URLS=https://debuginfod.ubuntu.com /usr/bin/cmake --build /home/rasp/ros2_ws/build/robot_nav -- -j2 -l2
[3.238s] DEBUG:colcon.colcon_core.event_handler.log_command:Invoking command in '/home/rasp/ros2_ws/build/robot_nav': CMAKE_PREFIX_PATH=${CMAKE_PREFIX_PATH}:/home/rasp/ros2_ws/install/sensor_msgs_py:/home/rasp/ros2_ws/install/robot_description:/opt/ros/jazzy DEBUGINFOD_URLS=https://debuginfod.ubuntu.com /usr/bin/cmake --install /home/rasp/ros2_ws/build/robot_nav
[3.269s] Level 1:colcon.colcon_core.environment:create_environment_scripts_only(robot_nav)
[3.269s] Level 1:colcon.colcon_core.environment:checking '/home/rasp/ros2_ws/install/robot_nav' for CMake module files
[3.270s] DEBUG:colcon.colcon_core.event_handler.log_command:Invoked command in '/home/rasp/ros2_ws/build/robot_nav' returned '0': CMAKE_PREFIX_PATH=${CMAKE_PREFIX_PATH}:/home/rasp/ros2_ws/install/sensor_msgs_py:/home/rasp/ros2_ws/install/robot_description:/opt/ros/jazzy DEBUGINFOD_URLS=https://debuginfod.ubuntu.com /usr/bin/cmake --install /home/rasp/ros2_ws/build/robot_nav
[3.271s] Level 1:colcon.colcon_core.environment:checking '/home/rasp/ros2_ws/install/robot_nav' for CMake config files
[3.271s] Level 1:colcon.colcon_core.shell:create_environment_hook('robot_nav', 'cmake_prefix_path')
[3.271s] INFO:colcon.colcon_core.shell:Creating environment hook '/home/rasp/ros2_ws/install/robot_nav/share/robot_nav/hook/cmake_prefix_path.ps1'
[3.272s] INFO:colcon.colcon_core.shell:Creating environment descriptor '/home/rasp/ros2_ws/install/robot_nav/share/robot_nav/hook/cmake_prefix_path.dsv'
[3.273s] INFO:colcon.colcon_core.shell:Creating environment hook '/home/rasp/ros2_ws/install/robot_nav/share/robot_nav/hook/cmake_prefix_path.sh'
[3.273s] Level 1:colcon.colcon_core.environment:checking '/home/rasp/ros2_ws/install/robot_nav/bin'
[3.273s] Level 1:colcon.colcon_core.environment:checking '/home/rasp/ros2_ws/install/robot_nav/lib/pkgconfig/robot_nav.pc'
[3.274s] Level 1:colcon.colcon_core.environment:checking '/home/rasp/ros2_ws/install/robot_nav/lib/python3.12/site-packages'
[3.274s] Level 1:colcon.colcon_core.environment:checking '/home/rasp/ros2_ws/install/robot_nav/bin'
[3.274s] INFO:colcon.colcon_core.shell:Creating package script '/home/rasp/ros2_ws/install/robot_nav/share/robot_nav/package.ps1'
[3.275s] INFO:colcon.colcon_core.shell:Creating package descriptor '/home/rasp/ros2_ws/install/robot_nav/share/robot_nav/package.dsv'
[3.275s] INFO:colcon.colcon_core.shell:Creating package script '/home/rasp/ros2_ws/install/robot_nav/share/robot_nav/package.sh'
[3.276s] INFO:colcon.colcon_core.shell:Creating package script '/home/rasp/ros2_ws/install/robot_nav/share/robot_nav/package.bash'
[3.276s] INFO:colcon.colcon_core.shell:Creating package script '/home/rasp/ros2_ws/install/robot_nav/share/robot_nav/package.zsh'
[3.277s] Level 1:colcon.colcon_core.environment:create_file_with_runtime_dependencies(/home/rasp/ros2_ws/install/robot_nav/share/colcon-core/packages/robot_nav)
[3.277s] Level 1:colcon.colcon_core.environment:create_environment_scripts_only(robot_nav)
[3.277s] Level 1:colcon.colcon_core.environment:checking '/home/rasp/ros2_ws/install/robot_nav' for CMake module files
[3.278s] Level 1:colcon.colcon_core.environment:checking '/home/rasp/ros2_ws/install/robot_nav' for CMake config files
[3.278s] Level 1:colcon.colcon_core.shell:create_environment_hook('robot_nav', 'cmake_prefix_path')
[3.278s] INFO:colcon.colcon_core.shell:Creating environment hook '/home/rasp/ros2_ws/install/robot_nav/share/robot_nav/hook/cmake_prefix_path.ps1'
[3.279s] INFO:colcon.colcon_core.shell:Creating environment descriptor '/home/rasp/ros2_ws/install/robot_nav/share/robot_nav/hook/cmake_prefix_path.dsv'
[3.279s] INFO:colcon.colcon_core.shell:Creating environment hook '/home/rasp/ros2_ws/install/robot_nav/share/robot_nav/hook/cmake_prefix_path.sh'
[3.280s] Level 1:colcon.colcon_core.environment:checking '/home/rasp/ros2_ws/install/robot_nav/bin'
[3.280s] Level 1:colcon.colcon_core.environment:checking '/home/rasp/ros2_ws/install/robot_nav/lib/pkgconfig/robot_nav.pc'
[3.281s] Level 1:colcon.colcon_core.environment:checking '/home/rasp/ros2_ws/install/robot_nav/lib/python3.12/site-packages'
[3.281s] Level 1:colcon.colcon_core.environment:checking '/home/rasp/ros2_ws/install/robot_nav/bin'
[3.281s] INFO:colcon.colcon_core.shell:Creating package script '/home/rasp/ros2_ws/install/robot_nav/share/robot_nav/package.ps1'
[3.282s] INFO:colcon.colcon_core.shell:Creating package descriptor '/home/rasp/ros2_ws/install/robot_nav/share/robot_nav/package.dsv'
[3.282s] INFO:colcon.colcon_core.shell:Creating package script '/home/rasp/ros2_ws/install/robot_nav/share/robot_nav/package.sh'
[3.283s] INFO:colcon.colcon_core.shell:Creating package script '/home/rasp/ros2_ws/install/robot_nav/share/robot_nav/package.bash'
[3.283s] INFO:colcon.colcon_core.shell:Creating package script '/home/rasp/ros2_ws/install/robot_nav/share/robot_nav/package.zsh'
[3.284s] Level 1:colcon.colcon_core.environment:create_file_with_runtime_dependencies(/home/rasp/ros2_ws/install/robot_nav/share/colcon-core/packages/robot_nav)
[3.284s] INFO:colcon.colcon_ros.task.ament_cmake.build:Building ROS package in '/home/rasp/ros2_ws/src/sllidar_ros2' with build type 'ament_cmake'
[3.284s] INFO:colcon.colcon_cmake.task.cmake.build:Building CMake package in '/home/rasp/ros2_ws/src/sllidar_ros2'
[3.284s] INFO:colcon.colcon_core.shell:Skip shell extension 'powershell' for command environment: Not usable outside of PowerShell
[3.284s] DEBUG:colcon.colcon_core.shell:Skip shell extension 'dsv' for command environment
[3.306s] DEBUG:colcon.colcon_core.event_handler.log_command:Invoking command in '/home/rasp/ros2_ws/build/sllidar_ros2': CMAKE_PREFIX_PATH=${CMAKE_PREFIX_PATH}:/home/rasp/ros2_ws/install/sensor_msgs_py:/home/rasp/ros2_ws/install/robot_description:/opt/ros/jazzy DEBUGINFOD_URLS=https://debuginfod.ubuntu.com /usr/bin/cmake --build /home/rasp/ros2_ws/build/sllidar_ros2 -- -j2 -l2
[3.532s] DEBUG:colcon.colcon_core.event_handler.log_command:Invoked command in '/home/rasp/ros2_ws/build/sllidar_ros2' returned '0': CMAKE_PREFIX_PATH=${CMAKE_PREFIX_PATH}:/home/rasp/ros2_ws/install/sensor_msgs_py:/home/rasp/ros2_ws/install/robot_description:/opt/ros/jazzy DEBUGINFOD_URLS=https://debuginfod.ubuntu.com /usr/bin/cmake --build /home/rasp/ros2_ws/build/sllidar_ros2 -- -j2 -l2
[3.535s] DEBUG:colcon.colcon_core.event_handler.log_command:Invoking command in '/home/rasp/ros2_ws/build/sllidar_ros2': CMAKE_PREFIX_PATH=${CMAKE_PREFIX_PATH}:/home/rasp/ros2_ws/install/sensor_msgs_py:/home/rasp/ros2_ws/install/robot_description:/opt/ros/jazzy DEBUGINFOD_URLS=https://debuginfod.ubuntu.com /usr/bin/cmake --install /home/rasp/ros2_ws/build/sllidar_ros2
[3.573s] Level 1:colcon.colcon_core.environment:create_environment_scripts_only(sllidar_ros2)
[3.573s] DEBUG:colcon.colcon_core.event_handler.log_command:Invoked command in '/home/rasp/ros2_ws/build/sllidar_ros2' returned '0': CMAKE_PREFIX_PATH=${CMAKE_PREFIX_PATH}:/home/rasp/ros2_ws/install/sensor_msgs_py:/home/rasp/ros2_ws/install/robot_description:/opt/ros/jazzy DEBUGINFOD_URLS=https://debuginfod.ubuntu.com /usr/bin/cmake --install /home/rasp/ros2_ws/build/sllidar_ros2
[3.573s] Level 1:colcon.colcon_core.environment:checking '/home/rasp/ros2_ws/install/sllidar_ros2' for CMake module files
[3.574s] Level 1:colcon.colcon_core.environment:checking '/home/rasp/ros2_ws/install/sllidar_ros2' for CMake config files
[3.575s] Level 1:colcon.colcon_core.shell:create_environment_hook('sllidar_ros2', 'cmake_prefix_path')
[3.575s] INFO:colcon.colcon_core.shell:Creating environment hook '/home/rasp/ros2_ws/install/sllidar_ros2/share/sllidar_ros2/hook/cmake_prefix_path.ps1'
[3.575s] INFO:colcon.colcon_core.shell:Creating environment descriptor '/home/rasp/ros2_ws/install/sllidar_ros2/share/sllidar_ros2/hook/cmake_prefix_path.dsv'
[3.576s] INFO:colcon.colcon_core.shell:Creating environment hook '/home/rasp/ros2_ws/install/sllidar_ros2/share/sllidar_ros2/hook/cmake_prefix_path.sh'
[3.577s] Level 1:colcon.colcon_core.environment:checking '/home/rasp/ros2_ws/install/sllidar_ros2/lib'
[3.577s] Level 1:colcon.colcon_core.environment:checking '/home/rasp/ros2_ws/install/sllidar_ros2/bin'
[3.577s] Level 1:colcon.colcon_core.environment:checking '/home/rasp/ros2_ws/install/sllidar_ros2/lib/pkgconfig/sllidar_ros2.pc'
[3.577s] Level 1:colcon.colcon_core.environment:checking '/home/rasp/ros2_ws/install/sllidar_ros2/lib/python3.12/site-packages'
[3.577s] Level 1:colcon.colcon_core.environment:checking '/home/rasp/ros2_ws/install/sllidar_ros2/bin'
[3.578s] INFO:colcon.colcon_core.shell:Creating package script '/home/rasp/ros2_ws/install/sllidar_ros2/share/sllidar_ros2/package.ps1'
[3.578s] INFO:colcon.colcon_core.shell:Creating package descriptor '/home/rasp/ros2_ws/install/sllidar_ros2/share/sllidar_ros2/package.dsv'
[3.579s] INFO:colcon.colcon_core.shell:Creating package script '/home/rasp/ros2_ws/install/sllidar_ros2/share/sllidar_ros2/package.sh'
[3.579s] INFO:colcon.colcon_core.shell:Creating package script '/home/rasp/ros2_ws/install/sllidar_ros2/share/sllidar_ros2/package.bash'
[3.580s] INFO:colcon.colcon_core.shell:Creating package script '/home/rasp/ros2_ws/install/sllidar_ros2/share/sllidar_ros2/package.zsh'
[3.580s] Level 1:colcon.colcon_core.environment:create_file_with_runtime_dependencies(/home/rasp/ros2_ws/install/sllidar_ros2/share/colcon-core/packages/sllidar_ros2)
[3.581s] Level 1:colcon.colcon_core.environment:create_environment_scripts_only(sllidar_ros2)
[3.581s] Level 1:colcon.colcon_core.environment:checking '/home/rasp/ros2_ws/install/sllidar_ros2' for CMake module files
[3.582s] Level 1:colcon.colcon_core.environment:checking '/home/rasp/ros2_ws/install/sllidar_ros2' for CMake config files
[3.582s] Level 1:colcon.colcon_core.shell:create_environment_hook('sllidar_ros2', 'cmake_prefix_path')
[3.582s] INFO:colcon.colcon_core.shell:Creating environment hook '/home/rasp/ros2_ws/install/sllidar_ros2/share/sllidar_ros2/hook/cmake_prefix_path.ps1'
[3.583s] INFO:colcon.colcon_core.shell:Creating environment descriptor '/home/rasp/ros2_ws/install/sllidar_ros2/share/sllidar_ros2/hook/cmake_prefix_path.dsv'
[3.583s] INFO:colcon.colcon_core.shell:Creating environment hook '/home/rasp/ros2_ws/install/sllidar_ros2/share/sllidar_ros2/hook/cmake_prefix_path.sh'
[3.584s] Level 1:colcon.colcon_core.environment:checking '/home/rasp/ros2_ws/install/sllidar_ros2/lib'
[3.584s] Level 1:colcon.colcon_core.environment:checking '/home/rasp/ros2_ws/install/sllidar_ros2/bin'
[3.585s] Level 1:colcon.colcon_core.environment:checking '/home/rasp/ros2_ws/install/sllidar_ros2/lib/pkgconfig/sllidar_ros2.pc'
[3.585s] Level 1:colcon.colcon_core.environment:checking '/home/rasp/ros2_ws/install/sllidar_ros2/lib/python3.12/site-packages'
[3.585s] Level 1:colcon.colcon_core.environment:checking '/home/rasp/ros2_ws/install/sllidar_ros2/bin'
[3.585s] INFO:colcon.colcon_core.shell:Creating package script '/home/rasp/ros2_ws/install/sllidar_ros2/share/sllidar_ros2/package.ps1'
[3.586s] INFO:colcon.colcon_core.shell:Creating package descriptor '/home/rasp/ros2_ws/install/sllidar_ros2/share/sllidar_ros2/package.dsv'
[3.587s] INFO:colcon.colcon_core.shell:Creating package script '/home/rasp/ros2_ws/install/sllidar_ros2/share/sllidar_ros2/package.sh'
[3.587s] INFO:colcon.colcon_core.shell:Creating package script '/home/rasp/ros2_ws/install/sllidar_ros2/share/sllidar_ros2/package.bash'
[3.588s] INFO:colcon.colcon_core.shell:Creating package script '/home/rasp/ros2_ws/install/sllidar_ros2/share/sllidar_ros2/package.zsh'
[3.588s] Level 1:colcon.colcon_core.environment:create_file_with_runtime_dependencies(/home/rasp/ros2_ws/install/sllidar_ros2/share/colcon-core/packages/sllidar_ros2)
[3.589s] INFO:colcon.colcon_ros.task.ament_cmake.build:Building ROS package in '/home/rasp/ros2_ws/src/uros/micro-ROS-Agent/micro_ros_agent' with build type 'ament_cmake'
[3.589s] INFO:colcon.colcon_cmake.task.cmake.build:Building CMake package in '/home/rasp/ros2_ws/src/uros/micro-ROS-Agent/micro_ros_agent'
[3.590s] INFO:colcon.colcon_core.shell:Skip shell extension 'powershell' for command environment: Not usable outside of PowerShell
[3.590s] DEBUG:colcon.colcon_core.shell:Skip shell extension 'dsv' for command environment
[3.628s] DEBUG:colcon.colcon_core.event_handler.log_command:Invoking command in '/home/rasp/ros2_ws/build/micro_ros_agent': CMAKE_PREFIX_PATH=/home/rasp/ros2_ws/install/micro_ros_msgs:/home/rasp/ros2_ws/install/micro_ros_demos_rclc:/home/rasp/ros2_ws/install/common_interfaces:/home/rasp/ros2_ws/install/visualization_msgs:/home/rasp/ros2_ws/install/action_msgs:/home/rasp/ros2_ws/install/unique_identifier_msgs:/home/rasp/ros2_ws/install/type_description_interfaces:/home/rasp/ros2_ws/install/trajectory_msgs:/home/rasp/ros2_ws/install/test_msgs:/home/rasp/ros2_ws/install/test_interface_files:/home/rasp/ros2_ws/install/stereo_msgs:/home/rasp/ros2_ws/install/sllidar_ros2:/home/rasp/ros2_ws/install/std_srvs:/home/rasp/ros2_ws/install/shape_msgs:/home/rasp/ros2_ws/install/rf2o_laser_odometry:/home/rasp/ros2_ws/install/laser_filters:/home/rasp/ros2_ws/install/sensor_msgs:/home/rasp/ros2_ws/install/nav_msgs:/home/rasp/ros2_ws/install/diagnostic_msgs:/home/rasp/ros2_ws/install/geometry_msgs:/home/rasp/ros2_ws/install/actionlib_msgs:/home/rasp/ros2_ws/install/std_msgs:/home/rasp/ros2_ws/install/statistics_msgs:/home/rasp/ros2_ws/install/service_msgs:/home/rasp/ros2_ws/install/rosidl_typesupport_microxrcedds_test_msg:/home/rasp/ros2_ws/install/rosidl_typesupport_microxrcedds_cpp_tests:/home/rasp/ros2_ws/install/rmw_microxrcedds:/home/rasp/ros2_ws/install/rosidl_typesupport_microxrcedds_cpp:/home/rasp/ros2_ws/install/rosidl_typesupport_microxrcedds_c_tests:/home/rasp/ros2_ws/install/rosidl_typesupport_microxrcedds_c:/home/rasp/ros2_ws/install/rosgraph_msgs:/home/rasp/ros2_ws/install/robot_nav:/home/rasp/ros2_ws/install/rclc_parameter:/home/rasp/ros2_ws/install/rclc:/home/rasp/ros2_ws/install/composition_interfaces:/home/rasp/ros2_ws/install/rcl_interfaces:/home/rasp/ros2_ws/install/microxrcedds_client:/home/rasp/ros2_ws/install/microcdr:/home/rasp/ros2_ws/install/micro_ros_utilities:/home/rasp/ros2_ws/install/micro_ros_setup:/home/rasp/ros2_ws/install/micro_ros_agent:/home/rasp/ros2_ws/install/lifecycle_msgs:/home/rasp/ros2_ws/install/example_interfaces:/home/rasp/ros2_ws/install/complex_msgs:/home/rasp/ros2_ws/install/builtin_interfaces:/opt/ros/jazzy/opt/gz_sim_vendor:/opt/ros/jazzy/opt/gz_sensors_vendor:/opt/ros/jazzy/opt/gz_physics_vendor:/opt/ros/jazzy/opt/sdformat_vendor:/opt/ros/jazzy/opt/gz_gui_vendor:/opt/ros/jazzy/opt/gz_transport_vendor:/opt/ros/jazzy/opt/gz_rendering_vendor:/opt/ros/jazzy/opt/gz_plugin_vendor:/opt/ros/jazzy/opt/gz_fuel_tools_vendor:/opt/ros/jazzy/opt/gz_msgs_vendor:/opt/ros/jazzy/opt/gz_common_vendor:/opt/ros/jazzy/opt/gz_math_vendor:/opt/ros/jazzy/opt/gz_utils_vendor:/opt/ros/jazzy/opt/gz_tools_vendor:/opt/ros/jazzy/opt/gz_ogre_next_vendor:/opt/ros/jazzy/opt/gz_dartsim_vendor:/opt/ros/jazzy/opt/gz_cmake_vendor:/home/rasp/ros2_ws/install/sensor_msgs_py:/home/rasp/ros2_ws/install/robot_description:/opt/ros/jazzy DEBUGINFOD_URLS=https://debuginfod.ubuntu.com LD_LIBRARY_PATH=/home/rasp/ros2_ws/install/micro_ros_msgs/lib:/home/rasp/ros2_ws/install/visualization_msgs/lib:/home/rasp/ros2_ws/install/action_msgs/lib:/home/rasp/ros2_ws/install/unique_identifier_msgs/lib:/home/rasp/ros2_ws/install/type_description_interfaces/lib:/home/rasp/ros2_ws/install/trajectory_msgs/lib:/home/rasp/ros2_ws/install/test_msgs/lib:/home/rasp/ros2_ws/install/stereo_msgs/lib:/home/rasp/ros2_ws/install/std_srvs/lib:/home/rasp/ros2_ws/install/shape_msgs/lib:/home/rasp/ros2_ws/install/laser_filters/lib:/home/rasp/ros2_ws/install/sensor_msgs/lib:/home/rasp/ros2_ws/install/nav_msgs/lib:/home/rasp/ros2_ws/install/diagnostic_msgs/lib:/home/rasp/ros2_ws/install/geometry_msgs/lib:/home/rasp/ros2_ws/install/actionlib_msgs/lib:/home/rasp/ros2_ws/install/std_msgs/lib:/home/rasp/ros2_ws/install/statistics_msgs/lib:/home/rasp/ros2_ws/install/service_msgs/lib:/home/rasp/ros2_ws/install/rmw_microxrcedds/lib:/home/rasp/ros2_ws/install/rosidl_typesupport_microxrcedds_cpp/lib:/home/rasp/ros2_ws/install/rosidl_typesupport_microxrcedds_c/lib:/home/rasp/ros2_ws/install/rosgraph_msgs/lib:/home/rasp/ros2_ws/install/rclc_parameter/lib:/home/rasp/ros2_ws/install/rclc/lib:/home/rasp/ros2_ws/install/composition_interfaces/lib:/home/rasp/ros2_ws/install/rcl_interfaces/lib:/home/rasp/ros2_ws/install/microxrcedds_client/lib:/home/rasp/ros2_ws/install/microcdr/lib:/home/rasp/ros2_ws/install/micro_ros_utilities/lib:/home/rasp/ros2_ws/install/micro_ros_agent/lib:/home/rasp/ros2_ws/install/lifecycle_msgs/lib:/home/rasp/ros2_ws/install/example_interfaces/lib:/home/rasp/ros2_ws/install/complex_msgs/lib:/home/rasp/ros2_ws/install/builtin_interfaces/lib:/opt/ros/jazzy/opt/gz_sim_vendor/lib:/opt/ros/jazzy/opt/gz_sensors_vendor/lib:/opt/ros/jazzy/opt/gz_physics_vendor/lib:/opt/ros/jazzy/opt/sdformat_vendor/lib:/opt/ros/jazzy/opt/rviz_ogre_vendor/lib:/opt/ros/jazzy/lib/x86_64-linux-gnu:/opt/ros/jazzy/opt/gz_gui_vendor/lib:/opt/ros/jazzy/opt/gz_transport_vendor/lib:/opt/ros/jazzy/opt/gz_rendering_vendor/lib:/opt/ros/jazzy/opt/gz_plugin_vendor/lib:/opt/ros/jazzy/opt/gz_fuel_tools_vendor/lib:/opt/ros/jazzy/opt/gz_msgs_vendor/lib:/opt/ros/jazzy/opt/gz_common_vendor/lib:/opt/ros/jazzy/opt/gz_math_vendor/lib:/opt/ros/jazzy/opt/gz_utils_vendor/lib:/opt/ros/jazzy/opt/gz_tools_vendor/lib:/opt/ros/jazzy/opt/gz_ogre_next_vendor/lib:/opt/ros/jazzy/opt/gz_dartsim_vendor/lib:/opt/ros/jazzy/opt/gz_cmake_vendor/lib:/opt/ros/jazzy/lib PYTHONPATH=/home/rasp/ros2_ws/install/micro_ros_msgs/lib/python3.12/site-packages:/home/rasp/ros2_ws/install/visualization_msgs/lib/python3.12/site-packages:/home/rasp/ros2_ws/install/action_msgs/lib/python3.12/site-packages:/home/rasp/ros2_ws/install/unique_identifier_msgs/lib/python3.12/site-packages:/home/rasp/ros2_ws/install/type_description_interfaces/lib/python3.12/site-packages:/home/rasp/ros2_ws/install/trajectory_msgs/lib/python3.12/site-packages:/home/rasp/ros2_ws/install/test_msgs/lib/python3.12/site-packages:/home/rasp/ros2_ws/install/stereo_msgs/lib/python3.12/site-packages:/home/rasp/ros2_ws/install/std_srvs/lib/python3.12/site-packages:/home/rasp/ros2_ws/install/shape_msgs/lib/python3.12/site-packages:/home/rasp/ros2_ws/install/sensor_msgs_py/lib/python3.12/site-packages:/home/rasp/ros2_ws/install/sensor_msgs/lib/python3.12/site-packages:/home/rasp/ros2_ws/install/nav_msgs/lib/python3.12/site-packages:/home/rasp/ros2_ws/install/diagnostic_msgs/lib/python3.12/site-packages:/home/rasp/ros2_ws/install/geometry_msgs/lib/python3.12/site-packages:/home/rasp/ros2_ws/install/actionlib_msgs/lib/python3.12/site-packages:/home/rasp/ros2_ws/install/std_msgs/lib/python3.12/site-packages:/home/rasp/ros2_ws/install/statistics_msgs/lib/python3.12/site-packages:/home/rasp/ros2_ws/install/service_msgs/lib/python3.12/site-packages:/home/rasp/ros2_ws/install/rosidl_typesupport_microxrcedds_cpp/lib/python3.12/site-packages:/home/rasp/ros2_ws/install/rosidl_typesupport_microxrcedds_c/lib/python3.12/site-packages:/home/rasp/ros2_ws/install/rosgraph_msgs/lib/python3.12/site-packages:/home/rasp/ros2_ws/install/robot_description/lib/python3.12/site-packages:/home/rasp/ros2_ws/install/composition_interfaces/lib/python3.12/site-packages:/home/rasp/ros2_ws/install/rcl_interfaces/lib/python3.12/site-packages:/home/rasp/ros2_ws/install/lifecycle_msgs/lib/python3.12/site-packages:/home/rasp/ros2_ws/install/example_interfaces/lib/python3.12/site-packages:/home/rasp/ros2_ws/install/complex_msgs/lib/python3.12/site-packages:/home/rasp/ros2_ws/install/builtin_interfaces/lib/python3.12/site-packages:/opt/ros/jazzy/lib/python3.12/site-packages /usr/bin/cmake --build /home/rasp/ros2_ws/build/micro_ros_agent -- -j2 -l2
[3.848s] DEBUG:colcon.colcon_core.event_handler.log_command:Invoked command in '/home/rasp/ros2_ws/build/micro_ros_agent' returned '0': CMAKE_PREFIX_PATH=/home/rasp/ros2_ws/install/micro_ros_msgs:/home/rasp/ros2_ws/install/micro_ros_demos_rclc:/home/rasp/ros2_ws/install/common_interfaces:/home/rasp/ros2_ws/install/visualization_msgs:/home/rasp/ros2_ws/install/action_msgs:/home/rasp/ros2_ws/install/unique_identifier_msgs:/home/rasp/ros2_ws/install/type_description_interfaces:/home/rasp/ros2_ws/install/trajectory_msgs:/home/rasp/ros2_ws/install/test_msgs:/home/rasp/ros2_ws/install/test_interface_files:/home/rasp/ros2_ws/install/stereo_msgs:/home/rasp/ros2_ws/install/sllidar_ros2:/home/rasp/ros2_ws/install/std_srvs:/home/rasp/ros2_ws/install/shape_msgs:/home/rasp/ros2_ws/install/rf2o_laser_odometry:/home/rasp/ros2_ws/install/laser_filters:/home/rasp/ros2_ws/install/sensor_msgs:/home/rasp/ros2_ws/install/nav_msgs:/home/rasp/ros2_ws/install/diagnostic_msgs:/home/rasp/ros2_ws/install/geometry_msgs:/home/rasp/ros2_ws/install/actionlib_msgs:/home/rasp/ros2_ws/install/std_msgs:/home/rasp/ros2_ws/install/statistics_msgs:/home/rasp/ros2_ws/install/service_msgs:/home/rasp/ros2_ws/install/rosidl_typesupport_microxrcedds_test_msg:/home/rasp/ros2_ws/install/rosidl_typesupport_microxrcedds_cpp_tests:/home/rasp/ros2_ws/install/rmw_microxrcedds:/home/rasp/ros2_ws/install/rosidl_typesupport_microxrcedds_cpp:/home/rasp/ros2_ws/install/rosidl_typesupport_microxrcedds_c_tests:/home/rasp/ros2_ws/install/rosidl_typesupport_microxrcedds_c:/home/rasp/ros2_ws/install/rosgraph_msgs:/home/rasp/ros2_ws/install/robot_nav:/home/rasp/ros2_ws/install/rclc_parameter:/home/rasp/ros2_ws/install/rclc:/home/rasp/ros2_ws/install/composition_interfaces:/home/rasp/ros2_ws/install/rcl_interfaces:/home/rasp/ros2_ws/install/microxrcedds_client:/home/rasp/ros2_ws/install/microcdr:/home/rasp/ros2_ws/install/micro_ros_utilities:/home/rasp/ros2_ws/install/micro_ros_setup:/home/rasp/ros2_ws/install/micro_ros_agent:/home/rasp/ros2_ws/install/lifecycle_msgs:/home/rasp/ros2_ws/install/example_interfaces:/home/rasp/ros2_ws/install/complex_msgs:/home/rasp/ros2_ws/install/builtin_interfaces:/opt/ros/jazzy/opt/gz_sim_vendor:/opt/ros/jazzy/opt/gz_sensors_vendor:/opt/ros/jazzy/opt/gz_physics_vendor:/opt/ros/jazzy/opt/sdformat_vendor:/opt/ros/jazzy/opt/gz_gui_vendor:/opt/ros/jazzy/opt/gz_transport_vendor:/opt/ros/jazzy/opt/gz_rendering_vendor:/opt/ros/jazzy/opt/gz_plugin_vendor:/opt/ros/jazzy/opt/gz_fuel_tools_vendor:/opt/ros/jazzy/opt/gz_msgs_vendor:/opt/ros/jazzy/opt/gz_common_vendor:/opt/ros/jazzy/opt/gz_math_vendor:/opt/ros/jazzy/opt/gz_utils_vendor:/opt/ros/jazzy/opt/gz_tools_vendor:/opt/ros/jazzy/opt/gz_ogre_next_vendor:/opt/ros/jazzy/opt/gz_dartsim_vendor:/opt/ros/jazzy/opt/gz_cmake_vendor:/home/rasp/ros2_ws/install/sensor_msgs_py:/home/rasp/ros2_ws/install/robot_description:/opt/ros/jazzy DEBUGINFOD_URLS=https://debuginfod.ubuntu.com LD_LIBRARY_PATH=/home/rasp/ros2_ws/install/micro_ros_msgs/lib:/home/rasp/ros2_ws/install/visualization_msgs/lib:/home/rasp/ros2_ws/install/action_msgs/lib:/home/rasp/ros2_ws/install/unique_identifier_msgs/lib:/home/rasp/ros2_ws/install/type_description_interfaces/lib:/home/rasp/ros2_ws/install/trajectory_msgs/lib:/home/rasp/ros2_ws/install/test_msgs/lib:/home/rasp/ros2_ws/install/stereo_msgs/lib:/home/rasp/ros2_ws/install/std_srvs/lib:/home/rasp/ros2_ws/install/shape_msgs/lib:/home/rasp/ros2_ws/install/laser_filters/lib:/home/rasp/ros2_ws/install/sensor_msgs/lib:/home/rasp/ros2_ws/install/nav_msgs/lib:/home/rasp/ros2_ws/install/diagnostic_msgs/lib:/home/rasp/ros2_ws/install/geometry_msgs/lib:/home/rasp/ros2_ws/install/actionlib_msgs/lib:/home/rasp/ros2_ws/install/std_msgs/lib:/home/rasp/ros2_ws/install/statistics_msgs/lib:/home/rasp/ros2_ws/install/service_msgs/lib:/home/rasp/ros2_ws/install/rmw_microxrcedds/lib:/home/rasp/ros2_ws/install/rosidl_typesupport_microxrcedds_cpp/lib:/home/rasp/ros2_ws/install/rosidl_typesupport_microxrcedds_c/lib:/home/rasp/ros2_ws/install/rosgraph_msgs/lib:/home/rasp/ros2_ws/install/rclc_parameter/lib:/home/rasp/ros2_ws/install/rclc/lib:/home/rasp/ros2_ws/install/composition_interfaces/lib:/home/rasp/ros2_ws/install/rcl_interfaces/lib:/home/rasp/ros2_ws/install/microxrcedds_client/lib:/home/rasp/ros2_ws/install/microcdr/lib:/home/rasp/ros2_ws/install/micro_ros_utilities/lib:/home/rasp/ros2_ws/install/micro_ros_agent/lib:/home/rasp/ros2_ws/install/lifecycle_msgs/lib:/home/rasp/ros2_ws/install/example_interfaces/lib:/home/rasp/ros2_ws/install/complex_msgs/lib:/home/rasp/ros2_ws/install/builtin_interfaces/lib:/opt/ros/jazzy/opt/gz_sim_vendor/lib:/opt/ros/jazzy/opt/gz_sensors_vendor/lib:/opt/ros/jazzy/opt/gz_physics_vendor/lib:/opt/ros/jazzy/opt/sdformat_vendor/lib:/opt/ros/jazzy/opt/rviz_ogre_vendor/lib:/opt/ros/jazzy/lib/x86_64-linux-gnu:/opt/ros/jazzy/opt/gz_gui_vendor/lib:/opt/ros/jazzy/opt/gz_transport_vendor/lib:/opt/ros/jazzy/opt/gz_rendering_vendor/lib:/opt/ros/jazzy/opt/gz_plugin_vendor/lib:/opt/ros/jazzy/opt/gz_fuel_tools_vendor/lib:/opt/ros/jazzy/opt/gz_msgs_vendor/lib:/opt/ros/jazzy/opt/gz_common_vendor/lib:/opt/ros/jazzy/opt/gz_math_vendor/lib:/opt/ros/jazzy/opt/gz_utils_vendor/lib:/opt/ros/jazzy/opt/gz_tools_vendor/lib:/opt/ros/jazzy/opt/gz_ogre_next_vendor/lib:/opt/ros/jazzy/opt/gz_dartsim_vendor/lib:/opt/ros/jazzy/opt/gz_cmake_vendor/lib:/opt/ros/jazzy/lib PYTHONPATH=/home/rasp/ros2_ws/install/micro_ros_msgs/lib/python3.12/site-packages:/home/rasp/ros2_ws/install/visualization_msgs/lib/python3.12/site-packages:/home/rasp/ros2_ws/install/action_msgs/lib/python3.12/site-packages:/home/rasp/ros2_ws/install/unique_identifier_msgs/lib/python3.12/site-packages:/home/rasp/ros2_ws/install/type_description_interfaces/lib/python3.12/site-packages:/home/rasp/ros2_ws/install/trajectory_msgs/lib/python3.12/site-packages:/home/rasp/ros2_ws/install/test_msgs/lib/python3.12/site-packages:/home/rasp/ros2_ws/install/stereo_msgs/lib/python3.12/site-packages:/home/rasp/ros2_ws/install/std_srvs/lib/python3.12/site-packages:/home/rasp/ros2_ws/install/shape_msgs/lib/python3.12/site-packages:/home/rasp/ros2_ws/install/sensor_msgs_py/lib/python3.12/site-packages:/home/rasp/ros2_ws/install/sensor_msgs/lib/python3.12/site-packages:/home/rasp/ros2_ws/install/nav_msgs/lib/python3.12/site-packages:/home/rasp/ros2_ws/install/diagnostic_msgs/lib/python3.12/site-packages:/home/rasp/ros2_ws/install/geometry_msgs/lib/python3.12/site-packages:/home/rasp/ros2_ws/install/actionlib_msgs/lib/python3.12/site-packages:/home/rasp/ros2_ws/install/std_msgs/lib/python3.12/site-packages:/home/rasp/ros2_ws/install/statistics_msgs/lib/python3.12/site-packages:/home/rasp/ros2_ws/install/service_msgs/lib/python3.12/site-packages:/home/rasp/ros2_ws/install/rosidl_typesupport_microxrcedds_cpp/lib/python3.12/site-packages:/home/rasp/ros2_ws/install/rosidl_typesupport_microxrcedds_c/lib/python3.12/site-packages:/home/rasp/ros2_ws/install/rosgraph_msgs/lib/python3.12/site-packages:/home/rasp/ros2_ws/install/robot_description/lib/python3.12/site-packages:/home/rasp/ros2_ws/install/composition_interfaces/lib/python3.12/site-packages:/home/rasp/ros2_ws/install/rcl_interfaces/lib/python3.12/site-packages:/home/rasp/ros2_ws/install/lifecycle_msgs/lib/python3.12/site-packages:/home/rasp/ros2_ws/install/example_interfaces/lib/python3.12/site-packages:/home/rasp/ros2_ws/install/complex_msgs/lib/python3.12/site-packages:/home/rasp/ros2_ws/install/builtin_interfaces/lib/python3.12/site-packages:/opt/ros/jazzy/lib/python3.12/site-packages /usr/bin/cmake --build /home/rasp/ros2_ws/build/micro_ros_agent -- -j2 -l2
[3.852s] DEBUG:colcon.colcon_core.event_handler.log_command:Invoking command in '/home/rasp/ros2_ws/build/micro_ros_agent': CMAKE_PREFIX_PATH=/home/rasp/ros2_ws/install/micro_ros_msgs:/home/rasp/ros2_ws/install/micro_ros_demos_rclc:/home/rasp/ros2_ws/install/common_interfaces:/home/rasp/ros2_ws/install/visualization_msgs:/home/rasp/ros2_ws/install/action_msgs:/home/rasp/ros2_ws/install/unique_identifier_msgs:/home/rasp/ros2_ws/install/type_description_interfaces:/home/rasp/ros2_ws/install/trajectory_msgs:/home/rasp/ros2_ws/install/test_msgs:/home/rasp/ros2_ws/install/test_interface_files:/home/rasp/ros2_ws/install/stereo_msgs:/home/rasp/ros2_ws/install/sllidar_ros2:/home/rasp/ros2_ws/install/std_srvs:/home/rasp/ros2_ws/install/shape_msgs:/home/rasp/ros2_ws/install/rf2o_laser_odometry:/home/rasp/ros2_ws/install/laser_filters:/home/rasp/ros2_ws/install/sensor_msgs:/home/rasp/ros2_ws/install/nav_msgs:/home/rasp/ros2_ws/install/diagnostic_msgs:/home/rasp/ros2_ws/install/geometry_msgs:/home/rasp/ros2_ws/install/actionlib_msgs:/home/rasp/ros2_ws/install/std_msgs:/home/rasp/ros2_ws/install/statistics_msgs:/home/rasp/ros2_ws/install/service_msgs:/home/rasp/ros2_ws/install/rosidl_typesupport_microxrcedds_test_msg:/home/rasp/ros2_ws/install/rosidl_typesupport_microxrcedds_cpp_tests:/home/rasp/ros2_ws/install/rmw_microxrcedds:/home/rasp/ros2_ws/install/rosidl_typesupport_microxrcedds_cpp:/home/rasp/ros2_ws/install/rosidl_typesupport_microxrcedds_c_tests:/home/rasp/ros2_ws/install/rosidl_typesupport_microxrcedds_c:/home/rasp/ros2_ws/install/rosgraph_msgs:/home/rasp/ros2_ws/install/robot_nav:/home/rasp/ros2_ws/install/rclc_parameter:/home/rasp/ros2_ws/install/rclc:/home/rasp/ros2_ws/install/composition_interfaces:/home/rasp/ros2_ws/install/rcl_interfaces:/home/rasp/ros2_ws/install/microxrcedds_client:/home/rasp/ros2_ws/install/microcdr:/home/rasp/ros2_ws/install/micro_ros_utilities:/home/rasp/ros2_ws/install/micro_ros_setup:/home/rasp/ros2_ws/install/micro_ros_agent:/home/rasp/ros2_ws/install/lifecycle_msgs:/home/rasp/ros2_ws/install/example_interfaces:/home/rasp/ros2_ws/install/complex_msgs:/home/rasp/ros2_ws/install/builtin_interfaces:/opt/ros/jazzy/opt/gz_sim_vendor:/opt/ros/jazzy/opt/gz_sensors_vendor:/opt/ros/jazzy/opt/gz_physics_vendor:/opt/ros/jazzy/opt/sdformat_vendor:/opt/ros/jazzy/opt/gz_gui_vendor:/opt/ros/jazzy/opt/gz_transport_vendor:/opt/ros/jazzy/opt/gz_rendering_vendor:/opt/ros/jazzy/opt/gz_plugin_vendor:/opt/ros/jazzy/opt/gz_fuel_tools_vendor:/opt/ros/jazzy/opt/gz_msgs_vendor:/opt/ros/jazzy/opt/gz_common_vendor:/opt/ros/jazzy/opt/gz_math_vendor:/opt/ros/jazzy/opt/gz_utils_vendor:/opt/ros/jazzy/opt/gz_tools_vendor:/opt/ros/jazzy/opt/gz_ogre_next_vendor:/opt/ros/jazzy/opt/gz_dartsim_vendor:/opt/ros/jazzy/opt/gz_cmake_vendor:/home/rasp/ros2_ws/install/sensor_msgs_py:/home/rasp/ros2_ws/install/robot_description:/opt/ros/jazzy DEBUGINFOD_URLS=https://debuginfod.ubuntu.com LD_LIBRARY_PATH=/home/rasp/ros2_ws/install/micro_ros_msgs/lib:/home/rasp/ros2_ws/install/visualization_msgs/lib:/home/rasp/ros2_ws/install/action_msgs/lib:/home/rasp/ros2_ws/install/unique_identifier_msgs/lib:/home/rasp/ros2_ws/install/type_description_interfaces/lib:/home/rasp/ros2_ws/install/trajectory_msgs/lib:/home/rasp/ros2_ws/install/test_msgs/lib:/home/rasp/ros2_ws/install/stereo_msgs/lib:/home/rasp/ros2_ws/install/std_srvs/lib:/home/rasp/ros2_ws/install/shape_msgs/lib:/home/rasp/ros2_ws/install/laser_filters/lib:/home/rasp/ros2_ws/install/sensor_msgs/lib:/home/rasp/ros2_ws/install/nav_msgs/lib:/home/rasp/ros2_ws/install/diagnostic_msgs/lib:/home/rasp/ros2_ws/install/geometry_msgs/lib:/home/rasp/ros2_ws/install/actionlib_msgs/lib:/home/rasp/ros2_ws/install/std_msgs/lib:/home/rasp/ros2_ws/install/statistics_msgs/lib:/home/rasp/ros2_ws/install/service_msgs/lib:/home/rasp/ros2_ws/install/rmw_microxrcedds/lib:/home/rasp/ros2_ws/install/rosidl_typesupport_microxrcedds_cpp/lib:/home/rasp/ros2_ws/install/rosidl_typesupport_microxrcedds_c/lib:/home/rasp/ros2_ws/install/rosgraph_msgs/lib:/home/rasp/ros2_ws/install/rclc_parameter/lib:/home/rasp/ros2_ws/install/rclc/lib:/home/rasp/ros2_ws/install/composition_interfaces/lib:/home/rasp/ros2_ws/install/rcl_interfaces/lib:/home/rasp/ros2_ws/install/microxrcedds_client/lib:/home/rasp/ros2_ws/install/microcdr/lib:/home/rasp/ros2_ws/install/micro_ros_utilities/lib:/home/rasp/ros2_ws/install/micro_ros_agent/lib:/home/rasp/ros2_ws/install/lifecycle_msgs/lib:/home/rasp/ros2_ws/install/example_interfaces/lib:/home/rasp/ros2_ws/install/complex_msgs/lib:/home/rasp/ros2_ws/install/builtin_interfaces/lib:/opt/ros/jazzy/opt/gz_sim_vendor/lib:/opt/ros/jazzy/opt/gz_sensors_vendor/lib:/opt/ros/jazzy/opt/gz_physics_vendor/lib:/opt/ros/jazzy/opt/sdformat_vendor/lib:/opt/ros/jazzy/opt/rviz_ogre_vendor/lib:/opt/ros/jazzy/lib/x86_64-linux-gnu:/opt/ros/jazzy/opt/gz_gui_vendor/lib:/opt/ros/jazzy/opt/gz_transport_vendor/lib:/opt/ros/jazzy/opt/gz_rendering_vendor/lib:/opt/ros/jazzy/opt/gz_plugin_vendor/lib:/opt/ros/jazzy/opt/gz_fuel_tools_vendor/lib:/opt/ros/jazzy/opt/gz_msgs_vendor/lib:/opt/ros/jazzy/opt/gz_common_vendor/lib:/opt/ros/jazzy/opt/gz_math_vendor/lib:/opt/ros/jazzy/opt/gz_utils_vendor/lib:/opt/ros/jazzy/opt/gz_tools_vendor/lib:/opt/ros/jazzy/opt/gz_ogre_next_vendor/lib:/opt/ros/jazzy/opt/gz_dartsim_vendor/lib:/opt/ros/jazzy/opt/gz_cmake_vendor/lib:/opt/ros/jazzy/lib PYTHONPATH=/home/rasp/ros2_ws/install/micro_ros_msgs/lib/python3.12/site-packages:/home/rasp/ros2_ws/install/visualization_msgs/lib/python3.12/site-packages:/home/rasp/ros2_ws/install/action_msgs/lib/python3.12/site-packages:/home/rasp/ros2_ws/install/unique_identifier_msgs/lib/python3.12/site-packages:/home/rasp/ros2_ws/install/type_description_interfaces/lib/python3.12/site-packages:/home/rasp/ros2_ws/install/trajectory_msgs/lib/python3.12/site-packages:/home/rasp/ros2_ws/install/test_msgs/lib/python3.12/site-packages:/home/rasp/ros2_ws/install/stereo_msgs/lib/python3.12/site-packages:/home/rasp/ros2_ws/install/std_srvs/lib/python3.12/site-packages:/home/rasp/ros2_ws/install/shape_msgs/lib/python3.12/site-packages:/home/rasp/ros2_ws/install/sensor_msgs_py/lib/python3.12/site-packages:/home/rasp/ros2_ws/install/sensor_msgs/lib/python3.12/site-packages:/home/rasp/ros2_ws/install/nav_msgs/lib/python3.12/site-packages:/home/rasp/ros2_ws/install/diagnostic_msgs/lib/python3.12/site-packages:/home/rasp/ros2_ws/install/geometry_msgs/lib/python3.12/site-packages:/home/rasp/ros2_ws/install/actionlib_msgs/lib/python3.12/site-packages:/home/rasp/ros2_ws/install/std_msgs/lib/python3.12/site-packages:/home/rasp/ros2_ws/install/statistics_msgs/lib/python3.12/site-packages:/home/rasp/ros2_ws/install/service_msgs/lib/python3.12/site-packages:/home/rasp/ros2_ws/install/rosidl_typesupport_microxrcedds_cpp/lib/python3.12/site-packages:/home/rasp/ros2_ws/install/rosidl_typesupport_microxrcedds_c/lib/python3.12/site-packages:/home/rasp/ros2_ws/install/rosgraph_msgs/lib/python3.12/site-packages:/home/rasp/ros2_ws/install/robot_description/lib/python3.12/site-packages:/home/rasp/ros2_ws/install/composition_interfaces/lib/python3.12/site-packages:/home/rasp/ros2_ws/install/rcl_interfaces/lib/python3.12/site-packages:/home/rasp/ros2_ws/install/lifecycle_msgs/lib/python3.12/site-packages:/home/rasp/ros2_ws/install/example_interfaces/lib/python3.12/site-packages:/home/rasp/ros2_ws/install/complex_msgs/lib/python3.12/site-packages:/home/rasp/ros2_ws/install/builtin_interfaces/lib/python3.12/site-packages:/opt/ros/jazzy/lib/python3.12/site-packages /usr/bin/cmake --install /home/rasp/ros2_ws/build/micro_ros_agent
[3.889s] Level 1:colcon.colcon_core.environment:create_environment_scripts_only(micro_ros_agent)
[3.890s] Level 1:colcon.colcon_core.environment:checking '/home/rasp/ros2_ws/install/micro_ros_agent' for CMake module files
[3.890s] DEBUG:colcon.colcon_core.event_handler.log_command:Invoked command in '/home/rasp/ros2_ws/build/micro_ros_agent' returned '0': CMAKE_PREFIX_PATH=/home/rasp/ros2_ws/install/micro_ros_msgs:/home/rasp/ros2_ws/install/micro_ros_demos_rclc:/home/rasp/ros2_ws/install/common_interfaces:/home/rasp/ros2_ws/install/visualization_msgs:/home/rasp/ros2_ws/install/action_msgs:/home/rasp/ros2_ws/install/unique_identifier_msgs:/home/rasp/ros2_ws/install/type_description_interfaces:/home/rasp/ros2_ws/install/trajectory_msgs:/home/rasp/ros2_ws/install/test_msgs:/home/rasp/ros2_ws/install/test_interface_files:/home/rasp/ros2_ws/install/stereo_msgs:/home/rasp/ros2_ws/install/sllidar_ros2:/home/rasp/ros2_ws/install/std_srvs:/home/rasp/ros2_ws/install/shape_msgs:/home/rasp/ros2_ws/install/rf2o_laser_odometry:/home/rasp/ros2_ws/install/laser_filters:/home/rasp/ros2_ws/install/sensor_msgs:/home/rasp/ros2_ws/install/nav_msgs:/home/rasp/ros2_ws/install/diagnostic_msgs:/home/rasp/ros2_ws/install/geometry_msgs:/home/rasp/ros2_ws/install/actionlib_msgs:/home/rasp/ros2_ws/install/std_msgs:/home/rasp/ros2_ws/install/statistics_msgs:/home/rasp/ros2_ws/install/service_msgs:/home/rasp/ros2_ws/install/rosidl_typesupport_microxrcedds_test_msg:/home/rasp/ros2_ws/install/rosidl_typesupport_microxrcedds_cpp_tests:/home/rasp/ros2_ws/install/rmw_microxrcedds:/home/rasp/ros2_ws/install/rosidl_typesupport_microxrcedds_cpp:/home/rasp/ros2_ws/install/rosidl_typesupport_microxrcedds_c_tests:/home/rasp/ros2_ws/install/rosidl_typesupport_microxrcedds_c:/home/rasp/ros2_ws/install/rosgraph_msgs:/home/rasp/ros2_ws/install/robot_nav:/home/rasp/ros2_ws/install/rclc_parameter:/home/rasp/ros2_ws/install/rclc:/home/rasp/ros2_ws/install/composition_interfaces:/home/rasp/ros2_ws/install/rcl_interfaces:/home/rasp/ros2_ws/install/microxrcedds_client:/home/rasp/ros2_ws/install/microcdr:/home/rasp/ros2_ws/install/micro_ros_utilities:/home/rasp/ros2_ws/install/micro_ros_setup:/home/rasp/ros2_ws/install/micro_ros_agent:/home/rasp/ros2_ws/install/lifecycle_msgs:/home/rasp/ros2_ws/install/example_interfaces:/home/rasp/ros2_ws/install/complex_msgs:/home/rasp/ros2_ws/install/builtin_interfaces:/opt/ros/jazzy/opt/gz_sim_vendor:/opt/ros/jazzy/opt/gz_sensors_vendor:/opt/ros/jazzy/opt/gz_physics_vendor:/opt/ros/jazzy/opt/sdformat_vendor:/opt/ros/jazzy/opt/gz_gui_vendor:/opt/ros/jazzy/opt/gz_transport_vendor:/opt/ros/jazzy/opt/gz_rendering_vendor:/opt/ros/jazzy/opt/gz_plugin_vendor:/opt/ros/jazzy/opt/gz_fuel_tools_vendor:/opt/ros/jazzy/opt/gz_msgs_vendor:/opt/ros/jazzy/opt/gz_common_vendor:/opt/ros/jazzy/opt/gz_math_vendor:/opt/ros/jazzy/opt/gz_utils_vendor:/opt/ros/jazzy/opt/gz_tools_vendor:/opt/ros/jazzy/opt/gz_ogre_next_vendor:/opt/ros/jazzy/opt/gz_dartsim_vendor:/opt/ros/jazzy/opt/gz_cmake_vendor:/home/rasp/ros2_ws/install/sensor_msgs_py:/home/rasp/ros2_ws/install/robot_description:/opt/ros/jazzy DEBUGINFOD_URLS=https://debuginfod.ubuntu.com LD_LIBRARY_PATH=/home/rasp/ros2_ws/install/micro_ros_msgs/lib:/home/rasp/ros2_ws/install/visualization_msgs/lib:/home/rasp/ros2_ws/install/action_msgs/lib:/home/rasp/ros2_ws/install/unique_identifier_msgs/lib:/home/rasp/ros2_ws/install/type_description_interfaces/lib:/home/rasp/ros2_ws/install/trajectory_msgs/lib:/home/rasp/ros2_ws/install/test_msgs/lib:/home/rasp/ros2_ws/install/stereo_msgs/lib:/home/rasp/ros2_ws/install/std_srvs/lib:/home/rasp/ros2_ws/install/shape_msgs/lib:/home/rasp/ros2_ws/install/laser_filters/lib:/home/rasp/ros2_ws/install/sensor_msgs/lib:/home/rasp/ros2_ws/install/nav_msgs/lib:/home/rasp/ros2_ws/install/diagnostic_msgs/lib:/home/rasp/ros2_ws/install/geometry_msgs/lib:/home/rasp/ros2_ws/install/actionlib_msgs/lib:/home/rasp/ros2_ws/install/std_msgs/lib:/home/rasp/ros2_ws/install/statistics_msgs/lib:/home/rasp/ros2_ws/install/service_msgs/lib:/home/rasp/ros2_ws/install/rmw_microxrcedds/lib:/home/rasp/ros2_ws/install/rosidl_typesupport_microxrcedds_cpp/lib:/home/rasp/ros2_ws/install/rosidl_typesupport_microxrcedds_c/lib:/home/rasp/ros2_ws/install/rosgraph_msgs/lib:/home/rasp/ros2_ws/install/rclc_parameter/lib:/home/rasp/ros2_ws/install/rclc/lib:/home/rasp/ros2_ws/install/composition_interfaces/lib:/home/rasp/ros2_ws/install/rcl_interfaces/lib:/home/rasp/ros2_ws/install/microxrcedds_client/lib:/home/rasp/ros2_ws/install/microcdr/lib:/home/rasp/ros2_ws/install/micro_ros_utilities/lib:/home/rasp/ros2_ws/install/micro_ros_agent/lib:/home/rasp/ros2_ws/install/lifecycle_msgs/lib:/home/rasp/ros2_ws/install/example_interfaces/lib:/home/rasp/ros2_ws/install/complex_msgs/lib:/home/rasp/ros2_ws/install/builtin_interfaces/lib:/opt/ros/jazzy/opt/gz_sim_vendor/lib:/opt/ros/jazzy/opt/gz_sensors_vendor/lib:/opt/ros/jazzy/opt/gz_physics_vendor/lib:/opt/ros/jazzy/opt/sdformat_vendor/lib:/opt/ros/jazzy/opt/rviz_ogre_vendor/lib:/opt/ros/jazzy/lib/x86_64-linux-gnu:/opt/ros/jazzy/opt/gz_gui_vendor/lib:/opt/ros/jazzy/opt/gz_transport_vendor/lib:/opt/ros/jazzy/opt/gz_rendering_vendor/lib:/opt/ros/jazzy/opt/gz_plugin_vendor/lib:/opt/ros/jazzy/opt/gz_fuel_tools_vendor/lib:/opt/ros/jazzy/opt/gz_msgs_vendor/lib:/opt/ros/jazzy/opt/gz_common_vendor/lib:/opt/ros/jazzy/opt/gz_math_vendor/lib:/opt/ros/jazzy/opt/gz_utils_vendor/lib:/opt/ros/jazzy/opt/gz_tools_vendor/lib:/opt/ros/jazzy/opt/gz_ogre_next_vendor/lib:/opt/ros/jazzy/opt/gz_dartsim_vendor/lib:/opt/ros/jazzy/opt/gz_cmake_vendor/lib:/opt/ros/jazzy/lib PYTHONPATH=/home/rasp/ros2_ws/install/micro_ros_msgs/lib/python3.12/site-packages:/home/rasp/ros2_ws/install/visualization_msgs/lib/python3.12/site-packages:/home/rasp/ros2_ws/install/action_msgs/lib/python3.12/site-packages:/home/rasp/ros2_ws/install/unique_identifier_msgs/lib/python3.12/site-packages:/home/rasp/ros2_ws/install/type_description_interfaces/lib/python3.12/site-packages:/home/rasp/ros2_ws/install/trajectory_msgs/lib/python3.12/site-packages:/home/rasp/ros2_ws/install/test_msgs/lib/python3.12/site-packages:/home/rasp/ros2_ws/install/stereo_msgs/lib/python3.12/site-packages:/home/rasp/ros2_ws/install/std_srvs/lib/python3.12/site-packages:/home/rasp/ros2_ws/install/shape_msgs/lib/python3.12/site-packages:/home/rasp/ros2_ws/install/sensor_msgs_py/lib/python3.12/site-packages:/home/rasp/ros2_ws/install/sensor_msgs/lib/python3.12/site-packages:/home/rasp/ros2_ws/install/nav_msgs/lib/python3.12/site-packages:/home/rasp/ros2_ws/install/diagnostic_msgs/lib/python3.12/site-packages:/home/rasp/ros2_ws/install/geometry_msgs/lib/python3.12/site-packages:/home/rasp/ros2_ws/install/actionlib_msgs/lib/python3.12/site-packages:/home/rasp/ros2_ws/install/std_msgs/lib/python3.12/site-packages:/home/rasp/ros2_ws/install/statistics_msgs/lib/python3.12/site-packages:/home/rasp/ros2_ws/install/service_msgs/lib/python3.12/site-packages:/home/rasp/ros2_ws/install/rosidl_typesupport_microxrcedds_cpp/lib/python3.12/site-packages:/home/rasp/ros2_ws/install/rosidl_typesupport_microxrcedds_c/lib/python3.12/site-packages:/home/rasp/ros2_ws/install/rosgraph_msgs/lib/python3.12/site-packages:/home/rasp/ros2_ws/install/robot_description/lib/python3.12/site-packages:/home/rasp/ros2_ws/install/composition_interfaces/lib/python3.12/site-packages:/home/rasp/ros2_ws/install/rcl_interfaces/lib/python3.12/site-packages:/home/rasp/ros2_ws/install/lifecycle_msgs/lib/python3.12/site-packages:/home/rasp/ros2_ws/install/example_interfaces/lib/python3.12/site-packages:/home/rasp/ros2_ws/install/complex_msgs/lib/python3.12/site-packages:/home/rasp/ros2_ws/install/builtin_interfaces/lib/python3.12/site-packages:/opt/ros/jazzy/lib/python3.12/site-packages /usr/bin/cmake --install /home/rasp/ros2_ws/build/micro_ros_agent
[3.891s] Level 1:colcon.colcon_core.environment:checking '/home/rasp/ros2_ws/install/micro_ros_agent' for CMake config files
[3.892s] Level 1:colcon.colcon_core.shell:create_environment_hook('micro_ros_agent', 'cmake_prefix_path')
[3.892s] INFO:colcon.colcon_core.shell:Creating environment hook '/home/rasp/ros2_ws/install/micro_ros_agent/share/micro_ros_agent/hook/cmake_prefix_path.ps1'
[3.892s] INFO:colcon.colcon_core.shell:Creating environment descriptor '/home/rasp/ros2_ws/install/micro_ros_agent/share/micro_ros_agent/hook/cmake_prefix_path.dsv'
[3.893s] INFO:colcon.colcon_core.shell:Creating environment hook '/home/rasp/ros2_ws/install/micro_ros_agent/share/micro_ros_agent/hook/cmake_prefix_path.sh'
[3.894s] Level 1:colcon.colcon_core.environment:checking '/home/rasp/ros2_ws/install/micro_ros_agent/lib'
[3.894s] Level 1:colcon.colcon_core.shell:create_environment_hook('micro_ros_agent', 'ld_library_path_lib')
[3.894s] INFO:colcon.colcon_core.shell:Creating environment hook '/home/rasp/ros2_ws/install/micro_ros_agent/share/micro_ros_agent/hook/ld_library_path_lib.ps1'
[3.895s] INFO:colcon.colcon_core.shell:Creating environment descriptor '/home/rasp/ros2_ws/install/micro_ros_agent/share/micro_ros_agent/hook/ld_library_path_lib.dsv'
[3.895s] INFO:colcon.colcon_core.shell:Creating environment hook '/home/rasp/ros2_ws/install/micro_ros_agent/share/micro_ros_agent/hook/ld_library_path_lib.sh'
[3.896s] Level 1:colcon.colcon_core.environment:checking '/home/rasp/ros2_ws/install/micro_ros_agent/bin'
[3.896s] Level 1:colcon.colcon_core.environment:checking '/home/rasp/ros2_ws/install/micro_ros_agent/lib/pkgconfig/micro_ros_agent.pc'
[3.897s] Level 1:colcon.colcon_core.environment:checking '/home/rasp/ros2_ws/install/micro_ros_agent/lib/python3.12/site-packages'
[3.897s] Level 1:colcon.colcon_core.environment:checking '/home/rasp/ros2_ws/install/micro_ros_agent/bin'
[3.897s] INFO:colcon.colcon_core.shell:Creating package script '/home/rasp/ros2_ws/install/micro_ros_agent/share/micro_ros_agent/package.ps1'
[3.897s] INFO:colcon.colcon_core.shell:Creating package descriptor '/home/rasp/ros2_ws/install/micro_ros_agent/share/micro_ros_agent/package.dsv'
[3.898s] INFO:colcon.colcon_core.shell:Creating package script '/home/rasp/ros2_ws/install/micro_ros_agent/share/micro_ros_agent/package.sh'
[3.899s] INFO:colcon.colcon_core.shell:Creating package script '/home/rasp/ros2_ws/install/micro_ros_agent/share/micro_ros_agent/package.bash'
[3.899s] INFO:colcon.colcon_core.shell:Creating package script '/home/rasp/ros2_ws/install/micro_ros_agent/share/micro_ros_agent/package.zsh'
[3.900s] Level 1:colcon.colcon_core.environment:create_file_with_runtime_dependencies(/home/rasp/ros2_ws/install/micro_ros_agent/share/colcon-core/packages/micro_ros_agent)
[3.901s] Level 1:colcon.colcon_core.environment:create_environment_scripts_only(micro_ros_agent)
[3.901s] Level 1:colcon.colcon_core.environment:checking '/home/rasp/ros2_ws/install/micro_ros_agent' for CMake module files
[3.901s] Level 1:colcon.colcon_core.environment:checking '/home/rasp/ros2_ws/install/micro_ros_agent' for CMake config files
[3.901s] Level 1:colcon.colcon_core.shell:create_environment_hook('micro_ros_agent', 'cmake_prefix_path')
[3.901s] INFO:colcon.colcon_core.shell:Creating environment hook '/home/rasp/ros2_ws/install/micro_ros_agent/share/micro_ros_agent/hook/cmake_prefix_path.ps1'
[3.902s] INFO:colcon.colcon_core.shell:Creating environment descriptor '/home/rasp/ros2_ws/install/micro_ros_agent/share/micro_ros_agent/hook/cmake_prefix_path.dsv'
[3.902s] INFO:colcon.colcon_core.shell:Creating environment hook '/home/rasp/ros2_ws/install/micro_ros_agent/share/micro_ros_agent/hook/cmake_prefix_path.sh'
[3.903s] Level 1:colcon.colcon_core.environment:checking '/home/rasp/ros2_ws/install/micro_ros_agent/lib'
[3.903s] Level 1:colcon.colcon_core.shell:create_environment_hook('micro_ros_agent', 'ld_library_path_lib')
[3.903s] INFO:colcon.colcon_core.shell:Creating environment hook '/home/rasp/ros2_ws/install/micro_ros_agent/share/micro_ros_agent/hook/ld_library_path_lib.ps1'
[3.904s] INFO:colcon.colcon_core.shell:Creating environment descriptor '/home/rasp/ros2_ws/install/micro_ros_agent/share/micro_ros_agent/hook/ld_library_path_lib.dsv'
[3.904s] INFO:colcon.colcon_core.shell:Creating environment hook '/home/rasp/ros2_ws/install/micro_ros_agent/share/micro_ros_agent/hook/ld_library_path_lib.sh'
[3.905s] Level 1:colcon.colcon_core.environment:checking '/home/rasp/ros2_ws/install/micro_ros_agent/bin'
[3.905s] Level 1:colcon.colcon_core.environment:checking '/home/rasp/ros2_ws/install/micro_ros_agent/lib/pkgconfig/micro_ros_agent.pc'
[3.905s] Level 1:colcon.colcon_core.environment:checking '/home/rasp/ros2_ws/install/micro_ros_agent/lib/python3.12/site-packages'
[3.905s] Level 1:colcon.colcon_core.environment:checking '/home/rasp/ros2_ws/install/micro_ros_agent/bin'
[3.905s] INFO:colcon.colcon_core.shell:Creating package script '/home/rasp/ros2_ws/install/micro_ros_agent/share/micro_ros_agent/package.ps1'
[3.906s] INFO:colcon.colcon_core.shell:Creating package descriptor '/home/rasp/ros2_ws/install/micro_ros_agent/share/micro_ros_agent/package.dsv'
[3.907s] INFO:colcon.colcon_core.shell:Creating package script '/home/rasp/ros2_ws/install/micro_ros_agent/share/micro_ros_agent/package.sh'
[3.908s] INFO:colcon.colcon_core.shell:Creating package script '/home/rasp/ros2_ws/install/micro_ros_agent/share/micro_ros_agent/package.bash'
[3.908s] INFO:colcon.colcon_core.shell:Creating package script '/home/rasp/ros2_ws/install/micro_ros_agent/share/micro_ros_agent/package.zsh'
[3.909s] Level 1:colcon.colcon_core.environment:create_file_with_runtime_dependencies(/home/rasp/ros2_ws/install/micro_ros_agent/share/colcon-core/packages/micro_ros_agent)
[4.267s] DEBUG:colcon.colcon_core.event_handler.log_command:Invoking command in '/home/rasp/ros2_ws/src/robot_description': DEBUGINFOD_URLS=https://debuginfod.ubuntu.com PYTHONPATH=/home/rasp/ros2_ws/build/robot_description/prefix_override:/usr/lib/python3/dist-packages/colcon_core/task/python/colcon_distutils_commands:/home/rasp/ros2_ws/install/robot_description/lib/python3.12/site-packages:${PYTHONPATH} /usr/bin/python3 -W ignore:setup.py install is deprecated -W ignore:easy_install command is deprecated setup.py egg_info --egg-base ../../build/robot_description build --build-base /home/rasp/ros2_ws/build/robot_description/build install --record /home/rasp/ros2_ws/build/robot_description/install.log --single-version-externally-managed install_data
[4.902s] Level 1:colcon.colcon_core.environment:checking '/home/rasp/ros2_ws/install/robot_description' for CMake module files
[4.902s] DEBUG:colcon.colcon_core.event_handler.log_command:Invoked command in '/home/rasp/ros2_ws/src/robot_description' returned '0': DEBUGINFOD_URLS=https://debuginfod.ubuntu.com PYTHONPATH=/home/rasp/ros2_ws/build/robot_description/prefix_override:/usr/lib/python3/dist-packages/colcon_core/task/python/colcon_distutils_commands:/home/rasp/ros2_ws/install/robot_description/lib/python3.12/site-packages:${PYTHONPATH} /usr/bin/python3 -W ignore:setup.py install is deprecated -W ignore:easy_install command is deprecated setup.py egg_info --egg-base ../../build/robot_description build --build-base /home/rasp/ros2_ws/build/robot_description/build install --record /home/rasp/ros2_ws/build/robot_description/install.log --single-version-externally-managed install_data
[4.903s] Level 1:colcon.colcon_core.environment:checking '/home/rasp/ros2_ws/install/robot_description' for CMake config files
[4.904s] Level 1:colcon.colcon_core.environment:checking '/home/rasp/ros2_ws/install/robot_description/lib'
[4.904s] Level 1:colcon.colcon_core.environment:checking '/home/rasp/ros2_ws/install/robot_description/bin'
[4.904s] Level 1:colcon.colcon_core.environment:checking '/home/rasp/ros2_ws/install/robot_description/lib/pkgconfig/robot_description.pc'
[4.904s] Level 1:colcon.colcon_core.environment:checking '/home/rasp/ros2_ws/install/robot_description/lib/python3.12/site-packages'
[4.904s] Level 1:colcon.colcon_core.shell:create_environment_hook('robot_description', 'pythonpath')
[4.904s] INFO:colcon.colcon_core.shell:Creating environment hook '/home/rasp/ros2_ws/install/robot_description/share/robot_description/hook/pythonpath.ps1'
[4.905s] INFO:colcon.colcon_core.shell:Creating environment descriptor '/home/rasp/ros2_ws/install/robot_description/share/robot_description/hook/pythonpath.dsv'
[4.905s] INFO:colcon.colcon_core.shell:Creating environment hook '/home/rasp/ros2_ws/install/robot_description/share/robot_description/hook/pythonpath.sh'
[4.906s] Level 1:colcon.colcon_core.environment:checking '/home/rasp/ros2_ws/install/robot_description/bin'
[4.906s] Level 1:colcon.colcon_core.environment:create_environment_scripts_only(robot_description)
[4.907s] INFO:colcon.colcon_core.shell:Creating package script '/home/rasp/ros2_ws/install/robot_description/share/robot_description/package.ps1'
[4.907s] INFO:colcon.colcon_core.shell:Creating package descriptor '/home/rasp/ros2_ws/install/robot_description/share/robot_description/package.dsv'
[4.908s] INFO:colcon.colcon_core.shell:Creating package script '/home/rasp/ros2_ws/install/robot_description/share/robot_description/package.sh'
[4.908s] INFO:colcon.colcon_core.shell:Creating package script '/home/rasp/ros2_ws/install/robot_description/share/robot_description/package.bash'
[4.909s] INFO:colcon.colcon_core.shell:Creating package script '/home/rasp/ros2_ws/install/robot_description/share/robot_description/package.zsh'
[4.909s] Level 1:colcon.colcon_core.environment:create_file_with_runtime_dependencies(/home/rasp/ros2_ws/install/robot_description/share/colcon-core/packages/robot_description)
[4.911s] DEBUG:colcon.colcon_parallel_executor.executor.parallel:closing loop
[4.911s] DEBUG:colcon.colcon_parallel_executor.executor.parallel:loop closed
[4.911s] DEBUG:colcon.colcon_parallel_executor.executor.parallel:run_until_complete finished with '0'
[4.911s] DEBUG:colcon.colcon_core.event_reactor:joining thread
[4.937s] INFO:colcon.colcon_core.plugin_system:Skipping extension 'colcon_notification.desktop_notification.terminal_notifier': Not used on non-Darwin systems
[4.937s] INFO:colcon.colcon_core.plugin_system:Skipping extension 'colcon_notification.desktop_notification.win32': Not used on non-Windows systems
[4.938s] INFO:colcon.colcon_notification.desktop_notification:Sending desktop notification using 'notify2'
[5.000s] DEBUG:colcon.colcon_core.event_reactor:joined thread
[5.000s] INFO:colcon.colcon_core.shell:Creating prefix script '/home/rasp/ros2_ws/install/local_setup.ps1'
[5.002s] INFO:colcon.colcon_core.shell:Creating prefix util module '/home/rasp/ros2_ws/install/_local_setup_util_ps1.py'
[5.004s] INFO:colcon.colcon_core.shell:Creating prefix chain script '/home/rasp/ros2_ws/install/setup.ps1'
[5.008s] INFO:colcon.colcon_core.shell:Creating prefix script '/home/rasp/ros2_ws/install/local_setup.sh'
[5.009s] INFO:colcon.colcon_core.shell:Creating prefix util module '/home/rasp/ros2_ws/install/_local_setup_util_sh.py'
[5.009s] INFO:colcon.colcon_core.shell:Creating prefix chain script '/home/rasp/ros2_ws/install/setup.sh'
[5.013s] INFO:colcon.colcon_core.shell:Creating prefix script '/home/rasp/ros2_ws/install/local_setup.bash'
[5.014s] INFO:colcon.colcon_core.shell:Creating prefix chain script '/home/rasp/ros2_ws/install/setup.bash'
[5.018s] INFO:colcon.colcon_core.shell:Creating prefix script '/home/rasp/ros2_ws/install/local_setup.zsh'
[5.019s] INFO:colcon.colcon_core.shell:Creating prefix chain script '/home/rasp/ros2_ws/install/setup.zsh'
