[0.114s] DEBUG:colcon:Command line arguments: ['/usr/bin/colcon', 'build']
[0.114s] DEBUG:colcon:Parsed command line arguments: Namespace(log_base=None, log_level=None, verb_name='build', build_base='build', install_base='install', merge_install=False, symlink_install=False, test_result_base=None, continue_on_error=False, executor='parallel', parallel_workers=2, event_handlers=None, ignore_user_meta=False, metas=['./colcon.meta'], base_paths=['.'], packages_ignore=None, packages_ignore_regex=None, paths=None, packages_up_to=None, packages_up_to_regex=None, packages_above=None, packages_above_and_dependencies=None, packages_above_depth=None, packages_select_by_dep=None, packages_skip_by_dep=None, packages_skip_up_to=None, packages_select_build_failed=False, packages_skip_build_finished=False, packages_select_test_failures=False, packages_skip_test_passed=False, packages_select=None, packages_skip=None, packages_select_regex=None, packages_skip_regex=None, packages_start=None, packages_end=None, allow_overriding=[], cmake_args=None, cmake_target=None, cmake_target_skip_unavailable=False, cmake_clean_cache=False, cmake_clean_first=False, cmake_force_configure=False, ament_cmake_args=None, catkin_cmake_args=None, catkin_skip_building_tests=False, mixin_files=None, mixin=None, verb_parser=<colcon_mixin.mixin.mixin_argument.MixinArgumentDecorator object at 0x7ba24557ac30>, verb_extension=<colcon_core.verb.build.BuildVerb object at 0x7ba24557a900>, main=<bound method BuildVerb.main of <colcon_core.verb.build.BuildVerb object at 0x7ba24557a900>>, mixin_verb=('build',))
[0.155s] Level 1:colcon.colcon_core.package_discovery:discover_packages(colcon_meta) check parameters
[0.155s] Level 1:colcon.colcon_core.package_discovery:discover_packages(recursive) check parameters
[0.155s] Level 1:colcon.colcon_core.package_discovery:discover_packages(ignore) check parameters
[0.155s] Level 1:colcon.colcon_core.package_discovery:discover_packages(path) check parameters
[0.155s] Level 1:colcon.colcon_core.package_discovery:discover_packages(colcon_meta) discover
[0.155s] Level 1:colcon.colcon_core.package_discovery:discover_packages(recursive) discover
[0.155s] INFO:colcon.colcon_core.package_discovery:Crawling recursively for packages in '/home/rasp/ros2_ws'
[0.155s] Level 1:colcon.colcon_core.package_identification:_identify(.) by extensions ['ignore', 'ignore_ament_install']
[0.155s] Level 1:colcon.colcon_core.package_identification:_identify(.) by extension 'ignore'
[0.155s] Level 1:colcon.colcon_core.package_identification:_identify(.) by extension 'ignore_ament_install'
[0.155s] Level 1:colcon.colcon_core.package_identification:_identify(.) by extensions ['colcon_pkg']
[0.155s] Level 1:colcon.colcon_core.package_identification:_identify(.) by extension 'colcon_pkg'
[0.155s] Level 1:colcon.colcon_core.package_identification:_identify(.) by extensions ['colcon_meta']
[0.155s] Level 1:colcon.colcon_core.package_identification:_identify(.) by extension 'colcon_meta'
[0.155s] Level 1:colcon.colcon_core.package_identification:_identify(.) by extensions ['ros']
[0.155s] Level 1:colcon.colcon_core.package_identification:_identify(.) by extension 'ros'
[0.179s] Level 1:colcon.colcon_core.package_identification:_identify(.) by extensions ['cmake', 'python']
[0.179s] Level 1:colcon.colcon_core.package_identification:_identify(.) by extension 'cmake'
[0.179s] Level 1:colcon.colcon_core.package_identification:_identify(.) by extension 'python'
[0.179s] Level 1:colcon.colcon_core.package_identification:_identify(.) by extensions ['python_setup_py']
[0.179s] Level 1:colcon.colcon_core.package_identification:_identify(.) by extension 'python_setup_py'
[0.179s] Level 1:colcon.colcon_core.package_identification:_identify(build) by extensions ['ignore', 'ignore_ament_install']
[0.179s] Level 1:colcon.colcon_core.package_identification:_identify(build) by extension 'ignore'
[0.179s] Level 1:colcon.colcon_core.package_identification:_identify(build) ignored
[0.179s] Level 1:colcon.colcon_core.package_identification:_identify(filtre) by extensions ['ignore', 'ignore_ament_install']
[0.179s] Level 1:colcon.colcon_core.package_identification:_identify(filtre) by extension 'ignore'
[0.179s] Level 1:colcon.colcon_core.package_identification:_identify(filtre) by extension 'ignore_ament_install'
[0.179s] Level 1:colcon.colcon_core.package_identification:_identify(filtre) by extensions ['colcon_pkg']
[0.179s] Level 1:colcon.colcon_core.package_identification:_identify(filtre) by extension 'colcon_pkg'
[0.179s] Level 1:colcon.colcon_core.package_identification:_identify(filtre) by extensions ['colcon_meta']
[0.180s] Level 1:colcon.colcon_core.package_identification:_identify(filtre) by extension 'colcon_meta'
[0.180s] Level 1:colcon.colcon_core.package_identification:_identify(filtre) by extensions ['ros']
[0.180s] Level 1:colcon.colcon_core.package_identification:_identify(filtre) by extension 'ros'
[0.180s] Level 1:colcon.colcon_core.package_identification:_identify(filtre) by extensions ['cmake', 'python']
[0.180s] Level 1:colcon.colcon_core.package_identification:_identify(filtre) by extension 'cmake'
[0.180s] Level 1:colcon.colcon_core.package_identification:_identify(filtre) by extension 'python'
[0.180s] Level 1:colcon.colcon_core.package_identification:_identify(filtre) by extensions ['python_setup_py']
[0.180s] Level 1:colcon.colcon_core.package_identification:_identify(filtre) by extension 'python_setup_py'
[0.180s] Level 1:colcon.colcon_core.package_identification:_identify(install) by extensions ['ignore', 'ignore_ament_install']
[0.180s] Level 1:colcon.colcon_core.package_identification:_identify(install) by extension 'ignore'
[0.180s] Level 1:colcon.colcon_core.package_identification:_identify(install) ignored
[0.180s] Level 1:colcon.colcon_core.package_identification:_identify(log) by extensions ['ignore', 'ignore_ament_install']
[0.180s] Level 1:colcon.colcon_core.package_identification:_identify(log) by extension 'ignore'
[0.180s] Level 1:colcon.colcon_core.package_identification:_identify(log) ignored
[0.180s] Level 1:colcon.colcon_core.package_identification:_identify(src) by extensions ['ignore', 'ignore_ament_install']
[0.180s] Level 1:colcon.colcon_core.package_identification:_identify(src) by extension 'ignore'
[0.180s] Level 1:colcon.colcon_core.package_identification:_identify(src) by extension 'ignore_ament_install'
[0.181s] Level 1:colcon.colcon_core.package_identification:_identify(src) by extensions ['colcon_pkg']
[0.181s] Level 1:colcon.colcon_core.package_identification:_identify(src) by extension 'colcon_pkg'
[0.181s] Level 1:colcon.colcon_core.package_identification:_identify(src) by extensions ['colcon_meta']
[0.181s] Level 1:colcon.colcon_core.package_identification:_identify(src) by extension 'colcon_meta'
[0.181s] Level 1:colcon.colcon_core.package_identification:_identify(src) by extensions ['ros']
[0.181s] Level 1:colcon.colcon_core.package_identification:_identify(src) by extension 'ros'
[0.181s] Level 1:colcon.colcon_core.package_identification:_identify(src) by extensions ['cmake', 'python']
[0.181s] Level 1:colcon.colcon_core.package_identification:_identify(src) by extension 'cmake'
[0.181s] Level 1:colcon.colcon_core.package_identification:_identify(src) by extension 'python'
[0.181s] Level 1:colcon.colcon_core.package_identification:_identify(src) by extensions ['python_setup_py']
[0.181s] Level 1:colcon.colcon_core.package_identification:_identify(src) by extension 'python_setup_py'
[0.181s] Level 1:colcon.colcon_core.package_identification:_identify(src/laser_filters) by extensions ['ignore', 'ignore_ament_install']
[0.181s] Level 1:colcon.colcon_core.package_identification:_identify(src/laser_filters) by extension 'ignore'
[0.181s] Level 1:colcon.colcon_core.package_identification:_identify(src/laser_filters) by extension 'ignore_ament_install'
[0.181s] Level 1:colcon.colcon_core.package_identification:_identify(src/laser_filters) by extensions ['colcon_pkg']
[0.181s] Level 1:colcon.colcon_core.package_identification:_identify(src/laser_filters) by extension 'colcon_pkg'
[0.181s] Level 1:colcon.colcon_core.package_identification:_identify(src/laser_filters) by extensions ['colcon_meta']
[0.181s] Level 1:colcon.colcon_core.package_identification:_identify(src/laser_filters) by extension 'colcon_meta'
[0.181s] Level 1:colcon.colcon_core.package_identification:_identify(src/laser_filters) by extensions ['ros']
[0.181s] Level 1:colcon.colcon_core.package_identification:_identify(src/laser_filters) by extension 'ros'
[0.184s] DEBUG:colcon.colcon_core.package_identification:Package 'src/laser_filters' with type 'ros.ament_cmake' and name 'laser_filters'
[0.184s] Level 1:colcon.colcon_core.package_identification:_identify(src/rf2o_laser_odometry) by extensions ['ignore', 'ignore_ament_install']
[0.185s] Level 1:colcon.colcon_core.package_identification:_identify(src/rf2o_laser_odometry) by extension 'ignore'
[0.185s] Level 1:colcon.colcon_core.package_identification:_identify(src/rf2o_laser_odometry) by extension 'ignore_ament_install'
[0.185s] Level 1:colcon.colcon_core.package_identification:_identify(src/rf2o_laser_odometry) by extensions ['colcon_pkg']
[0.185s] Level 1:colcon.colcon_core.package_identification:_identify(src/rf2o_laser_odometry) by extension 'colcon_pkg'
[0.185s] Level 1:colcon.colcon_core.package_identification:_identify(src/rf2o_laser_odometry) by extensions ['colcon_meta']
[0.185s] Level 1:colcon.colcon_core.package_identification:_identify(src/rf2o_laser_odometry) by extension 'colcon_meta'
[0.185s] Level 1:colcon.colcon_core.package_identification:_identify(src/rf2o_laser_odometry) by extensions ['ros']
[0.185s] Level 1:colcon.colcon_core.package_identification:_identify(src/rf2o_laser_odometry) by extension 'ros'
[0.186s] DEBUG:colcon.colcon_core.package_identification:Package 'src/rf2o_laser_odometry' with type 'ros.ament_cmake' and name 'rf2o_laser_odometry'
[0.186s] Level 1:colcon.colcon_core.package_identification:_identify(src/robot_description) by extensions ['ignore', 'ignore_ament_install']
[0.186s] Level 1:colcon.colcon_core.package_identification:_identify(src/robot_description) by extension 'ignore'
[0.186s] Level 1:colcon.colcon_core.package_identification:_identify(src/robot_description) by extension 'ignore_ament_install'
[0.186s] Level 1:colcon.colcon_core.package_identification:_identify(src/robot_description) by extensions ['colcon_pkg']
[0.186s] Level 1:colcon.colcon_core.package_identification:_identify(src/robot_description) by extension 'colcon_pkg'
[0.186s] Level 1:colcon.colcon_core.package_identification:_identify(src/robot_description) by extensions ['colcon_meta']
[0.186s] Level 1:colcon.colcon_core.package_identification:_identify(src/robot_description) by extension 'colcon_meta'
[0.186s] Level 1:colcon.colcon_core.package_identification:_identify(src/robot_description) by extensions ['ros']
[0.186s] Level 1:colcon.colcon_core.package_identification:_identify(src/robot_description) by extension 'ros'
[0.187s] DEBUG:colcon.colcon_core.package_identification:Package 'src/robot_description' with type 'ros.ament_python' and name 'robot_description'
[0.187s] Level 1:colcon.colcon_core.package_identification:_identify(src/robot_nav) by extensions ['ignore', 'ignore_ament_install']
[0.187s] Level 1:colcon.colcon_core.package_identification:_identify(src/robot_nav) by extension 'ignore'
[0.187s] Level 1:colcon.colcon_core.package_identification:_identify(src/robot_nav) by extension 'ignore_ament_install'
[0.187s] Level 1:colcon.colcon_core.package_identification:_identify(src/robot_nav) by extensions ['colcon_pkg']
[0.187s] Level 1:colcon.colcon_core.package_identification:_identify(src/robot_nav) by extension 'colcon_pkg'
[0.187s] Level 1:colcon.colcon_core.package_identification:_identify(src/robot_nav) by extensions ['colcon_meta']
[0.187s] Level 1:colcon.colcon_core.package_identification:_identify(src/robot_nav) by extension 'colcon_meta'
[0.187s] Level 1:colcon.colcon_core.package_identification:_identify(src/robot_nav) by extensions ['ros']
[0.187s] Level 1:colcon.colcon_core.package_identification:_identify(src/robot_nav) by extension 'ros'
[0.187s] DEBUG:colcon.colcon_core.package_identification:Package 'src/robot_nav' with type 'ros.ament_cmake' and name 'robot_nav'
[0.188s] Level 1:colcon.colcon_core.package_identification:_identify(src/sllidar_ros2) by extensions ['ignore', 'ignore_ament_install']
[0.188s] Level 1:colcon.colcon_core.package_identification:_identify(src/sllidar_ros2) by extension 'ignore'
[0.188s] Level 1:colcon.colcon_core.package_identification:_identify(src/sllidar_ros2) by extension 'ignore_ament_install'
[0.188s] Level 1:colcon.colcon_core.package_identification:_identify(src/sllidar_ros2) by extensions ['colcon_pkg']
[0.188s] Level 1:colcon.colcon_core.package_identification:_identify(src/sllidar_ros2) by extension 'colcon_pkg'
[0.188s] Level 1:colcon.colcon_core.package_identification:_identify(src/sllidar_ros2) by extensions ['colcon_meta']
[0.188s] Level 1:colcon.colcon_core.package_identification:_identify(src/sllidar_ros2) by extension 'colcon_meta'
[0.188s] Level 1:colcon.colcon_core.package_identification:_identify(src/sllidar_ros2) by extensions ['ros']
[0.188s] Level 1:colcon.colcon_core.package_identification:_identify(src/sllidar_ros2) by extension 'ros'
[0.188s] DEBUG:colcon.colcon_core.package_identification:Package 'src/sllidar_ros2' with type 'ros.ament_cmake' and name 'sllidar_ros2'
[0.188s] Level 1:colcon.colcon_core.package_identification:_identify(src/uros) by extensions ['ignore', 'ignore_ament_install']
[0.188s] Level 1:colcon.colcon_core.package_identification:_identify(src/uros) by extension 'ignore'
[0.189s] Level 1:colcon.colcon_core.package_identification:_identify(src/uros) by extension 'ignore_ament_install'
[0.189s] Level 1:colcon.colcon_core.package_identification:_identify(src/uros) by extensions ['colcon_pkg']
[0.189s] Level 1:colcon.colcon_core.package_identification:_identify(src/uros) by extension 'colcon_pkg'
[0.189s] Level 1:colcon.colcon_core.package_identification:_identify(src/uros) by extensions ['colcon_meta']
[0.189s] Level 1:colcon.colcon_core.package_identification:_identify(src/uros) by extension 'colcon_meta'
[0.189s] Level 1:colcon.colcon_core.package_identification:_identify(src/uros) by extensions ['ros']
[0.189s] Level 1:colcon.colcon_core.package_identification:_identify(src/uros) by extension 'ros'
[0.189s] Level 1:colcon.colcon_core.package_identification:_identify(src/uros) by extensions ['cmake', 'python']
[0.189s] Level 1:colcon.colcon_core.package_identification:_identify(src/uros) by extension 'cmake'
[0.189s] Level 1:colcon.colcon_core.package_identification:_identify(src/uros) by extension 'python'
[0.189s] Level 1:colcon.colcon_core.package_identification:_identify(src/uros) by extensions ['python_setup_py']
[0.189s] Level 1:colcon.colcon_core.package_identification:_identify(src/uros) by extension 'python_setup_py'
[0.189s] Level 1:colcon.colcon_core.package_identification:_identify(src/uros/micro-ROS-Agent) by extensions ['ignore', 'ignore_ament_install']
[0.189s] Level 1:colcon.colcon_core.package_identification:_identify(src/uros/micro-ROS-Agent) by extension 'ignore'
[0.189s] Level 1:colcon.colcon_core.package_identification:_identify(src/uros/micro-ROS-Agent) by extension 'ignore_ament_install'
[0.189s] Level 1:colcon.colcon_core.package_identification:_identify(src/uros/micro-ROS-Agent) by extensions ['colcon_pkg']
[0.189s] Level 1:colcon.colcon_core.package_identification:_identify(src/uros/micro-ROS-Agent) by extension 'colcon_pkg'
[0.189s] Level 1:colcon.colcon_core.package_identification:_identify(src/uros/micro-ROS-Agent) by extensions ['colcon_meta']
[0.189s] Level 1:colcon.colcon_core.package_identification:_identify(src/uros/micro-ROS-Agent) by extension 'colcon_meta'
[0.189s] Level 1:colcon.colcon_core.package_identification:_identify(src/uros/micro-ROS-Agent) by extensions ['ros']
[0.189s] Level 1:colcon.colcon_core.package_identification:_identify(src/uros/micro-ROS-Agent) by extension 'ros'
[0.189s] Level 1:colcon.colcon_core.package_identification:_identify(src/uros/micro-ROS-Agent) by extensions ['cmake', 'python']
[0.189s] Level 1:colcon.colcon_core.package_identification:_identify(src/uros/micro-ROS-Agent) by extension 'cmake'
[0.189s] Level 1:colcon.colcon_core.package_identification:_identify(src/uros/micro-ROS-Agent) by extension 'python'
[0.189s] Level 1:colcon.colcon_core.package_identification:_identify(src/uros/micro-ROS-Agent) by extensions ['python_setup_py']
[0.189s] Level 1:colcon.colcon_core.package_identification:_identify(src/uros/micro-ROS-Agent) by extension 'python_setup_py'
[0.190s] Level 1:colcon.colcon_core.package_identification:_identify(src/uros/micro-ROS-Agent/micro_ros_agent) by extensions ['ignore', 'ignore_ament_install']
[0.190s] Level 1:colcon.colcon_core.package_identification:_identify(src/uros/micro-ROS-Agent/micro_ros_agent) by extension 'ignore'
[0.190s] Level 1:colcon.colcon_core.package_identification:_identify(src/uros/micro-ROS-Agent/micro_ros_agent) by extension 'ignore_ament_install'
[0.190s] Level 1:colcon.colcon_core.package_identification:_identify(src/uros/micro-ROS-Agent/micro_ros_agent) by extensions ['colcon_pkg']
[0.190s] Level 1:colcon.colcon_core.package_identification:_identify(src/uros/micro-ROS-Agent/micro_ros_agent) by extension 'colcon_pkg'
[0.190s] Level 1:colcon.colcon_core.package_identification:_identify(src/uros/micro-ROS-Agent/micro_ros_agent) by extensions ['colcon_meta']
[0.190s] Level 1:colcon.colcon_core.package_identification:_identify(src/uros/micro-ROS-Agent/micro_ros_agent) by extension 'colcon_meta'
[0.190s] Level 1:colcon.colcon_core.package_identification:_identify(src/uros/micro-ROS-Agent/micro_ros_agent) by extensions ['ros']
[0.190s] Level 1:colcon.colcon_core.package_identification:_identify(src/uros/micro-ROS-Agent/micro_ros_agent) by extension 'ros'
[0.191s] DEBUG:colcon.colcon_core.package_identification:Package 'src/uros/micro-ROS-Agent/micro_ros_agent' with type 'ros.ament_cmake' and name 'micro_ros_agent'
[0.191s] Level 1:colcon.colcon_core.package_identification:_identify(src/uros/micro-ROS-Agent/snap) by extensions ['ignore', 'ignore_ament_install']
[0.191s] Level 1:colcon.colcon_core.package_identification:_identify(src/uros/micro-ROS-Agent/snap) by extension 'ignore'
[0.191s] Level 1:colcon.colcon_core.package_identification:_identify(src/uros/micro-ROS-Agent/snap) by extension 'ignore_ament_install'
[0.191s] Level 1:colcon.colcon_core.package_identification:_identify(src/uros/micro-ROS-Agent/snap) by extensions ['colcon_pkg']
[0.191s] Level 1:colcon.colcon_core.package_identification:_identify(src/uros/micro-ROS-Agent/snap) by extension 'colcon_pkg'
[0.191s] Level 1:colcon.colcon_core.package_identification:_identify(src/uros/micro-ROS-Agent/snap) by extensions ['colcon_meta']
[0.191s] Level 1:colcon.colcon_core.package_identification:_identify(src/uros/micro-ROS-Agent/snap) by extension 'colcon_meta'
[0.191s] Level 1:colcon.colcon_core.package_identification:_identify(src/uros/micro-ROS-Agent/snap) by extensions ['ros']
[0.191s] Level 1:colcon.colcon_core.package_identification:_identify(src/uros/micro-ROS-Agent/snap) by extension 'ros'
[0.191s] Level 1:colcon.colcon_core.package_identification:_identify(src/uros/micro-ROS-Agent/snap) by extensions ['cmake', 'python']
[0.191s] Level 1:colcon.colcon_core.package_identification:_identify(src/uros/micro-ROS-Agent/snap) by extension 'cmake'
[0.191s] Level 1:colcon.colcon_core.package_identification:_identify(src/uros/micro-ROS-Agent/snap) by extension 'python'
[0.191s] Level 1:colcon.colcon_core.package_identification:_identify(src/uros/micro-ROS-Agent/snap) by extensions ['python_setup_py']
[0.191s] Level 1:colcon.colcon_core.package_identification:_identify(src/uros/micro-ROS-Agent/snap) by extension 'python_setup_py'
[0.191s] Level 1:colcon.colcon_core.package_identification:_identify(src/uros/micro-ROS-Agent/snap/hooks) by extensions ['ignore', 'ignore_ament_install']
[0.191s] Level 1:colcon.colcon_core.package_identification:_identify(src/uros/micro-ROS-Agent/snap/hooks) by extension 'ignore'
[0.191s] Level 1:colcon.colcon_core.package_identification:_identify(src/uros/micro-ROS-Agent/snap/hooks) by extension 'ignore_ament_install'
[0.191s] Level 1:colcon.colcon_core.package_identification:_identify(src/uros/micro-ROS-Agent/snap/hooks) by extensions ['colcon_pkg']
[0.191s] Level 1:colcon.colcon_core.package_identification:_identify(src/uros/micro-ROS-Agent/snap/hooks) by extension 'colcon_pkg'
[0.191s] Level 1:colcon.colcon_core.package_identification:_identify(src/uros/micro-ROS-Agent/snap/hooks) by extensions ['colcon_meta']
[0.191s] Level 1:colcon.colcon_core.package_identification:_identify(src/uros/micro-ROS-Agent/snap/hooks) by extension 'colcon_meta'
[0.192s] Level 1:colcon.colcon_core.package_identification:_identify(src/uros/micro-ROS-Agent/snap/hooks) by extensions ['ros']
[0.192s] Level 1:colcon.colcon_core.package_identification:_identify(src/uros/micro-ROS-Agent/snap/hooks) by extension 'ros'
[0.192s] Level 1:colcon.colcon_core.package_identification:_identify(src/uros/micro-ROS-Agent/snap/hooks) by extensions ['cmake', 'python']
[0.192s] Level 1:colcon.colcon_core.package_identification:_identify(src/uros/micro-ROS-Agent/snap/hooks) by extension 'cmake'
[0.192s] Level 1:colcon.colcon_core.package_identification:_identify(src/uros/micro-ROS-Agent/snap/hooks) by extension 'python'
[0.192s] Level 1:colcon.colcon_core.package_identification:_identify(src/uros/micro-ROS-Agent/snap/hooks) by extensions ['python_setup_py']
[0.192s] Level 1:colcon.colcon_core.package_identification:_identify(src/uros/micro-ROS-Agent/snap/hooks) by extension 'python_setup_py'
[0.192s] Level 1:colcon.colcon_core.package_identification:_identify(src/uros/micro-ROS-Agent/snap/local) by extensions ['ignore', 'ignore_ament_install']
[0.192s] Level 1:colcon.colcon_core.package_identification:_identify(src/uros/micro-ROS-Agent/snap/local) by extension 'ignore'
[0.192s] Level 1:colcon.colcon_core.package_identification:_identify(src/uros/micro-ROS-Agent/snap/local) by extension 'ignore_ament_install'
[0.192s] Level 1:colcon.colcon_core.package_identification:_identify(src/uros/micro-ROS-Agent/snap/local) by extensions ['colcon_pkg']
[0.192s] Level 1:colcon.colcon_core.package_identification:_identify(src/uros/micro-ROS-Agent/snap/local) by extension 'colcon_pkg'
[0.192s] Level 1:colcon.colcon_core.package_identification:_identify(src/uros/micro-ROS-Agent/snap/local) by extensions ['colcon_meta']
[0.192s] Level 1:colcon.colcon_core.package_identification:_identify(src/uros/micro-ROS-Agent/snap/local) by extension 'colcon_meta'
[0.192s] Level 1:colcon.colcon_core.package_identification:_identify(src/uros/micro-ROS-Agent/snap/local) by extensions ['ros']
[0.192s] Level 1:colcon.colcon_core.package_identification:_identify(src/uros/micro-ROS-Agent/snap/local) by extension 'ros'
[0.192s] Level 1:colcon.colcon_core.package_identification:_identify(src/uros/micro-ROS-Agent/snap/local) by extensions ['cmake', 'python']
[0.192s] Level 1:colcon.colcon_core.package_identification:_identify(src/uros/micro-ROS-Agent/snap/local) by extension 'cmake'
[0.192s] Level 1:colcon.colcon_core.package_identification:_identify(src/uros/micro-ROS-Agent/snap/local) by extension 'python'
[0.192s] Level 1:colcon.colcon_core.package_identification:_identify(src/uros/micro-ROS-Agent/snap/local) by extensions ['python_setup_py']
[0.192s] Level 1:colcon.colcon_core.package_identification:_identify(src/uros/micro-ROS-Agent/snap/local) by extension 'python_setup_py'
[0.192s] Level 1:colcon.colcon_core.package_identification:_identify(src/uros/micro_ros_msgs) by extensions ['ignore', 'ignore_ament_install']
[0.193s] Level 1:colcon.colcon_core.package_identification:_identify(src/uros/micro_ros_msgs) by extension 'ignore'
[0.193s] Level 1:colcon.colcon_core.package_identification:_identify(src/uros/micro_ros_msgs) by extension 'ignore_ament_install'
[0.193s] Level 1:colcon.colcon_core.package_identification:_identify(src/uros/micro_ros_msgs) by extensions ['colcon_pkg']
[0.193s] Level 1:colcon.colcon_core.package_identification:_identify(src/uros/micro_ros_msgs) by extension 'colcon_pkg'
[0.193s] Level 1:colcon.colcon_core.package_identification:_identify(src/uros/micro_ros_msgs) by extensions ['colcon_meta']
[0.193s] Level 1:colcon.colcon_core.package_identification:_identify(src/uros/micro_ros_msgs) by extension 'colcon_meta'
[0.193s] Level 1:colcon.colcon_core.package_identification:_identify(src/uros/micro_ros_msgs) by extensions ['ros']
[0.193s] Level 1:colcon.colcon_core.package_identification:_identify(src/uros/micro_ros_msgs) by extension 'ros'
[0.193s] DEBUG:colcon.colcon_core.package_identification:Package 'src/uros/micro_ros_msgs' with type 'ros.ament_cmake' and name 'micro_ros_msgs'
[0.193s] Level 1:colcon.colcon_core.package_discovery:discover_packages(recursive) using defaults
[0.193s] Level 1:colcon.colcon_core.package_discovery:discover_packages(ignore) discover
[0.193s] Level 1:colcon.colcon_core.package_discovery:discover_packages(ignore) using defaults
[0.193s] Level 1:colcon.colcon_core.package_discovery:discover_packages(path) discover
[0.193s] Level 1:colcon.colcon_core.package_discovery:discover_packages(path) using defaults
[0.212s] Level 1:colcon.colcon_core.package_discovery:discover_packages(prefix_path) check parameters
[0.212s] Level 1:colcon.colcon_core.package_discovery:discover_packages(prefix_path) discover
[0.223s] DEBUG:colcon.colcon_installed_package_information.package_discovery:Found 47 installed packages in /home/rasp/ros2_ws/install
[0.225s] DEBUG:colcon.colcon_installed_package_information.package_discovery:Found 258 installed packages in /opt/ros/jazzy
[0.226s] Level 1:colcon.colcon_core.package_discovery:discover_packages(prefix_path) using defaults
[0.259s] WARNING:colcon.colcon_core.package_selection:Some selected packages are already built in one or more underlay workspaces:
	'micro_ros_msgs' is in: /home/rasp/ros2_ws/install/micro_ros_msgs
If a package in a merged underlay workspace is overridden and it installs headers, then all packages in the overlay must sort their include directories by workspace order. Failure to do so may result in build failures or undefined behavior at run time.
If the overridden package is used by another package in any underlay, then the overriding package in the overlay must be API and ABI compatible or undefined behavior at run time may occur.

If you understand the risks and want to override a package anyways, add the following to the command line:
	--allow-overriding micro_ros_msgs

This may be promoted to an error in a future release of colcon-override-check.
[0.260s] Level 5:colcon.colcon_core.verb:set package 'laser_filters' build argument 'cmake_args' from command line to 'None'
[0.260s] Level 5:colcon.colcon_core.verb:set package 'laser_filters' build argument 'cmake_target' from command line to 'None'
[0.260s] Level 5:colcon.colcon_core.verb:set package 'laser_filters' build argument 'cmake_target_skip_unavailable' from command line to 'False'
[0.260s] Level 5:colcon.colcon_core.verb:set package 'laser_filters' build argument 'cmake_clean_cache' from command line to 'False'
[0.260s] Level 5:colcon.colcon_core.verb:set package 'laser_filters' build argument 'cmake_clean_first' from command line to 'False'
[0.260s] Level 5:colcon.colcon_core.verb:set package 'laser_filters' build argument 'cmake_force_configure' from command line to 'False'
[0.260s] Level 5:colcon.colcon_core.verb:set package 'laser_filters' build argument 'ament_cmake_args' from command line to 'None'
[0.260s] Level 5:colcon.colcon_core.verb:set package 'laser_filters' build argument 'catkin_cmake_args' from command line to 'None'
[0.260s] Level 5:colcon.colcon_core.verb:set package 'laser_filters' build argument 'catkin_skip_building_tests' from command line to 'False'
[0.260s] DEBUG:colcon.colcon_core.verb:Building package 'laser_filters' with the following arguments: {'ament_cmake_args': None, 'build_base': '/home/rasp/ros2_ws/build/laser_filters', 'catkin_cmake_args': None, 'catkin_skip_building_tests': False, 'cmake_args': None, 'cmake_clean_cache': False, 'cmake_clean_first': False, 'cmake_force_configure': False, 'cmake_target': None, 'cmake_target_skip_unavailable': False, 'install_base': '/home/rasp/ros2_ws/install/laser_filters', 'merge_install': False, 'path': '/home/rasp/ros2_ws/src/laser_filters', 'symlink_install': False, 'test_result_base': None}
[0.261s] Level 5:colcon.colcon_core.verb:set package 'micro_ros_msgs' build argument 'cmake_args' from command line to 'None'
[0.261s] Level 5:colcon.colcon_core.verb:set package 'micro_ros_msgs' build argument 'cmake_target' from command line to 'None'
[0.261s] Level 5:colcon.colcon_core.verb:set package 'micro_ros_msgs' build argument 'cmake_target_skip_unavailable' from command line to 'False'
[0.261s] Level 5:colcon.colcon_core.verb:set package 'micro_ros_msgs' build argument 'cmake_clean_cache' from command line to 'False'
[0.261s] Level 5:colcon.colcon_core.verb:set package 'micro_ros_msgs' build argument 'cmake_clean_first' from command line to 'False'
[0.261s] Level 5:colcon.colcon_core.verb:set package 'micro_ros_msgs' build argument 'cmake_force_configure' from command line to 'False'
[0.261s] Level 5:colcon.colcon_core.verb:set package 'micro_ros_msgs' build argument 'ament_cmake_args' from command line to 'None'
[0.261s] Level 5:colcon.colcon_core.verb:set package 'micro_ros_msgs' build argument 'catkin_cmake_args' from command line to 'None'
[0.261s] Level 5:colcon.colcon_core.verb:set package 'micro_ros_msgs' build argument 'catkin_skip_building_tests' from command line to 'False'
[0.261s] DEBUG:colcon.colcon_core.verb:Building package 'micro_ros_msgs' with the following arguments: {'ament_cmake_args': None, 'build_base': '/home/rasp/ros2_ws/build/micro_ros_msgs', 'catkin_cmake_args': None, 'catkin_skip_building_tests': False, 'cmake_args': None, 'cmake_clean_cache': False, 'cmake_clean_first': False, 'cmake_force_configure': False, 'cmake_target': None, 'cmake_target_skip_unavailable': False, 'install_base': '/home/rasp/ros2_ws/install/micro_ros_msgs', 'merge_install': False, 'path': '/home/rasp/ros2_ws/src/uros/micro_ros_msgs', 'symlink_install': False, 'test_result_base': None}
[0.261s] Level 5:colcon.colcon_core.verb:set package 'rf2o_laser_odometry' build argument 'cmake_args' from command line to 'None'
[0.261s] Level 5:colcon.colcon_core.verb:set package 'rf2o_laser_odometry' build argument 'cmake_target' from command line to 'None'
[0.261s] Level 5:colcon.colcon_core.verb:set package 'rf2o_laser_odometry' build argument 'cmake_target_skip_unavailable' from command line to 'False'
[0.261s] Level 5:colcon.colcon_core.verb:set package 'rf2o_laser_odometry' build argument 'cmake_clean_cache' from command line to 'False'
[0.261s] Level 5:colcon.colcon_core.verb:set package 'rf2o_laser_odometry' build argument 'cmake_clean_first' from command line to 'False'
[0.261s] Level 5:colcon.colcon_core.verb:set package 'rf2o_laser_odometry' build argument 'cmake_force_configure' from command line to 'False'
[0.261s] Level 5:colcon.colcon_core.verb:set package 'rf2o_laser_odometry' build argument 'ament_cmake_args' from command line to 'None'
[0.261s] Level 5:colcon.colcon_core.verb:set package 'rf2o_laser_odometry' build argument 'catkin_cmake_args' from command line to 'None'
[0.261s] Level 5:colcon.colcon_core.verb:set package 'rf2o_laser_odometry' build argument 'catkin_skip_building_tests' from command line to 'False'
[0.261s] DEBUG:colcon.colcon_core.verb:Building package 'rf2o_laser_odometry' with the following arguments: {'ament_cmake_args': None, 'build_base': '/home/rasp/ros2_ws/build/rf2o_laser_odometry', 'catkin_cmake_args': None, 'catkin_skip_building_tests': False, 'cmake_args': None, 'cmake_clean_cache': False, 'cmake_clean_first': False, 'cmake_force_configure': False, 'cmake_target': None, 'cmake_target_skip_unavailable': False, 'install_base': '/home/rasp/ros2_ws/install/rf2o_laser_odometry', 'merge_install': False, 'path': '/home/rasp/ros2_ws/src/rf2o_laser_odometry', 'symlink_install': False, 'test_result_base': None}
[0.262s] Level 5:colcon.colcon_core.verb:set package 'robot_description' build argument 'cmake_args' from command line to 'None'
[0.262s] Level 5:colcon.colcon_core.verb:set package 'robot_description' build argument 'cmake_target' from command line to 'None'
[0.262s] Level 5:colcon.colcon_core.verb:set package 'robot_description' build argument 'cmake_target_skip_unavailable' from command line to 'False'
[0.262s] Level 5:colcon.colcon_core.verb:set package 'robot_description' build argument 'cmake_clean_cache' from command line to 'False'
[0.262s] Level 5:colcon.colcon_core.verb:set package 'robot_description' build argument 'cmake_clean_first' from command line to 'False'
[0.262s] Level 5:colcon.colcon_core.verb:set package 'robot_description' build argument 'cmake_force_configure' from command line to 'False'
[0.262s] Level 5:colcon.colcon_core.verb:set package 'robot_description' build argument 'ament_cmake_args' from command line to 'None'
[0.262s] Level 5:colcon.colcon_core.verb:set package 'robot_description' build argument 'catkin_cmake_args' from command line to 'None'
[0.262s] Level 5:colcon.colcon_core.verb:set package 'robot_description' build argument 'catkin_skip_building_tests' from command line to 'False'
[0.262s] DEBUG:colcon.colcon_core.verb:Building package 'robot_description' with the following arguments: {'ament_cmake_args': None, 'build_base': '/home/rasp/ros2_ws/build/robot_description', 'catkin_cmake_args': None, 'catkin_skip_building_tests': False, 'cmake_args': None, 'cmake_clean_cache': False, 'cmake_clean_first': False, 'cmake_force_configure': False, 'cmake_target': None, 'cmake_target_skip_unavailable': False, 'install_base': '/home/rasp/ros2_ws/install/robot_description', 'merge_install': False, 'path': '/home/rasp/ros2_ws/src/robot_description', 'symlink_install': False, 'test_result_base': None}
[0.262s] Level 5:colcon.colcon_core.verb:set package 'robot_nav' build argument 'cmake_args' from command line to 'None'
[0.262s] Level 5:colcon.colcon_core.verb:set package 'robot_nav' build argument 'cmake_target' from command line to 'None'
[0.262s] Level 5:colcon.colcon_core.verb:set package 'robot_nav' build argument 'cmake_target_skip_unavailable' from command line to 'False'
[0.262s] Level 5:colcon.colcon_core.verb:set package 'robot_nav' build argument 'cmake_clean_cache' from command line to 'False'
[0.262s] Level 5:colcon.colcon_core.verb:set package 'robot_nav' build argument 'cmake_clean_first' from command line to 'False'
[0.262s] Level 5:colcon.colcon_core.verb:set package 'robot_nav' build argument 'cmake_force_configure' from command line to 'False'
[0.262s] Level 5:colcon.colcon_core.verb:set package 'robot_nav' build argument 'ament_cmake_args' from command line to 'None'
[0.262s] Level 5:colcon.colcon_core.verb:set package 'robot_nav' build argument 'catkin_cmake_args' from command line to 'None'
[0.262s] Level 5:colcon.colcon_core.verb:set package 'robot_nav' build argument 'catkin_skip_building_tests' from command line to 'False'
[0.262s] DEBUG:colcon.colcon_core.verb:Building package 'robot_nav' with the following arguments: {'ament_cmake_args': None, 'build_base': '/home/rasp/ros2_ws/build/robot_nav', 'catkin_cmake_args': None, 'catkin_skip_building_tests': False, 'cmake_args': None, 'cmake_clean_cache': False, 'cmake_clean_first': False, 'cmake_force_configure': False, 'cmake_target': None, 'cmake_target_skip_unavailable': False, 'install_base': '/home/rasp/ros2_ws/install/robot_nav', 'merge_install': False, 'path': '/home/rasp/ros2_ws/src/robot_nav', 'symlink_install': False, 'test_result_base': None}
[0.262s] Level 5:colcon.colcon_core.verb:set package 'sllidar_ros2' build argument 'cmake_args' from command line to 'None'
[0.262s] Level 5:colcon.colcon_core.verb:set package 'sllidar_ros2' build argument 'cmake_target' from command line to 'None'
[0.262s] Level 5:colcon.colcon_core.verb:set package 'sllidar_ros2' build argument 'cmake_target_skip_unavailable' from command line to 'False'
[0.262s] Level 5:colcon.colcon_core.verb:set package 'sllidar_ros2' build argument 'cmake_clean_cache' from command line to 'False'
[0.262s] Level 5:colcon.colcon_core.verb:set package 'sllidar_ros2' build argument 'cmake_clean_first' from command line to 'False'
[0.262s] Level 5:colcon.colcon_core.verb:set package 'sllidar_ros2' build argument 'cmake_force_configure' from command line to 'False'
[0.262s] Level 5:colcon.colcon_core.verb:set package 'sllidar_ros2' build argument 'ament_cmake_args' from command line to 'None'
[0.262s] Level 5:colcon.colcon_core.verb:set package 'sllidar_ros2' build argument 'catkin_cmake_args' from command line to 'None'
[0.262s] Level 5:colcon.colcon_core.verb:set package 'sllidar_ros2' build argument 'catkin_skip_building_tests' from command line to 'False'
[0.262s] DEBUG:colcon.colcon_core.verb:Building package 'sllidar_ros2' with the following arguments: {'ament_cmake_args': None, 'build_base': '/home/rasp/ros2_ws/build/sllidar_ros2', 'catkin_cmake_args': None, 'catkin_skip_building_tests': False, 'cmake_args': None, 'cmake_clean_cache': False, 'cmake_clean_first': False, 'cmake_force_configure': False, 'cmake_target': None, 'cmake_target_skip_unavailable': False, 'install_base': '/home/rasp/ros2_ws/install/sllidar_ros2', 'merge_install': False, 'path': '/home/rasp/ros2_ws/src/sllidar_ros2', 'symlink_install': False, 'test_result_base': None}
[0.263s] Level 5:colcon.colcon_core.verb:set package 'micro_ros_agent' build argument 'cmake_args' from command line to 'None'
[0.263s] Level 5:colcon.colcon_core.verb:set package 'micro_ros_agent' build argument 'cmake_target' from command line to 'None'
[0.263s] Level 5:colcon.colcon_core.verb:set package 'micro_ros_agent' build argument 'cmake_target_skip_unavailable' from command line to 'False'
[0.263s] Level 5:colcon.colcon_core.verb:set package 'micro_ros_agent' build argument 'cmake_clean_cache' from command line to 'False'
[0.263s] Level 5:colcon.colcon_core.verb:set package 'micro_ros_agent' build argument 'cmake_clean_first' from command line to 'False'
[0.263s] Level 5:colcon.colcon_core.verb:set package 'micro_ros_agent' build argument 'cmake_force_configure' from command line to 'False'
[0.263s] Level 5:colcon.colcon_core.verb:set package 'micro_ros_agent' build argument 'ament_cmake_args' from command line to 'None'
[0.263s] Level 5:colcon.colcon_core.verb:set package 'micro_ros_agent' build argument 'catkin_cmake_args' from command line to 'None'
[0.263s] Level 5:colcon.colcon_core.verb:set package 'micro_ros_agent' build argument 'catkin_skip_building_tests' from command line to 'False'
[0.263s] DEBUG:colcon.colcon_core.verb:Building package 'micro_ros_agent' with the following arguments: {'ament_cmake_args': None, 'build_base': '/home/rasp/ros2_ws/build/micro_ros_agent', 'catkin_cmake_args': None, 'catkin_skip_building_tests': False, 'cmake_args': None, 'cmake_clean_cache': False, 'cmake_clean_first': False, 'cmake_force_configure': False, 'cmake_target': None, 'cmake_target_skip_unavailable': False, 'install_base': '/home/rasp/ros2_ws/install/micro_ros_agent', 'merge_install': False, 'path': '/home/rasp/ros2_ws/src/uros/micro-ROS-Agent/micro_ros_agent', 'symlink_install': False, 'test_result_base': None}
[0.263s] INFO:colcon.colcon_core.executor:Executing jobs using 'parallel' executor
[0.264s] DEBUG:colcon.colcon_parallel_executor.executor.parallel:run_until_complete
[0.264s] INFO:colcon.colcon_ros.task.ament_cmake.build:Building ROS package in '/home/rasp/ros2_ws/src/uros/micro_ros_msgs' with build type 'ament_cmake'
[0.264s] INFO:colcon.colcon_cmake.task.cmake.build:Building CMake package in '/home/rasp/ros2_ws/src/uros/micro_ros_msgs'
[0.267s] INFO:colcon.colcon_core.plugin_system:Skipping extension 'colcon_core.shell.bat': Not used on non-Windows systems
[0.267s] INFO:colcon.colcon_core.shell:Skip shell extension 'powershell' for command environment: Not usable outside of PowerShell
[0.267s] DEBUG:colcon.colcon_core.shell:Skip shell extension 'dsv' for command environment
[0.275s] INFO:colcon.colcon_ros.task.ament_cmake.build:Building ROS package in '/home/rasp/ros2_ws/src/laser_filters' with build type 'ament_cmake'
[0.275s] INFO:colcon.colcon_cmake.task.cmake.build:Building CMake package in '/home/rasp/ros2_ws/src/laser_filters'
[0.275s] INFO:colcon.colcon_core.shell:Skip shell extension 'powershell' for command environment: Not usable outside of PowerShell
[0.275s] DEBUG:colcon.colcon_core.shell:Skip shell extension 'dsv' for command environment
[0.294s] DEBUG:colcon.colcon_core.event_handler.log_command:Invoking command in '/home/rasp/ros2_ws/build/micro_ros_msgs': CMAKE_PREFIX_PATH=${CMAKE_PREFIX_PATH}:/home/rasp/ros2_ws/install/sensor_msgs_py:/home/rasp/ros2_ws/install/robot_description:/opt/ros/jazzy DEBUGINFOD_URLS=https://debuginfod.ubuntu.com /usr/bin/cmake --build /home/rasp/ros2_ws/build/micro_ros_msgs -- -j2 -l2
[0.301s] DEBUG:colcon.colcon_core.event_handler.log_command:Invoking command in '/home/rasp/ros2_ws/build/laser_filters': CMAKE_PREFIX_PATH=${CMAKE_PREFIX_PATH}:/home/rasp/ros2_ws/install/sensor_msgs_py:/home/rasp/ros2_ws/install/robot_description:/opt/ros/jazzy DEBUGINFOD_URLS=https://debuginfod.ubuntu.com /usr/bin/cmake --build /home/rasp/ros2_ws/build/laser_filters -- -j2 -l2
[1.424s] DEBUG:colcon.colcon_core.event_handler.log_command:Invoked command in '/home/rasp/ros2_ws/build/micro_ros_msgs' returned '0': CMAKE_PREFIX_PATH=${CMAKE_PREFIX_PATH}:/home/rasp/ros2_ws/install/sensor_msgs_py:/home/rasp/ros2_ws/install/robot_description:/opt/ros/jazzy DEBUGINFOD_URLS=https://debuginfod.ubuntu.com /usr/bin/cmake --build /home/rasp/ros2_ws/build/micro_ros_msgs -- -j2 -l2
[1.446s] DEBUG:colcon.colcon_core.event_handler.log_command:Invoking command in '/home/rasp/ros2_ws/build/micro_ros_msgs': CMAKE_PREFIX_PATH=${CMAKE_PREFIX_PATH}:/home/rasp/ros2_ws/install/sensor_msgs_py:/home/rasp/ros2_ws/install/robot_description:/opt/ros/jazzy DEBUGINFOD_URLS=https://debuginfod.ubuntu.com /usr/bin/cmake --install /home/rasp/ros2_ws/build/micro_ros_msgs
[1.597s] Level 1:colcon.colcon_core.environment:create_environment_scripts_only(micro_ros_msgs)
[1.597s] DEBUG:colcon.colcon_core.event_handler.log_command:Invoked command in '/home/rasp/ros2_ws/build/micro_ros_msgs' returned '0': CMAKE_PREFIX_PATH=${CMAKE_PREFIX_PATH}:/home/rasp/ros2_ws/install/sensor_msgs_py:/home/rasp/ros2_ws/install/robot_description:/opt/ros/jazzy DEBUGINFOD_URLS=https://debuginfod.ubuntu.com /usr/bin/cmake --install /home/rasp/ros2_ws/build/micro_ros_msgs
[1.600s] Level 1:colcon.colcon_core.environment:checking '/home/rasp/ros2_ws/install/micro_ros_msgs' for CMake module files
[1.601s] Level 1:colcon.colcon_core.environment:checking '/home/rasp/ros2_ws/install/micro_ros_msgs' for CMake config files
[1.601s] Level 1:colcon.colcon_core.shell:create_environment_hook('micro_ros_msgs', 'cmake_prefix_path')
[1.602s] INFO:colcon.colcon_core.shell:Creating environment hook '/home/rasp/ros2_ws/install/micro_ros_msgs/share/micro_ros_msgs/hook/cmake_prefix_path.ps1'
[1.602s] INFO:colcon.colcon_core.shell:Creating environment descriptor '/home/rasp/ros2_ws/install/micro_ros_msgs/share/micro_ros_msgs/hook/cmake_prefix_path.dsv'
[1.603s] INFO:colcon.colcon_core.shell:Creating environment hook '/home/rasp/ros2_ws/install/micro_ros_msgs/share/micro_ros_msgs/hook/cmake_prefix_path.sh'
[1.604s] Level 1:colcon.colcon_core.environment:checking '/home/rasp/ros2_ws/install/micro_ros_msgs/lib'
[1.604s] Level 1:colcon.colcon_core.shell:create_environment_hook('micro_ros_msgs', 'ld_library_path_lib')
[1.605s] INFO:colcon.colcon_core.shell:Creating environment hook '/home/rasp/ros2_ws/install/micro_ros_msgs/share/micro_ros_msgs/hook/ld_library_path_lib.ps1'
[1.605s] INFO:colcon.colcon_core.shell:Creating environment descriptor '/home/rasp/ros2_ws/install/micro_ros_msgs/share/micro_ros_msgs/hook/ld_library_path_lib.dsv'
[1.606s] INFO:colcon.colcon_core.shell:Creating environment hook '/home/rasp/ros2_ws/install/micro_ros_msgs/share/micro_ros_msgs/hook/ld_library_path_lib.sh'
[1.606s] Level 1:colcon.colcon_core.environment:checking '/home/rasp/ros2_ws/install/micro_ros_msgs/bin'
[1.607s] Level 1:colcon.colcon_core.environment:checking '/home/rasp/ros2_ws/install/micro_ros_msgs/lib/pkgconfig/micro_ros_msgs.pc'
[1.607s] Level 1:colcon.colcon_core.environment:checking '/home/rasp/ros2_ws/install/micro_ros_msgs/lib/python3.12/site-packages'
[1.607s] Level 1:colcon.colcon_core.shell:create_environment_hook('micro_ros_msgs', 'pythonpath')
[1.607s] INFO:colcon.colcon_core.shell:Creating environment hook '/home/rasp/ros2_ws/install/micro_ros_msgs/share/micro_ros_msgs/hook/pythonpath.ps1'
[1.607s] INFO:colcon.colcon_core.shell:Creating environment descriptor '/home/rasp/ros2_ws/install/micro_ros_msgs/share/micro_ros_msgs/hook/pythonpath.dsv'
[1.608s] INFO:colcon.colcon_core.shell:Creating environment hook '/home/rasp/ros2_ws/install/micro_ros_msgs/share/micro_ros_msgs/hook/pythonpath.sh'
[1.609s] Level 1:colcon.colcon_core.environment:checking '/home/rasp/ros2_ws/install/micro_ros_msgs/bin'
[1.609s] INFO:colcon.colcon_core.shell:Creating package script '/home/rasp/ros2_ws/install/micro_ros_msgs/share/micro_ros_msgs/package.ps1'
[1.610s] INFO:colcon.colcon_core.shell:Creating package descriptor '/home/rasp/ros2_ws/install/micro_ros_msgs/share/micro_ros_msgs/package.dsv'
[1.611s] INFO:colcon.colcon_core.shell:Creating package script '/home/rasp/ros2_ws/install/micro_ros_msgs/share/micro_ros_msgs/package.sh'
[1.611s] INFO:colcon.colcon_core.shell:Creating package script '/home/rasp/ros2_ws/install/micro_ros_msgs/share/micro_ros_msgs/package.bash'
[1.612s] INFO:colcon.colcon_core.shell:Creating package script '/home/rasp/ros2_ws/install/micro_ros_msgs/share/micro_ros_msgs/package.zsh'
[1.613s] Level 1:colcon.colcon_core.environment:create_file_with_runtime_dependencies(/home/rasp/ros2_ws/install/micro_ros_msgs/share/colcon-core/packages/micro_ros_msgs)
[1.613s] Level 1:colcon.colcon_core.environment:create_environment_scripts_only(micro_ros_msgs)
[1.613s] Level 1:colcon.colcon_core.environment:checking '/home/rasp/ros2_ws/install/micro_ros_msgs' for CMake module files
[1.614s] Level 1:colcon.colcon_core.environment:checking '/home/rasp/ros2_ws/install/micro_ros_msgs' for CMake config files
[1.615s] Level 1:colcon.colcon_core.shell:create_environment_hook('micro_ros_msgs', 'cmake_prefix_path')
[1.615s] INFO:colcon.colcon_core.shell:Creating environment hook '/home/rasp/ros2_ws/install/micro_ros_msgs/share/micro_ros_msgs/hook/cmake_prefix_path.ps1'
[1.615s] INFO:colcon.colcon_core.shell:Creating environment descriptor '/home/rasp/ros2_ws/install/micro_ros_msgs/share/micro_ros_msgs/hook/cmake_prefix_path.dsv'
[1.616s] INFO:colcon.colcon_core.shell:Creating environment hook '/home/rasp/ros2_ws/install/micro_ros_msgs/share/micro_ros_msgs/hook/cmake_prefix_path.sh'
[1.616s] Level 1:colcon.colcon_core.environment:checking '/home/rasp/ros2_ws/install/micro_ros_msgs/lib'
[1.616s] Level 1:colcon.colcon_core.shell:create_environment_hook('micro_ros_msgs', 'ld_library_path_lib')
[1.617s] INFO:colcon.colcon_core.shell:Creating environment hook '/home/rasp/ros2_ws/install/micro_ros_msgs/share/micro_ros_msgs/hook/ld_library_path_lib.ps1'
[1.617s] INFO:colcon.colcon_core.shell:Creating environment descriptor '/home/rasp/ros2_ws/install/micro_ros_msgs/share/micro_ros_msgs/hook/ld_library_path_lib.dsv'
[1.618s] INFO:colcon.colcon_core.shell:Creating environment hook '/home/rasp/ros2_ws/install/micro_ros_msgs/share/micro_ros_msgs/hook/ld_library_path_lib.sh'
[1.618s] Level 1:colcon.colcon_core.environment:checking '/home/rasp/ros2_ws/install/micro_ros_msgs/bin'
[1.619s] Level 1:colcon.colcon_core.environment:checking '/home/rasp/ros2_ws/install/micro_ros_msgs/lib/pkgconfig/micro_ros_msgs.pc'
[1.619s] Level 1:colcon.colcon_core.environment:checking '/home/rasp/ros2_ws/install/micro_ros_msgs/lib/python3.12/site-packages'
[1.619s] Level 1:colcon.colcon_core.shell:create_environment_hook('micro_ros_msgs', 'pythonpath')
[1.619s] INFO:colcon.colcon_core.shell:Creating environment hook '/home/rasp/ros2_ws/install/micro_ros_msgs/share/micro_ros_msgs/hook/pythonpath.ps1'
[1.620s] INFO:colcon.colcon_core.shell:Creating environment descriptor '/home/rasp/ros2_ws/install/micro_ros_msgs/share/micro_ros_msgs/hook/pythonpath.dsv'
[1.620s] INFO:colcon.colcon_core.shell:Creating environment hook '/home/rasp/ros2_ws/install/micro_ros_msgs/share/micro_ros_msgs/hook/pythonpath.sh'
[1.621s] Level 1:colcon.colcon_core.environment:checking '/home/rasp/ros2_ws/install/micro_ros_msgs/bin'
[1.621s] INFO:colcon.colcon_core.shell:Creating package script '/home/rasp/ros2_ws/install/micro_ros_msgs/share/micro_ros_msgs/package.ps1'
[1.622s] INFO:colcon.colcon_core.shell:Creating package descriptor '/home/rasp/ros2_ws/install/micro_ros_msgs/share/micro_ros_msgs/package.dsv'
[1.623s] INFO:colcon.colcon_core.shell:Creating package script '/home/rasp/ros2_ws/install/micro_ros_msgs/share/micro_ros_msgs/package.sh'
[1.624s] INFO:colcon.colcon_core.shell:Creating package script '/home/rasp/ros2_ws/install/micro_ros_msgs/share/micro_ros_msgs/package.bash'
[1.624s] INFO:colcon.colcon_core.shell:Creating package script '/home/rasp/ros2_ws/install/micro_ros_msgs/share/micro_ros_msgs/package.zsh'
[1.625s] Level 1:colcon.colcon_core.environment:create_file_with_runtime_dependencies(/home/rasp/ros2_ws/install/micro_ros_msgs/share/colcon-core/packages/micro_ros_msgs)
[1.626s] INFO:colcon.colcon_ros.task.ament_cmake.build:Building ROS package in '/home/rasp/ros2_ws/src/rf2o_laser_odometry' with build type 'ament_cmake'
[1.626s] INFO:colcon.colcon_cmake.task.cmake.build:Building CMake package in '/home/rasp/ros2_ws/src/rf2o_laser_odometry'
[1.626s] INFO:colcon.colcon_core.shell:Skip shell extension 'powershell' for command environment: Not usable outside of PowerShell
[1.626s] DEBUG:colcon.colcon_core.shell:Skip shell extension 'dsv' for command environment
[1.649s] DEBUG:colcon.colcon_core.event_handler.log_command:Invoking command in '/home/rasp/ros2_ws/build/rf2o_laser_odometry': CMAKE_PREFIX_PATH=${CMAKE_PREFIX_PATH}:/home/rasp/ros2_ws/install/sensor_msgs_py:/home/rasp/ros2_ws/install/robot_description:/opt/ros/jazzy DEBUGINFOD_URLS=https://debuginfod.ubuntu.com /usr/bin/cmake --build /home/rasp/ros2_ws/build/rf2o_laser_odometry -- -j2 -l2
[1.886s] DEBUG:colcon.colcon_core.event_handler.log_command:Invoked command in '/home/rasp/ros2_ws/build/rf2o_laser_odometry' returned '0': CMAKE_PREFIX_PATH=${CMAKE_PREFIX_PATH}:/home/rasp/ros2_ws/install/sensor_msgs_py:/home/rasp/ros2_ws/install/robot_description:/opt/ros/jazzy DEBUGINFOD_URLS=https://debuginfod.ubuntu.com /usr/bin/cmake --build /home/rasp/ros2_ws/build/rf2o_laser_odometry -- -j2 -l2
[1.889s] DEBUG:colcon.colcon_core.event_handler.log_command:Invoking command in '/home/rasp/ros2_ws/build/rf2o_laser_odometry': CMAKE_PREFIX_PATH=${CMAKE_PREFIX_PATH}:/home/rasp/ros2_ws/install/sensor_msgs_py:/home/rasp/ros2_ws/install/robot_description:/opt/ros/jazzy DEBUGINFOD_URLS=https://debuginfod.ubuntu.com /usr/bin/cmake --install /home/rasp/ros2_ws/build/rf2o_laser_odometry
[1.922s] Level 1:colcon.colcon_core.environment:create_environment_scripts_only(rf2o_laser_odometry)
[1.922s] Level 1:colcon.colcon_core.environment:checking '/home/rasp/ros2_ws/install/rf2o_laser_odometry' for CMake module files
[1.923s] DEBUG:colcon.colcon_core.event_handler.log_command:Invoked command in '/home/rasp/ros2_ws/build/rf2o_laser_odometry' returned '0': CMAKE_PREFIX_PATH=${CMAKE_PREFIX_PATH}:/home/rasp/ros2_ws/install/sensor_msgs_py:/home/rasp/ros2_ws/install/robot_description:/opt/ros/jazzy DEBUGINFOD_URLS=https://debuginfod.ubuntu.com /usr/bin/cmake --install /home/rasp/ros2_ws/build/rf2o_laser_odometry
[1.923s] Level 1:colcon.colcon_core.environment:checking '/home/rasp/ros2_ws/install/rf2o_laser_odometry' for CMake config files
[1.925s] Level 1:colcon.colcon_core.shell:create_environment_hook('rf2o_laser_odometry', 'cmake_prefix_path')
[1.925s] INFO:colcon.colcon_core.shell:Creating environment hook '/home/rasp/ros2_ws/install/rf2o_laser_odometry/share/rf2o_laser_odometry/hook/cmake_prefix_path.ps1'
[1.925s] INFO:colcon.colcon_core.shell:Creating environment descriptor '/home/rasp/ros2_ws/install/rf2o_laser_odometry/share/rf2o_laser_odometry/hook/cmake_prefix_path.dsv'
[1.926s] INFO:colcon.colcon_core.shell:Creating environment hook '/home/rasp/ros2_ws/install/rf2o_laser_odometry/share/rf2o_laser_odometry/hook/cmake_prefix_path.sh'
[1.927s] Level 1:colcon.colcon_core.environment:checking '/home/rasp/ros2_ws/install/rf2o_laser_odometry/lib'
[1.928s] Level 1:colcon.colcon_core.environment:checking '/home/rasp/ros2_ws/install/rf2o_laser_odometry/bin'
[1.928s] Level 1:colcon.colcon_core.environment:checking '/home/rasp/ros2_ws/install/rf2o_laser_odometry/lib/pkgconfig/rf2o_laser_odometry.pc'
[1.928s] Level 1:colcon.colcon_core.environment:checking '/home/rasp/ros2_ws/install/rf2o_laser_odometry/lib/python3.12/site-packages'
[1.928s] Level 1:colcon.colcon_core.environment:checking '/home/rasp/ros2_ws/install/rf2o_laser_odometry/bin'
[1.928s] INFO:colcon.colcon_core.shell:Creating package script '/home/rasp/ros2_ws/install/rf2o_laser_odometry/share/rf2o_laser_odometry/package.ps1'
[1.929s] INFO:colcon.colcon_core.shell:Creating package descriptor '/home/rasp/ros2_ws/install/rf2o_laser_odometry/share/rf2o_laser_odometry/package.dsv'
[1.930s] INFO:colcon.colcon_core.shell:Creating package script '/home/rasp/ros2_ws/install/rf2o_laser_odometry/share/rf2o_laser_odometry/package.sh'
[1.930s] INFO:colcon.colcon_core.shell:Creating package script '/home/rasp/ros2_ws/install/rf2o_laser_odometry/share/rf2o_laser_odometry/package.bash'
[1.931s] INFO:colcon.colcon_core.shell:Creating package script '/home/rasp/ros2_ws/install/rf2o_laser_odometry/share/rf2o_laser_odometry/package.zsh'
[1.932s] Level 1:colcon.colcon_core.environment:create_file_with_runtime_dependencies(/home/rasp/ros2_ws/install/rf2o_laser_odometry/share/colcon-core/packages/rf2o_laser_odometry)
[1.932s] Level 1:colcon.colcon_core.environment:create_environment_scripts_only(rf2o_laser_odometry)
[1.933s] Level 1:colcon.colcon_core.environment:checking '/home/rasp/ros2_ws/install/rf2o_laser_odometry' for CMake module files
[1.933s] Level 1:colcon.colcon_core.environment:checking '/home/rasp/ros2_ws/install/rf2o_laser_odometry' for CMake config files
[1.934s] Level 1:colcon.colcon_core.shell:create_environment_hook('rf2o_laser_odometry', 'cmake_prefix_path')
[1.934s] INFO:colcon.colcon_core.shell:Creating environment hook '/home/rasp/ros2_ws/install/rf2o_laser_odometry/share/rf2o_laser_odometry/hook/cmake_prefix_path.ps1'
[1.934s] INFO:colcon.colcon_core.shell:Creating environment descriptor '/home/rasp/ros2_ws/install/rf2o_laser_odometry/share/rf2o_laser_odometry/hook/cmake_prefix_path.dsv'
[1.935s] INFO:colcon.colcon_core.shell:Creating environment hook '/home/rasp/ros2_ws/install/rf2o_laser_odometry/share/rf2o_laser_odometry/hook/cmake_prefix_path.sh'
[1.936s] Level 1:colcon.colcon_core.environment:checking '/home/rasp/ros2_ws/install/rf2o_laser_odometry/lib'
[1.936s] Level 1:colcon.colcon_core.environment:checking '/home/rasp/ros2_ws/install/rf2o_laser_odometry/bin'
[1.936s] Level 1:colcon.colcon_core.environment:checking '/home/rasp/ros2_ws/install/rf2o_laser_odometry/lib/pkgconfig/rf2o_laser_odometry.pc'
[1.936s] Level 1:colcon.colcon_core.environment:checking '/home/rasp/ros2_ws/install/rf2o_laser_odometry/lib/python3.12/site-packages'
[1.936s] Level 1:colcon.colcon_core.environment:checking '/home/rasp/ros2_ws/install/rf2o_laser_odometry/bin'
[1.936s] INFO:colcon.colcon_core.shell:Creating package script '/home/rasp/ros2_ws/install/rf2o_laser_odometry/share/rf2o_laser_odometry/package.ps1'
[1.937s] INFO:colcon.colcon_core.shell:Creating package descriptor '/home/rasp/ros2_ws/install/rf2o_laser_odometry/share/rf2o_laser_odometry/package.dsv'
[1.937s] INFO:colcon.colcon_core.shell:Creating package script '/home/rasp/ros2_ws/install/rf2o_laser_odometry/share/rf2o_laser_odometry/package.sh'
[1.938s] INFO:colcon.colcon_core.shell:Creating package script '/home/rasp/ros2_ws/install/rf2o_laser_odometry/share/rf2o_laser_odometry/package.bash'
[1.939s] INFO:colcon.colcon_core.shell:Creating package script '/home/rasp/ros2_ws/install/rf2o_laser_odometry/share/rf2o_laser_odometry/package.zsh'
[1.939s] Level 1:colcon.colcon_core.environment:create_file_with_runtime_dependencies(/home/rasp/ros2_ws/install/rf2o_laser_odometry/share/colcon-core/packages/rf2o_laser_odometry)
[1.940s] INFO:colcon.colcon_ros.task.ament_python.build:Building ROS package in '/home/rasp/ros2_ws/src/robot_description' with build type 'ament_python'
[1.940s] Level 1:colcon.colcon_core.shell:create_environment_hook('robot_description', 'ament_prefix_path')
[1.940s] INFO:colcon.colcon_core.shell:Creating environment hook '/home/rasp/ros2_ws/install/robot_description/share/robot_description/hook/ament_prefix_path.ps1'
[1.941s] INFO:colcon.colcon_core.shell:Creating environment descriptor '/home/rasp/ros2_ws/install/robot_description/share/robot_description/hook/ament_prefix_path.dsv'
[1.942s] INFO:colcon.colcon_core.shell:Creating environment hook '/home/rasp/ros2_ws/install/robot_description/share/robot_description/hook/ament_prefix_path.sh'
[1.944s] INFO:colcon.colcon_core.shell:Skip shell extension 'powershell' for command environment: Not usable outside of PowerShell
[1.944s] DEBUG:colcon.colcon_core.shell:Skip shell extension 'dsv' for command environment
[2.197s] INFO:colcon.colcon_core.task.python.build:Building Python package in '/home/rasp/ros2_ws/src/robot_description'
[2.198s] INFO:colcon.colcon_core.shell:Skip shell extension 'powershell' for command environment: Not usable outside of PowerShell
[2.198s] DEBUG:colcon.colcon_core.shell:Skip shell extension 'dsv' for command environment
[3.180s] DEBUG:colcon.colcon_core.event_handler.log_command:Invoked command in '/home/rasp/ros2_ws/build/laser_filters' returned '0': CMAKE_PREFIX_PATH=${CMAKE_PREFIX_PATH}:/home/rasp/ros2_ws/install/sensor_msgs_py:/home/rasp/ros2_ws/install/robot_description:/opt/ros/jazzy DEBUGINFOD_URLS=https://debuginfod.ubuntu.com /usr/bin/cmake --build /home/rasp/ros2_ws/build/laser_filters -- -j2 -l2
[3.181s] DEBUG:colcon.colcon_core.event_handler.log_command:Invoking command in '/home/rasp/ros2_ws/build/laser_filters': CMAKE_PREFIX_PATH=${CMAKE_PREFIX_PATH}:/home/rasp/ros2_ws/install/sensor_msgs_py:/home/rasp/ros2_ws/install/robot_description:/opt/ros/jazzy DEBUGINFOD_URLS=https://debuginfod.ubuntu.com /usr/bin/cmake --install /home/rasp/ros2_ws/build/laser_filters
[3.236s] Level 1:colcon.colcon_core.environment:create_environment_scripts_only(laser_filters)
[3.236s] DEBUG:colcon.colcon_core.event_handler.log_command:Invoked command in '/home/rasp/ros2_ws/build/laser_filters' returned '0': CMAKE_PREFIX_PATH=${CMAKE_PREFIX_PATH}:/home/rasp/ros2_ws/install/sensor_msgs_py:/home/rasp/ros2_ws/install/robot_description:/opt/ros/jazzy DEBUGINFOD_URLS=https://debuginfod.ubuntu.com /usr/bin/cmake --install /home/rasp/ros2_ws/build/laser_filters
[3.236s] Level 1:colcon.colcon_core.environment:checking '/home/rasp/ros2_ws/install/laser_filters' for CMake module files
[3.237s] Level 1:colcon.colcon_core.environment:checking '/home/rasp/ros2_ws/install/laser_filters' for CMake config files
[3.237s] Level 1:colcon.colcon_core.shell:create_environment_hook('laser_filters', 'cmake_prefix_path')
[3.237s] INFO:colcon.colcon_core.shell:Creating environment hook '/home/rasp/ros2_ws/install/laser_filters/share/laser_filters/hook/cmake_prefix_path.ps1'
[3.238s] INFO:colcon.colcon_core.shell:Creating environment descriptor '/home/rasp/ros2_ws/install/laser_filters/share/laser_filters/hook/cmake_prefix_path.dsv'
[3.239s] INFO:colcon.colcon_core.shell:Creating environment hook '/home/rasp/ros2_ws/install/laser_filters/share/laser_filters/hook/cmake_prefix_path.sh'
[3.240s] Level 1:colcon.colcon_core.environment:checking '/home/rasp/ros2_ws/install/laser_filters/lib'
[3.240s] Level 1:colcon.colcon_core.shell:create_environment_hook('laser_filters', 'ld_library_path_lib')
[3.240s] INFO:colcon.colcon_core.shell:Creating environment hook '/home/rasp/ros2_ws/install/laser_filters/share/laser_filters/hook/ld_library_path_lib.ps1'
[3.240s] INFO:colcon.colcon_core.shell:Creating environment descriptor '/home/rasp/ros2_ws/install/laser_filters/share/laser_filters/hook/ld_library_path_lib.dsv'
[3.241s] INFO:colcon.colcon_core.shell:Creating environment hook '/home/rasp/ros2_ws/install/laser_filters/share/laser_filters/hook/ld_library_path_lib.sh'
[3.242s] Level 1:colcon.colcon_core.environment:checking '/home/rasp/ros2_ws/install/laser_filters/bin'
[3.242s] Level 1:colcon.colcon_core.environment:checking '/home/rasp/ros2_ws/install/laser_filters/lib/pkgconfig/laser_filters.pc'
[3.242s] Level 1:colcon.colcon_core.environment:checking '/home/rasp/ros2_ws/install/laser_filters/lib/python3.12/site-packages'
[3.242s] Level 1:colcon.colcon_core.environment:checking '/home/rasp/ros2_ws/install/laser_filters/bin'
[3.242s] INFO:colcon.colcon_core.shell:Creating package script '/home/rasp/ros2_ws/install/laser_filters/share/laser_filters/package.ps1'
[3.243s] INFO:colcon.colcon_core.shell:Creating package descriptor '/home/rasp/ros2_ws/install/laser_filters/share/laser_filters/package.dsv'
[3.243s] INFO:colcon.colcon_core.shell:Creating package script '/home/rasp/ros2_ws/install/laser_filters/share/laser_filters/package.sh'
[3.244s] INFO:colcon.colcon_core.shell:Creating package script '/home/rasp/ros2_ws/install/laser_filters/share/laser_filters/package.bash'
[3.244s] INFO:colcon.colcon_core.shell:Creating package script '/home/rasp/ros2_ws/install/laser_filters/share/laser_filters/package.zsh'
[3.245s] Level 1:colcon.colcon_core.environment:create_file_with_runtime_dependencies(/home/rasp/ros2_ws/install/laser_filters/share/colcon-core/packages/laser_filters)
[3.245s] Level 1:colcon.colcon_core.environment:create_environment_scripts_only(laser_filters)
[3.246s] Level 1:colcon.colcon_core.environment:checking '/home/rasp/ros2_ws/install/laser_filters' for CMake module files
[3.246s] Level 1:colcon.colcon_core.environment:checking '/home/rasp/ros2_ws/install/laser_filters' for CMake config files
[3.246s] Level 1:colcon.colcon_core.shell:create_environment_hook('laser_filters', 'cmake_prefix_path')
[3.246s] INFO:colcon.colcon_core.shell:Creating environment hook '/home/rasp/ros2_ws/install/laser_filters/share/laser_filters/hook/cmake_prefix_path.ps1'
[3.247s] INFO:colcon.colcon_core.shell:Creating environment descriptor '/home/rasp/ros2_ws/install/laser_filters/share/laser_filters/hook/cmake_prefix_path.dsv'
[3.247s] INFO:colcon.colcon_core.shell:Creating environment hook '/home/rasp/ros2_ws/install/laser_filters/share/laser_filters/hook/cmake_prefix_path.sh'
[3.248s] Level 1:colcon.colcon_core.environment:checking '/home/rasp/ros2_ws/install/laser_filters/lib'
[3.248s] Level 1:colcon.colcon_core.shell:create_environment_hook('laser_filters', 'ld_library_path_lib')
[3.248s] INFO:colcon.colcon_core.shell:Creating environment hook '/home/rasp/ros2_ws/install/laser_filters/share/laser_filters/hook/ld_library_path_lib.ps1'
[3.249s] INFO:colcon.colcon_core.shell:Creating environment descriptor '/home/rasp/ros2_ws/install/laser_filters/share/laser_filters/hook/ld_library_path_lib.dsv'
[3.249s] INFO:colcon.colcon_core.shell:Creating environment hook '/home/rasp/ros2_ws/install/laser_filters/share/laser_filters/hook/ld_library_path_lib.sh'
[3.250s] Level 1:colcon.colcon_core.environment:checking '/home/rasp/ros2_ws/install/laser_filters/bin'
[3.250s] Level 1:colcon.colcon_core.environment:checking '/home/rasp/ros2_ws/install/laser_filters/lib/pkgconfig/laser_filters.pc'
[3.250s] Level 1:colcon.colcon_core.environment:checking '/home/rasp/ros2_ws/install/laser_filters/lib/python3.12/site-packages'
[3.250s] Level 1:colcon.colcon_core.environment:checking '/home/rasp/ros2_ws/install/laser_filters/bin'
[3.250s] INFO:colcon.colcon_core.shell:Creating package script '/home/rasp/ros2_ws/install/laser_filters/share/laser_filters/package.ps1'
[3.251s] INFO:colcon.colcon_core.shell:Creating package descriptor '/home/rasp/ros2_ws/install/laser_filters/share/laser_filters/package.dsv'
[3.252s] INFO:colcon.colcon_core.shell:Creating package script '/home/rasp/ros2_ws/install/laser_filters/share/laser_filters/package.sh'
[3.252s] INFO:colcon.colcon_core.shell:Creating package script '/home/rasp/ros2_ws/install/laser_filters/share/laser_filters/package.bash'
[3.253s] INFO:colcon.colcon_core.shell:Creating package script '/home/rasp/ros2_ws/install/laser_filters/share/laser_filters/package.zsh'
[3.253s] Level 1:colcon.colcon_core.environment:create_file_with_runtime_dependencies(/home/rasp/ros2_ws/install/laser_filters/share/colcon-core/packages/laser_filters)
[3.254s] INFO:colcon.colcon_ros.task.ament_cmake.build:Building ROS package in '/home/rasp/ros2_ws/src/robot_nav' with build type 'ament_cmake'
[3.254s] INFO:colcon.colcon_cmake.task.cmake.build:Building CMake package in '/home/rasp/ros2_ws/src/robot_nav'
[3.254s] INFO:colcon.colcon_core.shell:Skip shell extension 'powershell' for command environment: Not usable outside of PowerShell
[3.254s] DEBUG:colcon.colcon_core.shell:Skip shell extension 'dsv' for command environment
[3.265s] DEBUG:colcon.colcon_core.event_handler.log_command:Invoking command in '/home/rasp/ros2_ws/src/robot_description': DEBUGINFOD_URLS=https://debuginfod.ubuntu.com PYTHONPATH=/home/rasp/ros2_ws/build/robot_description/prefix_override:/usr/lib/python3/dist-packages/colcon_core/task/python/colcon_distutils_commands:/home/rasp/ros2_ws/install/robot_description/lib/python3.12/site-packages:${PYTHONPATH} /usr/bin/python3 -W ignore:setup.py install is deprecated -W ignore:easy_install command is deprecated setup.py egg_info --egg-base ../../build/robot_description build --build-base /home/rasp/ros2_ws/build/robot_description/build install --record /home/rasp/ros2_ws/build/robot_description/install.log --single-version-externally-managed install_data
[3.273s] DEBUG:colcon.colcon_core.event_handler.log_command:Invoking command in '/home/rasp/ros2_ws/build/robot_nav': CMAKE_PREFIX_PATH=${CMAKE_PREFIX_PATH}:/home/rasp/ros2_ws/install/sensor_msgs_py:/home/rasp/ros2_ws/install/robot_description:/opt/ros/jazzy DEBUGINFOD_URLS=https://debuginfod.ubuntu.com /usr/bin/cmake --build /home/rasp/ros2_ws/build/robot_nav -- -j2 -l2
[3.357s] DEBUG:colcon.colcon_core.event_handler.log_command:Invoked command in '/home/rasp/ros2_ws/build/robot_nav' returned '0': CMAKE_PREFIX_PATH=${CMAKE_PREFIX_PATH}:/home/rasp/ros2_ws/install/sensor_msgs_py:/home/rasp/ros2_ws/install/robot_description:/opt/ros/jazzy DEBUGINFOD_URLS=https://debuginfod.ubuntu.com /usr/bin/cmake --build /home/rasp/ros2_ws/build/robot_nav -- -j2 -l2
[3.359s] DEBUG:colcon.colcon_core.event_handler.log_command:Invoking command in '/home/rasp/ros2_ws/build/robot_nav': CMAKE_PREFIX_PATH=${CMAKE_PREFIX_PATH}:/home/rasp/ros2_ws/install/sensor_msgs_py:/home/rasp/ros2_ws/install/robot_description:/opt/ros/jazzy DEBUGINFOD_URLS=https://debuginfod.ubuntu.com /usr/bin/cmake --install /home/rasp/ros2_ws/build/robot_nav
[3.387s] Level 1:colcon.colcon_core.environment:create_environment_scripts_only(robot_nav)
[3.387s] Level 1:colcon.colcon_core.environment:checking '/home/rasp/ros2_ws/install/robot_nav' for CMake module files
[3.388s] Level 1:colcon.colcon_core.environment:checking '/home/rasp/ros2_ws/install/robot_nav' for CMake config files
[3.387s] DEBUG:colcon.colcon_core.event_handler.log_command:Invoked command in '/home/rasp/ros2_ws/build/robot_nav' returned '0': CMAKE_PREFIX_PATH=${CMAKE_PREFIX_PATH}:/home/rasp/ros2_ws/install/sensor_msgs_py:/home/rasp/ros2_ws/install/robot_description:/opt/ros/jazzy DEBUGINFOD_URLS=https://debuginfod.ubuntu.com /usr/bin/cmake --install /home/rasp/ros2_ws/build/robot_nav
[3.389s] Level 1:colcon.colcon_core.shell:create_environment_hook('robot_nav', 'cmake_prefix_path')
[3.390s] INFO:colcon.colcon_core.shell:Creating environment hook '/home/rasp/ros2_ws/install/robot_nav/share/robot_nav/hook/cmake_prefix_path.ps1'
[3.390s] INFO:colcon.colcon_core.shell:Creating environment descriptor '/home/rasp/ros2_ws/install/robot_nav/share/robot_nav/hook/cmake_prefix_path.dsv'
[3.391s] INFO:colcon.colcon_core.shell:Creating environment hook '/home/rasp/ros2_ws/install/robot_nav/share/robot_nav/hook/cmake_prefix_path.sh'
[3.392s] Level 1:colcon.colcon_core.environment:checking '/home/rasp/ros2_ws/install/robot_nav/bin'
[3.392s] Level 1:colcon.colcon_core.environment:checking '/home/rasp/ros2_ws/install/robot_nav/lib/pkgconfig/robot_nav.pc'
[3.392s] Level 1:colcon.colcon_core.environment:checking '/home/rasp/ros2_ws/install/robot_nav/lib/python3.12/site-packages'
[3.392s] Level 1:colcon.colcon_core.environment:checking '/home/rasp/ros2_ws/install/robot_nav/bin'
[3.392s] INFO:colcon.colcon_core.shell:Creating package script '/home/rasp/ros2_ws/install/robot_nav/share/robot_nav/package.ps1'
[3.393s] INFO:colcon.colcon_core.shell:Creating package descriptor '/home/rasp/ros2_ws/install/robot_nav/share/robot_nav/package.dsv'
[3.393s] INFO:colcon.colcon_core.shell:Creating package script '/home/rasp/ros2_ws/install/robot_nav/share/robot_nav/package.sh'
[3.394s] INFO:colcon.colcon_core.shell:Creating package script '/home/rasp/ros2_ws/install/robot_nav/share/robot_nav/package.bash'
[3.395s] INFO:colcon.colcon_core.shell:Creating package script '/home/rasp/ros2_ws/install/robot_nav/share/robot_nav/package.zsh'
[3.395s] Level 1:colcon.colcon_core.environment:create_file_with_runtime_dependencies(/home/rasp/ros2_ws/install/robot_nav/share/colcon-core/packages/robot_nav)
[3.395s] Level 1:colcon.colcon_core.environment:create_environment_scripts_only(robot_nav)
[3.395s] Level 1:colcon.colcon_core.environment:checking '/home/rasp/ros2_ws/install/robot_nav' for CMake module files
[3.396s] Level 1:colcon.colcon_core.environment:checking '/home/rasp/ros2_ws/install/robot_nav' for CMake config files
[3.396s] Level 1:colcon.colcon_core.shell:create_environment_hook('robot_nav', 'cmake_prefix_path')
[3.396s] INFO:colcon.colcon_core.shell:Creating environment hook '/home/rasp/ros2_ws/install/robot_nav/share/robot_nav/hook/cmake_prefix_path.ps1'
[3.397s] INFO:colcon.colcon_core.shell:Creating environment descriptor '/home/rasp/ros2_ws/install/robot_nav/share/robot_nav/hook/cmake_prefix_path.dsv'
[3.398s] INFO:colcon.colcon_core.shell:Creating environment hook '/home/rasp/ros2_ws/install/robot_nav/share/robot_nav/hook/cmake_prefix_path.sh'
[3.398s] Level 1:colcon.colcon_core.environment:checking '/home/rasp/ros2_ws/install/robot_nav/bin'
[3.398s] Level 1:colcon.colcon_core.environment:checking '/home/rasp/ros2_ws/install/robot_nav/lib/pkgconfig/robot_nav.pc'
[3.398s] Level 1:colcon.colcon_core.environment:checking '/home/rasp/ros2_ws/install/robot_nav/lib/python3.12/site-packages'
[3.399s] Level 1:colcon.colcon_core.environment:checking '/home/rasp/ros2_ws/install/robot_nav/bin'
[3.399s] INFO:colcon.colcon_core.shell:Creating package script '/home/rasp/ros2_ws/install/robot_nav/share/robot_nav/package.ps1'
[3.399s] INFO:colcon.colcon_core.shell:Creating package descriptor '/home/rasp/ros2_ws/install/robot_nav/share/robot_nav/package.dsv'
[3.400s] INFO:colcon.colcon_core.shell:Creating package script '/home/rasp/ros2_ws/install/robot_nav/share/robot_nav/package.sh'
[3.401s] INFO:colcon.colcon_core.shell:Creating package script '/home/rasp/ros2_ws/install/robot_nav/share/robot_nav/package.bash'
[3.401s] INFO:colcon.colcon_core.shell:Creating package script '/home/rasp/ros2_ws/install/robot_nav/share/robot_nav/package.zsh'
[3.402s] Level 1:colcon.colcon_core.environment:create_file_with_runtime_dependencies(/home/rasp/ros2_ws/install/robot_nav/share/colcon-core/packages/robot_nav)
[3.403s] INFO:colcon.colcon_ros.task.ament_cmake.build:Building ROS package in '/home/rasp/ros2_ws/src/sllidar_ros2' with build type 'ament_cmake'
[3.403s] INFO:colcon.colcon_cmake.task.cmake.build:Building CMake package in '/home/rasp/ros2_ws/src/sllidar_ros2'
[3.403s] INFO:colcon.colcon_core.shell:Skip shell extension 'powershell' for command environment: Not usable outside of PowerShell
[3.403s] DEBUG:colcon.colcon_core.shell:Skip shell extension 'dsv' for command environment
[3.417s] DEBUG:colcon.colcon_core.event_handler.log_command:Invoking command in '/home/rasp/ros2_ws/build/sllidar_ros2': CMAKE_PREFIX_PATH=${CMAKE_PREFIX_PATH}:/home/rasp/ros2_ws/install/sensor_msgs_py:/home/rasp/ros2_ws/install/robot_description:/opt/ros/jazzy DEBUGINFOD_URLS=https://debuginfod.ubuntu.com /usr/bin/cmake --build /home/rasp/ros2_ws/build/sllidar_ros2 -- -j2 -l2
[3.617s] DEBUG:colcon.colcon_core.event_handler.log_command:Invoked command in '/home/rasp/ros2_ws/build/sllidar_ros2' returned '0': CMAKE_PREFIX_PATH=${CMAKE_PREFIX_PATH}:/home/rasp/ros2_ws/install/sensor_msgs_py:/home/rasp/ros2_ws/install/robot_description:/opt/ros/jazzy DEBUGINFOD_URLS=https://debuginfod.ubuntu.com /usr/bin/cmake --build /home/rasp/ros2_ws/build/sllidar_ros2 -- -j2 -l2
[3.619s] DEBUG:colcon.colcon_core.event_handler.log_command:Invoking command in '/home/rasp/ros2_ws/build/sllidar_ros2': CMAKE_PREFIX_PATH=${CMAKE_PREFIX_PATH}:/home/rasp/ros2_ws/install/sensor_msgs_py:/home/rasp/ros2_ws/install/robot_description:/opt/ros/jazzy DEBUGINFOD_URLS=https://debuginfod.ubuntu.com /usr/bin/cmake --install /home/rasp/ros2_ws/build/sllidar_ros2
[3.654s] Level 1:colcon.colcon_core.environment:create_environment_scripts_only(sllidar_ros2)
[3.654s] Level 1:colcon.colcon_core.environment:checking '/home/rasp/ros2_ws/install/sllidar_ros2' for CMake module files
[3.655s] Level 1:colcon.colcon_core.environment:checking '/home/rasp/ros2_ws/install/sllidar_ros2' for CMake config files
[3.654s] DEBUG:colcon.colcon_core.event_handler.log_command:Invoked command in '/home/rasp/ros2_ws/build/sllidar_ros2' returned '0': CMAKE_PREFIX_PATH=${CMAKE_PREFIX_PATH}:/home/rasp/ros2_ws/install/sensor_msgs_py:/home/rasp/ros2_ws/install/robot_description:/opt/ros/jazzy DEBUGINFOD_URLS=https://debuginfod.ubuntu.com /usr/bin/cmake --install /home/rasp/ros2_ws/build/sllidar_ros2
[3.656s] Level 1:colcon.colcon_core.shell:create_environment_hook('sllidar_ros2', 'cmake_prefix_path')
[3.656s] INFO:colcon.colcon_core.shell:Creating environment hook '/home/rasp/ros2_ws/install/sllidar_ros2/share/sllidar_ros2/hook/cmake_prefix_path.ps1'
[3.656s] INFO:colcon.colcon_core.shell:Creating environment descriptor '/home/rasp/ros2_ws/install/sllidar_ros2/share/sllidar_ros2/hook/cmake_prefix_path.dsv'
[3.657s] INFO:colcon.colcon_core.shell:Creating environment hook '/home/rasp/ros2_ws/install/sllidar_ros2/share/sllidar_ros2/hook/cmake_prefix_path.sh'
[3.658s] Level 1:colcon.colcon_core.environment:checking '/home/rasp/ros2_ws/install/sllidar_ros2/lib'
[3.658s] Level 1:colcon.colcon_core.environment:checking '/home/rasp/ros2_ws/install/sllidar_ros2/bin'
[3.658s] Level 1:colcon.colcon_core.environment:checking '/home/rasp/ros2_ws/install/sllidar_ros2/lib/pkgconfig/sllidar_ros2.pc'
[3.658s] Level 1:colcon.colcon_core.environment:checking '/home/rasp/ros2_ws/install/sllidar_ros2/lib/python3.12/site-packages'
[3.658s] Level 1:colcon.colcon_core.environment:checking '/home/rasp/ros2_ws/install/sllidar_ros2/bin'
[3.658s] INFO:colcon.colcon_core.shell:Creating package script '/home/rasp/ros2_ws/install/sllidar_ros2/share/sllidar_ros2/package.ps1'
[3.659s] INFO:colcon.colcon_core.shell:Creating package descriptor '/home/rasp/ros2_ws/install/sllidar_ros2/share/sllidar_ros2/package.dsv'
[3.660s] INFO:colcon.colcon_core.shell:Creating package script '/home/rasp/ros2_ws/install/sllidar_ros2/share/sllidar_ros2/package.sh'
[3.660s] INFO:colcon.colcon_core.shell:Creating package script '/home/rasp/ros2_ws/install/sllidar_ros2/share/sllidar_ros2/package.bash'
[3.661s] INFO:colcon.colcon_core.shell:Creating package script '/home/rasp/ros2_ws/install/sllidar_ros2/share/sllidar_ros2/package.zsh'
[3.661s] Level 1:colcon.colcon_core.environment:create_file_with_runtime_dependencies(/home/rasp/ros2_ws/install/sllidar_ros2/share/colcon-core/packages/sllidar_ros2)
[3.662s] Level 1:colcon.colcon_core.environment:create_environment_scripts_only(sllidar_ros2)
[3.662s] Level 1:colcon.colcon_core.environment:checking '/home/rasp/ros2_ws/install/sllidar_ros2' for CMake module files
[3.662s] Level 1:colcon.colcon_core.environment:checking '/home/rasp/ros2_ws/install/sllidar_ros2' for CMake config files
[3.662s] Level 1:colcon.colcon_core.shell:create_environment_hook('sllidar_ros2', 'cmake_prefix_path')
[3.663s] INFO:colcon.colcon_core.shell:Creating environment hook '/home/rasp/ros2_ws/install/sllidar_ros2/share/sllidar_ros2/hook/cmake_prefix_path.ps1'
[3.663s] INFO:colcon.colcon_core.shell:Creating environment descriptor '/home/rasp/ros2_ws/install/sllidar_ros2/share/sllidar_ros2/hook/cmake_prefix_path.dsv'
[3.664s] INFO:colcon.colcon_core.shell:Creating environment hook '/home/rasp/ros2_ws/install/sllidar_ros2/share/sllidar_ros2/hook/cmake_prefix_path.sh'
[3.664s] Level 1:colcon.colcon_core.environment:checking '/home/rasp/ros2_ws/install/sllidar_ros2/lib'
[3.664s] Level 1:colcon.colcon_core.environment:checking '/home/rasp/ros2_ws/install/sllidar_ros2/bin'
[3.664s] Level 1:colcon.colcon_core.environment:checking '/home/rasp/ros2_ws/install/sllidar_ros2/lib/pkgconfig/sllidar_ros2.pc'
[3.665s] Level 1:colcon.colcon_core.environment:checking '/home/rasp/ros2_ws/install/sllidar_ros2/lib/python3.12/site-packages'
[3.665s] Level 1:colcon.colcon_core.environment:checking '/home/rasp/ros2_ws/install/sllidar_ros2/bin'
[3.665s] INFO:colcon.colcon_core.shell:Creating package script '/home/rasp/ros2_ws/install/sllidar_ros2/share/sllidar_ros2/package.ps1'
[3.666s] INFO:colcon.colcon_core.shell:Creating package descriptor '/home/rasp/ros2_ws/install/sllidar_ros2/share/sllidar_ros2/package.dsv'
[3.666s] INFO:colcon.colcon_core.shell:Creating package script '/home/rasp/ros2_ws/install/sllidar_ros2/share/sllidar_ros2/package.sh'
[3.667s] INFO:colcon.colcon_core.shell:Creating package script '/home/rasp/ros2_ws/install/sllidar_ros2/share/sllidar_ros2/package.bash'
[3.667s] INFO:colcon.colcon_core.shell:Creating package script '/home/rasp/ros2_ws/install/sllidar_ros2/share/sllidar_ros2/package.zsh'
[3.668s] Level 1:colcon.colcon_core.environment:create_file_with_runtime_dependencies(/home/rasp/ros2_ws/install/sllidar_ros2/share/colcon-core/packages/sllidar_ros2)
[3.669s] INFO:colcon.colcon_ros.task.ament_cmake.build:Building ROS package in '/home/rasp/ros2_ws/src/uros/micro-ROS-Agent/micro_ros_agent' with build type 'ament_cmake'
[3.669s] INFO:colcon.colcon_cmake.task.cmake.build:Building CMake package in '/home/rasp/ros2_ws/src/uros/micro-ROS-Agent/micro_ros_agent'
[3.669s] INFO:colcon.colcon_core.shell:Skip shell extension 'powershell' for command environment: Not usable outside of PowerShell
[3.669s] DEBUG:colcon.colcon_core.shell:Skip shell extension 'dsv' for command environment
[3.695s] DEBUG:colcon.colcon_core.event_handler.log_command:Invoking command in '/home/rasp/ros2_ws/build/micro_ros_agent': CMAKE_PREFIX_PATH=/home/rasp/ros2_ws/install/micro_ros_msgs:/home/rasp/ros2_ws/install/micro_ros_demos_rclc:/home/rasp/ros2_ws/install/common_interfaces:/home/rasp/ros2_ws/install/visualization_msgs:/home/rasp/ros2_ws/install/action_msgs:/home/rasp/ros2_ws/install/unique_identifier_msgs:/home/rasp/ros2_ws/install/type_description_interfaces:/home/rasp/ros2_ws/install/trajectory_msgs:/home/rasp/ros2_ws/install/test_msgs:/home/rasp/ros2_ws/install/test_interface_files:/home/rasp/ros2_ws/install/stereo_msgs:/home/rasp/ros2_ws/install/sllidar_ros2:/home/rasp/ros2_ws/install/std_srvs:/home/rasp/ros2_ws/install/shape_msgs:/home/rasp/ros2_ws/install/rf2o_laser_odometry:/home/rasp/ros2_ws/install/laser_filters:/home/rasp/ros2_ws/install/sensor_msgs:/home/rasp/ros2_ws/install/nav_msgs:/home/rasp/ros2_ws/install/diagnostic_msgs:/home/rasp/ros2_ws/install/geometry_msgs:/home/rasp/ros2_ws/install/actionlib_msgs:/home/rasp/ros2_ws/install/std_msgs:/home/rasp/ros2_ws/install/statistics_msgs:/home/rasp/ros2_ws/install/service_msgs:/home/rasp/ros2_ws/install/rosidl_typesupport_microxrcedds_test_msg:/home/rasp/ros2_ws/install/rosidl_typesupport_microxrcedds_cpp_tests:/home/rasp/ros2_ws/install/rmw_microxrcedds:/home/rasp/ros2_ws/install/rosidl_typesupport_microxrcedds_cpp:/home/rasp/ros2_ws/install/rosidl_typesupport_microxrcedds_c_tests:/home/rasp/ros2_ws/install/rosidl_typesupport_microxrcedds_c:/home/rasp/ros2_ws/install/rosgraph_msgs:/home/rasp/ros2_ws/install/robot_nav:/home/rasp/ros2_ws/install/rclc_parameter:/home/rasp/ros2_ws/install/rclc:/home/rasp/ros2_ws/install/composition_interfaces:/home/rasp/ros2_ws/install/rcl_interfaces:/home/rasp/ros2_ws/install/microxrcedds_client:/home/rasp/ros2_ws/install/microcdr:/home/rasp/ros2_ws/install/micro_ros_utilities:/home/rasp/ros2_ws/install/micro_ros_setup:/home/rasp/ros2_ws/install/micro_ros_agent:/home/rasp/ros2_ws/install/lifecycle_msgs:/home/rasp/ros2_ws/install/example_interfaces:/home/rasp/ros2_ws/install/complex_msgs:/home/rasp/ros2_ws/install/builtin_interfaces:/opt/ros/jazzy/opt/gz_sim_vendor:/opt/ros/jazzy/opt/gz_sensors_vendor:/opt/ros/jazzy/opt/gz_physics_vendor:/opt/ros/jazzy/opt/sdformat_vendor:/opt/ros/jazzy/opt/gz_gui_vendor:/opt/ros/jazzy/opt/gz_transport_vendor:/opt/ros/jazzy/opt/gz_rendering_vendor:/opt/ros/jazzy/opt/gz_plugin_vendor:/opt/ros/jazzy/opt/gz_fuel_tools_vendor:/opt/ros/jazzy/opt/gz_msgs_vendor:/opt/ros/jazzy/opt/gz_common_vendor:/opt/ros/jazzy/opt/gz_math_vendor:/opt/ros/jazzy/opt/gz_utils_vendor:/opt/ros/jazzy/opt/gz_tools_vendor:/opt/ros/jazzy/opt/gz_ogre_next_vendor:/opt/ros/jazzy/opt/gz_dartsim_vendor:/opt/ros/jazzy/opt/gz_cmake_vendor:/home/rasp/ros2_ws/install/sensor_msgs_py:/home/rasp/ros2_ws/install/robot_description:/opt/ros/jazzy DEBUGINFOD_URLS=https://debuginfod.ubuntu.com LD_LIBRARY_PATH=/home/rasp/ros2_ws/install/micro_ros_msgs/lib:/home/rasp/ros2_ws/install/visualization_msgs/lib:/home/rasp/ros2_ws/install/action_msgs/lib:/home/rasp/ros2_ws/install/unique_identifier_msgs/lib:/home/rasp/ros2_ws/install/type_description_interfaces/lib:/home/rasp/ros2_ws/install/trajectory_msgs/lib:/home/rasp/ros2_ws/install/test_msgs/lib:/home/rasp/ros2_ws/install/stereo_msgs/lib:/home/rasp/ros2_ws/install/std_srvs/lib:/home/rasp/ros2_ws/install/shape_msgs/lib:/home/rasp/ros2_ws/install/laser_filters/lib:/home/rasp/ros2_ws/install/sensor_msgs/lib:/home/rasp/ros2_ws/install/nav_msgs/lib:/home/rasp/ros2_ws/install/diagnostic_msgs/lib:/home/rasp/ros2_ws/install/geometry_msgs/lib:/home/rasp/ros2_ws/install/actionlib_msgs/lib:/home/rasp/ros2_ws/install/std_msgs/lib:/home/rasp/ros2_ws/install/statistics_msgs/lib:/home/rasp/ros2_ws/install/service_msgs/lib:/home/rasp/ros2_ws/install/rmw_microxrcedds/lib:/home/rasp/ros2_ws/install/rosidl_typesupport_microxrcedds_cpp/lib:/home/rasp/ros2_ws/install/rosidl_typesupport_microxrcedds_c/lib:/home/rasp/ros2_ws/install/rosgraph_msgs/lib:/home/rasp/ros2_ws/install/rclc_parameter/lib:/home/rasp/ros2_ws/install/rclc/lib:/home/rasp/ros2_ws/install/composition_interfaces/lib:/home/rasp/ros2_ws/install/rcl_interfaces/lib:/home/rasp/ros2_ws/install/microxrcedds_client/lib:/home/rasp/ros2_ws/install/microcdr/lib:/home/rasp/ros2_ws/install/micro_ros_utilities/lib:/home/rasp/ros2_ws/install/micro_ros_agent/lib:/home/rasp/ros2_ws/install/lifecycle_msgs/lib:/home/rasp/ros2_ws/install/example_interfaces/lib:/home/rasp/ros2_ws/install/complex_msgs/lib:/home/rasp/ros2_ws/install/builtin_interfaces/lib:/opt/ros/jazzy/opt/gz_sim_vendor/lib:/opt/ros/jazzy/opt/gz_sensors_vendor/lib:/opt/ros/jazzy/opt/gz_physics_vendor/lib:/opt/ros/jazzy/opt/sdformat_vendor/lib:/opt/ros/jazzy/opt/rviz_ogre_vendor/lib:/opt/ros/jazzy/lib/x86_64-linux-gnu:/opt/ros/jazzy/opt/gz_gui_vendor/lib:/opt/ros/jazzy/opt/gz_transport_vendor/lib:/opt/ros/jazzy/opt/gz_rendering_vendor/lib:/opt/ros/jazzy/opt/gz_plugin_vendor/lib:/opt/ros/jazzy/opt/gz_fuel_tools_vendor/lib:/opt/ros/jazzy/opt/gz_msgs_vendor/lib:/opt/ros/jazzy/opt/gz_common_vendor/lib:/opt/ros/jazzy/opt/gz_math_vendor/lib:/opt/ros/jazzy/opt/gz_utils_vendor/lib:/opt/ros/jazzy/opt/gz_tools_vendor/lib:/opt/ros/jazzy/opt/gz_ogre_next_vendor/lib:/opt/ros/jazzy/opt/gz_dartsim_vendor/lib:/opt/ros/jazzy/opt/gz_cmake_vendor/lib:/opt/ros/jazzy/lib PYTHONPATH=/home/rasp/ros2_ws/install/micro_ros_msgs/lib/python3.12/site-packages:/home/rasp/ros2_ws/install/visualization_msgs/lib/python3.12/site-packages:/home/rasp/ros2_ws/install/action_msgs/lib/python3.12/site-packages:/home/rasp/ros2_ws/install/unique_identifier_msgs/lib/python3.12/site-packages:/home/rasp/ros2_ws/install/type_description_interfaces/lib/python3.12/site-packages:/home/rasp/ros2_ws/install/trajectory_msgs/lib/python3.12/site-packages:/home/rasp/ros2_ws/install/test_msgs/lib/python3.12/site-packages:/home/rasp/ros2_ws/install/stereo_msgs/lib/python3.12/site-packages:/home/rasp/ros2_ws/install/std_srvs/lib/python3.12/site-packages:/home/rasp/ros2_ws/install/shape_msgs/lib/python3.12/site-packages:/home/rasp/ros2_ws/install/sensor_msgs_py/lib/python3.12/site-packages:/home/rasp/ros2_ws/install/sensor_msgs/lib/python3.12/site-packages:/home/rasp/ros2_ws/install/nav_msgs/lib/python3.12/site-packages:/home/rasp/ros2_ws/install/diagnostic_msgs/lib/python3.12/site-packages:/home/rasp/ros2_ws/install/geometry_msgs/lib/python3.12/site-packages:/home/rasp/ros2_ws/install/actionlib_msgs/lib/python3.12/site-packages:/home/rasp/ros2_ws/install/std_msgs/lib/python3.12/site-packages:/home/rasp/ros2_ws/install/statistics_msgs/lib/python3.12/site-packages:/home/rasp/ros2_ws/install/service_msgs/lib/python3.12/site-packages:/home/rasp/ros2_ws/install/rosidl_typesupport_microxrcedds_cpp/lib/python3.12/site-packages:/home/rasp/ros2_ws/install/rosidl_typesupport_microxrcedds_c/lib/python3.12/site-packages:/home/rasp/ros2_ws/install/rosgraph_msgs/lib/python3.12/site-packages:/home/rasp/ros2_ws/install/robot_description/lib/python3.12/site-packages:/home/rasp/ros2_ws/install/composition_interfaces/lib/python3.12/site-packages:/home/rasp/ros2_ws/install/rcl_interfaces/lib/python3.12/site-packages:/home/rasp/ros2_ws/install/lifecycle_msgs/lib/python3.12/site-packages:/home/rasp/ros2_ws/install/example_interfaces/lib/python3.12/site-packages:/home/rasp/ros2_ws/install/complex_msgs/lib/python3.12/site-packages:/home/rasp/ros2_ws/install/builtin_interfaces/lib/python3.12/site-packages:/opt/ros/jazzy/lib/python3.12/site-packages /usr/bin/cmake --build /home/rasp/ros2_ws/build/micro_ros_agent -- -j2 -l2
[3.870s] DEBUG:colcon.colcon_core.event_handler.log_command:Invoked command in '/home/rasp/ros2_ws/build/micro_ros_agent' returned '0': CMAKE_PREFIX_PATH=/home/rasp/ros2_ws/install/micro_ros_msgs:/home/rasp/ros2_ws/install/micro_ros_demos_rclc:/home/rasp/ros2_ws/install/common_interfaces:/home/rasp/ros2_ws/install/visualization_msgs:/home/rasp/ros2_ws/install/action_msgs:/home/rasp/ros2_ws/install/unique_identifier_msgs:/home/rasp/ros2_ws/install/type_description_interfaces:/home/rasp/ros2_ws/install/trajectory_msgs:/home/rasp/ros2_ws/install/test_msgs:/home/rasp/ros2_ws/install/test_interface_files:/home/rasp/ros2_ws/install/stereo_msgs:/home/rasp/ros2_ws/install/sllidar_ros2:/home/rasp/ros2_ws/install/std_srvs:/home/rasp/ros2_ws/install/shape_msgs:/home/rasp/ros2_ws/install/rf2o_laser_odometry:/home/rasp/ros2_ws/install/laser_filters:/home/rasp/ros2_ws/install/sensor_msgs:/home/rasp/ros2_ws/install/nav_msgs:/home/rasp/ros2_ws/install/diagnostic_msgs:/home/rasp/ros2_ws/install/geometry_msgs:/home/rasp/ros2_ws/install/actionlib_msgs:/home/rasp/ros2_ws/install/std_msgs:/home/rasp/ros2_ws/install/statistics_msgs:/home/rasp/ros2_ws/install/service_msgs:/home/rasp/ros2_ws/install/rosidl_typesupport_microxrcedds_test_msg:/home/rasp/ros2_ws/install/rosidl_typesupport_microxrcedds_cpp_tests:/home/rasp/ros2_ws/install/rmw_microxrcedds:/home/rasp/ros2_ws/install/rosidl_typesupport_microxrcedds_cpp:/home/rasp/ros2_ws/install/rosidl_typesupport_microxrcedds_c_tests:/home/rasp/ros2_ws/install/rosidl_typesupport_microxrcedds_c:/home/rasp/ros2_ws/install/rosgraph_msgs:/home/rasp/ros2_ws/install/robot_nav:/home/rasp/ros2_ws/install/rclc_parameter:/home/rasp/ros2_ws/install/rclc:/home/rasp/ros2_ws/install/composition_interfaces:/home/rasp/ros2_ws/install/rcl_interfaces:/home/rasp/ros2_ws/install/microxrcedds_client:/home/rasp/ros2_ws/install/microcdr:/home/rasp/ros2_ws/install/micro_ros_utilities:/home/rasp/ros2_ws/install/micro_ros_setup:/home/rasp/ros2_ws/install/micro_ros_agent:/home/rasp/ros2_ws/install/lifecycle_msgs:/home/rasp/ros2_ws/install/example_interfaces:/home/rasp/ros2_ws/install/complex_msgs:/home/rasp/ros2_ws/install/builtin_interfaces:/opt/ros/jazzy/opt/gz_sim_vendor:/opt/ros/jazzy/opt/gz_sensors_vendor:/opt/ros/jazzy/opt/gz_physics_vendor:/opt/ros/jazzy/opt/sdformat_vendor:/opt/ros/jazzy/opt/gz_gui_vendor:/opt/ros/jazzy/opt/gz_transport_vendor:/opt/ros/jazzy/opt/gz_rendering_vendor:/opt/ros/jazzy/opt/gz_plugin_vendor:/opt/ros/jazzy/opt/gz_fuel_tools_vendor:/opt/ros/jazzy/opt/gz_msgs_vendor:/opt/ros/jazzy/opt/gz_common_vendor:/opt/ros/jazzy/opt/gz_math_vendor:/opt/ros/jazzy/opt/gz_utils_vendor:/opt/ros/jazzy/opt/gz_tools_vendor:/opt/ros/jazzy/opt/gz_ogre_next_vendor:/opt/ros/jazzy/opt/gz_dartsim_vendor:/opt/ros/jazzy/opt/gz_cmake_vendor:/home/rasp/ros2_ws/install/sensor_msgs_py:/home/rasp/ros2_ws/install/robot_description:/opt/ros/jazzy DEBUGINFOD_URLS=https://debuginfod.ubuntu.com LD_LIBRARY_PATH=/home/rasp/ros2_ws/install/micro_ros_msgs/lib:/home/rasp/ros2_ws/install/visualization_msgs/lib:/home/rasp/ros2_ws/install/action_msgs/lib:/home/rasp/ros2_ws/install/unique_identifier_msgs/lib:/home/rasp/ros2_ws/install/type_description_interfaces/lib:/home/rasp/ros2_ws/install/trajectory_msgs/lib:/home/rasp/ros2_ws/install/test_msgs/lib:/home/rasp/ros2_ws/install/stereo_msgs/lib:/home/rasp/ros2_ws/install/std_srvs/lib:/home/rasp/ros2_ws/install/shape_msgs/lib:/home/rasp/ros2_ws/install/laser_filters/lib:/home/rasp/ros2_ws/install/sensor_msgs/lib:/home/rasp/ros2_ws/install/nav_msgs/lib:/home/rasp/ros2_ws/install/diagnostic_msgs/lib:/home/rasp/ros2_ws/install/geometry_msgs/lib:/home/rasp/ros2_ws/install/actionlib_msgs/lib:/home/rasp/ros2_ws/install/std_msgs/lib:/home/rasp/ros2_ws/install/statistics_msgs/lib:/home/rasp/ros2_ws/install/service_msgs/lib:/home/rasp/ros2_ws/install/rmw_microxrcedds/lib:/home/rasp/ros2_ws/install/rosidl_typesupport_microxrcedds_cpp/lib:/home/rasp/ros2_ws/install/rosidl_typesupport_microxrcedds_c/lib:/home/rasp/ros2_ws/install/rosgraph_msgs/lib:/home/rasp/ros2_ws/install/rclc_parameter/lib:/home/rasp/ros2_ws/install/rclc/lib:/home/rasp/ros2_ws/install/composition_interfaces/lib:/home/rasp/ros2_ws/install/rcl_interfaces/lib:/home/rasp/ros2_ws/install/microxrcedds_client/lib:/home/rasp/ros2_ws/install/microcdr/lib:/home/rasp/ros2_ws/install/micro_ros_utilities/lib:/home/rasp/ros2_ws/install/micro_ros_agent/lib:/home/rasp/ros2_ws/install/lifecycle_msgs/lib:/home/rasp/ros2_ws/install/example_interfaces/lib:/home/rasp/ros2_ws/install/complex_msgs/lib:/home/rasp/ros2_ws/install/builtin_interfaces/lib:/opt/ros/jazzy/opt/gz_sim_vendor/lib:/opt/ros/jazzy/opt/gz_sensors_vendor/lib:/opt/ros/jazzy/opt/gz_physics_vendor/lib:/opt/ros/jazzy/opt/sdformat_vendor/lib:/opt/ros/jazzy/opt/rviz_ogre_vendor/lib:/opt/ros/jazzy/lib/x86_64-linux-gnu:/opt/ros/jazzy/opt/gz_gui_vendor/lib:/opt/ros/jazzy/opt/gz_transport_vendor/lib:/opt/ros/jazzy/opt/gz_rendering_vendor/lib:/opt/ros/jazzy/opt/gz_plugin_vendor/lib:/opt/ros/jazzy/opt/gz_fuel_tools_vendor/lib:/opt/ros/jazzy/opt/gz_msgs_vendor/lib:/opt/ros/jazzy/opt/gz_common_vendor/lib:/opt/ros/jazzy/opt/gz_math_vendor/lib:/opt/ros/jazzy/opt/gz_utils_vendor/lib:/opt/ros/jazzy/opt/gz_tools_vendor/lib:/opt/ros/jazzy/opt/gz_ogre_next_vendor/lib:/opt/ros/jazzy/opt/gz_dartsim_vendor/lib:/opt/ros/jazzy/opt/gz_cmake_vendor/lib:/opt/ros/jazzy/lib PYTHONPATH=/home/rasp/ros2_ws/install/micro_ros_msgs/lib/python3.12/site-packages:/home/rasp/ros2_ws/install/visualization_msgs/lib/python3.12/site-packages:/home/rasp/ros2_ws/install/action_msgs/lib/python3.12/site-packages:/home/rasp/ros2_ws/install/unique_identifier_msgs/lib/python3.12/site-packages:/home/rasp/ros2_ws/install/type_description_interfaces/lib/python3.12/site-packages:/home/rasp/ros2_ws/install/trajectory_msgs/lib/python3.12/site-packages:/home/rasp/ros2_ws/install/test_msgs/lib/python3.12/site-packages:/home/rasp/ros2_ws/install/stereo_msgs/lib/python3.12/site-packages:/home/rasp/ros2_ws/install/std_srvs/lib/python3.12/site-packages:/home/rasp/ros2_ws/install/shape_msgs/lib/python3.12/site-packages:/home/rasp/ros2_ws/install/sensor_msgs_py/lib/python3.12/site-packages:/home/rasp/ros2_ws/install/sensor_msgs/lib/python3.12/site-packages:/home/rasp/ros2_ws/install/nav_msgs/lib/python3.12/site-packages:/home/rasp/ros2_ws/install/diagnostic_msgs/lib/python3.12/site-packages:/home/rasp/ros2_ws/install/geometry_msgs/lib/python3.12/site-packages:/home/rasp/ros2_ws/install/actionlib_msgs/lib/python3.12/site-packages:/home/rasp/ros2_ws/install/std_msgs/lib/python3.12/site-packages:/home/rasp/ros2_ws/install/statistics_msgs/lib/python3.12/site-packages:/home/rasp/ros2_ws/install/service_msgs/lib/python3.12/site-packages:/home/rasp/ros2_ws/install/rosidl_typesupport_microxrcedds_cpp/lib/python3.12/site-packages:/home/rasp/ros2_ws/install/rosidl_typesupport_microxrcedds_c/lib/python3.12/site-packages:/home/rasp/ros2_ws/install/rosgraph_msgs/lib/python3.12/site-packages:/home/rasp/ros2_ws/install/robot_description/lib/python3.12/site-packages:/home/rasp/ros2_ws/install/composition_interfaces/lib/python3.12/site-packages:/home/rasp/ros2_ws/install/rcl_interfaces/lib/python3.12/site-packages:/home/rasp/ros2_ws/install/lifecycle_msgs/lib/python3.12/site-packages:/home/rasp/ros2_ws/install/example_interfaces/lib/python3.12/site-packages:/home/rasp/ros2_ws/install/complex_msgs/lib/python3.12/site-packages:/home/rasp/ros2_ws/install/builtin_interfaces/lib/python3.12/site-packages:/opt/ros/jazzy/lib/python3.12/site-packages /usr/bin/cmake --build /home/rasp/ros2_ws/build/micro_ros_agent -- -j2 -l2
[3.872s] DEBUG:colcon.colcon_core.event_handler.log_command:Invoking command in '/home/rasp/ros2_ws/build/micro_ros_agent': CMAKE_PREFIX_PATH=/home/rasp/ros2_ws/install/micro_ros_msgs:/home/rasp/ros2_ws/install/micro_ros_demos_rclc:/home/rasp/ros2_ws/install/common_interfaces:/home/rasp/ros2_ws/install/visualization_msgs:/home/rasp/ros2_ws/install/action_msgs:/home/rasp/ros2_ws/install/unique_identifier_msgs:/home/rasp/ros2_ws/install/type_description_interfaces:/home/rasp/ros2_ws/install/trajectory_msgs:/home/rasp/ros2_ws/install/test_msgs:/home/rasp/ros2_ws/install/test_interface_files:/home/rasp/ros2_ws/install/stereo_msgs:/home/rasp/ros2_ws/install/sllidar_ros2:/home/rasp/ros2_ws/install/std_srvs:/home/rasp/ros2_ws/install/shape_msgs:/home/rasp/ros2_ws/install/rf2o_laser_odometry:/home/rasp/ros2_ws/install/laser_filters:/home/rasp/ros2_ws/install/sensor_msgs:/home/rasp/ros2_ws/install/nav_msgs:/home/rasp/ros2_ws/install/diagnostic_msgs:/home/rasp/ros2_ws/install/geometry_msgs:/home/rasp/ros2_ws/install/actionlib_msgs:/home/rasp/ros2_ws/install/std_msgs:/home/rasp/ros2_ws/install/statistics_msgs:/home/rasp/ros2_ws/install/service_msgs:/home/rasp/ros2_ws/install/rosidl_typesupport_microxrcedds_test_msg:/home/rasp/ros2_ws/install/rosidl_typesupport_microxrcedds_cpp_tests:/home/rasp/ros2_ws/install/rmw_microxrcedds:/home/rasp/ros2_ws/install/rosidl_typesupport_microxrcedds_cpp:/home/rasp/ros2_ws/install/rosidl_typesupport_microxrcedds_c_tests:/home/rasp/ros2_ws/install/rosidl_typesupport_microxrcedds_c:/home/rasp/ros2_ws/install/rosgraph_msgs:/home/rasp/ros2_ws/install/robot_nav:/home/rasp/ros2_ws/install/rclc_parameter:/home/rasp/ros2_ws/install/rclc:/home/rasp/ros2_ws/install/composition_interfaces:/home/rasp/ros2_ws/install/rcl_interfaces:/home/rasp/ros2_ws/install/microxrcedds_client:/home/rasp/ros2_ws/install/microcdr:/home/rasp/ros2_ws/install/micro_ros_utilities:/home/rasp/ros2_ws/install/micro_ros_setup:/home/rasp/ros2_ws/install/micro_ros_agent:/home/rasp/ros2_ws/install/lifecycle_msgs:/home/rasp/ros2_ws/install/example_interfaces:/home/rasp/ros2_ws/install/complex_msgs:/home/rasp/ros2_ws/install/builtin_interfaces:/opt/ros/jazzy/opt/gz_sim_vendor:/opt/ros/jazzy/opt/gz_sensors_vendor:/opt/ros/jazzy/opt/gz_physics_vendor:/opt/ros/jazzy/opt/sdformat_vendor:/opt/ros/jazzy/opt/gz_gui_vendor:/opt/ros/jazzy/opt/gz_transport_vendor:/opt/ros/jazzy/opt/gz_rendering_vendor:/opt/ros/jazzy/opt/gz_plugin_vendor:/opt/ros/jazzy/opt/gz_fuel_tools_vendor:/opt/ros/jazzy/opt/gz_msgs_vendor:/opt/ros/jazzy/opt/gz_common_vendor:/opt/ros/jazzy/opt/gz_math_vendor:/opt/ros/jazzy/opt/gz_utils_vendor:/opt/ros/jazzy/opt/gz_tools_vendor:/opt/ros/jazzy/opt/gz_ogre_next_vendor:/opt/ros/jazzy/opt/gz_dartsim_vendor:/opt/ros/jazzy/opt/gz_cmake_vendor:/home/rasp/ros2_ws/install/sensor_msgs_py:/home/rasp/ros2_ws/install/robot_description:/opt/ros/jazzy DEBUGINFOD_URLS=https://debuginfod.ubuntu.com LD_LIBRARY_PATH=/home/rasp/ros2_ws/install/micro_ros_msgs/lib:/home/rasp/ros2_ws/install/visualization_msgs/lib:/home/rasp/ros2_ws/install/action_msgs/lib:/home/rasp/ros2_ws/install/unique_identifier_msgs/lib:/home/rasp/ros2_ws/install/type_description_interfaces/lib:/home/rasp/ros2_ws/install/trajectory_msgs/lib:/home/rasp/ros2_ws/install/test_msgs/lib:/home/rasp/ros2_ws/install/stereo_msgs/lib:/home/rasp/ros2_ws/install/std_srvs/lib:/home/rasp/ros2_ws/install/shape_msgs/lib:/home/rasp/ros2_ws/install/laser_filters/lib:/home/rasp/ros2_ws/install/sensor_msgs/lib:/home/rasp/ros2_ws/install/nav_msgs/lib:/home/rasp/ros2_ws/install/diagnostic_msgs/lib:/home/rasp/ros2_ws/install/geometry_msgs/lib:/home/rasp/ros2_ws/install/actionlib_msgs/lib:/home/rasp/ros2_ws/install/std_msgs/lib:/home/rasp/ros2_ws/install/statistics_msgs/lib:/home/rasp/ros2_ws/install/service_msgs/lib:/home/rasp/ros2_ws/install/rmw_microxrcedds/lib:/home/rasp/ros2_ws/install/rosidl_typesupport_microxrcedds_cpp/lib:/home/rasp/ros2_ws/install/rosidl_typesupport_microxrcedds_c/lib:/home/rasp/ros2_ws/install/rosgraph_msgs/lib:/home/rasp/ros2_ws/install/rclc_parameter/lib:/home/rasp/ros2_ws/install/rclc/lib:/home/rasp/ros2_ws/install/composition_interfaces/lib:/home/rasp/ros2_ws/install/rcl_interfaces/lib:/home/rasp/ros2_ws/install/microxrcedds_client/lib:/home/rasp/ros2_ws/install/microcdr/lib:/home/rasp/ros2_ws/install/micro_ros_utilities/lib:/home/rasp/ros2_ws/install/micro_ros_agent/lib:/home/rasp/ros2_ws/install/lifecycle_msgs/lib:/home/rasp/ros2_ws/install/example_interfaces/lib:/home/rasp/ros2_ws/install/complex_msgs/lib:/home/rasp/ros2_ws/install/builtin_interfaces/lib:/opt/ros/jazzy/opt/gz_sim_vendor/lib:/opt/ros/jazzy/opt/gz_sensors_vendor/lib:/opt/ros/jazzy/opt/gz_physics_vendor/lib:/opt/ros/jazzy/opt/sdformat_vendor/lib:/opt/ros/jazzy/opt/rviz_ogre_vendor/lib:/opt/ros/jazzy/lib/x86_64-linux-gnu:/opt/ros/jazzy/opt/gz_gui_vendor/lib:/opt/ros/jazzy/opt/gz_transport_vendor/lib:/opt/ros/jazzy/opt/gz_rendering_vendor/lib:/opt/ros/jazzy/opt/gz_plugin_vendor/lib:/opt/ros/jazzy/opt/gz_fuel_tools_vendor/lib:/opt/ros/jazzy/opt/gz_msgs_vendor/lib:/opt/ros/jazzy/opt/gz_common_vendor/lib:/opt/ros/jazzy/opt/gz_math_vendor/lib:/opt/ros/jazzy/opt/gz_utils_vendor/lib:/opt/ros/jazzy/opt/gz_tools_vendor/lib:/opt/ros/jazzy/opt/gz_ogre_next_vendor/lib:/opt/ros/jazzy/opt/gz_dartsim_vendor/lib:/opt/ros/jazzy/opt/gz_cmake_vendor/lib:/opt/ros/jazzy/lib PYTHONPATH=/home/rasp/ros2_ws/install/micro_ros_msgs/lib/python3.12/site-packages:/home/rasp/ros2_ws/install/visualization_msgs/lib/python3.12/site-packages:/home/rasp/ros2_ws/install/action_msgs/lib/python3.12/site-packages:/home/rasp/ros2_ws/install/unique_identifier_msgs/lib/python3.12/site-packages:/home/rasp/ros2_ws/install/type_description_interfaces/lib/python3.12/site-packages:/home/rasp/ros2_ws/install/trajectory_msgs/lib/python3.12/site-packages:/home/rasp/ros2_ws/install/test_msgs/lib/python3.12/site-packages:/home/rasp/ros2_ws/install/stereo_msgs/lib/python3.12/site-packages:/home/rasp/ros2_ws/install/std_srvs/lib/python3.12/site-packages:/home/rasp/ros2_ws/install/shape_msgs/lib/python3.12/site-packages:/home/rasp/ros2_ws/install/sensor_msgs_py/lib/python3.12/site-packages:/home/rasp/ros2_ws/install/sensor_msgs/lib/python3.12/site-packages:/home/rasp/ros2_ws/install/nav_msgs/lib/python3.12/site-packages:/home/rasp/ros2_ws/install/diagnostic_msgs/lib/python3.12/site-packages:/home/rasp/ros2_ws/install/geometry_msgs/lib/python3.12/site-packages:/home/rasp/ros2_ws/install/actionlib_msgs/lib/python3.12/site-packages:/home/rasp/ros2_ws/install/std_msgs/lib/python3.12/site-packages:/home/rasp/ros2_ws/install/statistics_msgs/lib/python3.12/site-packages:/home/rasp/ros2_ws/install/service_msgs/lib/python3.12/site-packages:/home/rasp/ros2_ws/install/rosidl_typesupport_microxrcedds_cpp/lib/python3.12/site-packages:/home/rasp/ros2_ws/install/rosidl_typesupport_microxrcedds_c/lib/python3.12/site-packages:/home/rasp/ros2_ws/install/rosgraph_msgs/lib/python3.12/site-packages:/home/rasp/ros2_ws/install/robot_description/lib/python3.12/site-packages:/home/rasp/ros2_ws/install/composition_interfaces/lib/python3.12/site-packages:/home/rasp/ros2_ws/install/rcl_interfaces/lib/python3.12/site-packages:/home/rasp/ros2_ws/install/lifecycle_msgs/lib/python3.12/site-packages:/home/rasp/ros2_ws/install/example_interfaces/lib/python3.12/site-packages:/home/rasp/ros2_ws/install/complex_msgs/lib/python3.12/site-packages:/home/rasp/ros2_ws/install/builtin_interfaces/lib/python3.12/site-packages:/opt/ros/jazzy/lib/python3.12/site-packages /usr/bin/cmake --install /home/rasp/ros2_ws/build/micro_ros_agent
[3.879s] Level 1:colcon.colcon_core.environment:checking '/home/rasp/ros2_ws/install/robot_description' for CMake module files
[3.880s] Level 1:colcon.colcon_core.environment:checking '/home/rasp/ros2_ws/install/robot_description' for CMake config files
[3.881s] DEBUG:colcon.colcon_core.event_handler.log_command:Invoked command in '/home/rasp/ros2_ws/src/robot_description' returned '0': DEBUGINFOD_URLS=https://debuginfod.ubuntu.com PYTHONPATH=/home/rasp/ros2_ws/build/robot_description/prefix_override:/usr/lib/python3/dist-packages/colcon_core/task/python/colcon_distutils_commands:/home/rasp/ros2_ws/install/robot_description/lib/python3.12/site-packages:${PYTHONPATH} /usr/bin/python3 -W ignore:setup.py install is deprecated -W ignore:easy_install command is deprecated setup.py egg_info --egg-base ../../build/robot_description build --build-base /home/rasp/ros2_ws/build/robot_description/build install --record /home/rasp/ros2_ws/build/robot_description/install.log --single-version-externally-managed install_data
[3.882s] Level 1:colcon.colcon_core.environment:checking '/home/rasp/ros2_ws/install/robot_description/lib'
[3.882s] Level 1:colcon.colcon_core.environment:checking '/home/rasp/ros2_ws/install/robot_description/bin'
[3.882s] Level 1:colcon.colcon_core.environment:checking '/home/rasp/ros2_ws/install/robot_description/lib/pkgconfig/robot_description.pc'
[3.882s] Level 1:colcon.colcon_core.environment:checking '/home/rasp/ros2_ws/install/robot_description/lib/python3.12/site-packages'
[3.882s] Level 1:colcon.colcon_core.shell:create_environment_hook('robot_description', 'pythonpath')
[3.882s] INFO:colcon.colcon_core.shell:Creating environment hook '/home/rasp/ros2_ws/install/robot_description/share/robot_description/hook/pythonpath.ps1'
[3.883s] INFO:colcon.colcon_core.shell:Creating environment descriptor '/home/rasp/ros2_ws/install/robot_description/share/robot_description/hook/pythonpath.dsv'
[3.883s] INFO:colcon.colcon_core.shell:Creating environment hook '/home/rasp/ros2_ws/install/robot_description/share/robot_description/hook/pythonpath.sh'
[3.884s] Level 1:colcon.colcon_core.environment:checking '/home/rasp/ros2_ws/install/robot_description/bin'
[3.884s] Level 1:colcon.colcon_core.environment:create_environment_scripts_only(robot_description)
[3.884s] INFO:colcon.colcon_core.shell:Creating package script '/home/rasp/ros2_ws/install/robot_description/share/robot_description/package.ps1'
[3.885s] INFO:colcon.colcon_core.shell:Creating package descriptor '/home/rasp/ros2_ws/install/robot_description/share/robot_description/package.dsv'
[3.886s] INFO:colcon.colcon_core.shell:Creating package script '/home/rasp/ros2_ws/install/robot_description/share/robot_description/package.sh'
[3.886s] INFO:colcon.colcon_core.shell:Creating package script '/home/rasp/ros2_ws/install/robot_description/share/robot_description/package.bash'
[3.887s] INFO:colcon.colcon_core.shell:Creating package script '/home/rasp/ros2_ws/install/robot_description/share/robot_description/package.zsh'
[3.887s] Level 1:colcon.colcon_core.environment:create_file_with_runtime_dependencies(/home/rasp/ros2_ws/install/robot_description/share/colcon-core/packages/robot_description)
[3.903s] Level 1:colcon.colcon_core.environment:create_environment_scripts_only(micro_ros_agent)
[3.903s] Level 1:colcon.colcon_core.environment:checking '/home/rasp/ros2_ws/install/micro_ros_agent' for CMake module files
[3.904s] DEBUG:colcon.colcon_core.event_handler.log_command:Invoked command in '/home/rasp/ros2_ws/build/micro_ros_agent' returned '0': CMAKE_PREFIX_PATH=/home/rasp/ros2_ws/install/micro_ros_msgs:/home/rasp/ros2_ws/install/micro_ros_demos_rclc:/home/rasp/ros2_ws/install/common_interfaces:/home/rasp/ros2_ws/install/visualization_msgs:/home/rasp/ros2_ws/install/action_msgs:/home/rasp/ros2_ws/install/unique_identifier_msgs:/home/rasp/ros2_ws/install/type_description_interfaces:/home/rasp/ros2_ws/install/trajectory_msgs:/home/rasp/ros2_ws/install/test_msgs:/home/rasp/ros2_ws/install/test_interface_files:/home/rasp/ros2_ws/install/stereo_msgs:/home/rasp/ros2_ws/install/sllidar_ros2:/home/rasp/ros2_ws/install/std_srvs:/home/rasp/ros2_ws/install/shape_msgs:/home/rasp/ros2_ws/install/rf2o_laser_odometry:/home/rasp/ros2_ws/install/laser_filters:/home/rasp/ros2_ws/install/sensor_msgs:/home/rasp/ros2_ws/install/nav_msgs:/home/rasp/ros2_ws/install/diagnostic_msgs:/home/rasp/ros2_ws/install/geometry_msgs:/home/rasp/ros2_ws/install/actionlib_msgs:/home/rasp/ros2_ws/install/std_msgs:/home/rasp/ros2_ws/install/statistics_msgs:/home/rasp/ros2_ws/install/service_msgs:/home/rasp/ros2_ws/install/rosidl_typesupport_microxrcedds_test_msg:/home/rasp/ros2_ws/install/rosidl_typesupport_microxrcedds_cpp_tests:/home/rasp/ros2_ws/install/rmw_microxrcedds:/home/rasp/ros2_ws/install/rosidl_typesupport_microxrcedds_cpp:/home/rasp/ros2_ws/install/rosidl_typesupport_microxrcedds_c_tests:/home/rasp/ros2_ws/install/rosidl_typesupport_microxrcedds_c:/home/rasp/ros2_ws/install/rosgraph_msgs:/home/rasp/ros2_ws/install/robot_nav:/home/rasp/ros2_ws/install/rclc_parameter:/home/rasp/ros2_ws/install/rclc:/home/rasp/ros2_ws/install/composition_interfaces:/home/rasp/ros2_ws/install/rcl_interfaces:/home/rasp/ros2_ws/install/microxrcedds_client:/home/rasp/ros2_ws/install/microcdr:/home/rasp/ros2_ws/install/micro_ros_utilities:/home/rasp/ros2_ws/install/micro_ros_setup:/home/rasp/ros2_ws/install/micro_ros_agent:/home/rasp/ros2_ws/install/lifecycle_msgs:/home/rasp/ros2_ws/install/example_interfaces:/home/rasp/ros2_ws/install/complex_msgs:/home/rasp/ros2_ws/install/builtin_interfaces:/opt/ros/jazzy/opt/gz_sim_vendor:/opt/ros/jazzy/opt/gz_sensors_vendor:/opt/ros/jazzy/opt/gz_physics_vendor:/opt/ros/jazzy/opt/sdformat_vendor:/opt/ros/jazzy/opt/gz_gui_vendor:/opt/ros/jazzy/opt/gz_transport_vendor:/opt/ros/jazzy/opt/gz_rendering_vendor:/opt/ros/jazzy/opt/gz_plugin_vendor:/opt/ros/jazzy/opt/gz_fuel_tools_vendor:/opt/ros/jazzy/opt/gz_msgs_vendor:/opt/ros/jazzy/opt/gz_common_vendor:/opt/ros/jazzy/opt/gz_math_vendor:/opt/ros/jazzy/opt/gz_utils_vendor:/opt/ros/jazzy/opt/gz_tools_vendor:/opt/ros/jazzy/opt/gz_ogre_next_vendor:/opt/ros/jazzy/opt/gz_dartsim_vendor:/opt/ros/jazzy/opt/gz_cmake_vendor:/home/rasp/ros2_ws/install/sensor_msgs_py:/home/rasp/ros2_ws/install/robot_description:/opt/ros/jazzy DEBUGINFOD_URLS=https://debuginfod.ubuntu.com LD_LIBRARY_PATH=/home/rasp/ros2_ws/install/micro_ros_msgs/lib:/home/rasp/ros2_ws/install/visualization_msgs/lib:/home/rasp/ros2_ws/install/action_msgs/lib:/home/rasp/ros2_ws/install/unique_identifier_msgs/lib:/home/rasp/ros2_ws/install/type_description_interfaces/lib:/home/rasp/ros2_ws/install/trajectory_msgs/lib:/home/rasp/ros2_ws/install/test_msgs/lib:/home/rasp/ros2_ws/install/stereo_msgs/lib:/home/rasp/ros2_ws/install/std_srvs/lib:/home/rasp/ros2_ws/install/shape_msgs/lib:/home/rasp/ros2_ws/install/laser_filters/lib:/home/rasp/ros2_ws/install/sensor_msgs/lib:/home/rasp/ros2_ws/install/nav_msgs/lib:/home/rasp/ros2_ws/install/diagnostic_msgs/lib:/home/rasp/ros2_ws/install/geometry_msgs/lib:/home/rasp/ros2_ws/install/actionlib_msgs/lib:/home/rasp/ros2_ws/install/std_msgs/lib:/home/rasp/ros2_ws/install/statistics_msgs/lib:/home/rasp/ros2_ws/install/service_msgs/lib:/home/rasp/ros2_ws/install/rmw_microxrcedds/lib:/home/rasp/ros2_ws/install/rosidl_typesupport_microxrcedds_cpp/lib:/home/rasp/ros2_ws/install/rosidl_typesupport_microxrcedds_c/lib:/home/rasp/ros2_ws/install/rosgraph_msgs/lib:/home/rasp/ros2_ws/install/rclc_parameter/lib:/home/rasp/ros2_ws/install/rclc/lib:/home/rasp/ros2_ws/install/composition_interfaces/lib:/home/rasp/ros2_ws/install/rcl_interfaces/lib:/home/rasp/ros2_ws/install/microxrcedds_client/lib:/home/rasp/ros2_ws/install/microcdr/lib:/home/rasp/ros2_ws/install/micro_ros_utilities/lib:/home/rasp/ros2_ws/install/micro_ros_agent/lib:/home/rasp/ros2_ws/install/lifecycle_msgs/lib:/home/rasp/ros2_ws/install/example_interfaces/lib:/home/rasp/ros2_ws/install/complex_msgs/lib:/home/rasp/ros2_ws/install/builtin_interfaces/lib:/opt/ros/jazzy/opt/gz_sim_vendor/lib:/opt/ros/jazzy/opt/gz_sensors_vendor/lib:/opt/ros/jazzy/opt/gz_physics_vendor/lib:/opt/ros/jazzy/opt/sdformat_vendor/lib:/opt/ros/jazzy/opt/rviz_ogre_vendor/lib:/opt/ros/jazzy/lib/x86_64-linux-gnu:/opt/ros/jazzy/opt/gz_gui_vendor/lib:/opt/ros/jazzy/opt/gz_transport_vendor/lib:/opt/ros/jazzy/opt/gz_rendering_vendor/lib:/opt/ros/jazzy/opt/gz_plugin_vendor/lib:/opt/ros/jazzy/opt/gz_fuel_tools_vendor/lib:/opt/ros/jazzy/opt/gz_msgs_vendor/lib:/opt/ros/jazzy/opt/gz_common_vendor/lib:/opt/ros/jazzy/opt/gz_math_vendor/lib:/opt/ros/jazzy/opt/gz_utils_vendor/lib:/opt/ros/jazzy/opt/gz_tools_vendor/lib:/opt/ros/jazzy/opt/gz_ogre_next_vendor/lib:/opt/ros/jazzy/opt/gz_dartsim_vendor/lib:/opt/ros/jazzy/opt/gz_cmake_vendor/lib:/opt/ros/jazzy/lib PYTHONPATH=/home/rasp/ros2_ws/install/micro_ros_msgs/lib/python3.12/site-packages:/home/rasp/ros2_ws/install/visualization_msgs/lib/python3.12/site-packages:/home/rasp/ros2_ws/install/action_msgs/lib/python3.12/site-packages:/home/rasp/ros2_ws/install/unique_identifier_msgs/lib/python3.12/site-packages:/home/rasp/ros2_ws/install/type_description_interfaces/lib/python3.12/site-packages:/home/rasp/ros2_ws/install/trajectory_msgs/lib/python3.12/site-packages:/home/rasp/ros2_ws/install/test_msgs/lib/python3.12/site-packages:/home/rasp/ros2_ws/install/stereo_msgs/lib/python3.12/site-packages:/home/rasp/ros2_ws/install/std_srvs/lib/python3.12/site-packages:/home/rasp/ros2_ws/install/shape_msgs/lib/python3.12/site-packages:/home/rasp/ros2_ws/install/sensor_msgs_py/lib/python3.12/site-packages:/home/rasp/ros2_ws/install/sensor_msgs/lib/python3.12/site-packages:/home/rasp/ros2_ws/install/nav_msgs/lib/python3.12/site-packages:/home/rasp/ros2_ws/install/diagnostic_msgs/lib/python3.12/site-packages:/home/rasp/ros2_ws/install/geometry_msgs/lib/python3.12/site-packages:/home/rasp/ros2_ws/install/actionlib_msgs/lib/python3.12/site-packages:/home/rasp/ros2_ws/install/std_msgs/lib/python3.12/site-packages:/home/rasp/ros2_ws/install/statistics_msgs/lib/python3.12/site-packages:/home/rasp/ros2_ws/install/service_msgs/lib/python3.12/site-packages:/home/rasp/ros2_ws/install/rosidl_typesupport_microxrcedds_cpp/lib/python3.12/site-packages:/home/rasp/ros2_ws/install/rosidl_typesupport_microxrcedds_c/lib/python3.12/site-packages:/home/rasp/ros2_ws/install/rosgraph_msgs/lib/python3.12/site-packages:/home/rasp/ros2_ws/install/robot_description/lib/python3.12/site-packages:/home/rasp/ros2_ws/install/composition_interfaces/lib/python3.12/site-packages:/home/rasp/ros2_ws/install/rcl_interfaces/lib/python3.12/site-packages:/home/rasp/ros2_ws/install/lifecycle_msgs/lib/python3.12/site-packages:/home/rasp/ros2_ws/install/example_interfaces/lib/python3.12/site-packages:/home/rasp/ros2_ws/install/complex_msgs/lib/python3.12/site-packages:/home/rasp/ros2_ws/install/builtin_interfaces/lib/python3.12/site-packages:/opt/ros/jazzy/lib/python3.12/site-packages /usr/bin/cmake --install /home/rasp/ros2_ws/build/micro_ros_agent
[3.904s] Level 1:colcon.colcon_core.environment:checking '/home/rasp/ros2_ws/install/micro_ros_agent' for CMake config files
[3.905s] Level 1:colcon.colcon_core.shell:create_environment_hook('micro_ros_agent', 'cmake_prefix_path')
[3.905s] INFO:colcon.colcon_core.shell:Creating environment hook '/home/rasp/ros2_ws/install/micro_ros_agent/share/micro_ros_agent/hook/cmake_prefix_path.ps1'
[3.906s] INFO:colcon.colcon_core.shell:Creating environment descriptor '/home/rasp/ros2_ws/install/micro_ros_agent/share/micro_ros_agent/hook/cmake_prefix_path.dsv'
[3.906s] INFO:colcon.colcon_core.shell:Creating environment hook '/home/rasp/ros2_ws/install/micro_ros_agent/share/micro_ros_agent/hook/cmake_prefix_path.sh'
[3.907s] Level 1:colcon.colcon_core.environment:checking '/home/rasp/ros2_ws/install/micro_ros_agent/lib'
[3.907s] Level 1:colcon.colcon_core.shell:create_environment_hook('micro_ros_agent', 'ld_library_path_lib')
[3.907s] INFO:colcon.colcon_core.shell:Creating environment hook '/home/rasp/ros2_ws/install/micro_ros_agent/share/micro_ros_agent/hook/ld_library_path_lib.ps1'
[3.908s] INFO:colcon.colcon_core.shell:Creating environment descriptor '/home/rasp/ros2_ws/install/micro_ros_agent/share/micro_ros_agent/hook/ld_library_path_lib.dsv'
[3.909s] INFO:colcon.colcon_core.shell:Creating environment hook '/home/rasp/ros2_ws/install/micro_ros_agent/share/micro_ros_agent/hook/ld_library_path_lib.sh'
[3.909s] Level 1:colcon.colcon_core.environment:checking '/home/rasp/ros2_ws/install/micro_ros_agent/bin'
[3.909s] Level 1:colcon.colcon_core.environment:checking '/home/rasp/ros2_ws/install/micro_ros_agent/lib/pkgconfig/micro_ros_agent.pc'
[3.910s] Level 1:colcon.colcon_core.environment:checking '/home/rasp/ros2_ws/install/micro_ros_agent/lib/python3.12/site-packages'
[3.910s] Level 1:colcon.colcon_core.environment:checking '/home/rasp/ros2_ws/install/micro_ros_agent/bin'
[3.910s] INFO:colcon.colcon_core.shell:Creating package script '/home/rasp/ros2_ws/install/micro_ros_agent/share/micro_ros_agent/package.ps1'
[3.911s] INFO:colcon.colcon_core.shell:Creating package descriptor '/home/rasp/ros2_ws/install/micro_ros_agent/share/micro_ros_agent/package.dsv'
[3.911s] INFO:colcon.colcon_core.shell:Creating package script '/home/rasp/ros2_ws/install/micro_ros_agent/share/micro_ros_agent/package.sh'
[3.912s] INFO:colcon.colcon_core.shell:Creating package script '/home/rasp/ros2_ws/install/micro_ros_agent/share/micro_ros_agent/package.bash'
[3.913s] INFO:colcon.colcon_core.shell:Creating package script '/home/rasp/ros2_ws/install/micro_ros_agent/share/micro_ros_agent/package.zsh'
[3.913s] Level 1:colcon.colcon_core.environment:create_file_with_runtime_dependencies(/home/rasp/ros2_ws/install/micro_ros_agent/share/colcon-core/packages/micro_ros_agent)
[3.914s] Level 1:colcon.colcon_core.environment:create_environment_scripts_only(micro_ros_agent)
[3.914s] Level 1:colcon.colcon_core.environment:checking '/home/rasp/ros2_ws/install/micro_ros_agent' for CMake module files
[3.915s] Level 1:colcon.colcon_core.environment:checking '/home/rasp/ros2_ws/install/micro_ros_agent' for CMake config files
[3.915s] Level 1:colcon.colcon_core.shell:create_environment_hook('micro_ros_agent', 'cmake_prefix_path')
[3.915s] INFO:colcon.colcon_core.shell:Creating environment hook '/home/rasp/ros2_ws/install/micro_ros_agent/share/micro_ros_agent/hook/cmake_prefix_path.ps1'
[3.916s] INFO:colcon.colcon_core.shell:Creating environment descriptor '/home/rasp/ros2_ws/install/micro_ros_agent/share/micro_ros_agent/hook/cmake_prefix_path.dsv'
[3.916s] INFO:colcon.colcon_core.shell:Creating environment hook '/home/rasp/ros2_ws/install/micro_ros_agent/share/micro_ros_agent/hook/cmake_prefix_path.sh'
[3.917s] Level 1:colcon.colcon_core.environment:checking '/home/rasp/ros2_ws/install/micro_ros_agent/lib'
[3.917s] Level 1:colcon.colcon_core.shell:create_environment_hook('micro_ros_agent', 'ld_library_path_lib')
[3.917s] INFO:colcon.colcon_core.shell:Creating environment hook '/home/rasp/ros2_ws/install/micro_ros_agent/share/micro_ros_agent/hook/ld_library_path_lib.ps1'
[3.919s] INFO:colcon.colcon_core.shell:Creating environment descriptor '/home/rasp/ros2_ws/install/micro_ros_agent/share/micro_ros_agent/hook/ld_library_path_lib.dsv'
[3.919s] INFO:colcon.colcon_core.shell:Creating environment hook '/home/rasp/ros2_ws/install/micro_ros_agent/share/micro_ros_agent/hook/ld_library_path_lib.sh'
[3.920s] Level 1:colcon.colcon_core.environment:checking '/home/rasp/ros2_ws/install/micro_ros_agent/bin'
[3.920s] Level 1:colcon.colcon_core.environment:checking '/home/rasp/ros2_ws/install/micro_ros_agent/lib/pkgconfig/micro_ros_agent.pc'
[3.920s] Level 1:colcon.colcon_core.environment:checking '/home/rasp/ros2_ws/install/micro_ros_agent/lib/python3.12/site-packages'
[3.920s] Level 1:colcon.colcon_core.environment:checking '/home/rasp/ros2_ws/install/micro_ros_agent/bin'
[3.921s] INFO:colcon.colcon_core.shell:Creating package script '/home/rasp/ros2_ws/install/micro_ros_agent/share/micro_ros_agent/package.ps1'
[3.921s] INFO:colcon.colcon_core.shell:Creating package descriptor '/home/rasp/ros2_ws/install/micro_ros_agent/share/micro_ros_agent/package.dsv'
[3.922s] INFO:colcon.colcon_core.shell:Creating package script '/home/rasp/ros2_ws/install/micro_ros_agent/share/micro_ros_agent/package.sh'
[3.922s] INFO:colcon.colcon_core.shell:Creating package script '/home/rasp/ros2_ws/install/micro_ros_agent/share/micro_ros_agent/package.bash'
[3.923s] INFO:colcon.colcon_core.shell:Creating package script '/home/rasp/ros2_ws/install/micro_ros_agent/share/micro_ros_agent/package.zsh'
[3.923s] Level 1:colcon.colcon_core.environment:create_file_with_runtime_dependencies(/home/rasp/ros2_ws/install/micro_ros_agent/share/colcon-core/packages/micro_ros_agent)
[3.924s] DEBUG:colcon.colcon_parallel_executor.executor.parallel:closing loop
[3.924s] DEBUG:colcon.colcon_parallel_executor.executor.parallel:loop closed
[3.924s] DEBUG:colcon.colcon_parallel_executor.executor.parallel:run_until_complete finished with '0'
[3.924s] DEBUG:colcon.colcon_core.event_reactor:joining thread
[3.933s] INFO:colcon.colcon_core.plugin_system:Skipping extension 'colcon_notification.desktop_notification.terminal_notifier': Not used on non-Darwin systems
[3.933s] INFO:colcon.colcon_core.plugin_system:Skipping extension 'colcon_notification.desktop_notification.win32': Not used on non-Windows systems
[3.933s] INFO:colcon.colcon_notification.desktop_notification:Sending desktop notification using 'notify2'
[3.958s] DEBUG:colcon.colcon_core.event_reactor:joined thread
[3.958s] INFO:colcon.colcon_core.shell:Creating prefix script '/home/rasp/ros2_ws/install/local_setup.ps1'
[3.960s] INFO:colcon.colcon_core.shell:Creating prefix util module '/home/rasp/ros2_ws/install/_local_setup_util_ps1.py'
[3.961s] INFO:colcon.colcon_core.shell:Creating prefix chain script '/home/rasp/ros2_ws/install/setup.ps1'
[3.964s] INFO:colcon.colcon_core.shell:Creating prefix script '/home/rasp/ros2_ws/install/local_setup.sh'
[3.965s] INFO:colcon.colcon_core.shell:Creating prefix util module '/home/rasp/ros2_ws/install/_local_setup_util_sh.py'
[3.966s] INFO:colcon.colcon_core.shell:Creating prefix chain script '/home/rasp/ros2_ws/install/setup.sh'
[3.970s] INFO:colcon.colcon_core.shell:Creating prefix script '/home/rasp/ros2_ws/install/local_setup.bash'
[3.971s] INFO:colcon.colcon_core.shell:Creating prefix chain script '/home/rasp/ros2_ws/install/setup.bash'
[3.974s] INFO:colcon.colcon_core.shell:Creating prefix script '/home/rasp/ros2_ws/install/local_setup.zsh'
[3.975s] INFO:colcon.colcon_core.shell:Creating prefix chain script '/home/rasp/ros2_ws/install/setup.zsh'
