[0.179s] DEBUG:colcon:Command line arguments: ['/usr/bin/colcon', 'build', '--packages-up-to', 'micro_ros_agent', '--cmake-args', '-DUAGENT_BUILD_EXECUTABLE=OFF', '-DUAGENT_P2P_PROFILE=OFF', '--no-warn-unused-cli']
[0.180s] DEBUG:colcon:Parsed command line arguments: Namespace(log_base=None, log_level=None, verb_name='build', build_base='build', install_base='install', merge_install=False, symlink_install=False, test_result_base=None, continue_on_error=False, executor='parallel', parallel_workers=2, event_handlers=None, ignore_user_meta=False, metas=['./colcon.meta'], base_paths=['.'], packages_ignore=None, packages_ignore_regex=None, paths=None, packages_up_to=['micro_ros_agent'], packages_up_to_regex=None, packages_above=None, packages_above_and_dependencies=None, packages_above_depth=None, packages_select_by_dep=None, packages_skip_by_dep=None, packages_skip_up_to=None, packages_select_build_failed=False, packages_skip_build_finished=False, packages_select_test_failures=False, packages_skip_test_passed=False, packages_select=None, packages_skip=None, packages_select_regex=None, packages_skip_regex=None, packages_start=None, packages_end=None, allow_overriding=[], cmake_args=['-DUAGENT_BUILD_EXECUTABLE=OFF', '-DUAGENT_P2P_PROFILE=OFF', '--no-warn-unused-cli'], cmake_target=None, cmake_target_skip_unavailable=False, cmake_clean_cache=False, cmake_clean_first=False, cmake_force_configure=False, ament_cmake_args=None, catkin_cmake_args=None, catkin_skip_building_tests=False, mixin_files=None, mixin=None, verb_parser=<colcon_mixin.mixin.mixin_argument.MixinArgumentDecorator object at 0x7447e03a24b0>, verb_extension=<colcon_core.verb.build.BuildVerb object at 0x7447e03a2210>, main=<bound method BuildVerb.main of <colcon_core.verb.build.BuildVerb object at 0x7447e03a2210>>, mixin_verb=('build',))
[0.222s] Level 1:colcon.colcon_core.package_discovery:discover_packages(colcon_meta) check parameters
[0.222s] Level 1:colcon.colcon_core.package_discovery:discover_packages(recursive) check parameters
[0.222s] Level 1:colcon.colcon_core.package_discovery:discover_packages(ignore) check parameters
[0.222s] Level 1:colcon.colcon_core.package_discovery:discover_packages(path) check parameters
[0.222s] Level 1:colcon.colcon_core.package_discovery:discover_packages(colcon_meta) discover
[0.222s] Level 1:colcon.colcon_core.package_discovery:discover_packages(recursive) discover
[0.222s] INFO:colcon.colcon_core.package_discovery:Crawling recursively for packages in '/home/rasp/ros2_ws'
[0.222s] Level 1:colcon.colcon_core.package_identification:_identify(.) by extensions ['ignore', 'ignore_ament_install']
[0.222s] Level 1:colcon.colcon_core.package_identification:_identify(.) by extension 'ignore'
[0.222s] Level 1:colcon.colcon_core.package_identification:_identify(.) by extension 'ignore_ament_install'
[0.222s] Level 1:colcon.colcon_core.package_identification:_identify(.) by extensions ['colcon_pkg']
[0.222s] Level 1:colcon.colcon_core.package_identification:_identify(.) by extension 'colcon_pkg'
[0.222s] Level 1:colcon.colcon_core.package_identification:_identify(.) by extensions ['colcon_meta']
[0.222s] Level 1:colcon.colcon_core.package_identification:_identify(.) by extension 'colcon_meta'
[0.222s] Level 1:colcon.colcon_core.package_identification:_identify(.) by extensions ['ros']
[0.222s] Level 1:colcon.colcon_core.package_identification:_identify(.) by extension 'ros'
[0.245s] Level 1:colcon.colcon_core.package_identification:_identify(.) by extensions ['cmake', 'python']
[0.245s] Level 1:colcon.colcon_core.package_identification:_identify(.) by extension 'cmake'
[0.245s] Level 1:colcon.colcon_core.package_identification:_identify(.) by extension 'python'
[0.245s] Level 1:colcon.colcon_core.package_identification:_identify(.) by extensions ['python_setup_py']
[0.245s] Level 1:colcon.colcon_core.package_identification:_identify(.) by extension 'python_setup_py'
[0.245s] Level 1:colcon.colcon_core.package_identification:_identify(build) by extensions ['ignore', 'ignore_ament_install']
[0.245s] Level 1:colcon.colcon_core.package_identification:_identify(build) by extension 'ignore'
[0.245s] Level 1:colcon.colcon_core.package_identification:_identify(build) ignored
[0.246s] Level 1:colcon.colcon_core.package_identification:_identify(firmware) by extensions ['ignore', 'ignore_ament_install']
[0.246s] Level 1:colcon.colcon_core.package_identification:_identify(firmware) by extension 'ignore'
[0.246s] Level 1:colcon.colcon_core.package_identification:_identify(firmware) ignored
[0.247s] Level 1:colcon.colcon_core.package_identification:_identify(install) by extensions ['ignore', 'ignore_ament_install']
[0.247s] Level 1:colcon.colcon_core.package_identification:_identify(install) by extension 'ignore'
[0.247s] Level 1:colcon.colcon_core.package_identification:_identify(install) ignored
[0.247s] Level 1:colcon.colcon_core.package_identification:_identify(log) by extensions ['ignore', 'ignore_ament_install']
[0.247s] Level 1:colcon.colcon_core.package_identification:_identify(log) by extension 'ignore'
[0.247s] Level 1:colcon.colcon_core.package_identification:_identify(log) ignored
[0.247s] Level 1:colcon.colcon_core.package_identification:_identify(src) by extensions ['ignore', 'ignore_ament_install']
[0.247s] Level 1:colcon.colcon_core.package_identification:_identify(src) by extension 'ignore'
[0.247s] Level 1:colcon.colcon_core.package_identification:_identify(src) by extension 'ignore_ament_install'
[0.247s] Level 1:colcon.colcon_core.package_identification:_identify(src) by extensions ['colcon_pkg']
[0.247s] Level 1:colcon.colcon_core.package_identification:_identify(src) by extension 'colcon_pkg'
[0.247s] Level 1:colcon.colcon_core.package_identification:_identify(src) by extensions ['colcon_meta']
[0.247s] Level 1:colcon.colcon_core.package_identification:_identify(src) by extension 'colcon_meta'
[0.247s] Level 1:colcon.colcon_core.package_identification:_identify(src) by extensions ['ros']
[0.247s] Level 1:colcon.colcon_core.package_identification:_identify(src) by extension 'ros'
[0.247s] Level 1:colcon.colcon_core.package_identification:_identify(src) by extensions ['cmake', 'python']
[0.247s] Level 1:colcon.colcon_core.package_identification:_identify(src) by extension 'cmake'
[0.247s] Level 1:colcon.colcon_core.package_identification:_identify(src) by extension 'python'
[0.247s] Level 1:colcon.colcon_core.package_identification:_identify(src) by extensions ['python_setup_py']
[0.247s] Level 1:colcon.colcon_core.package_identification:_identify(src) by extension 'python_setup_py'
[0.248s] Level 1:colcon.colcon_core.package_identification:_identify(src/eProsima) by extensions ['ignore', 'ignore_ament_install']
[0.248s] Level 1:colcon.colcon_core.package_identification:_identify(src/eProsima) by extension 'ignore'
[0.248s] Level 1:colcon.colcon_core.package_identification:_identify(src/eProsima) by extension 'ignore_ament_install'
[0.248s] Level 1:colcon.colcon_core.package_identification:_identify(src/eProsima) by extensions ['colcon_pkg']
[0.248s] Level 1:colcon.colcon_core.package_identification:_identify(src/eProsima) by extension 'colcon_pkg'
[0.248s] Level 1:colcon.colcon_core.package_identification:_identify(src/eProsima) by extensions ['colcon_meta']
[0.248s] Level 1:colcon.colcon_core.package_identification:_identify(src/eProsima) by extension 'colcon_meta'
[0.248s] Level 1:colcon.colcon_core.package_identification:_identify(src/eProsima) by extensions ['ros']
[0.248s] Level 1:colcon.colcon_core.package_identification:_identify(src/eProsima) by extension 'ros'
[0.248s] Level 1:colcon.colcon_core.package_identification:_identify(src/eProsima) by extensions ['cmake', 'python']
[0.248s] Level 1:colcon.colcon_core.package_identification:_identify(src/eProsima) by extension 'cmake'
[0.248s] Level 1:colcon.colcon_core.package_identification:_identify(src/eProsima) by extension 'python'
[0.248s] Level 1:colcon.colcon_core.package_identification:_identify(src/eProsima) by extensions ['python_setup_py']
[0.248s] Level 1:colcon.colcon_core.package_identification:_identify(src/eProsima) by extension 'python_setup_py'
[0.248s] Level 1:colcon.colcon_core.package_identification:_identify(src/eProsima/Micro-CDR) by extensions ['ignore', 'ignore_ament_install']
[0.248s] Level 1:colcon.colcon_core.package_identification:_identify(src/eProsima/Micro-CDR) by extension 'ignore'
[0.248s] Level 1:colcon.colcon_core.package_identification:_identify(src/eProsima/Micro-CDR) by extension 'ignore_ament_install'
[0.248s] Level 1:colcon.colcon_core.package_identification:_identify(src/eProsima/Micro-CDR) by extensions ['colcon_pkg']
[0.248s] Level 1:colcon.colcon_core.package_identification:_identify(src/eProsima/Micro-CDR) by extension 'colcon_pkg'
[0.249s] INFO:colcon.colcon_metadata.metadata.colcon_pkg:Setting type 'cmake' of package 'src/eProsima/Micro-CDR' from colcon.pkg
[0.249s] INFO:colcon.colcon_metadata.metadata.colcon_pkg:Setting name 'microcdr' of package 'src/eProsima/Micro-CDR' from colcon.pkg
[0.249s] DEBUG:colcon.colcon_core.package_identification:Package 'src/eProsima/Micro-CDR' with type 'cmake' and name 'microcdr'
[0.249s] Level 1:colcon.colcon_core.package_identification:_identify(src/eProsima/Micro-XRCE-DDS-Client) by extensions ['ignore', 'ignore_ament_install']
[0.249s] Level 1:colcon.colcon_core.package_identification:_identify(src/eProsima/Micro-XRCE-DDS-Client) by extension 'ignore'
[0.249s] Level 1:colcon.colcon_core.package_identification:_identify(src/eProsima/Micro-XRCE-DDS-Client) by extension 'ignore_ament_install'
[0.249s] Level 1:colcon.colcon_core.package_identification:_identify(src/eProsima/Micro-XRCE-DDS-Client) by extensions ['colcon_pkg']
[0.249s] Level 1:colcon.colcon_core.package_identification:_identify(src/eProsima/Micro-XRCE-DDS-Client) by extension 'colcon_pkg'
[0.250s] INFO:colcon.colcon_metadata.metadata.colcon_pkg:Setting type 'cmake' of package 'src/eProsima/Micro-XRCE-DDS-Client' from colcon.pkg
[0.250s] INFO:colcon.colcon_metadata.metadata.colcon_pkg:Setting name 'microxrcedds_client' of package 'src/eProsima/Micro-XRCE-DDS-Client' from colcon.pkg
[0.250s] DEBUG:colcon.colcon_core.package_identification:Package 'src/eProsima/Micro-XRCE-DDS-Client' with type 'cmake' and name 'microxrcedds_client'
[0.250s] Level 1:colcon.colcon_core.package_identification:_identify(src/microros) by extensions ['ignore', 'ignore_ament_install']
[0.250s] Level 1:colcon.colcon_core.package_identification:_identify(src/microros) by extension 'ignore'
[0.250s] Level 1:colcon.colcon_core.package_identification:_identify(src/microros) by extension 'ignore_ament_install'
[0.250s] Level 1:colcon.colcon_core.package_identification:_identify(src/microros) by extensions ['colcon_pkg']
[0.250s] Level 1:colcon.colcon_core.package_identification:_identify(src/microros) by extension 'colcon_pkg'
[0.250s] Level 1:colcon.colcon_core.package_identification:_identify(src/microros) by extensions ['colcon_meta']
[0.250s] Level 1:colcon.colcon_core.package_identification:_identify(src/microros) by extension 'colcon_meta'
[0.250s] Level 1:colcon.colcon_core.package_identification:_identify(src/microros) by extensions ['ros']
[0.251s] Level 1:colcon.colcon_core.package_identification:_identify(src/microros) by extension 'ros'
[0.251s] Level 1:colcon.colcon_core.package_identification:_identify(src/microros) by extensions ['cmake', 'python']
[0.251s] Level 1:colcon.colcon_core.package_identification:_identify(src/microros) by extension 'cmake'
[0.251s] Level 1:colcon.colcon_core.package_identification:_identify(src/microros) by extension 'python'
[0.251s] Level 1:colcon.colcon_core.package_identification:_identify(src/microros) by extensions ['python_setup_py']
[0.251s] Level 1:colcon.colcon_core.package_identification:_identify(src/microros) by extension 'python_setup_py'
[0.251s] Level 1:colcon.colcon_core.package_identification:_identify(src/microros/src) by extensions ['ignore', 'ignore_ament_install']
[0.251s] Level 1:colcon.colcon_core.package_identification:_identify(src/microros/src) by extension 'ignore'
[0.251s] Level 1:colcon.colcon_core.package_identification:_identify(src/microros/src) by extension 'ignore_ament_install'
[0.251s] Level 1:colcon.colcon_core.package_identification:_identify(src/microros/src) by extensions ['colcon_pkg']
[0.251s] Level 1:colcon.colcon_core.package_identification:_identify(src/microros/src) by extension 'colcon_pkg'
[0.251s] Level 1:colcon.colcon_core.package_identification:_identify(src/microros/src) by extensions ['colcon_meta']
[0.251s] Level 1:colcon.colcon_core.package_identification:_identify(src/microros/src) by extension 'colcon_meta'
[0.251s] Level 1:colcon.colcon_core.package_identification:_identify(src/microros/src) by extensions ['ros']
[0.251s] Level 1:colcon.colcon_core.package_identification:_identify(src/microros/src) by extension 'ros'
[0.251s] Level 1:colcon.colcon_core.package_identification:_identify(src/microros/src) by extensions ['cmake', 'python']
[0.251s] Level 1:colcon.colcon_core.package_identification:_identify(src/microros/src) by extension 'cmake'
[0.251s] Level 1:colcon.colcon_core.package_identification:_identify(src/microros/src) by extension 'python'
[0.251s] Level 1:colcon.colcon_core.package_identification:_identify(src/microros/src) by extensions ['python_setup_py']
[0.251s] Level 1:colcon.colcon_core.package_identification:_identify(src/microros/src) by extension 'python_setup_py'
[0.251s] Level 1:colcon.colcon_core.package_identification:_identify(src/microros/src/micro_ros_setup) by extensions ['ignore', 'ignore_ament_install']
[0.251s] Level 1:colcon.colcon_core.package_identification:_identify(src/microros/src/micro_ros_setup) by extension 'ignore'
[0.252s] Level 1:colcon.colcon_core.package_identification:_identify(src/microros/src/micro_ros_setup) by extension 'ignore_ament_install'
[0.252s] Level 1:colcon.colcon_core.package_identification:_identify(src/microros/src/micro_ros_setup) by extensions ['colcon_pkg']
[0.252s] Level 1:colcon.colcon_core.package_identification:_identify(src/microros/src/micro_ros_setup) by extension 'colcon_pkg'
[0.252s] Level 1:colcon.colcon_core.package_identification:_identify(src/microros/src/micro_ros_setup) by extensions ['colcon_meta']
[0.252s] Level 1:colcon.colcon_core.package_identification:_identify(src/microros/src/micro_ros_setup) by extension 'colcon_meta'
[0.252s] Level 1:colcon.colcon_core.package_identification:_identify(src/microros/src/micro_ros_setup) by extensions ['ros']
[0.252s] Level 1:colcon.colcon_core.package_identification:_identify(src/microros/src/micro_ros_setup) by extension 'ros'
[0.254s] DEBUG:colcon.colcon_core.package_identification:Package 'src/microros/src/micro_ros_setup' with type 'ros.ament_cmake' and name 'micro_ros_setup'
[0.254s] Level 1:colcon.colcon_core.package_identification:_identify(src/ros2) by extensions ['ignore', 'ignore_ament_install']
[0.254s] Level 1:colcon.colcon_core.package_identification:_identify(src/ros2) by extension 'ignore'
[0.254s] Level 1:colcon.colcon_core.package_identification:_identify(src/ros2) by extension 'ignore_ament_install'
[0.254s] Level 1:colcon.colcon_core.package_identification:_identify(src/ros2) by extensions ['colcon_pkg']
[0.254s] Level 1:colcon.colcon_core.package_identification:_identify(src/ros2) by extension 'colcon_pkg'
[0.254s] Level 1:colcon.colcon_core.package_identification:_identify(src/ros2) by extensions ['colcon_meta']
[0.254s] Level 1:colcon.colcon_core.package_identification:_identify(src/ros2) by extension 'colcon_meta'
[0.254s] Level 1:colcon.colcon_core.package_identification:_identify(src/ros2) by extensions ['ros']
[0.254s] Level 1:colcon.colcon_core.package_identification:_identify(src/ros2) by extension 'ros'
[0.254s] Level 1:colcon.colcon_core.package_identification:_identify(src/ros2) by extensions ['cmake', 'python']
[0.254s] Level 1:colcon.colcon_core.package_identification:_identify(src/ros2) by extension 'cmake'
[0.254s] Level 1:colcon.colcon_core.package_identification:_identify(src/ros2) by extension 'python'
[0.254s] Level 1:colcon.colcon_core.package_identification:_identify(src/ros2) by extensions ['python_setup_py']
[0.254s] Level 1:colcon.colcon_core.package_identification:_identify(src/ros2) by extension 'python_setup_py'
[0.254s] Level 1:colcon.colcon_core.package_identification:_identify(src/ros2/common_interfaces) by extensions ['ignore', 'ignore_ament_install']
[0.255s] Level 1:colcon.colcon_core.package_identification:_identify(src/ros2/common_interfaces) by extension 'ignore'
[0.255s] Level 1:colcon.colcon_core.package_identification:_identify(src/ros2/common_interfaces) by extension 'ignore_ament_install'
[0.255s] Level 1:colcon.colcon_core.package_identification:_identify(src/ros2/common_interfaces) by extensions ['colcon_pkg']
[0.255s] Level 1:colcon.colcon_core.package_identification:_identify(src/ros2/common_interfaces) by extension 'colcon_pkg'
[0.255s] Level 1:colcon.colcon_core.package_identification:_identify(src/ros2/common_interfaces) by extensions ['colcon_meta']
[0.255s] Level 1:colcon.colcon_core.package_identification:_identify(src/ros2/common_interfaces) by extension 'colcon_meta'
[0.255s] Level 1:colcon.colcon_core.package_identification:_identify(src/ros2/common_interfaces) by extensions ['ros']
[0.255s] Level 1:colcon.colcon_core.package_identification:_identify(src/ros2/common_interfaces) by extension 'ros'
[0.255s] Level 1:colcon.colcon_core.package_identification:_identify(src/ros2/common_interfaces) by extensions ['cmake', 'python']
[0.255s] Level 1:colcon.colcon_core.package_identification:_identify(src/ros2/common_interfaces) by extension 'cmake'
[0.255s] Level 1:colcon.colcon_core.package_identification:_identify(src/ros2/common_interfaces) by extension 'python'
[0.255s] Level 1:colcon.colcon_core.package_identification:_identify(src/ros2/common_interfaces) by extensions ['python_setup_py']
[0.255s] Level 1:colcon.colcon_core.package_identification:_identify(src/ros2/common_interfaces) by extension 'python_setup_py'
[0.255s] Level 1:colcon.colcon_core.package_identification:_identify(src/ros2/common_interfaces/actionlib_msgs) by extensions ['ignore', 'ignore_ament_install']
[0.255s] Level 1:colcon.colcon_core.package_identification:_identify(src/ros2/common_interfaces/actionlib_msgs) by extension 'ignore'
[0.255s] Level 1:colcon.colcon_core.package_identification:_identify(src/ros2/common_interfaces/actionlib_msgs) by extension 'ignore_ament_install'
[0.255s] Level 1:colcon.colcon_core.package_identification:_identify(src/ros2/common_interfaces/actionlib_msgs) by extensions ['colcon_pkg']
[0.255s] Level 1:colcon.colcon_core.package_identification:_identify(src/ros2/common_interfaces/actionlib_msgs) by extension 'colcon_pkg'
[0.255s] Level 1:colcon.colcon_core.package_identification:_identify(src/ros2/common_interfaces/actionlib_msgs) by extensions ['colcon_meta']
[0.255s] Level 1:colcon.colcon_core.package_identification:_identify(src/ros2/common_interfaces/actionlib_msgs) by extension 'colcon_meta'
[0.255s] Level 1:colcon.colcon_core.package_identification:_identify(src/ros2/common_interfaces/actionlib_msgs) by extensions ['ros']
[0.255s] Level 1:colcon.colcon_core.package_identification:_identify(src/ros2/common_interfaces/actionlib_msgs) by extension 'ros'
[0.256s] DEBUG:colcon.colcon_core.package_identification:Package 'src/ros2/common_interfaces/actionlib_msgs' with type 'ros.ament_cmake' and name 'actionlib_msgs'
[0.256s] Level 1:colcon.colcon_core.package_identification:_identify(src/ros2/common_interfaces/common_interfaces) by extensions ['ignore', 'ignore_ament_install']
[0.256s] Level 1:colcon.colcon_core.package_identification:_identify(src/ros2/common_interfaces/common_interfaces) by extension 'ignore'
[0.256s] Level 1:colcon.colcon_core.package_identification:_identify(src/ros2/common_interfaces/common_interfaces) by extension 'ignore_ament_install'
[0.256s] Level 1:colcon.colcon_core.package_identification:_identify(src/ros2/common_interfaces/common_interfaces) by extensions ['colcon_pkg']
[0.256s] Level 1:colcon.colcon_core.package_identification:_identify(src/ros2/common_interfaces/common_interfaces) by extension 'colcon_pkg'
[0.256s] Level 1:colcon.colcon_core.package_identification:_identify(src/ros2/common_interfaces/common_interfaces) by extensions ['colcon_meta']
[0.256s] Level 1:colcon.colcon_core.package_identification:_identify(src/ros2/common_interfaces/common_interfaces) by extension 'colcon_meta'
[0.256s] Level 1:colcon.colcon_core.package_identification:_identify(src/ros2/common_interfaces/common_interfaces) by extensions ['ros']
[0.256s] Level 1:colcon.colcon_core.package_identification:_identify(src/ros2/common_interfaces/common_interfaces) by extension 'ros'
[0.257s] DEBUG:colcon.colcon_core.package_identification:Package 'src/ros2/common_interfaces/common_interfaces' with type 'ros.ament_cmake' and name 'common_interfaces'
[0.257s] Level 1:colcon.colcon_core.package_identification:_identify(src/ros2/common_interfaces/diagnostic_msgs) by extensions ['ignore', 'ignore_ament_install']
[0.257s] Level 1:colcon.colcon_core.package_identification:_identify(src/ros2/common_interfaces/diagnostic_msgs) by extension 'ignore'
[0.257s] Level 1:colcon.colcon_core.package_identification:_identify(src/ros2/common_interfaces/diagnostic_msgs) by extension 'ignore_ament_install'
[0.257s] Level 1:colcon.colcon_core.package_identification:_identify(src/ros2/common_interfaces/diagnostic_msgs) by extensions ['colcon_pkg']
[0.257s] Level 1:colcon.colcon_core.package_identification:_identify(src/ros2/common_interfaces/diagnostic_msgs) by extension 'colcon_pkg'
[0.257s] Level 1:colcon.colcon_core.package_identification:_identify(src/ros2/common_interfaces/diagnostic_msgs) by extensions ['colcon_meta']
[0.257s] Level 1:colcon.colcon_core.package_identification:_identify(src/ros2/common_interfaces/diagnostic_msgs) by extension 'colcon_meta'
[0.257s] Level 1:colcon.colcon_core.package_identification:_identify(src/ros2/common_interfaces/diagnostic_msgs) by extensions ['ros']
[0.257s] Level 1:colcon.colcon_core.package_identification:_identify(src/ros2/common_interfaces/diagnostic_msgs) by extension 'ros'
[0.258s] DEBUG:colcon.colcon_core.package_identification:Package 'src/ros2/common_interfaces/diagnostic_msgs' with type 'ros.ament_cmake' and name 'diagnostic_msgs'
[0.258s] Level 1:colcon.colcon_core.package_identification:_identify(src/ros2/common_interfaces/docs) by extensions ['ignore', 'ignore_ament_install']
[0.258s] Level 1:colcon.colcon_core.package_identification:_identify(src/ros2/common_interfaces/docs) by extension 'ignore'
[0.258s] Level 1:colcon.colcon_core.package_identification:_identify(src/ros2/common_interfaces/docs) by extension 'ignore_ament_install'
[0.258s] Level 1:colcon.colcon_core.package_identification:_identify(src/ros2/common_interfaces/docs) by extensions ['colcon_pkg']
[0.258s] Level 1:colcon.colcon_core.package_identification:_identify(src/ros2/common_interfaces/docs) by extension 'colcon_pkg'
[0.258s] Level 1:colcon.colcon_core.package_identification:_identify(src/ros2/common_interfaces/docs) by extensions ['colcon_meta']
[0.258s] Level 1:colcon.colcon_core.package_identification:_identify(src/ros2/common_interfaces/docs) by extension 'colcon_meta'
[0.258s] Level 1:colcon.colcon_core.package_identification:_identify(src/ros2/common_interfaces/docs) by extensions ['ros']
[0.258s] Level 1:colcon.colcon_core.package_identification:_identify(src/ros2/common_interfaces/docs) by extension 'ros'
[0.258s] Level 1:colcon.colcon_core.package_identification:_identify(src/ros2/common_interfaces/docs) by extensions ['cmake', 'python']
[0.258s] Level 1:colcon.colcon_core.package_identification:_identify(src/ros2/common_interfaces/docs) by extension 'cmake'
[0.258s] Level 1:colcon.colcon_core.package_identification:_identify(src/ros2/common_interfaces/docs) by extension 'python'
[0.258s] Level 1:colcon.colcon_core.package_identification:_identify(src/ros2/common_interfaces/docs) by extensions ['python_setup_py']
[0.258s] Level 1:colcon.colcon_core.package_identification:_identify(src/ros2/common_interfaces/docs) by extension 'python_setup_py'
[0.259s] Level 1:colcon.colcon_core.package_identification:_identify(src/ros2/common_interfaces/geometry_msgs) by extensions ['ignore', 'ignore_ament_install']
[0.259s] Level 1:colcon.colcon_core.package_identification:_identify(src/ros2/common_interfaces/geometry_msgs) by extension 'ignore'
[0.259s] Level 1:colcon.colcon_core.package_identification:_identify(src/ros2/common_interfaces/geometry_msgs) by extension 'ignore_ament_install'
[0.259s] Level 1:colcon.colcon_core.package_identification:_identify(src/ros2/common_interfaces/geometry_msgs) by extensions ['colcon_pkg']
[0.259s] Level 1:colcon.colcon_core.package_identification:_identify(src/ros2/common_interfaces/geometry_msgs) by extension 'colcon_pkg'
[0.259s] Level 1:colcon.colcon_core.package_identification:_identify(src/ros2/common_interfaces/geometry_msgs) by extensions ['colcon_meta']
[0.259s] Level 1:colcon.colcon_core.package_identification:_identify(src/ros2/common_interfaces/geometry_msgs) by extension 'colcon_meta'
[0.259s] Level 1:colcon.colcon_core.package_identification:_identify(src/ros2/common_interfaces/geometry_msgs) by extensions ['ros']
[0.259s] Level 1:colcon.colcon_core.package_identification:_identify(src/ros2/common_interfaces/geometry_msgs) by extension 'ros'
[0.259s] DEBUG:colcon.colcon_core.package_identification:Package 'src/ros2/common_interfaces/geometry_msgs' with type 'ros.ament_cmake' and name 'geometry_msgs'
[0.259s] Level 1:colcon.colcon_core.package_identification:_identify(src/ros2/common_interfaces/nav_msgs) by extensions ['ignore', 'ignore_ament_install']
[0.260s] Level 1:colcon.colcon_core.package_identification:_identify(src/ros2/common_interfaces/nav_msgs) by extension 'ignore'
[0.260s] Level 1:colcon.colcon_core.package_identification:_identify(src/ros2/common_interfaces/nav_msgs) by extension 'ignore_ament_install'
[0.260s] Level 1:colcon.colcon_core.package_identification:_identify(src/ros2/common_interfaces/nav_msgs) by extensions ['colcon_pkg']
[0.260s] Level 1:colcon.colcon_core.package_identification:_identify(src/ros2/common_interfaces/nav_msgs) by extension 'colcon_pkg'
[0.260s] Level 1:colcon.colcon_core.package_identification:_identify(src/ros2/common_interfaces/nav_msgs) by extensions ['colcon_meta']
[0.260s] Level 1:colcon.colcon_core.package_identification:_identify(src/ros2/common_interfaces/nav_msgs) by extension 'colcon_meta'
[0.260s] Level 1:colcon.colcon_core.package_identification:_identify(src/ros2/common_interfaces/nav_msgs) by extensions ['ros']
[0.260s] Level 1:colcon.colcon_core.package_identification:_identify(src/ros2/common_interfaces/nav_msgs) by extension 'ros'
[0.260s] DEBUG:colcon.colcon_core.package_identification:Package 'src/ros2/common_interfaces/nav_msgs' with type 'ros.ament_cmake' and name 'nav_msgs'
[0.260s] Level 1:colcon.colcon_core.package_identification:_identify(src/ros2/common_interfaces/sensor_msgs) by extensions ['ignore', 'ignore_ament_install']
[0.260s] Level 1:colcon.colcon_core.package_identification:_identify(src/ros2/common_interfaces/sensor_msgs) by extension 'ignore'
[0.260s] Level 1:colcon.colcon_core.package_identification:_identify(src/ros2/common_interfaces/sensor_msgs) by extension 'ignore_ament_install'
[0.261s] Level 1:colcon.colcon_core.package_identification:_identify(src/ros2/common_interfaces/sensor_msgs) by extensions ['colcon_pkg']
[0.261s] Level 1:colcon.colcon_core.package_identification:_identify(src/ros2/common_interfaces/sensor_msgs) by extension 'colcon_pkg'
[0.261s] Level 1:colcon.colcon_core.package_identification:_identify(src/ros2/common_interfaces/sensor_msgs) by extensions ['colcon_meta']
[0.261s] Level 1:colcon.colcon_core.package_identification:_identify(src/ros2/common_interfaces/sensor_msgs) by extension 'colcon_meta'
[0.261s] Level 1:colcon.colcon_core.package_identification:_identify(src/ros2/common_interfaces/sensor_msgs) by extensions ['ros']
[0.261s] Level 1:colcon.colcon_core.package_identification:_identify(src/ros2/common_interfaces/sensor_msgs) by extension 'ros'
[0.261s] DEBUG:colcon.colcon_core.package_identification:Package 'src/ros2/common_interfaces/sensor_msgs' with type 'ros.ament_cmake' and name 'sensor_msgs'
[0.261s] Level 1:colcon.colcon_core.package_identification:_identify(src/ros2/common_interfaces/sensor_msgs_py) by extensions ['ignore', 'ignore_ament_install']
[0.261s] Level 1:colcon.colcon_core.package_identification:_identify(src/ros2/common_interfaces/sensor_msgs_py) by extension 'ignore'
[0.262s] Level 1:colcon.colcon_core.package_identification:_identify(src/ros2/common_interfaces/sensor_msgs_py) by extension 'ignore_ament_install'
[0.262s] Level 1:colcon.colcon_core.package_identification:_identify(src/ros2/common_interfaces/sensor_msgs_py) by extensions ['colcon_pkg']
[0.262s] Level 1:colcon.colcon_core.package_identification:_identify(src/ros2/common_interfaces/sensor_msgs_py) by extension 'colcon_pkg'
[0.262s] Level 1:colcon.colcon_core.package_identification:_identify(src/ros2/common_interfaces/sensor_msgs_py) by extensions ['colcon_meta']
[0.262s] Level 1:colcon.colcon_core.package_identification:_identify(src/ros2/common_interfaces/sensor_msgs_py) by extension 'colcon_meta'
[0.262s] Level 1:colcon.colcon_core.package_identification:_identify(src/ros2/common_interfaces/sensor_msgs_py) by extensions ['ros']
[0.262s] Level 1:colcon.colcon_core.package_identification:_identify(src/ros2/common_interfaces/sensor_msgs_py) by extension 'ros'
[0.262s] DEBUG:colcon.colcon_core.package_identification:Package 'src/ros2/common_interfaces/sensor_msgs_py' with type 'ros.ament_python' and name 'sensor_msgs_py'
[0.262s] Level 1:colcon.colcon_core.package_identification:_identify(src/ros2/common_interfaces/shape_msgs) by extensions ['ignore', 'ignore_ament_install']
[0.262s] Level 1:colcon.colcon_core.package_identification:_identify(src/ros2/common_interfaces/shape_msgs) by extension 'ignore'
[0.262s] Level 1:colcon.colcon_core.package_identification:_identify(src/ros2/common_interfaces/shape_msgs) by extension 'ignore_ament_install'
[0.262s] Level 1:colcon.colcon_core.package_identification:_identify(src/ros2/common_interfaces/shape_msgs) by extensions ['colcon_pkg']
[0.262s] Level 1:colcon.colcon_core.package_identification:_identify(src/ros2/common_interfaces/shape_msgs) by extension 'colcon_pkg'
[0.262s] Level 1:colcon.colcon_core.package_identification:_identify(src/ros2/common_interfaces/shape_msgs) by extensions ['colcon_meta']
[0.262s] Level 1:colcon.colcon_core.package_identification:_identify(src/ros2/common_interfaces/shape_msgs) by extension 'colcon_meta'
[0.262s] Level 1:colcon.colcon_core.package_identification:_identify(src/ros2/common_interfaces/shape_msgs) by extensions ['ros']
[0.262s] Level 1:colcon.colcon_core.package_identification:_identify(src/ros2/common_interfaces/shape_msgs) by extension 'ros'
[0.263s] DEBUG:colcon.colcon_core.package_identification:Package 'src/ros2/common_interfaces/shape_msgs' with type 'ros.ament_cmake' and name 'shape_msgs'
[0.263s] Level 1:colcon.colcon_core.package_identification:_identify(src/ros2/common_interfaces/std_msgs) by extensions ['ignore', 'ignore_ament_install']
[0.263s] Level 1:colcon.colcon_core.package_identification:_identify(src/ros2/common_interfaces/std_msgs) by extension 'ignore'
[0.263s] Level 1:colcon.colcon_core.package_identification:_identify(src/ros2/common_interfaces/std_msgs) by extension 'ignore_ament_install'
[0.263s] Level 1:colcon.colcon_core.package_identification:_identify(src/ros2/common_interfaces/std_msgs) by extensions ['colcon_pkg']
[0.263s] Level 1:colcon.colcon_core.package_identification:_identify(src/ros2/common_interfaces/std_msgs) by extension 'colcon_pkg'
[0.263s] Level 1:colcon.colcon_core.package_identification:_identify(src/ros2/common_interfaces/std_msgs) by extensions ['colcon_meta']
[0.263s] Level 1:colcon.colcon_core.package_identification:_identify(src/ros2/common_interfaces/std_msgs) by extension 'colcon_meta'
[0.263s] Level 1:colcon.colcon_core.package_identification:_identify(src/ros2/common_interfaces/std_msgs) by extensions ['ros']
[0.263s] Level 1:colcon.colcon_core.package_identification:_identify(src/ros2/common_interfaces/std_msgs) by extension 'ros'
[0.264s] DEBUG:colcon.colcon_core.package_identification:Package 'src/ros2/common_interfaces/std_msgs' with type 'ros.ament_cmake' and name 'std_msgs'
[0.264s] Level 1:colcon.colcon_core.package_identification:_identify(src/ros2/common_interfaces/std_srvs) by extensions ['ignore', 'ignore_ament_install']
[0.264s] Level 1:colcon.colcon_core.package_identification:_identify(src/ros2/common_interfaces/std_srvs) by extension 'ignore'
[0.264s] Level 1:colcon.colcon_core.package_identification:_identify(src/ros2/common_interfaces/std_srvs) by extension 'ignore_ament_install'
[0.264s] Level 1:colcon.colcon_core.package_identification:_identify(src/ros2/common_interfaces/std_srvs) by extensions ['colcon_pkg']
[0.264s] Level 1:colcon.colcon_core.package_identification:_identify(src/ros2/common_interfaces/std_srvs) by extension 'colcon_pkg'
[0.264s] Level 1:colcon.colcon_core.package_identification:_identify(src/ros2/common_interfaces/std_srvs) by extensions ['colcon_meta']
[0.264s] Level 1:colcon.colcon_core.package_identification:_identify(src/ros2/common_interfaces/std_srvs) by extension 'colcon_meta'
[0.264s] Level 1:colcon.colcon_core.package_identification:_identify(src/ros2/common_interfaces/std_srvs) by extensions ['ros']
[0.264s] Level 1:colcon.colcon_core.package_identification:_identify(src/ros2/common_interfaces/std_srvs) by extension 'ros'
[0.265s] DEBUG:colcon.colcon_core.package_identification:Package 'src/ros2/common_interfaces/std_srvs' with type 'ros.ament_cmake' and name 'std_srvs'
[0.265s] Level 1:colcon.colcon_core.package_identification:_identify(src/ros2/common_interfaces/stereo_msgs) by extensions ['ignore', 'ignore_ament_install']
[0.265s] Level 1:colcon.colcon_core.package_identification:_identify(src/ros2/common_interfaces/stereo_msgs) by extension 'ignore'
[0.265s] Level 1:colcon.colcon_core.package_identification:_identify(src/ros2/common_interfaces/stereo_msgs) by extension 'ignore_ament_install'
[0.265s] Level 1:colcon.colcon_core.package_identification:_identify(src/ros2/common_interfaces/stereo_msgs) by extensions ['colcon_pkg']
[0.265s] Level 1:colcon.colcon_core.package_identification:_identify(src/ros2/common_interfaces/stereo_msgs) by extension 'colcon_pkg'
[0.265s] Level 1:colcon.colcon_core.package_identification:_identify(src/ros2/common_interfaces/stereo_msgs) by extensions ['colcon_meta']
[0.265s] Level 1:colcon.colcon_core.package_identification:_identify(src/ros2/common_interfaces/stereo_msgs) by extension 'colcon_meta'
[0.265s] Level 1:colcon.colcon_core.package_identification:_identify(src/ros2/common_interfaces/stereo_msgs) by extensions ['ros']
[0.265s] Level 1:colcon.colcon_core.package_identification:_identify(src/ros2/common_interfaces/stereo_msgs) by extension 'ros'
[0.266s] DEBUG:colcon.colcon_core.package_identification:Package 'src/ros2/common_interfaces/stereo_msgs' with type 'ros.ament_cmake' and name 'stereo_msgs'
[0.266s] Level 1:colcon.colcon_core.package_identification:_identify(src/ros2/common_interfaces/trajectory_msgs) by extensions ['ignore', 'ignore_ament_install']
[0.266s] Level 1:colcon.colcon_core.package_identification:_identify(src/ros2/common_interfaces/trajectory_msgs) by extension 'ignore'
[0.266s] Level 1:colcon.colcon_core.package_identification:_identify(src/ros2/common_interfaces/trajectory_msgs) by extension 'ignore_ament_install'
[0.266s] Level 1:colcon.colcon_core.package_identification:_identify(src/ros2/common_interfaces/trajectory_msgs) by extensions ['colcon_pkg']
[0.266s] Level 1:colcon.colcon_core.package_identification:_identify(src/ros2/common_interfaces/trajectory_msgs) by extension 'colcon_pkg'
[0.266s] Level 1:colcon.colcon_core.package_identification:_identify(src/ros2/common_interfaces/trajectory_msgs) by extensions ['colcon_meta']
[0.266s] Level 1:colcon.colcon_core.package_identification:_identify(src/ros2/common_interfaces/trajectory_msgs) by extension 'colcon_meta'
[0.266s] Level 1:colcon.colcon_core.package_identification:_identify(src/ros2/common_interfaces/trajectory_msgs) by extensions ['ros']
[0.266s] Level 1:colcon.colcon_core.package_identification:_identify(src/ros2/common_interfaces/trajectory_msgs) by extension 'ros'
[0.266s] DEBUG:colcon.colcon_core.package_identification:Package 'src/ros2/common_interfaces/trajectory_msgs' with type 'ros.ament_cmake' and name 'trajectory_msgs'
[0.267s] Level 1:colcon.colcon_core.package_identification:_identify(src/ros2/common_interfaces/visualization_msgs) by extensions ['ignore', 'ignore_ament_install']
[0.267s] Level 1:colcon.colcon_core.package_identification:_identify(src/ros2/common_interfaces/visualization_msgs) by extension 'ignore'
[0.267s] Level 1:colcon.colcon_core.package_identification:_identify(src/ros2/common_interfaces/visualization_msgs) by extension 'ignore_ament_install'
[0.267s] Level 1:colcon.colcon_core.package_identification:_identify(src/ros2/common_interfaces/visualization_msgs) by extensions ['colcon_pkg']
[0.267s] Level 1:colcon.colcon_core.package_identification:_identify(src/ros2/common_interfaces/visualization_msgs) by extension 'colcon_pkg'
[0.267s] Level 1:colcon.colcon_core.package_identification:_identify(src/ros2/common_interfaces/visualization_msgs) by extensions ['colcon_meta']
[0.267s] Level 1:colcon.colcon_core.package_identification:_identify(src/ros2/common_interfaces/visualization_msgs) by extension 'colcon_meta'
[0.267s] Level 1:colcon.colcon_core.package_identification:_identify(src/ros2/common_interfaces/visualization_msgs) by extensions ['ros']
[0.267s] Level 1:colcon.colcon_core.package_identification:_identify(src/ros2/common_interfaces/visualization_msgs) by extension 'ros'
[0.267s] DEBUG:colcon.colcon_core.package_identification:Package 'src/ros2/common_interfaces/visualization_msgs' with type 'ros.ament_cmake' and name 'visualization_msgs'
[0.267s] Level 1:colcon.colcon_core.package_identification:_identify(src/ros2/example_interfaces) by extensions ['ignore', 'ignore_ament_install']
[0.268s] Level 1:colcon.colcon_core.package_identification:_identify(src/ros2/example_interfaces) by extension 'ignore'
[0.268s] Level 1:colcon.colcon_core.package_identification:_identify(src/ros2/example_interfaces) by extension 'ignore_ament_install'
[0.268s] Level 1:colcon.colcon_core.package_identification:_identify(src/ros2/example_interfaces) by extensions ['colcon_pkg']
[0.268s] Level 1:colcon.colcon_core.package_identification:_identify(src/ros2/example_interfaces) by extension 'colcon_pkg'
[0.268s] Level 1:colcon.colcon_core.package_identification:_identify(src/ros2/example_interfaces) by extensions ['colcon_meta']
[0.268s] Level 1:colcon.colcon_core.package_identification:_identify(src/ros2/example_interfaces) by extension 'colcon_meta'
[0.268s] Level 1:colcon.colcon_core.package_identification:_identify(src/ros2/example_interfaces) by extensions ['ros']
[0.268s] Level 1:colcon.colcon_core.package_identification:_identify(src/ros2/example_interfaces) by extension 'ros'
[0.268s] DEBUG:colcon.colcon_core.package_identification:Package 'src/ros2/example_interfaces' with type 'ros.ament_cmake' and name 'example_interfaces'
[0.268s] Level 1:colcon.colcon_core.package_identification:_identify(src/ros2/rcl_interfaces) by extensions ['ignore', 'ignore_ament_install']
[0.268s] Level 1:colcon.colcon_core.package_identification:_identify(src/ros2/rcl_interfaces) by extension 'ignore'
[0.268s] Level 1:colcon.colcon_core.package_identification:_identify(src/ros2/rcl_interfaces) by extension 'ignore_ament_install'
[0.268s] Level 1:colcon.colcon_core.package_identification:_identify(src/ros2/rcl_interfaces) by extensions ['colcon_pkg']
[0.268s] Level 1:colcon.colcon_core.package_identification:_identify(src/ros2/rcl_interfaces) by extension 'colcon_pkg'
[0.268s] Level 1:colcon.colcon_core.package_identification:_identify(src/ros2/rcl_interfaces) by extensions ['colcon_meta']
[0.268s] Level 1:colcon.colcon_core.package_identification:_identify(src/ros2/rcl_interfaces) by extension 'colcon_meta'
[0.269s] Level 1:colcon.colcon_core.package_identification:_identify(src/ros2/rcl_interfaces) by extensions ['ros']
[0.269s] Level 1:colcon.colcon_core.package_identification:_identify(src/ros2/rcl_interfaces) by extension 'ros'
[0.269s] Level 1:colcon.colcon_core.package_identification:_identify(src/ros2/rcl_interfaces) by extensions ['cmake', 'python']
[0.269s] Level 1:colcon.colcon_core.package_identification:_identify(src/ros2/rcl_interfaces) by extension 'cmake'
[0.269s] Level 1:colcon.colcon_core.package_identification:_identify(src/ros2/rcl_interfaces) by extension 'python'
[0.269s] Level 1:colcon.colcon_core.package_identification:_identify(src/ros2/rcl_interfaces) by extensions ['python_setup_py']
[0.269s] Level 1:colcon.colcon_core.package_identification:_identify(src/ros2/rcl_interfaces) by extension 'python_setup_py'
[0.269s] Level 1:colcon.colcon_core.package_identification:_identify(src/ros2/rcl_interfaces/action_msgs) by extensions ['ignore', 'ignore_ament_install']
[0.269s] Level 1:colcon.colcon_core.package_identification:_identify(src/ros2/rcl_interfaces/action_msgs) by extension 'ignore'
[0.269s] Level 1:colcon.colcon_core.package_identification:_identify(src/ros2/rcl_interfaces/action_msgs) by extension 'ignore_ament_install'
[0.269s] Level 1:colcon.colcon_core.package_identification:_identify(src/ros2/rcl_interfaces/action_msgs) by extensions ['colcon_pkg']
[0.269s] Level 1:colcon.colcon_core.package_identification:_identify(src/ros2/rcl_interfaces/action_msgs) by extension 'colcon_pkg'
[0.269s] Level 1:colcon.colcon_core.package_identification:_identify(src/ros2/rcl_interfaces/action_msgs) by extensions ['colcon_meta']
[0.269s] Level 1:colcon.colcon_core.package_identification:_identify(src/ros2/rcl_interfaces/action_msgs) by extension 'colcon_meta'
[0.269s] Level 1:colcon.colcon_core.package_identification:_identify(src/ros2/rcl_interfaces/action_msgs) by extensions ['ros']
[0.269s] Level 1:colcon.colcon_core.package_identification:_identify(src/ros2/rcl_interfaces/action_msgs) by extension 'ros'
[0.270s] DEBUG:colcon.colcon_core.package_identification:Package 'src/ros2/rcl_interfaces/action_msgs' with type 'ros.ament_cmake' and name 'action_msgs'
[0.270s] Level 1:colcon.colcon_core.package_identification:_identify(src/ros2/rcl_interfaces/builtin_interfaces) by extensions ['ignore', 'ignore_ament_install']
[0.270s] Level 1:colcon.colcon_core.package_identification:_identify(src/ros2/rcl_interfaces/builtin_interfaces) by extension 'ignore'
[0.270s] Level 1:colcon.colcon_core.package_identification:_identify(src/ros2/rcl_interfaces/builtin_interfaces) by extension 'ignore_ament_install'
[0.270s] Level 1:colcon.colcon_core.package_identification:_identify(src/ros2/rcl_interfaces/builtin_interfaces) by extensions ['colcon_pkg']
[0.270s] Level 1:colcon.colcon_core.package_identification:_identify(src/ros2/rcl_interfaces/builtin_interfaces) by extension 'colcon_pkg'
[0.270s] Level 1:colcon.colcon_core.package_identification:_identify(src/ros2/rcl_interfaces/builtin_interfaces) by extensions ['colcon_meta']
[0.270s] Level 1:colcon.colcon_core.package_identification:_identify(src/ros2/rcl_interfaces/builtin_interfaces) by extension 'colcon_meta'
[0.270s] Level 1:colcon.colcon_core.package_identification:_identify(src/ros2/rcl_interfaces/builtin_interfaces) by extensions ['ros']
[0.270s] Level 1:colcon.colcon_core.package_identification:_identify(src/ros2/rcl_interfaces/builtin_interfaces) by extension 'ros'
[0.271s] DEBUG:colcon.colcon_core.package_identification:Package 'src/ros2/rcl_interfaces/builtin_interfaces' with type 'ros.ament_cmake' and name 'builtin_interfaces'
[0.271s] Level 1:colcon.colcon_core.package_identification:_identify(src/ros2/rcl_interfaces/composition_interfaces) by extensions ['ignore', 'ignore_ament_install']
[0.271s] Level 1:colcon.colcon_core.package_identification:_identify(src/ros2/rcl_interfaces/composition_interfaces) by extension 'ignore'
[0.271s] Level 1:colcon.colcon_core.package_identification:_identify(src/ros2/rcl_interfaces/composition_interfaces) by extension 'ignore_ament_install'
[0.271s] Level 1:colcon.colcon_core.package_identification:_identify(src/ros2/rcl_interfaces/composition_interfaces) by extensions ['colcon_pkg']
[0.271s] Level 1:colcon.colcon_core.package_identification:_identify(src/ros2/rcl_interfaces/composition_interfaces) by extension 'colcon_pkg'
[0.271s] Level 1:colcon.colcon_core.package_identification:_identify(src/ros2/rcl_interfaces/composition_interfaces) by extensions ['colcon_meta']
[0.271s] Level 1:colcon.colcon_core.package_identification:_identify(src/ros2/rcl_interfaces/composition_interfaces) by extension 'colcon_meta'
[0.271s] Level 1:colcon.colcon_core.package_identification:_identify(src/ros2/rcl_interfaces/composition_interfaces) by extensions ['ros']
[0.271s] Level 1:colcon.colcon_core.package_identification:_identify(src/ros2/rcl_interfaces/composition_interfaces) by extension 'ros'
[0.271s] DEBUG:colcon.colcon_core.package_identification:Package 'src/ros2/rcl_interfaces/composition_interfaces' with type 'ros.ament_cmake' and name 'composition_interfaces'
[0.271s] Level 1:colcon.colcon_core.package_identification:_identify(src/ros2/rcl_interfaces/lifecycle_msgs) by extensions ['ignore', 'ignore_ament_install']
[0.271s] Level 1:colcon.colcon_core.package_identification:_identify(src/ros2/rcl_interfaces/lifecycle_msgs) by extension 'ignore'
[0.272s] Level 1:colcon.colcon_core.package_identification:_identify(src/ros2/rcl_interfaces/lifecycle_msgs) by extension 'ignore_ament_install'
[0.272s] Level 1:colcon.colcon_core.package_identification:_identify(src/ros2/rcl_interfaces/lifecycle_msgs) by extensions ['colcon_pkg']
[0.272s] Level 1:colcon.colcon_core.package_identification:_identify(src/ros2/rcl_interfaces/lifecycle_msgs) by extension 'colcon_pkg'
[0.272s] Level 1:colcon.colcon_core.package_identification:_identify(src/ros2/rcl_interfaces/lifecycle_msgs) by extensions ['colcon_meta']
[0.272s] Level 1:colcon.colcon_core.package_identification:_identify(src/ros2/rcl_interfaces/lifecycle_msgs) by extension 'colcon_meta'
[0.272s] Level 1:colcon.colcon_core.package_identification:_identify(src/ros2/rcl_interfaces/lifecycle_msgs) by extensions ['ros']
[0.272s] Level 1:colcon.colcon_core.package_identification:_identify(src/ros2/rcl_interfaces/lifecycle_msgs) by extension 'ros'
[0.272s] DEBUG:colcon.colcon_core.package_identification:Package 'src/ros2/rcl_interfaces/lifecycle_msgs' with type 'ros.ament_cmake' and name 'lifecycle_msgs'
[0.272s] Level 1:colcon.colcon_core.package_identification:_identify(src/ros2/rcl_interfaces/rcl_interfaces) by extensions ['ignore', 'ignore_ament_install']
[0.272s] Level 1:colcon.colcon_core.package_identification:_identify(src/ros2/rcl_interfaces/rcl_interfaces) by extension 'ignore'
[0.272s] Level 1:colcon.colcon_core.package_identification:_identify(src/ros2/rcl_interfaces/rcl_interfaces) by extension 'ignore_ament_install'
[0.272s] Level 1:colcon.colcon_core.package_identification:_identify(src/ros2/rcl_interfaces/rcl_interfaces) by extensions ['colcon_pkg']
[0.272s] Level 1:colcon.colcon_core.package_identification:_identify(src/ros2/rcl_interfaces/rcl_interfaces) by extension 'colcon_pkg'
[0.272s] Level 1:colcon.colcon_core.package_identification:_identify(src/ros2/rcl_interfaces/rcl_interfaces) by extensions ['colcon_meta']
[0.272s] Level 1:colcon.colcon_core.package_identification:_identify(src/ros2/rcl_interfaces/rcl_interfaces) by extension 'colcon_meta'
[0.272s] Level 1:colcon.colcon_core.package_identification:_identify(src/ros2/rcl_interfaces/rcl_interfaces) by extensions ['ros']
[0.272s] Level 1:colcon.colcon_core.package_identification:_identify(src/ros2/rcl_interfaces/rcl_interfaces) by extension 'ros'
[0.273s] DEBUG:colcon.colcon_core.package_identification:Package 'src/ros2/rcl_interfaces/rcl_interfaces' with type 'ros.ament_cmake' and name 'rcl_interfaces'
[0.273s] Level 1:colcon.colcon_core.package_identification:_identify(src/ros2/rcl_interfaces/rosgraph_msgs) by extensions ['ignore', 'ignore_ament_install']
[0.273s] Level 1:colcon.colcon_core.package_identification:_identify(src/ros2/rcl_interfaces/rosgraph_msgs) by extension 'ignore'
[0.273s] Level 1:colcon.colcon_core.package_identification:_identify(src/ros2/rcl_interfaces/rosgraph_msgs) by extension 'ignore_ament_install'
[0.273s] Level 1:colcon.colcon_core.package_identification:_identify(src/ros2/rcl_interfaces/rosgraph_msgs) by extensions ['colcon_pkg']
[0.273s] Level 1:colcon.colcon_core.package_identification:_identify(src/ros2/rcl_interfaces/rosgraph_msgs) by extension 'colcon_pkg'
[0.273s] Level 1:colcon.colcon_core.package_identification:_identify(src/ros2/rcl_interfaces/rosgraph_msgs) by extensions ['colcon_meta']
[0.273s] Level 1:colcon.colcon_core.package_identification:_identify(src/ros2/rcl_interfaces/rosgraph_msgs) by extension 'colcon_meta'
[0.273s] Level 1:colcon.colcon_core.package_identification:_identify(src/ros2/rcl_interfaces/rosgraph_msgs) by extensions ['ros']
[0.273s] Level 1:colcon.colcon_core.package_identification:_identify(src/ros2/rcl_interfaces/rosgraph_msgs) by extension 'ros'
[0.274s] DEBUG:colcon.colcon_core.package_identification:Package 'src/ros2/rcl_interfaces/rosgraph_msgs' with type 'ros.ament_cmake' and name 'rosgraph_msgs'
[0.274s] Level 1:colcon.colcon_core.package_identification:_identify(src/ros2/rcl_interfaces/service_msgs) by extensions ['ignore', 'ignore_ament_install']
[0.274s] Level 1:colcon.colcon_core.package_identification:_identify(src/ros2/rcl_interfaces/service_msgs) by extension 'ignore'
[0.274s] Level 1:colcon.colcon_core.package_identification:_identify(src/ros2/rcl_interfaces/service_msgs) by extension 'ignore_ament_install'
[0.274s] Level 1:colcon.colcon_core.package_identification:_identify(src/ros2/rcl_interfaces/service_msgs) by extensions ['colcon_pkg']
[0.274s] Level 1:colcon.colcon_core.package_identification:_identify(src/ros2/rcl_interfaces/service_msgs) by extension 'colcon_pkg'
[0.274s] Level 1:colcon.colcon_core.package_identification:_identify(src/ros2/rcl_interfaces/service_msgs) by extensions ['colcon_meta']
[0.274s] Level 1:colcon.colcon_core.package_identification:_identify(src/ros2/rcl_interfaces/service_msgs) by extension 'colcon_meta'
[0.274s] Level 1:colcon.colcon_core.package_identification:_identify(src/ros2/rcl_interfaces/service_msgs) by extensions ['ros']
[0.274s] Level 1:colcon.colcon_core.package_identification:_identify(src/ros2/rcl_interfaces/service_msgs) by extension 'ros'
[0.275s] DEBUG:colcon.colcon_core.package_identification:Package 'src/ros2/rcl_interfaces/service_msgs' with type 'ros.ament_cmake' and name 'service_msgs'
[0.275s] Level 1:colcon.colcon_core.package_identification:_identify(src/ros2/rcl_interfaces/statistics_msgs) by extensions ['ignore', 'ignore_ament_install']
[0.275s] Level 1:colcon.colcon_core.package_identification:_identify(src/ros2/rcl_interfaces/statistics_msgs) by extension 'ignore'
[0.275s] Level 1:colcon.colcon_core.package_identification:_identify(src/ros2/rcl_interfaces/statistics_msgs) by extension 'ignore_ament_install'
[0.275s] Level 1:colcon.colcon_core.package_identification:_identify(src/ros2/rcl_interfaces/statistics_msgs) by extensions ['colcon_pkg']
[0.275s] Level 1:colcon.colcon_core.package_identification:_identify(src/ros2/rcl_interfaces/statistics_msgs) by extension 'colcon_pkg'
[0.275s] Level 1:colcon.colcon_core.package_identification:_identify(src/ros2/rcl_interfaces/statistics_msgs) by extensions ['colcon_meta']
[0.275s] Level 1:colcon.colcon_core.package_identification:_identify(src/ros2/rcl_interfaces/statistics_msgs) by extension 'colcon_meta'
[0.275s] Level 1:colcon.colcon_core.package_identification:_identify(src/ros2/rcl_interfaces/statistics_msgs) by extensions ['ros']
[0.275s] Level 1:colcon.colcon_core.package_identification:_identify(src/ros2/rcl_interfaces/statistics_msgs) by extension 'ros'
[0.275s] DEBUG:colcon.colcon_core.package_identification:Package 'src/ros2/rcl_interfaces/statistics_msgs' with type 'ros.ament_cmake' and name 'statistics_msgs'
[0.276s] Level 1:colcon.colcon_core.package_identification:_identify(src/ros2/rcl_interfaces/test_msgs) by extensions ['ignore', 'ignore_ament_install']
[0.276s] Level 1:colcon.colcon_core.package_identification:_identify(src/ros2/rcl_interfaces/test_msgs) by extension 'ignore'
[0.276s] Level 1:colcon.colcon_core.package_identification:_identify(src/ros2/rcl_interfaces/test_msgs) by extension 'ignore_ament_install'
[0.276s] Level 1:colcon.colcon_core.package_identification:_identify(src/ros2/rcl_interfaces/test_msgs) by extensions ['colcon_pkg']
[0.276s] Level 1:colcon.colcon_core.package_identification:_identify(src/ros2/rcl_interfaces/test_msgs) by extension 'colcon_pkg'
[0.276s] Level 1:colcon.colcon_core.package_identification:_identify(src/ros2/rcl_interfaces/test_msgs) by extensions ['colcon_meta']
[0.276s] Level 1:colcon.colcon_core.package_identification:_identify(src/ros2/rcl_interfaces/test_msgs) by extension 'colcon_meta'
[0.276s] Level 1:colcon.colcon_core.package_identification:_identify(src/ros2/rcl_interfaces/test_msgs) by extensions ['ros']
[0.276s] Level 1:colcon.colcon_core.package_identification:_identify(src/ros2/rcl_interfaces/test_msgs) by extension 'ros'
[0.276s] DEBUG:colcon.colcon_core.package_identification:Package 'src/ros2/rcl_interfaces/test_msgs' with type 'ros.ament_cmake' and name 'test_msgs'
[0.276s] Level 1:colcon.colcon_core.package_identification:_identify(src/ros2/rcl_interfaces/type_description_interfaces) by extensions ['ignore', 'ignore_ament_install']
[0.276s] Level 1:colcon.colcon_core.package_identification:_identify(src/ros2/rcl_interfaces/type_description_interfaces) by extension 'ignore'
[0.276s] Level 1:colcon.colcon_core.package_identification:_identify(src/ros2/rcl_interfaces/type_description_interfaces) by extension 'ignore_ament_install'
[0.277s] Level 1:colcon.colcon_core.package_identification:_identify(src/ros2/rcl_interfaces/type_description_interfaces) by extensions ['colcon_pkg']
[0.277s] Level 1:colcon.colcon_core.package_identification:_identify(src/ros2/rcl_interfaces/type_description_interfaces) by extension 'colcon_pkg'
[0.277s] Level 1:colcon.colcon_core.package_identification:_identify(src/ros2/rcl_interfaces/type_description_interfaces) by extensions ['colcon_meta']
[0.277s] Level 1:colcon.colcon_core.package_identification:_identify(src/ros2/rcl_interfaces/type_description_interfaces) by extension 'colcon_meta'
[0.277s] Level 1:colcon.colcon_core.package_identification:_identify(src/ros2/rcl_interfaces/type_description_interfaces) by extensions ['ros']
[0.277s] Level 1:colcon.colcon_core.package_identification:_identify(src/ros2/rcl_interfaces/type_description_interfaces) by extension 'ros'
[0.277s] DEBUG:colcon.colcon_core.package_identification:Package 'src/ros2/rcl_interfaces/type_description_interfaces' with type 'ros.ament_cmake' and name 'type_description_interfaces'
[0.277s] Level 1:colcon.colcon_core.package_identification:_identify(src/ros2/test_interface_files) by extensions ['ignore', 'ignore_ament_install']
[0.277s] Level 1:colcon.colcon_core.package_identification:_identify(src/ros2/test_interface_files) by extension 'ignore'
[0.277s] Level 1:colcon.colcon_core.package_identification:_identify(src/ros2/test_interface_files) by extension 'ignore_ament_install'
[0.277s] Level 1:colcon.colcon_core.package_identification:_identify(src/ros2/test_interface_files) by extensions ['colcon_pkg']
[0.277s] Level 1:colcon.colcon_core.package_identification:_identify(src/ros2/test_interface_files) by extension 'colcon_pkg'
[0.277s] Level 1:colcon.colcon_core.package_identification:_identify(src/ros2/test_interface_files) by extensions ['colcon_meta']
[0.277s] Level 1:colcon.colcon_core.package_identification:_identify(src/ros2/test_interface_files) by extension 'colcon_meta'
[0.277s] Level 1:colcon.colcon_core.package_identification:_identify(src/ros2/test_interface_files) by extensions ['ros']
[0.277s] Level 1:colcon.colcon_core.package_identification:_identify(src/ros2/test_interface_files) by extension 'ros'
[0.278s] DEBUG:colcon.colcon_core.package_identification:Package 'src/ros2/test_interface_files' with type 'ros.ament_cmake' and name 'test_interface_files'
[0.278s] Level 1:colcon.colcon_core.package_identification:_identify(src/ros2/unique_identifier_msgs) by extensions ['ignore', 'ignore_ament_install']
[0.278s] Level 1:colcon.colcon_core.package_identification:_identify(src/ros2/unique_identifier_msgs) by extension 'ignore'
[0.278s] Level 1:colcon.colcon_core.package_identification:_identify(src/ros2/unique_identifier_msgs) by extension 'ignore_ament_install'
[0.278s] Level 1:colcon.colcon_core.package_identification:_identify(src/ros2/unique_identifier_msgs) by extensions ['colcon_pkg']
[0.278s] Level 1:colcon.colcon_core.package_identification:_identify(src/ros2/unique_identifier_msgs) by extension 'colcon_pkg'
[0.278s] Level 1:colcon.colcon_core.package_identification:_identify(src/ros2/unique_identifier_msgs) by extensions ['colcon_meta']
[0.278s] Level 1:colcon.colcon_core.package_identification:_identify(src/ros2/unique_identifier_msgs) by extension 'colcon_meta'
[0.278s] Level 1:colcon.colcon_core.package_identification:_identify(src/ros2/unique_identifier_msgs) by extensions ['ros']
[0.278s] Level 1:colcon.colcon_core.package_identification:_identify(src/ros2/unique_identifier_msgs) by extension 'ros'
[0.279s] DEBUG:colcon.colcon_core.package_identification:Package 'src/ros2/unique_identifier_msgs' with type 'ros.ament_cmake' and name 'unique_identifier_msgs'
[0.279s] Level 1:colcon.colcon_core.package_identification:_identify(src/uros) by extensions ['ignore', 'ignore_ament_install']
[0.279s] Level 1:colcon.colcon_core.package_identification:_identify(src/uros) by extension 'ignore'
[0.279s] Level 1:colcon.colcon_core.package_identification:_identify(src/uros) by extension 'ignore_ament_install'
[0.279s] Level 1:colcon.colcon_core.package_identification:_identify(src/uros) by extensions ['colcon_pkg']
[0.279s] Level 1:colcon.colcon_core.package_identification:_identify(src/uros) by extension 'colcon_pkg'
[0.279s] Level 1:colcon.colcon_core.package_identification:_identify(src/uros) by extensions ['colcon_meta']
[0.279s] Level 1:colcon.colcon_core.package_identification:_identify(src/uros) by extension 'colcon_meta'
[0.279s] Level 1:colcon.colcon_core.package_identification:_identify(src/uros) by extensions ['ros']
[0.279s] Level 1:colcon.colcon_core.package_identification:_identify(src/uros) by extension 'ros'
[0.279s] Level 1:colcon.colcon_core.package_identification:_identify(src/uros) by extensions ['cmake', 'python']
[0.279s] Level 1:colcon.colcon_core.package_identification:_identify(src/uros) by extension 'cmake'
[0.279s] Level 1:colcon.colcon_core.package_identification:_identify(src/uros) by extension 'python'
[0.279s] Level 1:colcon.colcon_core.package_identification:_identify(src/uros) by extensions ['python_setup_py']
[0.279s] Level 1:colcon.colcon_core.package_identification:_identify(src/uros) by extension 'python_setup_py'
[0.279s] Level 1:colcon.colcon_core.package_identification:_identify(src/uros/drive_base) by extensions ['ignore', 'ignore_ament_install']
[0.279s] Level 1:colcon.colcon_core.package_identification:_identify(src/uros/drive_base) by extension 'ignore'
[0.280s] Level 1:colcon.colcon_core.package_identification:_identify(src/uros/drive_base) by extension 'ignore_ament_install'
[0.280s] Level 1:colcon.colcon_core.package_identification:_identify(src/uros/drive_base) by extensions ['colcon_pkg']
[0.280s] Level 1:colcon.colcon_core.package_identification:_identify(src/uros/drive_base) by extension 'colcon_pkg'
[0.280s] Level 1:colcon.colcon_core.package_identification:_identify(src/uros/drive_base) by extensions ['colcon_meta']
[0.280s] Level 1:colcon.colcon_core.package_identification:_identify(src/uros/drive_base) by extension 'colcon_meta'
[0.280s] Level 1:colcon.colcon_core.package_identification:_identify(src/uros/drive_base) by extensions ['ros']
[0.280s] Level 1:colcon.colcon_core.package_identification:_identify(src/uros/drive_base) by extension 'ros'
[0.280s] Level 1:colcon.colcon_core.package_identification:_identify(src/uros/drive_base) by extensions ['cmake', 'python']
[0.280s] Level 1:colcon.colcon_core.package_identification:_identify(src/uros/drive_base) by extension 'cmake'
[0.280s] Level 1:colcon.colcon_core.package_identification:_identify(src/uros/drive_base) by extension 'python'
[0.280s] Level 1:colcon.colcon_core.package_identification:_identify(src/uros/drive_base) by extensions ['python_setup_py']
[0.280s] Level 1:colcon.colcon_core.package_identification:_identify(src/uros/drive_base) by extension 'python_setup_py'
[0.280s] Level 1:colcon.colcon_core.package_identification:_identify(src/uros/drive_base/drive_base_msgs) by extensions ['ignore', 'ignore_ament_install']
[0.280s] Level 1:colcon.colcon_core.package_identification:_identify(src/uros/drive_base/drive_base_msgs) by extension 'ignore'
[0.280s] Level 1:colcon.colcon_core.package_identification:_identify(src/uros/drive_base/drive_base_msgs) by extension 'ignore_ament_install'
[0.280s] Level 1:colcon.colcon_core.package_identification:_identify(src/uros/drive_base/drive_base_msgs) by extensions ['colcon_pkg']
[0.280s] Level 1:colcon.colcon_core.package_identification:_identify(src/uros/drive_base/drive_base_msgs) by extension 'colcon_pkg'
[0.280s] Level 1:colcon.colcon_core.package_identification:_identify(src/uros/drive_base/drive_base_msgs) by extensions ['colcon_meta']
[0.280s] Level 1:colcon.colcon_core.package_identification:_identify(src/uros/drive_base/drive_base_msgs) by extension 'colcon_meta'
[0.280s] Level 1:colcon.colcon_core.package_identification:_identify(src/uros/drive_base/drive_base_msgs) by extensions ['ros']
[0.280s] Level 1:colcon.colcon_core.package_identification:_identify(src/uros/drive_base/drive_base_msgs) by extension 'ros'
[0.281s] DEBUG:colcon.colcon_core.package_identification:Package 'src/uros/drive_base/drive_base_msgs' with type 'ros.ament_cmake' and name 'drive_base_msgs'
[0.281s] Level 1:colcon.colcon_core.package_identification:_identify(src/uros/micro-ROS-Agent) by extensions ['ignore', 'ignore_ament_install']
[0.281s] Level 1:colcon.colcon_core.package_identification:_identify(src/uros/micro-ROS-Agent) by extension 'ignore'
[0.281s] Level 1:colcon.colcon_core.package_identification:_identify(src/uros/micro-ROS-Agent) by extension 'ignore_ament_install'
[0.281s] Level 1:colcon.colcon_core.package_identification:_identify(src/uros/micro-ROS-Agent) by extensions ['colcon_pkg']
[0.281s] Level 1:colcon.colcon_core.package_identification:_identify(src/uros/micro-ROS-Agent) by extension 'colcon_pkg'
[0.281s] Level 1:colcon.colcon_core.package_identification:_identify(src/uros/micro-ROS-Agent) by extensions ['colcon_meta']
[0.281s] Level 1:colcon.colcon_core.package_identification:_identify(src/uros/micro-ROS-Agent) by extension 'colcon_meta'
[0.281s] Level 1:colcon.colcon_core.package_identification:_identify(src/uros/micro-ROS-Agent) by extensions ['ros']
[0.281s] Level 1:colcon.colcon_core.package_identification:_identify(src/uros/micro-ROS-Agent) by extension 'ros'
[0.281s] Level 1:colcon.colcon_core.package_identification:_identify(src/uros/micro-ROS-Agent) by extensions ['cmake', 'python']
[0.281s] Level 1:colcon.colcon_core.package_identification:_identify(src/uros/micro-ROS-Agent) by extension 'cmake'
[0.281s] Level 1:colcon.colcon_core.package_identification:_identify(src/uros/micro-ROS-Agent) by extension 'python'
[0.281s] Level 1:colcon.colcon_core.package_identification:_identify(src/uros/micro-ROS-Agent) by extensions ['python_setup_py']
[0.282s] Level 1:colcon.colcon_core.package_identification:_identify(src/uros/micro-ROS-Agent) by extension 'python_setup_py'
[0.282s] Level 1:colcon.colcon_core.package_identification:_identify(src/uros/micro-ROS-Agent/micro_ros_agent) by extensions ['ignore', 'ignore_ament_install']
[0.282s] Level 1:colcon.colcon_core.package_identification:_identify(src/uros/micro-ROS-Agent/micro_ros_agent) by extension 'ignore'
[0.282s] Level 1:colcon.colcon_core.package_identification:_identify(src/uros/micro-ROS-Agent/micro_ros_agent) by extension 'ignore_ament_install'
[0.282s] Level 1:colcon.colcon_core.package_identification:_identify(src/uros/micro-ROS-Agent/micro_ros_agent) by extensions ['colcon_pkg']
[0.282s] Level 1:colcon.colcon_core.package_identification:_identify(src/uros/micro-ROS-Agent/micro_ros_agent) by extension 'colcon_pkg'
[0.282s] Level 1:colcon.colcon_core.package_identification:_identify(src/uros/micro-ROS-Agent/micro_ros_agent) by extensions ['colcon_meta']
[0.282s] Level 1:colcon.colcon_core.package_identification:_identify(src/uros/micro-ROS-Agent/micro_ros_agent) by extension 'colcon_meta'
[0.282s] Level 1:colcon.colcon_core.package_identification:_identify(src/uros/micro-ROS-Agent/micro_ros_agent) by extensions ['ros']
[0.282s] Level 1:colcon.colcon_core.package_identification:_identify(src/uros/micro-ROS-Agent/micro_ros_agent) by extension 'ros'
[0.283s] DEBUG:colcon.colcon_core.package_identification:Package 'src/uros/micro-ROS-Agent/micro_ros_agent' with type 'ros.ament_cmake' and name 'micro_ros_agent'
[0.283s] Level 1:colcon.colcon_core.package_identification:_identify(src/uros/micro-ROS-Agent/snap) by extensions ['ignore', 'ignore_ament_install']
[0.283s] Level 1:colcon.colcon_core.package_identification:_identify(src/uros/micro-ROS-Agent/snap) by extension 'ignore'
[0.283s] Level 1:colcon.colcon_core.package_identification:_identify(src/uros/micro-ROS-Agent/snap) by extension 'ignore_ament_install'
[0.283s] Level 1:colcon.colcon_core.package_identification:_identify(src/uros/micro-ROS-Agent/snap) by extensions ['colcon_pkg']
[0.283s] Level 1:colcon.colcon_core.package_identification:_identify(src/uros/micro-ROS-Agent/snap) by extension 'colcon_pkg'
[0.283s] Level 1:colcon.colcon_core.package_identification:_identify(src/uros/micro-ROS-Agent/snap) by extensions ['colcon_meta']
[0.283s] Level 1:colcon.colcon_core.package_identification:_identify(src/uros/micro-ROS-Agent/snap) by extension 'colcon_meta'
[0.283s] Level 1:colcon.colcon_core.package_identification:_identify(src/uros/micro-ROS-Agent/snap) by extensions ['ros']
[0.283s] Level 1:colcon.colcon_core.package_identification:_identify(src/uros/micro-ROS-Agent/snap) by extension 'ros'
[0.283s] Level 1:colcon.colcon_core.package_identification:_identify(src/uros/micro-ROS-Agent/snap) by extensions ['cmake', 'python']
[0.283s] Level 1:colcon.colcon_core.package_identification:_identify(src/uros/micro-ROS-Agent/snap) by extension 'cmake'
[0.283s] Level 1:colcon.colcon_core.package_identification:_identify(src/uros/micro-ROS-Agent/snap) by extension 'python'
[0.283s] Level 1:colcon.colcon_core.package_identification:_identify(src/uros/micro-ROS-Agent/snap) by extensions ['python_setup_py']
[0.283s] Level 1:colcon.colcon_core.package_identification:_identify(src/uros/micro-ROS-Agent/snap) by extension 'python_setup_py'
[0.284s] Level 1:colcon.colcon_core.package_identification:_identify(src/uros/micro-ROS-Agent/snap/hooks) by extensions ['ignore', 'ignore_ament_install']
[0.284s] Level 1:colcon.colcon_core.package_identification:_identify(src/uros/micro-ROS-Agent/snap/hooks) by extension 'ignore'
[0.284s] Level 1:colcon.colcon_core.package_identification:_identify(src/uros/micro-ROS-Agent/snap/hooks) by extension 'ignore_ament_install'
[0.284s] Level 1:colcon.colcon_core.package_identification:_identify(src/uros/micro-ROS-Agent/snap/hooks) by extensions ['colcon_pkg']
[0.284s] Level 1:colcon.colcon_core.package_identification:_identify(src/uros/micro-ROS-Agent/snap/hooks) by extension 'colcon_pkg'
[0.284s] Level 1:colcon.colcon_core.package_identification:_identify(src/uros/micro-ROS-Agent/snap/hooks) by extensions ['colcon_meta']
[0.284s] Level 1:colcon.colcon_core.package_identification:_identify(src/uros/micro-ROS-Agent/snap/hooks) by extension 'colcon_meta'
[0.284s] Level 1:colcon.colcon_core.package_identification:_identify(src/uros/micro-ROS-Agent/snap/hooks) by extensions ['ros']
[0.284s] Level 1:colcon.colcon_core.package_identification:_identify(src/uros/micro-ROS-Agent/snap/hooks) by extension 'ros'
[0.284s] Level 1:colcon.colcon_core.package_identification:_identify(src/uros/micro-ROS-Agent/snap/hooks) by extensions ['cmake', 'python']
[0.284s] Level 1:colcon.colcon_core.package_identification:_identify(src/uros/micro-ROS-Agent/snap/hooks) by extension 'cmake'
[0.284s] Level 1:colcon.colcon_core.package_identification:_identify(src/uros/micro-ROS-Agent/snap/hooks) by extension 'python'
[0.284s] Level 1:colcon.colcon_core.package_identification:_identify(src/uros/micro-ROS-Agent/snap/hooks) by extensions ['python_setup_py']
[0.284s] Level 1:colcon.colcon_core.package_identification:_identify(src/uros/micro-ROS-Agent/snap/hooks) by extension 'python_setup_py'
[0.284s] Level 1:colcon.colcon_core.package_identification:_identify(src/uros/micro-ROS-Agent/snap/local) by extensions ['ignore', 'ignore_ament_install']
[0.284s] Level 1:colcon.colcon_core.package_identification:_identify(src/uros/micro-ROS-Agent/snap/local) by extension 'ignore'
[0.284s] Level 1:colcon.colcon_core.package_identification:_identify(src/uros/micro-ROS-Agent/snap/local) by extension 'ignore_ament_install'
[0.285s] Level 1:colcon.colcon_core.package_identification:_identify(src/uros/micro-ROS-Agent/snap/local) by extensions ['colcon_pkg']
[0.285s] Level 1:colcon.colcon_core.package_identification:_identify(src/uros/micro-ROS-Agent/snap/local) by extension 'colcon_pkg'
[0.285s] Level 1:colcon.colcon_core.package_identification:_identify(src/uros/micro-ROS-Agent/snap/local) by extensions ['colcon_meta']
[0.285s] Level 1:colcon.colcon_core.package_identification:_identify(src/uros/micro-ROS-Agent/snap/local) by extension 'colcon_meta'
[0.285s] Level 1:colcon.colcon_core.package_identification:_identify(src/uros/micro-ROS-Agent/snap/local) by extensions ['ros']
[0.285s] Level 1:colcon.colcon_core.package_identification:_identify(src/uros/micro-ROS-Agent/snap/local) by extension 'ros'
[0.285s] Level 1:colcon.colcon_core.package_identification:_identify(src/uros/micro-ROS-Agent/snap/local) by extensions ['cmake', 'python']
[0.285s] Level 1:colcon.colcon_core.package_identification:_identify(src/uros/micro-ROS-Agent/snap/local) by extension 'cmake'
[0.285s] Level 1:colcon.colcon_core.package_identification:_identify(src/uros/micro-ROS-Agent/snap/local) by extension 'python'
[0.285s] Level 1:colcon.colcon_core.package_identification:_identify(src/uros/micro-ROS-Agent/snap/local) by extensions ['python_setup_py']
[0.285s] Level 1:colcon.colcon_core.package_identification:_identify(src/uros/micro-ROS-Agent/snap/local) by extension 'python_setup_py'
[0.285s] Level 1:colcon.colcon_core.package_identification:_identify(src/uros/micro-ROS-demos) by extensions ['ignore', 'ignore_ament_install']
[0.285s] Level 1:colcon.colcon_core.package_identification:_identify(src/uros/micro-ROS-demos) by extension 'ignore'
[0.285s] Level 1:colcon.colcon_core.package_identification:_identify(src/uros/micro-ROS-demos) by extension 'ignore_ament_install'
[0.285s] Level 1:colcon.colcon_core.package_identification:_identify(src/uros/micro-ROS-demos) by extensions ['colcon_pkg']
[0.285s] Level 1:colcon.colcon_core.package_identification:_identify(src/uros/micro-ROS-demos) by extension 'colcon_pkg'
[0.285s] Level 1:colcon.colcon_core.package_identification:_identify(src/uros/micro-ROS-demos) by extensions ['colcon_meta']
[0.285s] Level 1:colcon.colcon_core.package_identification:_identify(src/uros/micro-ROS-demos) by extension 'colcon_meta'
[0.285s] Level 1:colcon.colcon_core.package_identification:_identify(src/uros/micro-ROS-demos) by extensions ['ros']
[0.285s] Level 1:colcon.colcon_core.package_identification:_identify(src/uros/micro-ROS-demos) by extension 'ros'
[0.285s] Level 1:colcon.colcon_core.package_identification:_identify(src/uros/micro-ROS-demos) by extensions ['cmake', 'python']
[0.285s] Level 1:colcon.colcon_core.package_identification:_identify(src/uros/micro-ROS-demos) by extension 'cmake'
[0.286s] Level 1:colcon.colcon_core.package_identification:_identify(src/uros/micro-ROS-demos) by extension 'python'
[0.286s] Level 1:colcon.colcon_core.package_identification:_identify(src/uros/micro-ROS-demos) by extensions ['python_setup_py']
[0.286s] Level 1:colcon.colcon_core.package_identification:_identify(src/uros/micro-ROS-demos) by extension 'python_setup_py'
[0.286s] Level 1:colcon.colcon_core.package_identification:_identify(src/uros/micro-ROS-demos/messages) by extensions ['ignore', 'ignore_ament_install']
[0.286s] Level 1:colcon.colcon_core.package_identification:_identify(src/uros/micro-ROS-demos/messages) by extension 'ignore'
[0.286s] Level 1:colcon.colcon_core.package_identification:_identify(src/uros/micro-ROS-demos/messages) by extension 'ignore_ament_install'
[0.286s] Level 1:colcon.colcon_core.package_identification:_identify(src/uros/micro-ROS-demos/messages) by extensions ['colcon_pkg']
[0.286s] Level 1:colcon.colcon_core.package_identification:_identify(src/uros/micro-ROS-demos/messages) by extension 'colcon_pkg'
[0.286s] Level 1:colcon.colcon_core.package_identification:_identify(src/uros/micro-ROS-demos/messages) by extensions ['colcon_meta']
[0.286s] Level 1:colcon.colcon_core.package_identification:_identify(src/uros/micro-ROS-demos/messages) by extension 'colcon_meta'
[0.286s] Level 1:colcon.colcon_core.package_identification:_identify(src/uros/micro-ROS-demos/messages) by extensions ['ros']
[0.286s] Level 1:colcon.colcon_core.package_identification:_identify(src/uros/micro-ROS-demos/messages) by extension 'ros'
[0.286s] Level 1:colcon.colcon_core.package_identification:_identify(src/uros/micro-ROS-demos/messages) by extensions ['cmake', 'python']
[0.286s] Level 1:colcon.colcon_core.package_identification:_identify(src/uros/micro-ROS-demos/messages) by extension 'cmake'
[0.286s] Level 1:colcon.colcon_core.package_identification:_identify(src/uros/micro-ROS-demos/messages) by extension 'python'
[0.286s] Level 1:colcon.colcon_core.package_identification:_identify(src/uros/micro-ROS-demos/messages) by extensions ['python_setup_py']
[0.286s] Level 1:colcon.colcon_core.package_identification:_identify(src/uros/micro-ROS-demos/messages) by extension 'python_setup_py'
[0.286s] Level 1:colcon.colcon_core.package_identification:_identify(src/uros/micro-ROS-demos/messages/complex_msg) by extensions ['ignore', 'ignore_ament_install']
[0.286s] Level 1:colcon.colcon_core.package_identification:_identify(src/uros/micro-ROS-demos/messages/complex_msg) by extension 'ignore'
[0.286s] Level 1:colcon.colcon_core.package_identification:_identify(src/uros/micro-ROS-demos/messages/complex_msg) by extension 'ignore_ament_install'
[0.286s] Level 1:colcon.colcon_core.package_identification:_identify(src/uros/micro-ROS-demos/messages/complex_msg) by extensions ['colcon_pkg']
[0.286s] Level 1:colcon.colcon_core.package_identification:_identify(src/uros/micro-ROS-demos/messages/complex_msg) by extension 'colcon_pkg'
[0.287s] Level 1:colcon.colcon_core.package_identification:_identify(src/uros/micro-ROS-demos/messages/complex_msg) by extensions ['colcon_meta']
[0.287s] Level 1:colcon.colcon_core.package_identification:_identify(src/uros/micro-ROS-demos/messages/complex_msg) by extension 'colcon_meta'
[0.287s] Level 1:colcon.colcon_core.package_identification:_identify(src/uros/micro-ROS-demos/messages/complex_msg) by extensions ['ros']
[0.287s] Level 1:colcon.colcon_core.package_identification:_identify(src/uros/micro-ROS-demos/messages/complex_msg) by extension 'ros'
[0.287s] DEBUG:colcon.colcon_core.package_identification:Package 'src/uros/micro-ROS-demos/messages/complex_msg' with type 'ros.ament_cmake' and name 'complex_msgs'
[0.287s] Level 1:colcon.colcon_core.package_identification:_identify(src/uros/micro-ROS-demos/rclc) by extensions ['ignore', 'ignore_ament_install']
[0.287s] Level 1:colcon.colcon_core.package_identification:_identify(src/uros/micro-ROS-demos/rclc) by extension 'ignore'
[0.287s] Level 1:colcon.colcon_core.package_identification:_identify(src/uros/micro-ROS-demos/rclc) by extension 'ignore_ament_install'
[0.287s] Level 1:colcon.colcon_core.package_identification:_identify(src/uros/micro-ROS-demos/rclc) by extensions ['colcon_pkg']
[0.287s] Level 1:colcon.colcon_core.package_identification:_identify(src/uros/micro-ROS-demos/rclc) by extension 'colcon_pkg'
[0.287s] Level 1:colcon.colcon_core.package_identification:_identify(src/uros/micro-ROS-demos/rclc) by extensions ['colcon_meta']
[0.287s] Level 1:colcon.colcon_core.package_identification:_identify(src/uros/micro-ROS-demos/rclc) by extension 'colcon_meta'
[0.287s] Level 1:colcon.colcon_core.package_identification:_identify(src/uros/micro-ROS-demos/rclc) by extensions ['ros']
[0.287s] Level 1:colcon.colcon_core.package_identification:_identify(src/uros/micro-ROS-demos/rclc) by extension 'ros'
[0.288s] DEBUG:colcon.colcon_core.package_identification:Package 'src/uros/micro-ROS-demos/rclc' with type 'ros.ament_cmake' and name 'micro_ros_demos_rclc'
[0.289s] Level 1:colcon.colcon_core.package_identification:_identify(src/uros/micro_ros_msgs) by extensions ['ignore', 'ignore_ament_install']
[0.289s] Level 1:colcon.colcon_core.package_identification:_identify(src/uros/micro_ros_msgs) by extension 'ignore'
[0.289s] Level 1:colcon.colcon_core.package_identification:_identify(src/uros/micro_ros_msgs) by extension 'ignore_ament_install'
[0.289s] Level 1:colcon.colcon_core.package_identification:_identify(src/uros/micro_ros_msgs) by extensions ['colcon_pkg']
[0.289s] Level 1:colcon.colcon_core.package_identification:_identify(src/uros/micro_ros_msgs) by extension 'colcon_pkg'
[0.289s] Level 1:colcon.colcon_core.package_identification:_identify(src/uros/micro_ros_msgs) by extensions ['colcon_meta']
[0.289s] Level 1:colcon.colcon_core.package_identification:_identify(src/uros/micro_ros_msgs) by extension 'colcon_meta'
[0.289s] Level 1:colcon.colcon_core.package_identification:_identify(src/uros/micro_ros_msgs) by extensions ['ros']
[0.289s] Level 1:colcon.colcon_core.package_identification:_identify(src/uros/micro_ros_msgs) by extension 'ros'
[0.289s] DEBUG:colcon.colcon_core.package_identification:Package 'src/uros/micro_ros_msgs' with type 'ros.ament_cmake' and name 'micro_ros_msgs'
[0.289s] Level 1:colcon.colcon_core.package_identification:_identify(src/uros/micro_ros_utilities) by extensions ['ignore', 'ignore_ament_install']
[0.290s] Level 1:colcon.colcon_core.package_identification:_identify(src/uros/micro_ros_utilities) by extension 'ignore'
[0.290s] Level 1:colcon.colcon_core.package_identification:_identify(src/uros/micro_ros_utilities) by extension 'ignore_ament_install'
[0.290s] Level 1:colcon.colcon_core.package_identification:_identify(src/uros/micro_ros_utilities) by extensions ['colcon_pkg']
[0.290s] Level 1:colcon.colcon_core.package_identification:_identify(src/uros/micro_ros_utilities) by extension 'colcon_pkg'
[0.290s] Level 1:colcon.colcon_core.package_identification:_identify(src/uros/micro_ros_utilities) by extensions ['colcon_meta']
[0.290s] Level 1:colcon.colcon_core.package_identification:_identify(src/uros/micro_ros_utilities) by extension 'colcon_meta'
[0.290s] Level 1:colcon.colcon_core.package_identification:_identify(src/uros/micro_ros_utilities) by extensions ['ros']
[0.290s] Level 1:colcon.colcon_core.package_identification:_identify(src/uros/micro_ros_utilities) by extension 'ros'
[0.290s] DEBUG:colcon.colcon_core.package_identification:Package 'src/uros/micro_ros_utilities' with type 'ros.ament_cmake' and name 'micro_ros_utilities'
[0.290s] Level 1:colcon.colcon_core.package_identification:_identify(src/uros/rclc) by extensions ['ignore', 'ignore_ament_install']
[0.290s] Level 1:colcon.colcon_core.package_identification:_identify(src/uros/rclc) by extension 'ignore'
[0.290s] Level 1:colcon.colcon_core.package_identification:_identify(src/uros/rclc) by extension 'ignore_ament_install'
[0.290s] Level 1:colcon.colcon_core.package_identification:_identify(src/uros/rclc) by extensions ['colcon_pkg']
[0.290s] Level 1:colcon.colcon_core.package_identification:_identify(src/uros/rclc) by extension 'colcon_pkg'
[0.291s] Level 1:colcon.colcon_core.package_identification:_identify(src/uros/rclc) by extensions ['colcon_meta']
[0.291s] Level 1:colcon.colcon_core.package_identification:_identify(src/uros/rclc) by extension 'colcon_meta'
[0.291s] Level 1:colcon.colcon_core.package_identification:_identify(src/uros/rclc) by extensions ['ros']
[0.291s] Level 1:colcon.colcon_core.package_identification:_identify(src/uros/rclc) by extension 'ros'
[0.291s] Level 1:colcon.colcon_core.package_identification:_identify(src/uros/rclc) by extensions ['cmake', 'python']
[0.291s] Level 1:colcon.colcon_core.package_identification:_identify(src/uros/rclc) by extension 'cmake'
[0.291s] Level 1:colcon.colcon_core.package_identification:_identify(src/uros/rclc) by extension 'python'
[0.291s] Level 1:colcon.colcon_core.package_identification:_identify(src/uros/rclc) by extensions ['python_setup_py']
[0.291s] Level 1:colcon.colcon_core.package_identification:_identify(src/uros/rclc) by extension 'python_setup_py'
[0.291s] Level 1:colcon.colcon_core.package_identification:_identify(src/uros/rclc/rclc) by extensions ['ignore', 'ignore_ament_install']
[0.291s] Level 1:colcon.colcon_core.package_identification:_identify(src/uros/rclc/rclc) by extension 'ignore'
[0.291s] Level 1:colcon.colcon_core.package_identification:_identify(src/uros/rclc/rclc) by extension 'ignore_ament_install'
[0.291s] Level 1:colcon.colcon_core.package_identification:_identify(src/uros/rclc/rclc) by extensions ['colcon_pkg']
[0.291s] Level 1:colcon.colcon_core.package_identification:_identify(src/uros/rclc/rclc) by extension 'colcon_pkg'
[0.291s] Level 1:colcon.colcon_core.package_identification:_identify(src/uros/rclc/rclc) by extensions ['colcon_meta']
[0.291s] Level 1:colcon.colcon_core.package_identification:_identify(src/uros/rclc/rclc) by extension 'colcon_meta'
[0.291s] Level 1:colcon.colcon_core.package_identification:_identify(src/uros/rclc/rclc) by extensions ['ros']
[0.291s] Level 1:colcon.colcon_core.package_identification:_identify(src/uros/rclc/rclc) by extension 'ros'
[0.292s] DEBUG:colcon.colcon_core.package_identification:Package 'src/uros/rclc/rclc' with type 'ros.ament_cmake' and name 'rclc'
[0.292s] Level 1:colcon.colcon_core.package_identification:_identify(src/uros/rclc/rclc_examples) by extensions ['ignore', 'ignore_ament_install']
[0.292s] Level 1:colcon.colcon_core.package_identification:_identify(src/uros/rclc/rclc_examples) by extension 'ignore'
[0.292s] Level 1:colcon.colcon_core.package_identification:_identify(src/uros/rclc/rclc_examples) ignored
[0.292s] Level 1:colcon.colcon_core.package_identification:_identify(src/uros/rclc/rclc_lifecycle) by extensions ['ignore', 'ignore_ament_install']
[0.292s] Level 1:colcon.colcon_core.package_identification:_identify(src/uros/rclc/rclc_lifecycle) by extension 'ignore'
[0.292s] Level 1:colcon.colcon_core.package_identification:_identify(src/uros/rclc/rclc_lifecycle) ignored
[0.292s] Level 1:colcon.colcon_core.package_identification:_identify(src/uros/rclc/rclc_parameter) by extensions ['ignore', 'ignore_ament_install']
[0.292s] Level 1:colcon.colcon_core.package_identification:_identify(src/uros/rclc/rclc_parameter) by extension 'ignore'
[0.292s] Level 1:colcon.colcon_core.package_identification:_identify(src/uros/rclc/rclc_parameter) by extension 'ignore_ament_install'
[0.292s] Level 1:colcon.colcon_core.package_identification:_identify(src/uros/rclc/rclc_parameter) by extensions ['colcon_pkg']
[0.292s] Level 1:colcon.colcon_core.package_identification:_identify(src/uros/rclc/rclc_parameter) by extension 'colcon_pkg'
[0.292s] Level 1:colcon.colcon_core.package_identification:_identify(src/uros/rclc/rclc_parameter) by extensions ['colcon_meta']
[0.292s] Level 1:colcon.colcon_core.package_identification:_identify(src/uros/rclc/rclc_parameter) by extension 'colcon_meta'
[0.292s] Level 1:colcon.colcon_core.package_identification:_identify(src/uros/rclc/rclc_parameter) by extensions ['ros']
[0.293s] Level 1:colcon.colcon_core.package_identification:_identify(src/uros/rclc/rclc_parameter) by extension 'ros'
[0.293s] DEBUG:colcon.colcon_core.package_identification:Package 'src/uros/rclc/rclc_parameter' with type 'ros.ament_cmake' and name 'rclc_parameter'
[0.293s] Level 1:colcon.colcon_core.package_identification:_identify(src/uros/rmw_microxrcedds) by extensions ['ignore', 'ignore_ament_install']
[0.293s] Level 1:colcon.colcon_core.package_identification:_identify(src/uros/rmw_microxrcedds) by extension 'ignore'
[0.293s] Level 1:colcon.colcon_core.package_identification:_identify(src/uros/rmw_microxrcedds) by extension 'ignore_ament_install'
[0.293s] Level 1:colcon.colcon_core.package_identification:_identify(src/uros/rmw_microxrcedds) by extensions ['colcon_pkg']
[0.293s] Level 1:colcon.colcon_core.package_identification:_identify(src/uros/rmw_microxrcedds) by extension 'colcon_pkg'
[0.293s] Level 1:colcon.colcon_core.package_identification:_identify(src/uros/rmw_microxrcedds) by extensions ['colcon_meta']
[0.293s] Level 1:colcon.colcon_core.package_identification:_identify(src/uros/rmw_microxrcedds) by extension 'colcon_meta'
[0.294s] Level 1:colcon.colcon_core.package_identification:_identify(src/uros/rmw_microxrcedds) by extensions ['ros']
[0.294s] Level 1:colcon.colcon_core.package_identification:_identify(src/uros/rmw_microxrcedds) by extension 'ros'
[0.294s] Level 1:colcon.colcon_core.package_identification:_identify(src/uros/rmw_microxrcedds) by extensions ['cmake', 'python']
[0.294s] Level 1:colcon.colcon_core.package_identification:_identify(src/uros/rmw_microxrcedds) by extension 'cmake'
[0.294s] Level 1:colcon.colcon_core.package_identification:_identify(src/uros/rmw_microxrcedds) by extension 'python'
[0.294s] Level 1:colcon.colcon_core.package_identification:_identify(src/uros/rmw_microxrcedds) by extensions ['python_setup_py']
[0.294s] Level 1:colcon.colcon_core.package_identification:_identify(src/uros/rmw_microxrcedds) by extension 'python_setup_py'
[0.294s] Level 1:colcon.colcon_core.package_identification:_identify(src/uros/rmw_microxrcedds/rmw_microxrcedds_c) by extensions ['ignore', 'ignore_ament_install']
[0.294s] Level 1:colcon.colcon_core.package_identification:_identify(src/uros/rmw_microxrcedds/rmw_microxrcedds_c) by extension 'ignore'
[0.294s] Level 1:colcon.colcon_core.package_identification:_identify(src/uros/rmw_microxrcedds/rmw_microxrcedds_c) by extension 'ignore_ament_install'
[0.294s] Level 1:colcon.colcon_core.package_identification:_identify(src/uros/rmw_microxrcedds/rmw_microxrcedds_c) by extensions ['colcon_pkg']
[0.294s] Level 1:colcon.colcon_core.package_identification:_identify(src/uros/rmw_microxrcedds/rmw_microxrcedds_c) by extension 'colcon_pkg'
[0.294s] Level 1:colcon.colcon_core.package_identification:_identify(src/uros/rmw_microxrcedds/rmw_microxrcedds_c) by extensions ['colcon_meta']
[0.294s] Level 1:colcon.colcon_core.package_identification:_identify(src/uros/rmw_microxrcedds/rmw_microxrcedds_c) by extension 'colcon_meta'
[0.294s] Level 1:colcon.colcon_core.package_identification:_identify(src/uros/rmw_microxrcedds/rmw_microxrcedds_c) by extensions ['ros']
[0.294s] Level 1:colcon.colcon_core.package_identification:_identify(src/uros/rmw_microxrcedds/rmw_microxrcedds_c) by extension 'ros'
[0.295s] DEBUG:colcon.colcon_core.package_identification:Package 'src/uros/rmw_microxrcedds/rmw_microxrcedds_c' with type 'ros.ament_cmake' and name 'rmw_microxrcedds'
[0.295s] Level 1:colcon.colcon_core.package_identification:_identify(src/uros/rosidl_typesupport_microxrcedds) by extensions ['ignore', 'ignore_ament_install']
[0.295s] Level 1:colcon.colcon_core.package_identification:_identify(src/uros/rosidl_typesupport_microxrcedds) by extension 'ignore'
[0.295s] Level 1:colcon.colcon_core.package_identification:_identify(src/uros/rosidl_typesupport_microxrcedds) by extension 'ignore_ament_install'
[0.295s] Level 1:colcon.colcon_core.package_identification:_identify(src/uros/rosidl_typesupport_microxrcedds) by extensions ['colcon_pkg']
[0.295s] Level 1:colcon.colcon_core.package_identification:_identify(src/uros/rosidl_typesupport_microxrcedds) by extension 'colcon_pkg'
[0.295s] Level 1:colcon.colcon_core.package_identification:_identify(src/uros/rosidl_typesupport_microxrcedds) by extensions ['colcon_meta']
[0.295s] Level 1:colcon.colcon_core.package_identification:_identify(src/uros/rosidl_typesupport_microxrcedds) by extension 'colcon_meta'
[0.295s] Level 1:colcon.colcon_core.package_identification:_identify(src/uros/rosidl_typesupport_microxrcedds) by extensions ['ros']
[0.295s] Level 1:colcon.colcon_core.package_identification:_identify(src/uros/rosidl_typesupport_microxrcedds) by extension 'ros'
[0.295s] Level 1:colcon.colcon_core.package_identification:_identify(src/uros/rosidl_typesupport_microxrcedds) by extensions ['cmake', 'python']
[0.295s] Level 1:colcon.colcon_core.package_identification:_identify(src/uros/rosidl_typesupport_microxrcedds) by extension 'cmake'
[0.296s] Level 1:colcon.colcon_core.package_identification:_identify(src/uros/rosidl_typesupport_microxrcedds) by extension 'python'
[0.296s] Level 1:colcon.colcon_core.package_identification:_identify(src/uros/rosidl_typesupport_microxrcedds) by extensions ['python_setup_py']
[0.296s] Level 1:colcon.colcon_core.package_identification:_identify(src/uros/rosidl_typesupport_microxrcedds) by extension 'python_setup_py'
[0.296s] Level 1:colcon.colcon_core.package_identification:_identify(src/uros/rosidl_typesupport_microxrcedds/rosidl_typesupport_microxrcedds_c) by extensions ['ignore', 'ignore_ament_install']
[0.296s] Level 1:colcon.colcon_core.package_identification:_identify(src/uros/rosidl_typesupport_microxrcedds/rosidl_typesupport_microxrcedds_c) by extension 'ignore'
[0.296s] Level 1:colcon.colcon_core.package_identification:_identify(src/uros/rosidl_typesupport_microxrcedds/rosidl_typesupport_microxrcedds_c) by extension 'ignore_ament_install'
[0.296s] Level 1:colcon.colcon_core.package_identification:_identify(src/uros/rosidl_typesupport_microxrcedds/rosidl_typesupport_microxrcedds_c) by extensions ['colcon_pkg']
[0.296s] Level 1:colcon.colcon_core.package_identification:_identify(src/uros/rosidl_typesupport_microxrcedds/rosidl_typesupport_microxrcedds_c) by extension 'colcon_pkg'
[0.296s] Level 1:colcon.colcon_core.package_identification:_identify(src/uros/rosidl_typesupport_microxrcedds/rosidl_typesupport_microxrcedds_c) by extensions ['colcon_meta']
[0.296s] Level 1:colcon.colcon_core.package_identification:_identify(src/uros/rosidl_typesupport_microxrcedds/rosidl_typesupport_microxrcedds_c) by extension 'colcon_meta'
[0.296s] Level 1:colcon.colcon_core.package_identification:_identify(src/uros/rosidl_typesupport_microxrcedds/rosidl_typesupport_microxrcedds_c) by extensions ['ros']
[0.296s] Level 1:colcon.colcon_core.package_identification:_identify(src/uros/rosidl_typesupport_microxrcedds/rosidl_typesupport_microxrcedds_c) by extension 'ros'
[0.296s] DEBUG:colcon.colcon_core.package_identification:Package 'src/uros/rosidl_typesupport_microxrcedds/rosidl_typesupport_microxrcedds_c' with type 'ros.ament_cmake' and name 'rosidl_typesupport_microxrcedds_c'
[0.297s] Level 1:colcon.colcon_core.package_identification:_identify(src/uros/rosidl_typesupport_microxrcedds/rosidl_typesupport_microxrcedds_cpp) by extensions ['ignore', 'ignore_ament_install']
[0.297s] Level 1:colcon.colcon_core.package_identification:_identify(src/uros/rosidl_typesupport_microxrcedds/rosidl_typesupport_microxrcedds_cpp) by extension 'ignore'
[0.297s] Level 1:colcon.colcon_core.package_identification:_identify(src/uros/rosidl_typesupport_microxrcedds/rosidl_typesupport_microxrcedds_cpp) by extension 'ignore_ament_install'
[0.297s] Level 1:colcon.colcon_core.package_identification:_identify(src/uros/rosidl_typesupport_microxrcedds/rosidl_typesupport_microxrcedds_cpp) by extensions ['colcon_pkg']
[0.297s] Level 1:colcon.colcon_core.package_identification:_identify(src/uros/rosidl_typesupport_microxrcedds/rosidl_typesupport_microxrcedds_cpp) by extension 'colcon_pkg'
[0.297s] Level 1:colcon.colcon_core.package_identification:_identify(src/uros/rosidl_typesupport_microxrcedds/rosidl_typesupport_microxrcedds_cpp) by extensions ['colcon_meta']
[0.297s] Level 1:colcon.colcon_core.package_identification:_identify(src/uros/rosidl_typesupport_microxrcedds/rosidl_typesupport_microxrcedds_cpp) by extension 'colcon_meta'
[0.297s] Level 1:colcon.colcon_core.package_identification:_identify(src/uros/rosidl_typesupport_microxrcedds/rosidl_typesupport_microxrcedds_cpp) by extensions ['ros']
[0.297s] Level 1:colcon.colcon_core.package_identification:_identify(src/uros/rosidl_typesupport_microxrcedds/rosidl_typesupport_microxrcedds_cpp) by extension 'ros'
[0.297s] DEBUG:colcon.colcon_core.package_identification:Package 'src/uros/rosidl_typesupport_microxrcedds/rosidl_typesupport_microxrcedds_cpp' with type 'ros.ament_cmake' and name 'rosidl_typesupport_microxrcedds_cpp'
[0.297s] Level 1:colcon.colcon_core.package_identification:_identify(src/uros/rosidl_typesupport_microxrcedds/test) by extensions ['ignore', 'ignore_ament_install']
[0.297s] Level 1:colcon.colcon_core.package_identification:_identify(src/uros/rosidl_typesupport_microxrcedds/test) by extension 'ignore'
[0.298s] Level 1:colcon.colcon_core.package_identification:_identify(src/uros/rosidl_typesupport_microxrcedds/test) by extension 'ignore_ament_install'
[0.298s] Level 1:colcon.colcon_core.package_identification:_identify(src/uros/rosidl_typesupport_microxrcedds/test) by extensions ['colcon_pkg']
[0.298s] Level 1:colcon.colcon_core.package_identification:_identify(src/uros/rosidl_typesupport_microxrcedds/test) by extension 'colcon_pkg'
[0.298s] Level 1:colcon.colcon_core.package_identification:_identify(src/uros/rosidl_typesupport_microxrcedds/test) by extensions ['colcon_meta']
[0.298s] Level 1:colcon.colcon_core.package_identification:_identify(src/uros/rosidl_typesupport_microxrcedds/test) by extension 'colcon_meta'
[0.298s] Level 1:colcon.colcon_core.package_identification:_identify(src/uros/rosidl_typesupport_microxrcedds/test) by extensions ['ros']
[0.298s] Level 1:colcon.colcon_core.package_identification:_identify(src/uros/rosidl_typesupport_microxrcedds/test) by extension 'ros'
[0.298s] Level 1:colcon.colcon_core.package_identification:_identify(src/uros/rosidl_typesupport_microxrcedds/test) by extensions ['cmake', 'python']
[0.298s] Level 1:colcon.colcon_core.package_identification:_identify(src/uros/rosidl_typesupport_microxrcedds/test) by extension 'cmake'
[0.298s] Level 1:colcon.colcon_core.package_identification:_identify(src/uros/rosidl_typesupport_microxrcedds/test) by extension 'python'
[0.298s] Level 1:colcon.colcon_core.package_identification:_identify(src/uros/rosidl_typesupport_microxrcedds/test) by extensions ['python_setup_py']
[0.298s] Level 1:colcon.colcon_core.package_identification:_identify(src/uros/rosidl_typesupport_microxrcedds/test) by extension 'python_setup_py'
[0.298s] Level 1:colcon.colcon_core.package_identification:_identify(src/uros/rosidl_typesupport_microxrcedds/test/c) by extensions ['ignore', 'ignore_ament_install']
[0.298s] Level 1:colcon.colcon_core.package_identification:_identify(src/uros/rosidl_typesupport_microxrcedds/test/c) by extension 'ignore'
[0.298s] Level 1:colcon.colcon_core.package_identification:_identify(src/uros/rosidl_typesupport_microxrcedds/test/c) by extension 'ignore_ament_install'
[0.298s] Level 1:colcon.colcon_core.package_identification:_identify(src/uros/rosidl_typesupport_microxrcedds/test/c) by extensions ['colcon_pkg']
[0.298s] Level 1:colcon.colcon_core.package_identification:_identify(src/uros/rosidl_typesupport_microxrcedds/test/c) by extension 'colcon_pkg'
[0.298s] Level 1:colcon.colcon_core.package_identification:_identify(src/uros/rosidl_typesupport_microxrcedds/test/c) by extensions ['colcon_meta']
[0.298s] Level 1:colcon.colcon_core.package_identification:_identify(src/uros/rosidl_typesupport_microxrcedds/test/c) by extension 'colcon_meta'
[0.298s] Level 1:colcon.colcon_core.package_identification:_identify(src/uros/rosidl_typesupport_microxrcedds/test/c) by extensions ['ros']
[0.298s] Level 1:colcon.colcon_core.package_identification:_identify(src/uros/rosidl_typesupport_microxrcedds/test/c) by extension 'ros'
[0.299s] DEBUG:colcon.colcon_core.package_identification:Package 'src/uros/rosidl_typesupport_microxrcedds/test/c' with type 'ros.ament_cmake' and name 'rosidl_typesupport_microxrcedds_c_tests'
[0.299s] Level 1:colcon.colcon_core.package_identification:_identify(src/uros/rosidl_typesupport_microxrcedds/test/cpp) by extensions ['ignore', 'ignore_ament_install']
[0.299s] Level 1:colcon.colcon_core.package_identification:_identify(src/uros/rosidl_typesupport_microxrcedds/test/cpp) by extension 'ignore'
[0.299s] Level 1:colcon.colcon_core.package_identification:_identify(src/uros/rosidl_typesupport_microxrcedds/test/cpp) by extension 'ignore_ament_install'
[0.299s] Level 1:colcon.colcon_core.package_identification:_identify(src/uros/rosidl_typesupport_microxrcedds/test/cpp) by extensions ['colcon_pkg']
[0.299s] Level 1:colcon.colcon_core.package_identification:_identify(src/uros/rosidl_typesupport_microxrcedds/test/cpp) by extension 'colcon_pkg'
[0.299s] Level 1:colcon.colcon_core.package_identification:_identify(src/uros/rosidl_typesupport_microxrcedds/test/cpp) by extensions ['colcon_meta']
[0.299s] Level 1:colcon.colcon_core.package_identification:_identify(src/uros/rosidl_typesupport_microxrcedds/test/cpp) by extension 'colcon_meta'
[0.299s] Level 1:colcon.colcon_core.package_identification:_identify(src/uros/rosidl_typesupport_microxrcedds/test/cpp) by extensions ['ros']
[0.299s] Level 1:colcon.colcon_core.package_identification:_identify(src/uros/rosidl_typesupport_microxrcedds/test/cpp) by extension 'ros'
[0.300s] DEBUG:colcon.colcon_core.package_identification:Package 'src/uros/rosidl_typesupport_microxrcedds/test/cpp' with type 'ros.ament_cmake' and name 'rosidl_typesupport_microxrcedds_cpp_tests'
[0.300s] Level 1:colcon.colcon_core.package_identification:_identify(src/uros/rosidl_typesupport_microxrcedds/test/msg) by extensions ['ignore', 'ignore_ament_install']
[0.300s] Level 1:colcon.colcon_core.package_identification:_identify(src/uros/rosidl_typesupport_microxrcedds/test/msg) by extension 'ignore'
[0.300s] Level 1:colcon.colcon_core.package_identification:_identify(src/uros/rosidl_typesupport_microxrcedds/test/msg) by extension 'ignore_ament_install'
[0.300s] Level 1:colcon.colcon_core.package_identification:_identify(src/uros/rosidl_typesupport_microxrcedds/test/msg) by extensions ['colcon_pkg']
[0.300s] Level 1:colcon.colcon_core.package_identification:_identify(src/uros/rosidl_typesupport_microxrcedds/test/msg) by extension 'colcon_pkg'
[0.300s] Level 1:colcon.colcon_core.package_identification:_identify(src/uros/rosidl_typesupport_microxrcedds/test/msg) by extensions ['colcon_meta']
[0.300s] Level 1:colcon.colcon_core.package_identification:_identify(src/uros/rosidl_typesupport_microxrcedds/test/msg) by extension 'colcon_meta'
[0.300s] Level 1:colcon.colcon_core.package_identification:_identify(src/uros/rosidl_typesupport_microxrcedds/test/msg) by extensions ['ros']
[0.300s] Level 1:colcon.colcon_core.package_identification:_identify(src/uros/rosidl_typesupport_microxrcedds/test/msg) by extension 'ros'
[0.300s] DEBUG:colcon.colcon_core.package_identification:Package 'src/uros/rosidl_typesupport_microxrcedds/test/msg' with type 'ros.ament_cmake' and name 'rosidl_typesupport_microxrcedds_test_msg'
[0.301s] Level 1:colcon.colcon_core.package_discovery:discover_packages(recursive) using defaults
[0.301s] Level 1:colcon.colcon_core.package_discovery:discover_packages(ignore) discover
[0.301s] Level 1:colcon.colcon_core.package_discovery:discover_packages(ignore) using defaults
[0.301s] Level 1:colcon.colcon_core.package_discovery:discover_packages(path) discover
[0.301s] Level 1:colcon.colcon_core.package_discovery:discover_packages(path) using defaults
[0.326s] INFO:colcon.colcon_metadata.metadata.colcon_pkg:Updating descriptor of package 'src/eProsima/Micro-XRCE-DDS-Client' from colcon.pkg: {'name': 'microxrcedds_client', 'type': 'cmake', 'dependencies': ['microcdr'], 'cmake-args': ['-DUCLIENT_ISOLATED_INSTALL=OFF', '-DUCLIENT_SUPERBUILD=OFF']}
[0.326s] INFO:colcon.colcon_metadata.metadata.colcon_pkg:Updating descriptor of package 'src/eProsima/Micro-CDR' from colcon.pkg: {'name': 'microcdr', 'type': 'cmake', 'cmake-args': ['-DUCDR_ISOLATED_INSTALL=OFF']}
[0.335s] INFO:colcon.colcon_core.package_selection:Skipping package 'rosidl_typesupport_microxrcedds_cpp_tests' in 'src/uros/rosidl_typesupport_microxrcedds/test/cpp'
[0.335s] INFO:colcon.colcon_core.package_selection:Skipping package 'rosidl_typesupport_microxrcedds_c_tests' in 'src/uros/rosidl_typesupport_microxrcedds/test/c'
[0.335s] INFO:colcon.colcon_core.package_selection:Skipping package 'micro_ros_demos_rclc' in 'src/uros/micro-ROS-demos/rclc'
[0.335s] INFO:colcon.colcon_core.package_selection:Skipping package 'common_interfaces' in 'src/ros2/common_interfaces/common_interfaces'
[0.335s] INFO:colcon.colcon_core.package_selection:Skipping package 'visualization_msgs' in 'src/ros2/common_interfaces/visualization_msgs'
[0.335s] INFO:colcon.colcon_core.package_selection:Skipping package 'stereo_msgs' in 'src/ros2/common_interfaces/stereo_msgs'
[0.335s] INFO:colcon.colcon_core.package_selection:Skipping package 'sensor_msgs_py' in 'src/ros2/common_interfaces/sensor_msgs_py'
[0.335s] INFO:colcon.colcon_core.package_selection:Skipping package 'rosidl_typesupport_microxrcedds_test_msg' in 'src/uros/rosidl_typesupport_microxrcedds/test/msg'
[0.335s] INFO:colcon.colcon_core.package_selection:Skipping package 'trajectory_msgs' in 'src/ros2/common_interfaces/trajectory_msgs'
[0.335s] INFO:colcon.colcon_core.package_selection:Skipping package 'shape_msgs' in 'src/ros2/common_interfaces/shape_msgs'
[0.335s] INFO:colcon.colcon_core.package_selection:Skipping package 'sensor_msgs' in 'src/ros2/common_interfaces/sensor_msgs'
[0.335s] INFO:colcon.colcon_core.package_selection:Skipping package 'rmw_microxrcedds' in 'src/uros/rmw_microxrcedds/rmw_microxrcedds_c'
[0.335s] INFO:colcon.colcon_core.package_selection:Skipping package 'rclc_parameter' in 'src/uros/rclc/rclc_parameter'
[0.335s] INFO:colcon.colcon_core.package_selection:Skipping package 'nav_msgs' in 'src/ros2/common_interfaces/nav_msgs'
[0.335s] INFO:colcon.colcon_core.package_selection:Skipping package 'diagnostic_msgs' in 'src/ros2/common_interfaces/diagnostic_msgs'
[0.335s] INFO:colcon.colcon_core.package_selection:Skipping package 'type_description_interfaces' in 'src/ros2/rcl_interfaces/type_description_interfaces'
[0.335s] INFO:colcon.colcon_core.package_selection:Skipping package 'rosidl_typesupport_microxrcedds_cpp' in 'src/uros/rosidl_typesupport_microxrcedds/rosidl_typesupport_microxrcedds_cpp'
[0.335s] INFO:colcon.colcon_core.package_selection:Skipping package 'rclc' in 'src/uros/rclc/rclc'
[0.335s] INFO:colcon.colcon_core.package_selection:Skipping package 'geometry_msgs' in 'src/ros2/common_interfaces/geometry_msgs'
[0.335s] INFO:colcon.colcon_core.package_selection:Skipping package 'drive_base_msgs' in 'src/uros/drive_base/drive_base_msgs'
[0.335s] INFO:colcon.colcon_core.package_selection:Skipping package 'composition_interfaces' in 'src/ros2/rcl_interfaces/composition_interfaces'
[0.335s] INFO:colcon.colcon_core.package_selection:Skipping package 'actionlib_msgs' in 'src/ros2/common_interfaces/actionlib_msgs'
[0.335s] INFO:colcon.colcon_core.package_selection:Skipping package 'action_msgs' in 'src/ros2/rcl_interfaces/action_msgs'
[0.335s] INFO:colcon.colcon_core.package_selection:Skipping package 'test_msgs' in 'src/ros2/rcl_interfaces/test_msgs'
[0.335s] INFO:colcon.colcon_core.package_selection:Skipping package 'std_msgs' in 'src/ros2/common_interfaces/std_msgs'
[0.335s] INFO:colcon.colcon_core.package_selection:Skipping package 'statistics_msgs' in 'src/ros2/rcl_interfaces/statistics_msgs'
[0.335s] INFO:colcon.colcon_core.package_selection:Skipping package 'service_msgs' in 'src/ros2/rcl_interfaces/service_msgs'
[0.335s] INFO:colcon.colcon_core.package_selection:Skipping package 'rosidl_typesupport_microxrcedds_c' in 'src/uros/rosidl_typesupport_microxrcedds/rosidl_typesupport_microxrcedds_c'
[0.335s] INFO:colcon.colcon_core.package_selection:Skipping package 'rosgraph_msgs' in 'src/ros2/rcl_interfaces/rosgraph_msgs'
[0.335s] INFO:colcon.colcon_core.package_selection:Skipping package 'rcl_interfaces' in 'src/ros2/rcl_interfaces/rcl_interfaces'
[0.335s] INFO:colcon.colcon_core.package_selection:Skipping package 'microxrcedds_client' in 'src/eProsima/Micro-XRCE-DDS-Client'
[0.335s] INFO:colcon.colcon_core.package_selection:Skipping package 'complex_msgs' in 'src/uros/micro-ROS-demos/messages/complex_msg'
[0.335s] INFO:colcon.colcon_core.package_selection:Skipping package 'unique_identifier_msgs' in 'src/ros2/unique_identifier_msgs'
[0.335s] INFO:colcon.colcon_core.package_selection:Skipping package 'test_interface_files' in 'src/ros2/test_interface_files'
[0.335s] INFO:colcon.colcon_core.package_selection:Skipping package 'std_srvs' in 'src/ros2/common_interfaces/std_srvs'
[0.335s] INFO:colcon.colcon_core.package_selection:Skipping package 'microcdr' in 'src/eProsima/Micro-CDR'
[0.335s] INFO:colcon.colcon_core.package_selection:Skipping package 'micro_ros_utilities' in 'src/uros/micro_ros_utilities'
[0.335s] INFO:colcon.colcon_core.package_selection:Skipping package 'micro_ros_setup' in 'src/microros/src/micro_ros_setup'
[0.335s] INFO:colcon.colcon_core.package_selection:Skipping package 'lifecycle_msgs' in 'src/ros2/rcl_interfaces/lifecycle_msgs'
[0.335s] INFO:colcon.colcon_core.package_selection:Skipping package 'example_interfaces' in 'src/ros2/example_interfaces'
[0.336s] Level 1:colcon.colcon_core.package_discovery:discover_packages(prefix_path) check parameters
[0.336s] Level 1:colcon.colcon_core.package_discovery:discover_packages(prefix_path) discover
[0.343s] DEBUG:colcon.colcon_installed_package_information.package_discovery:Found 41 installed packages in /home/rasp/ros2_ws/install
[0.344s] DEBUG:colcon.colcon_installed_package_information.package_discovery:Found 285 installed packages in /opt/ros/jazzy
[0.346s] Level 1:colcon.colcon_core.package_discovery:discover_packages(prefix_path) using defaults
[0.398s] WARNING:colcon.colcon_core.package_selection:Some selected packages are already built in one or more underlay workspaces:
	'builtin_interfaces' is in: /home/rasp/ros2_ws/install/builtin_interfaces, /opt/ros/jazzy
	'micro_ros_msgs' is in: /home/rasp/ros2_ws/install/micro_ros_msgs
If a package in a merged underlay workspace is overridden and it installs headers, then all packages in the overlay must sort their include directories by workspace order. Failure to do so may result in build failures or undefined behavior at run time.
If the overridden package is used by another package in any underlay, then the overriding package in the overlay must be API and ABI compatible or undefined behavior at run time may occur.

If you understand the risks and want to override a package anyways, add the following to the command line:
	--allow-overriding builtin_interfaces micro_ros_msgs

This may be promoted to an error in a future release of colcon-override-check.
[0.399s] Level 5:colcon.colcon_core.verb:set package 'builtin_interfaces' build argument 'cmake_args' from command line to '['-DUAGENT_BUILD_EXECUTABLE=OFF', '-DUAGENT_P2P_PROFILE=OFF', '--no-warn-unused-cli']'
[0.399s] Level 5:colcon.colcon_core.verb:set package 'builtin_interfaces' build argument 'cmake_target' from command line to 'None'
[0.399s] Level 5:colcon.colcon_core.verb:set package 'builtin_interfaces' build argument 'cmake_target_skip_unavailable' from command line to 'False'
[0.399s] Level 5:colcon.colcon_core.verb:set package 'builtin_interfaces' build argument 'cmake_clean_cache' from command line to 'False'
[0.399s] Level 5:colcon.colcon_core.verb:set package 'builtin_interfaces' build argument 'cmake_clean_first' from command line to 'False'
[0.399s] Level 5:colcon.colcon_core.verb:set package 'builtin_interfaces' build argument 'cmake_force_configure' from command line to 'False'
[0.399s] Level 5:colcon.colcon_core.verb:set package 'builtin_interfaces' build argument 'ament_cmake_args' from command line to 'None'
[0.399s] Level 5:colcon.colcon_core.verb:set package 'builtin_interfaces' build argument 'catkin_cmake_args' from command line to 'None'
[0.399s] Level 5:colcon.colcon_core.verb:set package 'builtin_interfaces' build argument 'catkin_skip_building_tests' from command line to 'False'
[0.399s] DEBUG:colcon.colcon_core.verb:Building package 'builtin_interfaces' with the following arguments: {'ament_cmake_args': None, 'build_base': '/home/rasp/ros2_ws/build/builtin_interfaces', 'catkin_cmake_args': None, 'catkin_skip_building_tests': False, 'cmake_args': ['-DUAGENT_BUILD_EXECUTABLE=OFF', '-DUAGENT_P2P_PROFILE=OFF', '--no-warn-unused-cli'], 'cmake_clean_cache': False, 'cmake_clean_first': False, 'cmake_force_configure': False, 'cmake_target': None, 'cmake_target_skip_unavailable': False, 'install_base': '/home/rasp/ros2_ws/install/builtin_interfaces', 'merge_install': False, 'path': '/home/rasp/ros2_ws/src/ros2/rcl_interfaces/builtin_interfaces', 'symlink_install': False, 'test_result_base': None}
[0.399s] Level 5:colcon.colcon_core.verb:set package 'micro_ros_msgs' build argument 'cmake_args' from command line to '['-DUAGENT_BUILD_EXECUTABLE=OFF', '-DUAGENT_P2P_PROFILE=OFF', '--no-warn-unused-cli']'
[0.399s] Level 5:colcon.colcon_core.verb:set package 'micro_ros_msgs' build argument 'cmake_target' from command line to 'None'
[0.399s] Level 5:colcon.colcon_core.verb:set package 'micro_ros_msgs' build argument 'cmake_target_skip_unavailable' from command line to 'False'
[0.399s] Level 5:colcon.colcon_core.verb:set package 'micro_ros_msgs' build argument 'cmake_clean_cache' from command line to 'False'
[0.399s] Level 5:colcon.colcon_core.verb:set package 'micro_ros_msgs' build argument 'cmake_clean_first' from command line to 'False'
[0.399s] Level 5:colcon.colcon_core.verb:set package 'micro_ros_msgs' build argument 'cmake_force_configure' from command line to 'False'
[0.399s] Level 5:colcon.colcon_core.verb:set package 'micro_ros_msgs' build argument 'ament_cmake_args' from command line to 'None'
[0.399s] Level 5:colcon.colcon_core.verb:set package 'micro_ros_msgs' build argument 'catkin_cmake_args' from command line to 'None'
[0.399s] Level 5:colcon.colcon_core.verb:set package 'micro_ros_msgs' build argument 'catkin_skip_building_tests' from command line to 'False'
[0.399s] DEBUG:colcon.colcon_core.verb:Building package 'micro_ros_msgs' with the following arguments: {'ament_cmake_args': None, 'build_base': '/home/rasp/ros2_ws/build/micro_ros_msgs', 'catkin_cmake_args': None, 'catkin_skip_building_tests': False, 'cmake_args': ['-DUAGENT_BUILD_EXECUTABLE=OFF', '-DUAGENT_P2P_PROFILE=OFF', '--no-warn-unused-cli'], 'cmake_clean_cache': False, 'cmake_clean_first': False, 'cmake_force_configure': False, 'cmake_target': None, 'cmake_target_skip_unavailable': False, 'install_base': '/home/rasp/ros2_ws/install/micro_ros_msgs', 'merge_install': False, 'path': '/home/rasp/ros2_ws/src/uros/micro_ros_msgs', 'symlink_install': False, 'test_result_base': None}
[0.399s] Level 5:colcon.colcon_core.verb:set package 'micro_ros_agent' build argument 'cmake_args' from command line to '['-DUAGENT_BUILD_EXECUTABLE=OFF', '-DUAGENT_P2P_PROFILE=OFF', '--no-warn-unused-cli']'
[0.399s] Level 5:colcon.colcon_core.verb:set package 'micro_ros_agent' build argument 'cmake_target' from command line to 'None'
[0.399s] Level 5:colcon.colcon_core.verb:set package 'micro_ros_agent' build argument 'cmake_target_skip_unavailable' from command line to 'False'
[0.400s] Level 5:colcon.colcon_core.verb:set package 'micro_ros_agent' build argument 'cmake_clean_cache' from command line to 'False'
[0.400s] Level 5:colcon.colcon_core.verb:set package 'micro_ros_agent' build argument 'cmake_clean_first' from command line to 'False'
[0.400s] Level 5:colcon.colcon_core.verb:set package 'micro_ros_agent' build argument 'cmake_force_configure' from command line to 'False'
[0.400s] Level 5:colcon.colcon_core.verb:set package 'micro_ros_agent' build argument 'ament_cmake_args' from command line to 'None'
[0.400s] Level 5:colcon.colcon_core.verb:set package 'micro_ros_agent' build argument 'catkin_cmake_args' from command line to 'None'
[0.400s] Level 5:colcon.colcon_core.verb:set package 'micro_ros_agent' build argument 'catkin_skip_building_tests' from command line to 'False'
[0.400s] DEBUG:colcon.colcon_core.verb:Building package 'micro_ros_agent' with the following arguments: {'ament_cmake_args': None, 'build_base': '/home/rasp/ros2_ws/build/micro_ros_agent', 'catkin_cmake_args': None, 'catkin_skip_building_tests': False, 'cmake_args': ['-DUAGENT_BUILD_EXECUTABLE=OFF', '-DUAGENT_P2P_PROFILE=OFF', '--no-warn-unused-cli'], 'cmake_clean_cache': False, 'cmake_clean_first': False, 'cmake_force_configure': False, 'cmake_target': None, 'cmake_target_skip_unavailable': False, 'install_base': '/home/rasp/ros2_ws/install/micro_ros_agent', 'merge_install': False, 'path': '/home/rasp/ros2_ws/src/uros/micro-ROS-Agent/micro_ros_agent', 'symlink_install': False, 'test_result_base': None}
[0.400s] INFO:colcon.colcon_core.executor:Executing jobs using 'parallel' executor
[0.401s] DEBUG:colcon.colcon_parallel_executor.executor.parallel:run_until_complete
[0.401s] INFO:colcon.colcon_ros.task.ament_cmake.build:Building ROS package in '/home/rasp/ros2_ws/src/ros2/rcl_interfaces/builtin_interfaces' with build type 'ament_cmake'
[0.401s] INFO:colcon.colcon_cmake.task.cmake.build:Building CMake package in '/home/rasp/ros2_ws/src/ros2/rcl_interfaces/builtin_interfaces'
[0.409s] INFO:colcon.colcon_core.plugin_system:Skipping extension 'colcon_core.shell.bat': Not used on non-Windows systems
[0.410s] INFO:colcon.colcon_core.shell:Skip shell extension 'powershell' for command environment: Not usable outside of PowerShell
[0.410s] DEBUG:colcon.colcon_core.shell:Skip shell extension 'dsv' for command environment
[0.417s] INFO:colcon.colcon_ros.task.ament_cmake.build:Building ROS package in '/home/rasp/ros2_ws/src/uros/micro_ros_msgs' with build type 'ament_cmake'
[0.417s] INFO:colcon.colcon_cmake.task.cmake.build:Building CMake package in '/home/rasp/ros2_ws/src/uros/micro_ros_msgs'
[0.417s] INFO:colcon.colcon_core.shell:Skip shell extension 'powershell' for command environment: Not usable outside of PowerShell
[0.417s] DEBUG:colcon.colcon_core.shell:Skip shell extension 'dsv' for command environment
[0.428s] DEBUG:colcon.colcon_core.event_handler.log_command:Invoking command in '/home/rasp/ros2_ws/build/builtin_interfaces': CMAKE_PREFIX_PATH=${CMAKE_PREFIX_PATH}:/home/rasp/ros2_ws/install/sensor_msgs_py:/opt/ros/jazzy DEBUGINFOD_URLS=https://debuginfod.ubuntu.com /usr/bin/cmake /home/rasp/ros2_ws/src/ros2/rcl_interfaces/builtin_interfaces -DUAGENT_BUILD_EXECUTABLE=OFF -DUAGENT_P2P_PROFILE=OFF --no-warn-unused-cli -DCMAKE_INSTALL_PREFIX=/home/rasp/ros2_ws/install/builtin_interfaces
[0.435s] DEBUG:colcon.colcon_core.event_handler.log_command:Invoking command in '/home/rasp/ros2_ws/build/micro_ros_msgs': CMAKE_PREFIX_PATH=${CMAKE_PREFIX_PATH}:/home/rasp/ros2_ws/install/sensor_msgs_py:/opt/ros/jazzy DEBUGINFOD_URLS=https://debuginfod.ubuntu.com /usr/bin/cmake /home/rasp/ros2_ws/src/uros/micro_ros_msgs -DUAGENT_BUILD_EXECUTABLE=OFF -DUAGENT_P2P_PROFILE=OFF --no-warn-unused-cli -DCMAKE_INSTALL_PREFIX=/home/rasp/ros2_ws/install/micro_ros_msgs
[1.752s] DEBUG:colcon.colcon_core.event_handler.log_command:Invoked command in '/home/rasp/ros2_ws/build/micro_ros_msgs' returned '0': CMAKE_PREFIX_PATH=${CMAKE_PREFIX_PATH}:/home/rasp/ros2_ws/install/sensor_msgs_py:/opt/ros/jazzy DEBUGINFOD_URLS=https://debuginfod.ubuntu.com /usr/bin/cmake /home/rasp/ros2_ws/src/uros/micro_ros_msgs -DUAGENT_BUILD_EXECUTABLE=OFF -DUAGENT_P2P_PROFILE=OFF --no-warn-unused-cli -DCMAKE_INSTALL_PREFIX=/home/rasp/ros2_ws/install/micro_ros_msgs
[1.753s] DEBUG:colcon.colcon_core.event_handler.log_command:Invoking command in '/home/rasp/ros2_ws/build/micro_ros_msgs': CMAKE_PREFIX_PATH=${CMAKE_PREFIX_PATH}:/home/rasp/ros2_ws/install/sensor_msgs_py:/opt/ros/jazzy DEBUGINFOD_URLS=https://debuginfod.ubuntu.com /usr/bin/cmake --build /home/rasp/ros2_ws/build/micro_ros_msgs -- -j2 -l2
[1.764s] DEBUG:colcon.colcon_core.event_handler.log_command:Invoked command in '/home/rasp/ros2_ws/build/builtin_interfaces' returned '0': CMAKE_PREFIX_PATH=${CMAKE_PREFIX_PATH}:/home/rasp/ros2_ws/install/sensor_msgs_py:/opt/ros/jazzy DEBUGINFOD_URLS=https://debuginfod.ubuntu.com /usr/bin/cmake /home/rasp/ros2_ws/src/ros2/rcl_interfaces/builtin_interfaces -DUAGENT_BUILD_EXECUTABLE=OFF -DUAGENT_P2P_PROFILE=OFF --no-warn-unused-cli -DCMAKE_INSTALL_PREFIX=/home/rasp/ros2_ws/install/builtin_interfaces
[1.764s] DEBUG:colcon.colcon_core.event_handler.log_command:Invoking command in '/home/rasp/ros2_ws/build/builtin_interfaces': CMAKE_PREFIX_PATH=${CMAKE_PREFIX_PATH}:/home/rasp/ros2_ws/install/sensor_msgs_py:/opt/ros/jazzy DEBUGINFOD_URLS=https://debuginfod.ubuntu.com /usr/bin/cmake --build /home/rasp/ros2_ws/build/builtin_interfaces -- -j2 -l2
[3.010s] DEBUG:colcon.colcon_core.event_handler.log_command:Invoked command in '/home/rasp/ros2_ws/build/micro_ros_msgs' returned '0': CMAKE_PREFIX_PATH=${CMAKE_PREFIX_PATH}:/home/rasp/ros2_ws/install/sensor_msgs_py:/opt/ros/jazzy DEBUGINFOD_URLS=https://debuginfod.ubuntu.com /usr/bin/cmake --build /home/rasp/ros2_ws/build/micro_ros_msgs -- -j2 -l2
[3.026s] DEBUG:colcon.colcon_core.event_handler.log_command:Invoking command in '/home/rasp/ros2_ws/build/micro_ros_msgs': CMAKE_PREFIX_PATH=${CMAKE_PREFIX_PATH}:/home/rasp/ros2_ws/install/sensor_msgs_py:/opt/ros/jazzy DEBUGINFOD_URLS=https://debuginfod.ubuntu.com /usr/bin/cmake --install /home/rasp/ros2_ws/build/micro_ros_msgs
[3.039s] DEBUG:colcon.colcon_core.event_handler.log_command:Invoked command in '/home/rasp/ros2_ws/build/builtin_interfaces' returned '0': CMAKE_PREFIX_PATH=${CMAKE_PREFIX_PATH}:/home/rasp/ros2_ws/install/sensor_msgs_py:/opt/ros/jazzy DEBUGINFOD_URLS=https://debuginfod.ubuntu.com /usr/bin/cmake --build /home/rasp/ros2_ws/build/builtin_interfaces -- -j2 -l2
[3.042s] DEBUG:colcon.colcon_core.event_handler.log_command:Invoking command in '/home/rasp/ros2_ws/build/builtin_interfaces': CMAKE_PREFIX_PATH=${CMAKE_PREFIX_PATH}:/home/rasp/ros2_ws/install/sensor_msgs_py:/opt/ros/jazzy DEBUGINFOD_URLS=https://debuginfod.ubuntu.com /usr/bin/cmake --install /home/rasp/ros2_ws/build/builtin_interfaces
[3.164s] Level 1:colcon.colcon_core.environment:create_environment_scripts_only(builtin_interfaces)
[3.166s] DEBUG:colcon.colcon_core.event_handler.log_command:Invoked command in '/home/rasp/ros2_ws/build/builtin_interfaces' returned '0': CMAKE_PREFIX_PATH=${CMAKE_PREFIX_PATH}:/home/rasp/ros2_ws/install/sensor_msgs_py:/opt/ros/jazzy DEBUGINFOD_URLS=https://debuginfod.ubuntu.com /usr/bin/cmake --install /home/rasp/ros2_ws/build/builtin_interfaces
[3.174s] Level 1:colcon.colcon_core.environment:checking '/home/rasp/ros2_ws/install/builtin_interfaces' for CMake module files
[3.175s] Level 1:colcon.colcon_core.environment:checking '/home/rasp/ros2_ws/install/builtin_interfaces' for CMake config files
[3.176s] Level 1:colcon.colcon_core.shell:create_environment_hook('builtin_interfaces', 'cmake_prefix_path')
[3.176s] INFO:colcon.colcon_core.shell:Creating environment hook '/home/rasp/ros2_ws/install/builtin_interfaces/share/builtin_interfaces/hook/cmake_prefix_path.ps1'
[3.176s] INFO:colcon.colcon_core.shell:Creating environment descriptor '/home/rasp/ros2_ws/install/builtin_interfaces/share/builtin_interfaces/hook/cmake_prefix_path.dsv'
[3.177s] INFO:colcon.colcon_core.shell:Creating environment hook '/home/rasp/ros2_ws/install/builtin_interfaces/share/builtin_interfaces/hook/cmake_prefix_path.sh'
[3.178s] Level 1:colcon.colcon_core.environment:checking '/home/rasp/ros2_ws/install/builtin_interfaces/lib'
[3.178s] Level 1:colcon.colcon_core.shell:create_environment_hook('builtin_interfaces', 'ld_library_path_lib')
[3.178s] INFO:colcon.colcon_core.shell:Creating environment hook '/home/rasp/ros2_ws/install/builtin_interfaces/share/builtin_interfaces/hook/ld_library_path_lib.ps1'
[3.179s] INFO:colcon.colcon_core.shell:Creating environment descriptor '/home/rasp/ros2_ws/install/builtin_interfaces/share/builtin_interfaces/hook/ld_library_path_lib.dsv'
[3.179s] INFO:colcon.colcon_core.shell:Creating environment hook '/home/rasp/ros2_ws/install/builtin_interfaces/share/builtin_interfaces/hook/ld_library_path_lib.sh'
[3.179s] Level 1:colcon.colcon_core.environment:checking '/home/rasp/ros2_ws/install/builtin_interfaces/bin'
[3.180s] Level 1:colcon.colcon_core.environment:checking '/home/rasp/ros2_ws/install/builtin_interfaces/lib/pkgconfig/builtin_interfaces.pc'
[3.180s] Level 1:colcon.colcon_core.environment:checking '/home/rasp/ros2_ws/install/builtin_interfaces/lib/python3.12/site-packages'
[3.180s] Level 1:colcon.colcon_core.shell:create_environment_hook('builtin_interfaces', 'pythonpath')
[3.180s] INFO:colcon.colcon_core.shell:Creating environment hook '/home/rasp/ros2_ws/install/builtin_interfaces/share/builtin_interfaces/hook/pythonpath.ps1'
[3.180s] INFO:colcon.colcon_core.shell:Creating environment descriptor '/home/rasp/ros2_ws/install/builtin_interfaces/share/builtin_interfaces/hook/pythonpath.dsv'
[3.181s] INFO:colcon.colcon_core.shell:Creating environment hook '/home/rasp/ros2_ws/install/builtin_interfaces/share/builtin_interfaces/hook/pythonpath.sh'
[3.182s] Level 1:colcon.colcon_core.environment:checking '/home/rasp/ros2_ws/install/builtin_interfaces/bin'
[3.182s] INFO:colcon.colcon_core.shell:Creating package script '/home/rasp/ros2_ws/install/builtin_interfaces/share/builtin_interfaces/package.ps1'
[3.182s] INFO:colcon.colcon_core.shell:Creating package descriptor '/home/rasp/ros2_ws/install/builtin_interfaces/share/builtin_interfaces/package.dsv'
[3.183s] INFO:colcon.colcon_core.shell:Creating package script '/home/rasp/ros2_ws/install/builtin_interfaces/share/builtin_interfaces/package.sh'
[3.184s] INFO:colcon.colcon_core.shell:Creating package script '/home/rasp/ros2_ws/install/builtin_interfaces/share/builtin_interfaces/package.bash'
[3.184s] INFO:colcon.colcon_core.shell:Creating package script '/home/rasp/ros2_ws/install/builtin_interfaces/share/builtin_interfaces/package.zsh'
[3.185s] Level 1:colcon.colcon_core.environment:create_file_with_runtime_dependencies(/home/rasp/ros2_ws/install/builtin_interfaces/share/colcon-core/packages/builtin_interfaces)
[3.186s] Level 1:colcon.colcon_core.environment:create_environment_scripts_only(builtin_interfaces)
[3.186s] Level 1:colcon.colcon_core.environment:checking '/home/rasp/ros2_ws/install/builtin_interfaces' for CMake module files
[3.186s] Level 1:colcon.colcon_core.environment:checking '/home/rasp/ros2_ws/install/builtin_interfaces' for CMake config files
[3.187s] Level 1:colcon.colcon_core.shell:create_environment_hook('builtin_interfaces', 'cmake_prefix_path')
[3.187s] INFO:colcon.colcon_core.shell:Creating environment hook '/home/rasp/ros2_ws/install/builtin_interfaces/share/builtin_interfaces/hook/cmake_prefix_path.ps1'
[3.187s] INFO:colcon.colcon_core.shell:Creating environment descriptor '/home/rasp/ros2_ws/install/builtin_interfaces/share/builtin_interfaces/hook/cmake_prefix_path.dsv'
[3.188s] INFO:colcon.colcon_core.shell:Creating environment hook '/home/rasp/ros2_ws/install/builtin_interfaces/share/builtin_interfaces/hook/cmake_prefix_path.sh'
[3.188s] Level 1:colcon.colcon_core.environment:checking '/home/rasp/ros2_ws/install/builtin_interfaces/lib'
[3.189s] Level 1:colcon.colcon_core.shell:create_environment_hook('builtin_interfaces', 'ld_library_path_lib')
[3.189s] INFO:colcon.colcon_core.shell:Creating environment hook '/home/rasp/ros2_ws/install/builtin_interfaces/share/builtin_interfaces/hook/ld_library_path_lib.ps1'
[3.189s] INFO:colcon.colcon_core.shell:Creating environment descriptor '/home/rasp/ros2_ws/install/builtin_interfaces/share/builtin_interfaces/hook/ld_library_path_lib.dsv'
[3.190s] INFO:colcon.colcon_core.shell:Creating environment hook '/home/rasp/ros2_ws/install/builtin_interfaces/share/builtin_interfaces/hook/ld_library_path_lib.sh'
[3.190s] Level 1:colcon.colcon_core.environment:checking '/home/rasp/ros2_ws/install/builtin_interfaces/bin'
[3.190s] Level 1:colcon.colcon_core.environment:checking '/home/rasp/ros2_ws/install/builtin_interfaces/lib/pkgconfig/builtin_interfaces.pc'
[3.190s] Level 1:colcon.colcon_core.environment:checking '/home/rasp/ros2_ws/install/builtin_interfaces/lib/python3.12/site-packages'
[3.190s] Level 1:colcon.colcon_core.shell:create_environment_hook('builtin_interfaces', 'pythonpath')
[3.190s] INFO:colcon.colcon_core.shell:Creating environment hook '/home/rasp/ros2_ws/install/builtin_interfaces/share/builtin_interfaces/hook/pythonpath.ps1'
[3.191s] INFO:colcon.colcon_core.shell:Creating environment descriptor '/home/rasp/ros2_ws/install/builtin_interfaces/share/builtin_interfaces/hook/pythonpath.dsv'
[3.191s] INFO:colcon.colcon_core.shell:Creating environment hook '/home/rasp/ros2_ws/install/builtin_interfaces/share/builtin_interfaces/hook/pythonpath.sh'
[3.192s] Level 1:colcon.colcon_core.environment:checking '/home/rasp/ros2_ws/install/builtin_interfaces/bin'
[3.192s] INFO:colcon.colcon_core.shell:Creating package script '/home/rasp/ros2_ws/install/builtin_interfaces/share/builtin_interfaces/package.ps1'
[3.193s] INFO:colcon.colcon_core.shell:Creating package descriptor '/home/rasp/ros2_ws/install/builtin_interfaces/share/builtin_interfaces/package.dsv'
[3.193s] INFO:colcon.colcon_core.shell:Creating package script '/home/rasp/ros2_ws/install/builtin_interfaces/share/builtin_interfaces/package.sh'
[3.194s] INFO:colcon.colcon_core.shell:Creating package script '/home/rasp/ros2_ws/install/builtin_interfaces/share/builtin_interfaces/package.bash'
[3.194s] INFO:colcon.colcon_core.shell:Creating package script '/home/rasp/ros2_ws/install/builtin_interfaces/share/builtin_interfaces/package.zsh'
[3.195s] Level 1:colcon.colcon_core.environment:create_file_with_runtime_dependencies(/home/rasp/ros2_ws/install/builtin_interfaces/share/colcon-core/packages/builtin_interfaces)
[3.196s] Level 1:colcon.colcon_core.environment:create_environment_scripts_only(micro_ros_msgs)
[3.196s] Level 1:colcon.colcon_core.environment:checking '/home/rasp/ros2_ws/install/micro_ros_msgs' for CMake module files
[3.197s] Level 1:colcon.colcon_core.environment:checking '/home/rasp/ros2_ws/install/micro_ros_msgs' for CMake config files
[3.197s] DEBUG:colcon.colcon_core.event_handler.log_command:Invoked command in '/home/rasp/ros2_ws/build/micro_ros_msgs' returned '0': CMAKE_PREFIX_PATH=${CMAKE_PREFIX_PATH}:/home/rasp/ros2_ws/install/sensor_msgs_py:/opt/ros/jazzy DEBUGINFOD_URLS=https://debuginfod.ubuntu.com /usr/bin/cmake --install /home/rasp/ros2_ws/build/micro_ros_msgs
[3.198s] Level 1:colcon.colcon_core.shell:create_environment_hook('micro_ros_msgs', 'cmake_prefix_path')
[3.198s] INFO:colcon.colcon_core.shell:Creating environment hook '/home/rasp/ros2_ws/install/micro_ros_msgs/share/micro_ros_msgs/hook/cmake_prefix_path.ps1'
[3.199s] INFO:colcon.colcon_core.shell:Creating environment descriptor '/home/rasp/ros2_ws/install/micro_ros_msgs/share/micro_ros_msgs/hook/cmake_prefix_path.dsv'
[3.199s] INFO:colcon.colcon_core.shell:Creating environment hook '/home/rasp/ros2_ws/install/micro_ros_msgs/share/micro_ros_msgs/hook/cmake_prefix_path.sh'
[3.200s] Level 1:colcon.colcon_core.environment:checking '/home/rasp/ros2_ws/install/micro_ros_msgs/lib'
[3.200s] Level 1:colcon.colcon_core.shell:create_environment_hook('micro_ros_msgs', 'ld_library_path_lib')
[3.200s] INFO:colcon.colcon_core.shell:Creating environment hook '/home/rasp/ros2_ws/install/micro_ros_msgs/share/micro_ros_msgs/hook/ld_library_path_lib.ps1'
[3.200s] INFO:colcon.colcon_core.shell:Creating environment descriptor '/home/rasp/ros2_ws/install/micro_ros_msgs/share/micro_ros_msgs/hook/ld_library_path_lib.dsv'
[3.201s] INFO:colcon.colcon_core.shell:Creating environment hook '/home/rasp/ros2_ws/install/micro_ros_msgs/share/micro_ros_msgs/hook/ld_library_path_lib.sh'
[3.202s] Level 1:colcon.colcon_core.environment:checking '/home/rasp/ros2_ws/install/micro_ros_msgs/bin'
[3.202s] Level 1:colcon.colcon_core.environment:checking '/home/rasp/ros2_ws/install/micro_ros_msgs/lib/pkgconfig/micro_ros_msgs.pc'
[3.202s] Level 1:colcon.colcon_core.environment:checking '/home/rasp/ros2_ws/install/micro_ros_msgs/lib/python3.12/site-packages'
[3.202s] Level 1:colcon.colcon_core.shell:create_environment_hook('micro_ros_msgs', 'pythonpath')
[3.202s] INFO:colcon.colcon_core.shell:Creating environment hook '/home/rasp/ros2_ws/install/micro_ros_msgs/share/micro_ros_msgs/hook/pythonpath.ps1'
[3.203s] INFO:colcon.colcon_core.shell:Creating environment descriptor '/home/rasp/ros2_ws/install/micro_ros_msgs/share/micro_ros_msgs/hook/pythonpath.dsv'
[3.203s] INFO:colcon.colcon_core.shell:Creating environment hook '/home/rasp/ros2_ws/install/micro_ros_msgs/share/micro_ros_msgs/hook/pythonpath.sh'
[3.204s] Level 1:colcon.colcon_core.environment:checking '/home/rasp/ros2_ws/install/micro_ros_msgs/bin'
[3.204s] INFO:colcon.colcon_core.shell:Creating package script '/home/rasp/ros2_ws/install/micro_ros_msgs/share/micro_ros_msgs/package.ps1'
[3.205s] INFO:colcon.colcon_core.shell:Creating package descriptor '/home/rasp/ros2_ws/install/micro_ros_msgs/share/micro_ros_msgs/package.dsv'
[3.205s] INFO:colcon.colcon_core.shell:Creating package script '/home/rasp/ros2_ws/install/micro_ros_msgs/share/micro_ros_msgs/package.sh'
[3.206s] INFO:colcon.colcon_core.shell:Creating package script '/home/rasp/ros2_ws/install/micro_ros_msgs/share/micro_ros_msgs/package.bash'
[3.206s] INFO:colcon.colcon_core.shell:Creating package script '/home/rasp/ros2_ws/install/micro_ros_msgs/share/micro_ros_msgs/package.zsh'
[3.207s] Level 1:colcon.colcon_core.environment:create_file_with_runtime_dependencies(/home/rasp/ros2_ws/install/micro_ros_msgs/share/colcon-core/packages/micro_ros_msgs)
[3.207s] Level 1:colcon.colcon_core.environment:create_environment_scripts_only(micro_ros_msgs)
[3.207s] Level 1:colcon.colcon_core.environment:checking '/home/rasp/ros2_ws/install/micro_ros_msgs' for CMake module files
[3.208s] Level 1:colcon.colcon_core.environment:checking '/home/rasp/ros2_ws/install/micro_ros_msgs' for CMake config files
[3.208s] Level 1:colcon.colcon_core.shell:create_environment_hook('micro_ros_msgs', 'cmake_prefix_path')
[3.208s] INFO:colcon.colcon_core.shell:Creating environment hook '/home/rasp/ros2_ws/install/micro_ros_msgs/share/micro_ros_msgs/hook/cmake_prefix_path.ps1'
[3.209s] INFO:colcon.colcon_core.shell:Creating environment descriptor '/home/rasp/ros2_ws/install/micro_ros_msgs/share/micro_ros_msgs/hook/cmake_prefix_path.dsv'
[3.209s] INFO:colcon.colcon_core.shell:Creating environment hook '/home/rasp/ros2_ws/install/micro_ros_msgs/share/micro_ros_msgs/hook/cmake_prefix_path.sh'
[3.210s] Level 1:colcon.colcon_core.environment:checking '/home/rasp/ros2_ws/install/micro_ros_msgs/lib'
[3.210s] Level 1:colcon.colcon_core.shell:create_environment_hook('micro_ros_msgs', 'ld_library_path_lib')
[3.210s] INFO:colcon.colcon_core.shell:Creating environment hook '/home/rasp/ros2_ws/install/micro_ros_msgs/share/micro_ros_msgs/hook/ld_library_path_lib.ps1'
[3.211s] INFO:colcon.colcon_core.shell:Creating environment descriptor '/home/rasp/ros2_ws/install/micro_ros_msgs/share/micro_ros_msgs/hook/ld_library_path_lib.dsv'
[3.211s] INFO:colcon.colcon_core.shell:Creating environment hook '/home/rasp/ros2_ws/install/micro_ros_msgs/share/micro_ros_msgs/hook/ld_library_path_lib.sh'
[3.212s] Level 1:colcon.colcon_core.environment:checking '/home/rasp/ros2_ws/install/micro_ros_msgs/bin'
[3.212s] Level 1:colcon.colcon_core.environment:checking '/home/rasp/ros2_ws/install/micro_ros_msgs/lib/pkgconfig/micro_ros_msgs.pc'
[3.212s] Level 1:colcon.colcon_core.environment:checking '/home/rasp/ros2_ws/install/micro_ros_msgs/lib/python3.12/site-packages'
[3.212s] Level 1:colcon.colcon_core.shell:create_environment_hook('micro_ros_msgs', 'pythonpath')
[3.212s] INFO:colcon.colcon_core.shell:Creating environment hook '/home/rasp/ros2_ws/install/micro_ros_msgs/share/micro_ros_msgs/hook/pythonpath.ps1'
[3.213s] INFO:colcon.colcon_core.shell:Creating environment descriptor '/home/rasp/ros2_ws/install/micro_ros_msgs/share/micro_ros_msgs/hook/pythonpath.dsv'
[3.213s] INFO:colcon.colcon_core.shell:Creating environment hook '/home/rasp/ros2_ws/install/micro_ros_msgs/share/micro_ros_msgs/hook/pythonpath.sh'
[3.214s] Level 1:colcon.colcon_core.environment:checking '/home/rasp/ros2_ws/install/micro_ros_msgs/bin'
[3.214s] INFO:colcon.colcon_core.shell:Creating package script '/home/rasp/ros2_ws/install/micro_ros_msgs/share/micro_ros_msgs/package.ps1'
[3.215s] INFO:colcon.colcon_core.shell:Creating package descriptor '/home/rasp/ros2_ws/install/micro_ros_msgs/share/micro_ros_msgs/package.dsv'
[3.215s] INFO:colcon.colcon_core.shell:Creating package script '/home/rasp/ros2_ws/install/micro_ros_msgs/share/micro_ros_msgs/package.sh'
[3.216s] INFO:colcon.colcon_core.shell:Creating package script '/home/rasp/ros2_ws/install/micro_ros_msgs/share/micro_ros_msgs/package.bash'
[3.216s] INFO:colcon.colcon_core.shell:Creating package script '/home/rasp/ros2_ws/install/micro_ros_msgs/share/micro_ros_msgs/package.zsh'
[3.217s] Level 1:colcon.colcon_core.environment:create_file_with_runtime_dependencies(/home/rasp/ros2_ws/install/micro_ros_msgs/share/colcon-core/packages/micro_ros_msgs)
[3.218s] INFO:colcon.colcon_ros.task.ament_cmake.build:Building ROS package in '/home/rasp/ros2_ws/src/uros/micro-ROS-Agent/micro_ros_agent' with build type 'ament_cmake'
[3.218s] INFO:colcon.colcon_cmake.task.cmake.build:Building CMake package in '/home/rasp/ros2_ws/src/uros/micro-ROS-Agent/micro_ros_agent'
[3.218s] INFO:colcon.colcon_core.shell:Skip shell extension 'powershell' for command environment: Not usable outside of PowerShell
[3.218s] DEBUG:colcon.colcon_core.shell:Skip shell extension 'dsv' for command environment
[3.242s] DEBUG:colcon.colcon_core.event_handler.log_command:Invoking command in '/home/rasp/ros2_ws/build/micro_ros_agent': CMAKE_PREFIX_PATH=/home/rasp/ros2_ws/install/micro_ros_msgs:/home/rasp/ros2_ws/install/builtin_interfaces:/home/rasp/ros2_ws/install/micro_ros_demos_rclc:/home/rasp/ros2_ws/install/common_interfaces:/home/rasp/ros2_ws/install/visualization_msgs:/home/rasp/ros2_ws/install/action_msgs:/home/rasp/ros2_ws/install/unique_identifier_msgs:/home/rasp/ros2_ws/install/type_description_interfaces:/home/rasp/ros2_ws/install/trajectory_msgs:/home/rasp/ros2_ws/install/test_msgs:/home/rasp/ros2_ws/install/test_interface_files:/home/rasp/ros2_ws/install/stereo_msgs:/home/rasp/ros2_ws/install/std_srvs:/home/rasp/ros2_ws/install/shape_msgs:/home/rasp/ros2_ws/install/sensor_msgs:/home/rasp/ros2_ws/install/nav_msgs:/home/rasp/ros2_ws/install/diagnostic_msgs:/home/rasp/ros2_ws/install/geometry_msgs:/home/rasp/ros2_ws/install/actionlib_msgs:/home/rasp/ros2_ws/install/std_msgs:/home/rasp/ros2_ws/install/statistics_msgs:/home/rasp/ros2_ws/install/service_msgs:/home/rasp/ros2_ws/install/rosidl_typesupport_microxrcedds_test_msg:/home/rasp/ros2_ws/install/rosidl_typesupport_microxrcedds_cpp_tests:/home/rasp/ros2_ws/install/rmw_microxrcedds:/home/rasp/ros2_ws/install/rosidl_typesupport_microxrcedds_cpp:/home/rasp/ros2_ws/install/rosidl_typesupport_microxrcedds_c_tests:/home/rasp/ros2_ws/install/rosidl_typesupport_microxrcedds_c:/home/rasp/ros2_ws/install/rosgraph_msgs:/home/rasp/ros2_ws/install/rclc_parameter:/home/rasp/ros2_ws/install/rclc:/home/rasp/ros2_ws/install/composition_interfaces:/home/rasp/ros2_ws/install/rcl_interfaces:/home/rasp/ros2_ws/install/microxrcedds_client:/home/rasp/ros2_ws/install/microcdr:/home/rasp/ros2_ws/install/micro_ros_utilities:/home/rasp/ros2_ws/install/lifecycle_msgs:/home/rasp/ros2_ws/install/example_interfaces:/home/rasp/ros2_ws/install/complex_msgs:/home/rasp/ros2_ws/install/micro_ros_setup:/opt/ros/jazzy/opt/gz_math_vendor:/opt/ros/jazzy/opt/gz_utils_vendor:/opt/ros/jazzy/opt/gz_cmake_vendor:/home/rasp/ros2_ws/install/sensor_msgs_py:/opt/ros/jazzy DEBUGINFOD_URLS=https://debuginfod.ubuntu.com LD_LIBRARY_PATH=/home/rasp/ros2_ws/install/micro_ros_msgs/lib:/home/rasp/ros2_ws/install/builtin_interfaces/lib:/home/rasp/ros2_ws/install/visualization_msgs/lib:/home/rasp/ros2_ws/install/action_msgs/lib:/home/rasp/ros2_ws/install/unique_identifier_msgs/lib:/home/rasp/ros2_ws/install/type_description_interfaces/lib:/home/rasp/ros2_ws/install/trajectory_msgs/lib:/home/rasp/ros2_ws/install/test_msgs/lib:/home/rasp/ros2_ws/install/stereo_msgs/lib:/home/rasp/ros2_ws/install/std_srvs/lib:/home/rasp/ros2_ws/install/shape_msgs/lib:/home/rasp/ros2_ws/install/sensor_msgs/lib:/home/rasp/ros2_ws/install/nav_msgs/lib:/home/rasp/ros2_ws/install/diagnostic_msgs/lib:/home/rasp/ros2_ws/install/geometry_msgs/lib:/home/rasp/ros2_ws/install/actionlib_msgs/lib:/home/rasp/ros2_ws/install/std_msgs/lib:/home/rasp/ros2_ws/install/statistics_msgs/lib:/home/rasp/ros2_ws/install/service_msgs/lib:/home/rasp/ros2_ws/install/rmw_microxrcedds/lib:/home/rasp/ros2_ws/install/rosidl_typesupport_microxrcedds_cpp/lib:/home/rasp/ros2_ws/install/rosidl_typesupport_microxrcedds_c/lib:/home/rasp/ros2_ws/install/rosgraph_msgs/lib:/home/rasp/ros2_ws/install/rclc_parameter/lib:/home/rasp/ros2_ws/install/rclc/lib:/home/rasp/ros2_ws/install/composition_interfaces/lib:/home/rasp/ros2_ws/install/rcl_interfaces/lib:/home/rasp/ros2_ws/install/microxrcedds_client/lib:/home/rasp/ros2_ws/install/microcdr/lib:/home/rasp/ros2_ws/install/micro_ros_utilities/lib:/home/rasp/ros2_ws/install/lifecycle_msgs/lib:/home/rasp/ros2_ws/install/example_interfaces/lib:/home/rasp/ros2_ws/install/complex_msgs/lib:/opt/ros/jazzy/opt/rviz_ogre_vendor/lib:/opt/ros/jazzy/lib/x86_64-linux-gnu:/opt/ros/jazzy/opt/gz_math_vendor/lib:/opt/ros/jazzy/opt/gz_utils_vendor/lib:/opt/ros/jazzy/opt/gz_cmake_vendor/lib:/opt/ros/jazzy/lib PYTHONPATH=/home/rasp/ros2_ws/install/micro_ros_msgs/lib/python3.12/site-packages:/home/rasp/ros2_ws/install/builtin_interfaces/lib/python3.12/site-packages:/home/rasp/ros2_ws/install/visualization_msgs/lib/python3.12/site-packages:/home/rasp/ros2_ws/install/action_msgs/lib/python3.12/site-packages:/home/rasp/ros2_ws/install/unique_identifier_msgs/lib/python3.12/site-packages:/home/rasp/ros2_ws/install/type_description_interfaces/lib/python3.12/site-packages:/home/rasp/ros2_ws/install/trajectory_msgs/lib/python3.12/site-packages:/home/rasp/ros2_ws/install/test_msgs/lib/python3.12/site-packages:/home/rasp/ros2_ws/install/stereo_msgs/lib/python3.12/site-packages:/home/rasp/ros2_ws/install/std_srvs/lib/python3.12/site-packages:/home/rasp/ros2_ws/install/shape_msgs/lib/python3.12/site-packages:/home/rasp/ros2_ws/install/sensor_msgs_py/lib/python3.12/site-packages:/home/rasp/ros2_ws/install/sensor_msgs/lib/python3.12/site-packages:/home/rasp/ros2_ws/install/nav_msgs/lib/python3.12/site-packages:/home/rasp/ros2_ws/install/diagnostic_msgs/lib/python3.12/site-packages:/home/rasp/ros2_ws/install/geometry_msgs/lib/python3.12/site-packages:/home/rasp/ros2_ws/install/actionlib_msgs/lib/python3.12/site-packages:/home/rasp/ros2_ws/install/std_msgs/lib/python3.12/site-packages:/home/rasp/ros2_ws/install/statistics_msgs/lib/python3.12/site-packages:/home/rasp/ros2_ws/install/service_msgs/lib/python3.12/site-packages:/home/rasp/ros2_ws/install/rosidl_typesupport_microxrcedds_cpp/lib/python3.12/site-packages:/home/rasp/ros2_ws/install/rosidl_typesupport_microxrcedds_c/lib/python3.12/site-packages:/home/rasp/ros2_ws/install/rosgraph_msgs/lib/python3.12/site-packages:/home/rasp/ros2_ws/install/composition_interfaces/lib/python3.12/site-packages:/home/rasp/ros2_ws/install/rcl_interfaces/lib/python3.12/site-packages:/home/rasp/ros2_ws/install/lifecycle_msgs/lib/python3.12/site-packages:/home/rasp/ros2_ws/install/example_interfaces/lib/python3.12/site-packages:/home/rasp/ros2_ws/install/complex_msgs/lib/python3.12/site-packages:/opt/ros/jazzy/lib/python3.12/site-packages /usr/bin/cmake /home/rasp/ros2_ws/src/uros/micro-ROS-Agent/micro_ros_agent -DUAGENT_BUILD_EXECUTABLE=OFF -DUAGENT_P2P_PROFILE=OFF --no-warn-unused-cli -DCMAKE_INSTALL_PREFIX=/home/rasp/ros2_ws/install/micro_ros_agent
[3.785s] DEBUG:colcon.colcon_core.event_handler.log_command:Invoked command in '/home/rasp/ros2_ws/build/micro_ros_agent' returned '0': CMAKE_PREFIX_PATH=/home/rasp/ros2_ws/install/micro_ros_msgs:/home/rasp/ros2_ws/install/builtin_interfaces:/home/rasp/ros2_ws/install/micro_ros_demos_rclc:/home/rasp/ros2_ws/install/common_interfaces:/home/rasp/ros2_ws/install/visualization_msgs:/home/rasp/ros2_ws/install/action_msgs:/home/rasp/ros2_ws/install/unique_identifier_msgs:/home/rasp/ros2_ws/install/type_description_interfaces:/home/rasp/ros2_ws/install/trajectory_msgs:/home/rasp/ros2_ws/install/test_msgs:/home/rasp/ros2_ws/install/test_interface_files:/home/rasp/ros2_ws/install/stereo_msgs:/home/rasp/ros2_ws/install/std_srvs:/home/rasp/ros2_ws/install/shape_msgs:/home/rasp/ros2_ws/install/sensor_msgs:/home/rasp/ros2_ws/install/nav_msgs:/home/rasp/ros2_ws/install/diagnostic_msgs:/home/rasp/ros2_ws/install/geometry_msgs:/home/rasp/ros2_ws/install/actionlib_msgs:/home/rasp/ros2_ws/install/std_msgs:/home/rasp/ros2_ws/install/statistics_msgs:/home/rasp/ros2_ws/install/service_msgs:/home/rasp/ros2_ws/install/rosidl_typesupport_microxrcedds_test_msg:/home/rasp/ros2_ws/install/rosidl_typesupport_microxrcedds_cpp_tests:/home/rasp/ros2_ws/install/rmw_microxrcedds:/home/rasp/ros2_ws/install/rosidl_typesupport_microxrcedds_cpp:/home/rasp/ros2_ws/install/rosidl_typesupport_microxrcedds_c_tests:/home/rasp/ros2_ws/install/rosidl_typesupport_microxrcedds_c:/home/rasp/ros2_ws/install/rosgraph_msgs:/home/rasp/ros2_ws/install/rclc_parameter:/home/rasp/ros2_ws/install/rclc:/home/rasp/ros2_ws/install/composition_interfaces:/home/rasp/ros2_ws/install/rcl_interfaces:/home/rasp/ros2_ws/install/microxrcedds_client:/home/rasp/ros2_ws/install/microcdr:/home/rasp/ros2_ws/install/micro_ros_utilities:/home/rasp/ros2_ws/install/lifecycle_msgs:/home/rasp/ros2_ws/install/example_interfaces:/home/rasp/ros2_ws/install/complex_msgs:/home/rasp/ros2_ws/install/micro_ros_setup:/opt/ros/jazzy/opt/gz_math_vendor:/opt/ros/jazzy/opt/gz_utils_vendor:/opt/ros/jazzy/opt/gz_cmake_vendor:/home/rasp/ros2_ws/install/sensor_msgs_py:/opt/ros/jazzy DEBUGINFOD_URLS=https://debuginfod.ubuntu.com LD_LIBRARY_PATH=/home/rasp/ros2_ws/install/micro_ros_msgs/lib:/home/rasp/ros2_ws/install/builtin_interfaces/lib:/home/rasp/ros2_ws/install/visualization_msgs/lib:/home/rasp/ros2_ws/install/action_msgs/lib:/home/rasp/ros2_ws/install/unique_identifier_msgs/lib:/home/rasp/ros2_ws/install/type_description_interfaces/lib:/home/rasp/ros2_ws/install/trajectory_msgs/lib:/home/rasp/ros2_ws/install/test_msgs/lib:/home/rasp/ros2_ws/install/stereo_msgs/lib:/home/rasp/ros2_ws/install/std_srvs/lib:/home/rasp/ros2_ws/install/shape_msgs/lib:/home/rasp/ros2_ws/install/sensor_msgs/lib:/home/rasp/ros2_ws/install/nav_msgs/lib:/home/rasp/ros2_ws/install/diagnostic_msgs/lib:/home/rasp/ros2_ws/install/geometry_msgs/lib:/home/rasp/ros2_ws/install/actionlib_msgs/lib:/home/rasp/ros2_ws/install/std_msgs/lib:/home/rasp/ros2_ws/install/statistics_msgs/lib:/home/rasp/ros2_ws/install/service_msgs/lib:/home/rasp/ros2_ws/install/rmw_microxrcedds/lib:/home/rasp/ros2_ws/install/rosidl_typesupport_microxrcedds_cpp/lib:/home/rasp/ros2_ws/install/rosidl_typesupport_microxrcedds_c/lib:/home/rasp/ros2_ws/install/rosgraph_msgs/lib:/home/rasp/ros2_ws/install/rclc_parameter/lib:/home/rasp/ros2_ws/install/rclc/lib:/home/rasp/ros2_ws/install/composition_interfaces/lib:/home/rasp/ros2_ws/install/rcl_interfaces/lib:/home/rasp/ros2_ws/install/microxrcedds_client/lib:/home/rasp/ros2_ws/install/microcdr/lib:/home/rasp/ros2_ws/install/micro_ros_utilities/lib:/home/rasp/ros2_ws/install/lifecycle_msgs/lib:/home/rasp/ros2_ws/install/example_interfaces/lib:/home/rasp/ros2_ws/install/complex_msgs/lib:/opt/ros/jazzy/opt/rviz_ogre_vendor/lib:/opt/ros/jazzy/lib/x86_64-linux-gnu:/opt/ros/jazzy/opt/gz_math_vendor/lib:/opt/ros/jazzy/opt/gz_utils_vendor/lib:/opt/ros/jazzy/opt/gz_cmake_vendor/lib:/opt/ros/jazzy/lib PYTHONPATH=/home/rasp/ros2_ws/install/micro_ros_msgs/lib/python3.12/site-packages:/home/rasp/ros2_ws/install/builtin_interfaces/lib/python3.12/site-packages:/home/rasp/ros2_ws/install/visualization_msgs/lib/python3.12/site-packages:/home/rasp/ros2_ws/install/action_msgs/lib/python3.12/site-packages:/home/rasp/ros2_ws/install/unique_identifier_msgs/lib/python3.12/site-packages:/home/rasp/ros2_ws/install/type_description_interfaces/lib/python3.12/site-packages:/home/rasp/ros2_ws/install/trajectory_msgs/lib/python3.12/site-packages:/home/rasp/ros2_ws/install/test_msgs/lib/python3.12/site-packages:/home/rasp/ros2_ws/install/stereo_msgs/lib/python3.12/site-packages:/home/rasp/ros2_ws/install/std_srvs/lib/python3.12/site-packages:/home/rasp/ros2_ws/install/shape_msgs/lib/python3.12/site-packages:/home/rasp/ros2_ws/install/sensor_msgs_py/lib/python3.12/site-packages:/home/rasp/ros2_ws/install/sensor_msgs/lib/python3.12/site-packages:/home/rasp/ros2_ws/install/nav_msgs/lib/python3.12/site-packages:/home/rasp/ros2_ws/install/diagnostic_msgs/lib/python3.12/site-packages:/home/rasp/ros2_ws/install/geometry_msgs/lib/python3.12/site-packages:/home/rasp/ros2_ws/install/actionlib_msgs/lib/python3.12/site-packages:/home/rasp/ros2_ws/install/std_msgs/lib/python3.12/site-packages:/home/rasp/ros2_ws/install/statistics_msgs/lib/python3.12/site-packages:/home/rasp/ros2_ws/install/service_msgs/lib/python3.12/site-packages:/home/rasp/ros2_ws/install/rosidl_typesupport_microxrcedds_cpp/lib/python3.12/site-packages:/home/rasp/ros2_ws/install/rosidl_typesupport_microxrcedds_c/lib/python3.12/site-packages:/home/rasp/ros2_ws/install/rosgraph_msgs/lib/python3.12/site-packages:/home/rasp/ros2_ws/install/composition_interfaces/lib/python3.12/site-packages:/home/rasp/ros2_ws/install/rcl_interfaces/lib/python3.12/site-packages:/home/rasp/ros2_ws/install/lifecycle_msgs/lib/python3.12/site-packages:/home/rasp/ros2_ws/install/example_interfaces/lib/python3.12/site-packages:/home/rasp/ros2_ws/install/complex_msgs/lib/python3.12/site-packages:/opt/ros/jazzy/lib/python3.12/site-packages /usr/bin/cmake /home/rasp/ros2_ws/src/uros/micro-ROS-Agent/micro_ros_agent -DUAGENT_BUILD_EXECUTABLE=OFF -DUAGENT_P2P_PROFILE=OFF --no-warn-unused-cli -DCMAKE_INSTALL_PREFIX=/home/rasp/ros2_ws/install/micro_ros_agent
[3.785s] DEBUG:colcon.colcon_core.event_handler.log_command:Invoking command in '/home/rasp/ros2_ws/build/micro_ros_agent': CMAKE_PREFIX_PATH=/home/rasp/ros2_ws/install/micro_ros_msgs:/home/rasp/ros2_ws/install/builtin_interfaces:/home/rasp/ros2_ws/install/micro_ros_demos_rclc:/home/rasp/ros2_ws/install/common_interfaces:/home/rasp/ros2_ws/install/visualization_msgs:/home/rasp/ros2_ws/install/action_msgs:/home/rasp/ros2_ws/install/unique_identifier_msgs:/home/rasp/ros2_ws/install/type_description_interfaces:/home/rasp/ros2_ws/install/trajectory_msgs:/home/rasp/ros2_ws/install/test_msgs:/home/rasp/ros2_ws/install/test_interface_files:/home/rasp/ros2_ws/install/stereo_msgs:/home/rasp/ros2_ws/install/std_srvs:/home/rasp/ros2_ws/install/shape_msgs:/home/rasp/ros2_ws/install/sensor_msgs:/home/rasp/ros2_ws/install/nav_msgs:/home/rasp/ros2_ws/install/diagnostic_msgs:/home/rasp/ros2_ws/install/geometry_msgs:/home/rasp/ros2_ws/install/actionlib_msgs:/home/rasp/ros2_ws/install/std_msgs:/home/rasp/ros2_ws/install/statistics_msgs:/home/rasp/ros2_ws/install/service_msgs:/home/rasp/ros2_ws/install/rosidl_typesupport_microxrcedds_test_msg:/home/rasp/ros2_ws/install/rosidl_typesupport_microxrcedds_cpp_tests:/home/rasp/ros2_ws/install/rmw_microxrcedds:/home/rasp/ros2_ws/install/rosidl_typesupport_microxrcedds_cpp:/home/rasp/ros2_ws/install/rosidl_typesupport_microxrcedds_c_tests:/home/rasp/ros2_ws/install/rosidl_typesupport_microxrcedds_c:/home/rasp/ros2_ws/install/rosgraph_msgs:/home/rasp/ros2_ws/install/rclc_parameter:/home/rasp/ros2_ws/install/rclc:/home/rasp/ros2_ws/install/composition_interfaces:/home/rasp/ros2_ws/install/rcl_interfaces:/home/rasp/ros2_ws/install/microxrcedds_client:/home/rasp/ros2_ws/install/microcdr:/home/rasp/ros2_ws/install/micro_ros_utilities:/home/rasp/ros2_ws/install/lifecycle_msgs:/home/rasp/ros2_ws/install/example_interfaces:/home/rasp/ros2_ws/install/complex_msgs:/home/rasp/ros2_ws/install/micro_ros_setup:/opt/ros/jazzy/opt/gz_math_vendor:/opt/ros/jazzy/opt/gz_utils_vendor:/opt/ros/jazzy/opt/gz_cmake_vendor:/home/rasp/ros2_ws/install/sensor_msgs_py:/opt/ros/jazzy DEBUGINFOD_URLS=https://debuginfod.ubuntu.com LD_LIBRARY_PATH=/home/rasp/ros2_ws/install/micro_ros_msgs/lib:/home/rasp/ros2_ws/install/builtin_interfaces/lib:/home/rasp/ros2_ws/install/visualization_msgs/lib:/home/rasp/ros2_ws/install/action_msgs/lib:/home/rasp/ros2_ws/install/unique_identifier_msgs/lib:/home/rasp/ros2_ws/install/type_description_interfaces/lib:/home/rasp/ros2_ws/install/trajectory_msgs/lib:/home/rasp/ros2_ws/install/test_msgs/lib:/home/rasp/ros2_ws/install/stereo_msgs/lib:/home/rasp/ros2_ws/install/std_srvs/lib:/home/rasp/ros2_ws/install/shape_msgs/lib:/home/rasp/ros2_ws/install/sensor_msgs/lib:/home/rasp/ros2_ws/install/nav_msgs/lib:/home/rasp/ros2_ws/install/diagnostic_msgs/lib:/home/rasp/ros2_ws/install/geometry_msgs/lib:/home/rasp/ros2_ws/install/actionlib_msgs/lib:/home/rasp/ros2_ws/install/std_msgs/lib:/home/rasp/ros2_ws/install/statistics_msgs/lib:/home/rasp/ros2_ws/install/service_msgs/lib:/home/rasp/ros2_ws/install/rmw_microxrcedds/lib:/home/rasp/ros2_ws/install/rosidl_typesupport_microxrcedds_cpp/lib:/home/rasp/ros2_ws/install/rosidl_typesupport_microxrcedds_c/lib:/home/rasp/ros2_ws/install/rosgraph_msgs/lib:/home/rasp/ros2_ws/install/rclc_parameter/lib:/home/rasp/ros2_ws/install/rclc/lib:/home/rasp/ros2_ws/install/composition_interfaces/lib:/home/rasp/ros2_ws/install/rcl_interfaces/lib:/home/rasp/ros2_ws/install/microxrcedds_client/lib:/home/rasp/ros2_ws/install/microcdr/lib:/home/rasp/ros2_ws/install/micro_ros_utilities/lib:/home/rasp/ros2_ws/install/lifecycle_msgs/lib:/home/rasp/ros2_ws/install/example_interfaces/lib:/home/rasp/ros2_ws/install/complex_msgs/lib:/opt/ros/jazzy/opt/rviz_ogre_vendor/lib:/opt/ros/jazzy/lib/x86_64-linux-gnu:/opt/ros/jazzy/opt/gz_math_vendor/lib:/opt/ros/jazzy/opt/gz_utils_vendor/lib:/opt/ros/jazzy/opt/gz_cmake_vendor/lib:/opt/ros/jazzy/lib PYTHONPATH=/home/rasp/ros2_ws/install/micro_ros_msgs/lib/python3.12/site-packages:/home/rasp/ros2_ws/install/builtin_interfaces/lib/python3.12/site-packages:/home/rasp/ros2_ws/install/visualization_msgs/lib/python3.12/site-packages:/home/rasp/ros2_ws/install/action_msgs/lib/python3.12/site-packages:/home/rasp/ros2_ws/install/unique_identifier_msgs/lib/python3.12/site-packages:/home/rasp/ros2_ws/install/type_description_interfaces/lib/python3.12/site-packages:/home/rasp/ros2_ws/install/trajectory_msgs/lib/python3.12/site-packages:/home/rasp/ros2_ws/install/test_msgs/lib/python3.12/site-packages:/home/rasp/ros2_ws/install/stereo_msgs/lib/python3.12/site-packages:/home/rasp/ros2_ws/install/std_srvs/lib/python3.12/site-packages:/home/rasp/ros2_ws/install/shape_msgs/lib/python3.12/site-packages:/home/rasp/ros2_ws/install/sensor_msgs_py/lib/python3.12/site-packages:/home/rasp/ros2_ws/install/sensor_msgs/lib/python3.12/site-packages:/home/rasp/ros2_ws/install/nav_msgs/lib/python3.12/site-packages:/home/rasp/ros2_ws/install/diagnostic_msgs/lib/python3.12/site-packages:/home/rasp/ros2_ws/install/geometry_msgs/lib/python3.12/site-packages:/home/rasp/ros2_ws/install/actionlib_msgs/lib/python3.12/site-packages:/home/rasp/ros2_ws/install/std_msgs/lib/python3.12/site-packages:/home/rasp/ros2_ws/install/statistics_msgs/lib/python3.12/site-packages:/home/rasp/ros2_ws/install/service_msgs/lib/python3.12/site-packages:/home/rasp/ros2_ws/install/rosidl_typesupport_microxrcedds_cpp/lib/python3.12/site-packages:/home/rasp/ros2_ws/install/rosidl_typesupport_microxrcedds_c/lib/python3.12/site-packages:/home/rasp/ros2_ws/install/rosgraph_msgs/lib/python3.12/site-packages:/home/rasp/ros2_ws/install/composition_interfaces/lib/python3.12/site-packages:/home/rasp/ros2_ws/install/rcl_interfaces/lib/python3.12/site-packages:/home/rasp/ros2_ws/install/lifecycle_msgs/lib/python3.12/site-packages:/home/rasp/ros2_ws/install/example_interfaces/lib/python3.12/site-packages:/home/rasp/ros2_ws/install/complex_msgs/lib/python3.12/site-packages:/opt/ros/jazzy/lib/python3.12/site-packages /usr/bin/cmake --build /home/rasp/ros2_ws/build/micro_ros_agent -- -j2 -l2
[76.061s] DEBUG:colcon.colcon_parallel_executor.executor.parallel:run_until_complete was interrupted
[76.086s] DEBUG:colcon.colcon_parallel_executor.executor.parallel:run_until_complete again
[76.138s] DEBUG:colcon.colcon_core.event_handler.log_command:Invoked command in '/home/rasp/ros2_ws/build/micro_ros_agent' returned '-2': CMAKE_PREFIX_PATH=/home/rasp/ros2_ws/install/micro_ros_msgs:/home/rasp/ros2_ws/install/builtin_interfaces:/home/rasp/ros2_ws/install/micro_ros_demos_rclc:/home/rasp/ros2_ws/install/common_interfaces:/home/rasp/ros2_ws/install/visualization_msgs:/home/rasp/ros2_ws/install/action_msgs:/home/rasp/ros2_ws/install/unique_identifier_msgs:/home/rasp/ros2_ws/install/type_description_interfaces:/home/rasp/ros2_ws/install/trajectory_msgs:/home/rasp/ros2_ws/install/test_msgs:/home/rasp/ros2_ws/install/test_interface_files:/home/rasp/ros2_ws/install/stereo_msgs:/home/rasp/ros2_ws/install/std_srvs:/home/rasp/ros2_ws/install/shape_msgs:/home/rasp/ros2_ws/install/sensor_msgs:/home/rasp/ros2_ws/install/nav_msgs:/home/rasp/ros2_ws/install/diagnostic_msgs:/home/rasp/ros2_ws/install/geometry_msgs:/home/rasp/ros2_ws/install/actionlib_msgs:/home/rasp/ros2_ws/install/std_msgs:/home/rasp/ros2_ws/install/statistics_msgs:/home/rasp/ros2_ws/install/service_msgs:/home/rasp/ros2_ws/install/rosidl_typesupport_microxrcedds_test_msg:/home/rasp/ros2_ws/install/rosidl_typesupport_microxrcedds_cpp_tests:/home/rasp/ros2_ws/install/rmw_microxrcedds:/home/rasp/ros2_ws/install/rosidl_typesupport_microxrcedds_cpp:/home/rasp/ros2_ws/install/rosidl_typesupport_microxrcedds_c_tests:/home/rasp/ros2_ws/install/rosidl_typesupport_microxrcedds_c:/home/rasp/ros2_ws/install/rosgraph_msgs:/home/rasp/ros2_ws/install/rclc_parameter:/home/rasp/ros2_ws/install/rclc:/home/rasp/ros2_ws/install/composition_interfaces:/home/rasp/ros2_ws/install/rcl_interfaces:/home/rasp/ros2_ws/install/microxrcedds_client:/home/rasp/ros2_ws/install/microcdr:/home/rasp/ros2_ws/install/micro_ros_utilities:/home/rasp/ros2_ws/install/lifecycle_msgs:/home/rasp/ros2_ws/install/example_interfaces:/home/rasp/ros2_ws/install/complex_msgs:/home/rasp/ros2_ws/install/micro_ros_setup:/opt/ros/jazzy/opt/gz_math_vendor:/opt/ros/jazzy/opt/gz_utils_vendor:/opt/ros/jazzy/opt/gz_cmake_vendor:/home/rasp/ros2_ws/install/sensor_msgs_py:/opt/ros/jazzy DEBUGINFOD_URLS=https://debuginfod.ubuntu.com LD_LIBRARY_PATH=/home/rasp/ros2_ws/install/micro_ros_msgs/lib:/home/rasp/ros2_ws/install/builtin_interfaces/lib:/home/rasp/ros2_ws/install/visualization_msgs/lib:/home/rasp/ros2_ws/install/action_msgs/lib:/home/rasp/ros2_ws/install/unique_identifier_msgs/lib:/home/rasp/ros2_ws/install/type_description_interfaces/lib:/home/rasp/ros2_ws/install/trajectory_msgs/lib:/home/rasp/ros2_ws/install/test_msgs/lib:/home/rasp/ros2_ws/install/stereo_msgs/lib:/home/rasp/ros2_ws/install/std_srvs/lib:/home/rasp/ros2_ws/install/shape_msgs/lib:/home/rasp/ros2_ws/install/sensor_msgs/lib:/home/rasp/ros2_ws/install/nav_msgs/lib:/home/rasp/ros2_ws/install/diagnostic_msgs/lib:/home/rasp/ros2_ws/install/geometry_msgs/lib:/home/rasp/ros2_ws/install/actionlib_msgs/lib:/home/rasp/ros2_ws/install/std_msgs/lib:/home/rasp/ros2_ws/install/statistics_msgs/lib:/home/rasp/ros2_ws/install/service_msgs/lib:/home/rasp/ros2_ws/install/rmw_microxrcedds/lib:/home/rasp/ros2_ws/install/rosidl_typesupport_microxrcedds_cpp/lib:/home/rasp/ros2_ws/install/rosidl_typesupport_microxrcedds_c/lib:/home/rasp/ros2_ws/install/rosgraph_msgs/lib:/home/rasp/ros2_ws/install/rclc_parameter/lib:/home/rasp/ros2_ws/install/rclc/lib:/home/rasp/ros2_ws/install/composition_interfaces/lib:/home/rasp/ros2_ws/install/rcl_interfaces/lib:/home/rasp/ros2_ws/install/microxrcedds_client/lib:/home/rasp/ros2_ws/install/microcdr/lib:/home/rasp/ros2_ws/install/micro_ros_utilities/lib:/home/rasp/ros2_ws/install/lifecycle_msgs/lib:/home/rasp/ros2_ws/install/example_interfaces/lib:/home/rasp/ros2_ws/install/complex_msgs/lib:/opt/ros/jazzy/opt/rviz_ogre_vendor/lib:/opt/ros/jazzy/lib/x86_64-linux-gnu:/opt/ros/jazzy/opt/gz_math_vendor/lib:/opt/ros/jazzy/opt/gz_utils_vendor/lib:/opt/ros/jazzy/opt/gz_cmake_vendor/lib:/opt/ros/jazzy/lib PYTHONPATH=/home/rasp/ros2_ws/install/micro_ros_msgs/lib/python3.12/site-packages:/home/rasp/ros2_ws/install/builtin_interfaces/lib/python3.12/site-packages:/home/rasp/ros2_ws/install/visualization_msgs/lib/python3.12/site-packages:/home/rasp/ros2_ws/install/action_msgs/lib/python3.12/site-packages:/home/rasp/ros2_ws/install/unique_identifier_msgs/lib/python3.12/site-packages:/home/rasp/ros2_ws/install/type_description_interfaces/lib/python3.12/site-packages:/home/rasp/ros2_ws/install/trajectory_msgs/lib/python3.12/site-packages:/home/rasp/ros2_ws/install/test_msgs/lib/python3.12/site-packages:/home/rasp/ros2_ws/install/stereo_msgs/lib/python3.12/site-packages:/home/rasp/ros2_ws/install/std_srvs/lib/python3.12/site-packages:/home/rasp/ros2_ws/install/shape_msgs/lib/python3.12/site-packages:/home/rasp/ros2_ws/install/sensor_msgs_py/lib/python3.12/site-packages:/home/rasp/ros2_ws/install/sensor_msgs/lib/python3.12/site-packages:/home/rasp/ros2_ws/install/nav_msgs/lib/python3.12/site-packages:/home/rasp/ros2_ws/install/diagnostic_msgs/lib/python3.12/site-packages:/home/rasp/ros2_ws/install/geometry_msgs/lib/python3.12/site-packages:/home/rasp/ros2_ws/install/actionlib_msgs/lib/python3.12/site-packages:/home/rasp/ros2_ws/install/std_msgs/lib/python3.12/site-packages:/home/rasp/ros2_ws/install/statistics_msgs/lib/python3.12/site-packages:/home/rasp/ros2_ws/install/service_msgs/lib/python3.12/site-packages:/home/rasp/ros2_ws/install/rosidl_typesupport_microxrcedds_cpp/lib/python3.12/site-packages:/home/rasp/ros2_ws/install/rosidl_typesupport_microxrcedds_c/lib/python3.12/site-packages:/home/rasp/ros2_ws/install/rosgraph_msgs/lib/python3.12/site-packages:/home/rasp/ros2_ws/install/composition_interfaces/lib/python3.12/site-packages:/home/rasp/ros2_ws/install/rcl_interfaces/lib/python3.12/site-packages:/home/rasp/ros2_ws/install/lifecycle_msgs/lib/python3.12/site-packages:/home/rasp/ros2_ws/install/example_interfaces/lib/python3.12/site-packages:/home/rasp/ros2_ws/install/complex_msgs/lib/python3.12/site-packages:/opt/ros/jazzy/lib/python3.12/site-packages /usr/bin/cmake --build /home/rasp/ros2_ws/build/micro_ros_agent -- -j2 -l2
[76.152s] Level 1:colcon.colcon_core.environment:create_environment_scripts_only(micro_ros_agent)
[76.173s] Level 1:colcon.colcon_core.environment:checking '/home/rasp/ros2_ws/install/micro_ros_agent' for CMake module files
[76.178s] Level 1:colcon.colcon_core.environment:checking '/home/rasp/ros2_ws/install/micro_ros_agent' for CMake config files
[76.194s] Level 1:colcon.colcon_core.environment:checking '/home/rasp/ros2_ws/install/micro_ros_agent/bin'
[76.195s] Level 1:colcon.colcon_core.environment:checking '/home/rasp/ros2_ws/install/micro_ros_agent/lib/pkgconfig/micro_ros_agent.pc'
[76.207s] Level 1:colcon.colcon_core.environment:checking '/home/rasp/ros2_ws/install/micro_ros_agent/lib/python3.12/site-packages'
[76.208s] Level 1:colcon.colcon_core.environment:checking '/home/rasp/ros2_ws/install/micro_ros_agent/bin'
[76.214s] INFO:colcon.colcon_core.shell:Creating package script '/home/rasp/ros2_ws/install/micro_ros_agent/share/micro_ros_agent/package.ps1'
[76.235s] INFO:colcon.colcon_core.shell:Creating package descriptor '/home/rasp/ros2_ws/install/micro_ros_agent/share/micro_ros_agent/package.dsv'
[76.236s] INFO:colcon.colcon_core.shell:Creating package script '/home/rasp/ros2_ws/install/micro_ros_agent/share/micro_ros_agent/package.sh'
[76.238s] INFO:colcon.colcon_core.shell:Creating package script '/home/rasp/ros2_ws/install/micro_ros_agent/share/micro_ros_agent/package.bash'
[76.241s] INFO:colcon.colcon_core.shell:Creating package script '/home/rasp/ros2_ws/install/micro_ros_agent/share/micro_ros_agent/package.zsh'
[76.244s] Level 1:colcon.colcon_core.environment:create_file_with_runtime_dependencies(/home/rasp/ros2_ws/install/micro_ros_agent/share/colcon-core/packages/micro_ros_agent)
[76.262s] DEBUG:colcon.colcon_parallel_executor.executor.parallel:run_until_complete finished
[76.262s] DEBUG:colcon.colcon_parallel_executor.executor.parallel:closing loop
[76.271s] DEBUG:colcon.colcon_parallel_executor.executor.parallel:loop closed
[76.275s] DEBUG:colcon.colcon_core.event_reactor:joining thread
[76.457s] INFO:colcon.colcon_core.plugin_system:Skipping extension 'colcon_notification.desktop_notification.terminal_notifier': Not used on non-Darwin systems
[76.457s] INFO:colcon.colcon_core.plugin_system:Skipping extension 'colcon_notification.desktop_notification.win32': Not used on non-Windows systems
[76.458s] INFO:colcon.colcon_notification.desktop_notification:Sending desktop notification using 'notify2'
[76.527s] DEBUG:colcon.colcon_core.event_reactor:joined thread
[76.532s] INFO:colcon.colcon_core.shell:Creating prefix script '/home/rasp/ros2_ws/install/local_setup.ps1'
[76.541s] INFO:colcon.colcon_core.shell:Creating prefix util module '/home/rasp/ros2_ws/install/_local_setup_util_ps1.py'
[76.544s] INFO:colcon.colcon_core.shell:Creating prefix chain script '/home/rasp/ros2_ws/install/setup.ps1'
[76.552s] INFO:colcon.colcon_core.shell:Creating prefix script '/home/rasp/ros2_ws/install/local_setup.sh'
[76.553s] INFO:colcon.colcon_core.shell:Creating prefix util module '/home/rasp/ros2_ws/install/_local_setup_util_sh.py'
[76.554s] INFO:colcon.colcon_core.shell:Creating prefix chain script '/home/rasp/ros2_ws/install/setup.sh'
[76.559s] INFO:colcon.colcon_core.shell:Creating prefix script '/home/rasp/ros2_ws/install/local_setup.bash'
[76.560s] INFO:colcon.colcon_core.shell:Creating prefix chain script '/home/rasp/ros2_ws/install/setup.bash'
[76.951s] INFO:colcon.colcon_core.shell:Creating prefix script '/home/rasp/ros2_ws/install/local_setup.zsh'
[76.952s] INFO:colcon.colcon_core.shell:Creating prefix chain script '/home/rasp/ros2_ws/install/setup.zsh'
