[0.007s] Invoking command in '/home/rasp/ros2_ws/build/rcl_interfaces': AMENT_PREFIX_PATH=/home/rasp/ros2_ws/install/builtin_interfaces:${AMENT_PREFIX_PATH} CMAKE_PREFIX_PATH=/home/rasp/ros2_ws/install/builtin_interfaces:/home/rasp/ros2_ws/install/rosidl_typesupport_microxrcedds_cpp:/home/rasp/ros2_ws/install/rosidl_typesupport_microxrcedds_c:/home/rasp/ros2_ws/install/microcdr:/home/rasp/ros2_ws/install/micro_ros_setup:/opt/ros/jazzy/opt/gz_math_vendor:/opt/ros/jazzy/opt/gz_utils_vendor:/opt/ros/jazzy/opt/gz_cmake_vendor:/opt/ros/jazzy DEBUGINFOD_URLS=https://debuginfod.ubuntu.com LD_LIBRARY_PATH=/home/rasp/ros2_ws/install/builtin_interfaces/lib:${LD_LIBRARY_PATH} PYTHONPATH=/home/rasp/ros2_ws/install/builtin_interfaces/lib/python3.12/site-packages:${PYTHONPATH} /usr/bin/cmake /home/rasp/ros2_ws/src/ros2/rcl_interfaces/rcl_interfaces -DBUILD_TESTING=OFF -DBUILD_SHARED_LIBS=ON -DCMAKE_INSTALL_PREFIX=/home/rasp/ros2_ws/install/rcl_interfaces
[0.077s] -- The C compiler identification is GNU 13.3.0
[0.142s] -- The CXX compiler identification is GNU 13.3.0
[0.168s] -- Detecting C compiler ABI info
[0.283s] -- Detecting C compiler ABI info - done
[0.291s] -- Check for working C compiler: /usr/bin/cc - skipped
[0.292s] -- Detecting C compile features
[0.292s] -- Detecting C compile features - done
[0.303s] -- Detecting CXX compiler ABI info
[0.430s] -- Detecting CXX compiler ABI info - done
[0.442s] -- Check for working CXX compiler: /usr/bin/c++ - skipped
[0.443s] -- Detecting CXX compile features
[0.443s] -- Detecting CXX compile features - done
[0.448s] -- Found ament_cmake: 2.5.3 (/opt/ros/jazzy/share/ament_cmake/cmake)
[0.599s] -- Found Python3: /usr/bin/python3 (found version "3.12.3") found components: Interpreter 
[0.707s] -- Found rosidl_default_generators: 1.6.0 (/opt/ros/jazzy/share/rosidl_default_generators/cmake)
[0.715s] -- Using all available rosidl_typesupport_c: rosidl_typesupport_microxrcedds_c;rosidl_typesupport_fastrtps_c;rosidl_typesupport_introspection_c
[0.761s] -- Found rosidl_adapter: 4.6.5 (/opt/ros/jazzy/share/rosidl_adapter/cmake)
[0.792s] -- Using all available rosidl_typesupport_cpp: rosidl_typesupport_microxrcedds_cpp;rosidl_typesupport_fastrtps_cpp;rosidl_typesupport_introspection_cpp
[0.834s] -- Found builtin_interfaces: 2.0.2 (/home/rasp/ros2_ws/install/builtin_interfaces/share/builtin_interfaces/cmake)
[1.563s] -- Found ament_cmake_ros: 0.12.0 (/opt/ros/jazzy/share/ament_cmake_ros/cmake)
[2.168s] -- Using all available rosidl_typesupport_c: rosidl_typesupport_microxrcedds_c;rosidl_typesupport_fastrtps_c;rosidl_typesupport_introspection_c
[2.954s] -- Using all available rosidl_typesupport_cpp: rosidl_typesupport_microxrcedds_cpp;rosidl_typesupport_fastrtps_cpp;rosidl_typesupport_introspection_cpp
[2.958s] -- Found python_cmake_module: 0.11.1 (/opt/ros/jazzy/share/python_cmake_module/cmake)
[3.102s] -- Found PythonExtra: /usr/bin/python3  
[3.553s] -- Found Python3: /usr/bin/python3 (found version "3.12.3") found components: Interpreter Development NumPy Development.Module Development.Embed 
[3.600s] -- Configuring done (3.6s)
[3.696s] -- Generating done (0.1s)
[3.712s] -- Build files have been written to: /home/rasp/ros2_ws/build/rcl_interfaces
[3.726s] Invoked command in '/home/rasp/ros2_ws/build/rcl_interfaces' returned '0': AMENT_PREFIX_PATH=/home/rasp/ros2_ws/install/builtin_interfaces:${AMENT_PREFIX_PATH} CMAKE_PREFIX_PATH=/home/rasp/ros2_ws/install/builtin_interfaces:/home/rasp/ros2_ws/install/rosidl_typesupport_microxrcedds_cpp:/home/rasp/ros2_ws/install/rosidl_typesupport_microxrcedds_c:/home/rasp/ros2_ws/install/microcdr:/home/rasp/ros2_ws/install/micro_ros_setup:/opt/ros/jazzy/opt/gz_math_vendor:/opt/ros/jazzy/opt/gz_utils_vendor:/opt/ros/jazzy/opt/gz_cmake_vendor:/opt/ros/jazzy DEBUGINFOD_URLS=https://debuginfod.ubuntu.com LD_LIBRARY_PATH=/home/rasp/ros2_ws/install/builtin_interfaces/lib:${LD_LIBRARY_PATH} PYTHONPATH=/home/rasp/ros2_ws/install/builtin_interfaces/lib/python3.12/site-packages:${PYTHONPATH} /usr/bin/cmake /home/rasp/ros2_ws/src/ros2/rcl_interfaces/rcl_interfaces -DBUILD_TESTING=OFF -DBUILD_SHARED_LIBS=ON -DCMAKE_INSTALL_PREFIX=/home/rasp/ros2_ws/install/rcl_interfaces
[3.728s] Invoking command in '/home/rasp/ros2_ws/build/rcl_interfaces': AMENT_PREFIX_PATH=/home/rasp/ros2_ws/install/builtin_interfaces:${AMENT_PREFIX_PATH} CMAKE_PREFIX_PATH=/home/rasp/ros2_ws/install/builtin_interfaces:/home/rasp/ros2_ws/install/rosidl_typesupport_microxrcedds_cpp:/home/rasp/ros2_ws/install/rosidl_typesupport_microxrcedds_c:/home/rasp/ros2_ws/install/microcdr:/home/rasp/ros2_ws/install/micro_ros_setup:/opt/ros/jazzy/opt/gz_math_vendor:/opt/ros/jazzy/opt/gz_utils_vendor:/opt/ros/jazzy/opt/gz_cmake_vendor:/opt/ros/jazzy DEBUGINFOD_URLS=https://debuginfod.ubuntu.com LD_LIBRARY_PATH=/home/rasp/ros2_ws/install/builtin_interfaces/lib:${LD_LIBRARY_PATH} PYTHONPATH=/home/rasp/ros2_ws/install/builtin_interfaces/lib/python3.12/site-packages:${PYTHONPATH} /usr/bin/cmake --build /home/rasp/ros2_ws/build/rcl_interfaces -- -j2 -l2
[3.813s] [  0%] [34m[1mGenerating type hashes for ROS interfaces[0m
[5.121s] [  0%] Built target rcl_interfaces__rosidl_generator_type_description
[5.159s] [  0%] Built target ament_cmake_python_copy_rcl_interfaces
[5.197s] [  0%] [34m[1mGenerating C++ code for ROS interfaces[0m
[8.214s] [  0%] Built target rcl_interfaces__cpp
[8.233s] [  1%] [34m[1mGenerating C code for ROS interfaces[0m
[12.088s] [  1%] [32mBuilding C object CMakeFiles/rcl_interfaces__rosidl_generator_c.dir/rosidl_generator_c/rcl_interfaces/msg/detail/floating_point_range__description.c.o[0m
[12.132s] [  1%] [32mBuilding C object CMakeFiles/rcl_interfaces__rosidl_generator_c.dir/rosidl_generator_c/rcl_interfaces/msg/detail/floating_point_range__functions.c.o[0m
[12.191s] [  2%] [32mBuilding C object CMakeFiles/rcl_interfaces__rosidl_generator_c.dir/rosidl_generator_c/rcl_interfaces/msg/detail/floating_point_range__type_support.c.o[0m
[12.231s] [  2%] [32mBuilding C object CMakeFiles/rcl_interfaces__rosidl_generator_c.dir/rosidl_generator_c/rcl_interfaces/msg/detail/integer_range__description.c.o[0m
[12.281s] [  2%] [32mBuilding C object CMakeFiles/rcl_interfaces__rosidl_generator_c.dir/rosidl_generator_c/rcl_interfaces/msg/detail/integer_range__functions.c.o[0m
[12.336s] [  3%] [32mBuilding C object CMakeFiles/rcl_interfaces__rosidl_generator_c.dir/rosidl_generator_c/rcl_interfaces/msg/detail/integer_range__type_support.c.o[0m
[12.376s] [  3%] [32mBuilding C object CMakeFiles/rcl_interfaces__rosidl_generator_c.dir/rosidl_generator_c/rcl_interfaces/msg/detail/list_parameters_result__description.c.o[0m
[12.423s] [  3%] [32mBuilding C object CMakeFiles/rcl_interfaces__rosidl_generator_c.dir/rosidl_generator_c/rcl_interfaces/msg/detail/list_parameters_result__functions.c.o[0m
[12.478s] [  4%] [32mBuilding C object CMakeFiles/rcl_interfaces__rosidl_generator_c.dir/rosidl_generator_c/rcl_interfaces/msg/detail/list_parameters_result__type_support.c.o[0m
[12.516s] [  4%] [32mBuilding C object CMakeFiles/rcl_interfaces__rosidl_generator_c.dir/rosidl_generator_c/rcl_interfaces/msg/detail/log__description.c.o[0m
[12.565s] [  4%] [32mBuilding C object CMakeFiles/rcl_interfaces__rosidl_generator_c.dir/rosidl_generator_c/rcl_interfaces/msg/detail/log__functions.c.o[0m
[12.622s] [  5%] [32mBuilding C object CMakeFiles/rcl_interfaces__rosidl_generator_c.dir/rosidl_generator_c/rcl_interfaces/msg/detail/log__type_support.c.o[0m
[12.664s] [  5%] [32mBuilding C object CMakeFiles/rcl_interfaces__rosidl_generator_c.dir/rosidl_generator_c/rcl_interfaces/msg/detail/parameter_descriptor__description.c.o[0m
[12.721s] [  6%] [32mBuilding C object CMakeFiles/rcl_interfaces__rosidl_generator_c.dir/rosidl_generator_c/rcl_interfaces/msg/detail/parameter_descriptor__functions.c.o[0m
[12.776s] [  6%] [32mBuilding C object CMakeFiles/rcl_interfaces__rosidl_generator_c.dir/rosidl_generator_c/rcl_interfaces/msg/detail/parameter_descriptor__type_support.c.o[0m
[12.816s] [  6%] [32mBuilding C object CMakeFiles/rcl_interfaces__rosidl_generator_c.dir/rosidl_generator_c/rcl_interfaces/msg/detail/parameter_event_descriptors__description.c.o[0m
[12.866s] [  7%] [32mBuilding C object CMakeFiles/rcl_interfaces__rosidl_generator_c.dir/rosidl_generator_c/rcl_interfaces/msg/detail/parameter_event_descriptors__functions.c.o[0m
[12.920s] [  7%] [32mBuilding C object CMakeFiles/rcl_interfaces__rosidl_generator_c.dir/rosidl_generator_c/rcl_interfaces/msg/detail/parameter_event_descriptors__type_support.c.o[0m
[12.961s] [  7%] [32mBuilding C object CMakeFiles/rcl_interfaces__rosidl_generator_c.dir/rosidl_generator_c/rcl_interfaces/msg/detail/parameter_event__description.c.o[0m
[13.008s] [  8%] [32mBuilding C object CMakeFiles/rcl_interfaces__rosidl_generator_c.dir/rosidl_generator_c/rcl_interfaces/msg/detail/parameter_event__functions.c.o[0m
[13.066s] [  8%] [32mBuilding C object CMakeFiles/rcl_interfaces__rosidl_generator_c.dir/rosidl_generator_c/rcl_interfaces/msg/detail/parameter_event__type_support.c.o[0m
[13.104s] [  8%] [32mBuilding C object CMakeFiles/rcl_interfaces__rosidl_generator_c.dir/rosidl_generator_c/rcl_interfaces/msg/detail/parameter__description.c.o[0m
[13.151s] [  9%] [32mBuilding C object CMakeFiles/rcl_interfaces__rosidl_generator_c.dir/rosidl_generator_c/rcl_interfaces/msg/detail/parameter__functions.c.o[0m
[13.206s] [  9%] [32mBuilding C object CMakeFiles/rcl_interfaces__rosidl_generator_c.dir/rosidl_generator_c/rcl_interfaces/msg/detail/parameter__type_support.c.o[0m
[13.246s] [  9%] [32mBuilding C object CMakeFiles/rcl_interfaces__rosidl_generator_c.dir/rosidl_generator_c/rcl_interfaces/msg/detail/parameter_type__description.c.o[0m
[13.294s] [ 10%] [32mBuilding C object CMakeFiles/rcl_interfaces__rosidl_generator_c.dir/rosidl_generator_c/rcl_interfaces/msg/detail/parameter_type__functions.c.o[0m
[13.349s] [ 10%] [32mBuilding C object CMakeFiles/rcl_interfaces__rosidl_generator_c.dir/rosidl_generator_c/rcl_interfaces/msg/detail/parameter_type__type_support.c.o[0m
[13.389s] [ 10%] [32mBuilding C object CMakeFiles/rcl_interfaces__rosidl_generator_c.dir/rosidl_generator_c/rcl_interfaces/msg/detail/parameter_value__description.c.o[0m
[13.433s] [ 11%] [32mBuilding C object CMakeFiles/rcl_interfaces__rosidl_generator_c.dir/rosidl_generator_c/rcl_interfaces/msg/detail/parameter_value__functions.c.o[0m
[13.494s] [ 11%] [32mBuilding C object CMakeFiles/rcl_interfaces__rosidl_generator_c.dir/rosidl_generator_c/rcl_interfaces/msg/detail/parameter_value__type_support.c.o[0m
[13.535s] [ 12%] [32mBuilding C object CMakeFiles/rcl_interfaces__rosidl_generator_c.dir/rosidl_generator_c/rcl_interfaces/msg/detail/set_parameters_result__description.c.o[0m
[13.580s] [ 12%] [32mBuilding C object CMakeFiles/rcl_interfaces__rosidl_generator_c.dir/rosidl_generator_c/rcl_interfaces/msg/detail/set_parameters_result__functions.c.o[0m
[13.634s] [ 12%] [32mBuilding C object CMakeFiles/rcl_interfaces__rosidl_generator_c.dir/rosidl_generator_c/rcl_interfaces/msg/detail/set_parameters_result__type_support.c.o[0m
[13.673s] [ 13%] [32mBuilding C object CMakeFiles/rcl_interfaces__rosidl_generator_c.dir/rosidl_generator_c/rcl_interfaces/msg/detail/logger_level__description.c.o[0m
[13.714s] [ 13%] [32mBuilding C object CMakeFiles/rcl_interfaces__rosidl_generator_c.dir/rosidl_generator_c/rcl_interfaces/msg/detail/logger_level__functions.c.o[0m
[13.769s] [ 13%] [32mBuilding C object CMakeFiles/rcl_interfaces__rosidl_generator_c.dir/rosidl_generator_c/rcl_interfaces/msg/detail/logger_level__type_support.c.o[0m
[13.806s] [ 14%] [32mBuilding C object CMakeFiles/rcl_interfaces__rosidl_generator_c.dir/rosidl_generator_c/rcl_interfaces/msg/detail/set_logger_levels_result__description.c.o[0m
[13.850s] [ 14%] [32mBuilding C object CMakeFiles/rcl_interfaces__rosidl_generator_c.dir/rosidl_generator_c/rcl_interfaces/msg/detail/set_logger_levels_result__functions.c.o[0m
[13.904s] [ 14%] [32mBuilding C object CMakeFiles/rcl_interfaces__rosidl_generator_c.dir/rosidl_generator_c/rcl_interfaces/msg/detail/set_logger_levels_result__type_support.c.o[0m
[13.941s] [ 15%] [32mBuilding C object CMakeFiles/rcl_interfaces__rosidl_generator_c.dir/rosidl_generator_c/rcl_interfaces/srv/detail/describe_parameters__description.c.o[0m
[14.002s] [ 15%] [32mBuilding C object CMakeFiles/rcl_interfaces__rosidl_generator_c.dir/rosidl_generator_c/rcl_interfaces/srv/detail/describe_parameters__functions.c.o[0m
[14.080s] [ 15%] [32mBuilding C object CMakeFiles/rcl_interfaces__rosidl_generator_c.dir/rosidl_generator_c/rcl_interfaces/srv/detail/describe_parameters__type_support.c.o[0m
[14.128s] [ 16%] [32mBuilding C object CMakeFiles/rcl_interfaces__rosidl_generator_c.dir/rosidl_generator_c/rcl_interfaces/srv/detail/get_parameters__description.c.o[0m
[14.183s] [ 16%] [32mBuilding C object CMakeFiles/rcl_interfaces__rosidl_generator_c.dir/rosidl_generator_c/rcl_interfaces/srv/detail/get_parameters__functions.c.o[0m
[14.260s] [ 17%] [32mBuilding C object CMakeFiles/rcl_interfaces__rosidl_generator_c.dir/rosidl_generator_c/rcl_interfaces/srv/detail/get_parameters__type_support.c.o[0m
[14.306s] [ 17%] [32mBuilding C object CMakeFiles/rcl_interfaces__rosidl_generator_c.dir/rosidl_generator_c/rcl_interfaces/srv/detail/get_parameter_types__description.c.o[0m
[14.369s] [ 17%] [32mBuilding C object CMakeFiles/rcl_interfaces__rosidl_generator_c.dir/rosidl_generator_c/rcl_interfaces/srv/detail/get_parameter_types__functions.c.o[0m
[14.452s] [ 18%] [32mBuilding C object CMakeFiles/rcl_interfaces__rosidl_generator_c.dir/rosidl_generator_c/rcl_interfaces/srv/detail/get_parameter_types__type_support.c.o[0m
[14.501s] [ 18%] [32mBuilding C object CMakeFiles/rcl_interfaces__rosidl_generator_c.dir/rosidl_generator_c/rcl_interfaces/srv/detail/list_parameters__description.c.o[0m
[14.567s] [ 18%] [32mBuilding C object CMakeFiles/rcl_interfaces__rosidl_generator_c.dir/rosidl_generator_c/rcl_interfaces/srv/detail/list_parameters__functions.c.o[0m
[14.643s] [ 19%] [32mBuilding C object CMakeFiles/rcl_interfaces__rosidl_generator_c.dir/rosidl_generator_c/rcl_interfaces/srv/detail/list_parameters__type_support.c.o[0m
[14.694s] [ 19%] [32mBuilding C object CMakeFiles/rcl_interfaces__rosidl_generator_c.dir/rosidl_generator_c/rcl_interfaces/srv/detail/set_parameters_atomically__description.c.o[0m
[14.759s] [ 19%] [32mBuilding C object CMakeFiles/rcl_interfaces__rosidl_generator_c.dir/rosidl_generator_c/rcl_interfaces/srv/detail/set_parameters_atomically__functions.c.o[0m
[14.833s] [ 20%] [32mBuilding C object CMakeFiles/rcl_interfaces__rosidl_generator_c.dir/rosidl_generator_c/rcl_interfaces/srv/detail/set_parameters_atomically__type_support.c.o[0m
[14.883s] [ 20%] [32mBuilding C object CMakeFiles/rcl_interfaces__rosidl_generator_c.dir/rosidl_generator_c/rcl_interfaces/srv/detail/set_parameters__description.c.o[0m
[14.941s] [ 20%] [32mBuilding C object CMakeFiles/rcl_interfaces__rosidl_generator_c.dir/rosidl_generator_c/rcl_interfaces/srv/detail/set_parameters__functions.c.o[0m
[15.020s] [ 21%] [32mBuilding C object CMakeFiles/rcl_interfaces__rosidl_generator_c.dir/rosidl_generator_c/rcl_interfaces/srv/detail/set_parameters__type_support.c.o[0m
[15.068s] [ 21%] [32mBuilding C object CMakeFiles/rcl_interfaces__rosidl_generator_c.dir/rosidl_generator_c/rcl_interfaces/srv/detail/get_logger_levels__description.c.o[0m
[15.123s] [ 21%] [32mBuilding C object CMakeFiles/rcl_interfaces__rosidl_generator_c.dir/rosidl_generator_c/rcl_interfaces/srv/detail/get_logger_levels__functions.c.o[0m
[15.203s] [ 22%] [32mBuilding C object CMakeFiles/rcl_interfaces__rosidl_generator_c.dir/rosidl_generator_c/rcl_interfaces/srv/detail/get_logger_levels__type_support.c.o[0m
[15.248s] [ 22%] [32mBuilding C object CMakeFiles/rcl_interfaces__rosidl_generator_c.dir/rosidl_generator_c/rcl_interfaces/srv/detail/set_logger_levels__description.c.o[0m
[15.312s] [ 23%] [32mBuilding C object CMakeFiles/rcl_interfaces__rosidl_generator_c.dir/rosidl_generator_c/rcl_interfaces/srv/detail/set_logger_levels__functions.c.o[0m
[15.390s] [ 23%] [32mBuilding C object CMakeFiles/rcl_interfaces__rosidl_generator_c.dir/rosidl_generator_c/rcl_interfaces/srv/detail/set_logger_levels__type_support.c.o[0m
[15.432s] [ 23%] [32m[1mLinking C shared library librcl_interfaces__rosidl_generator_c.so[0m
[15.496s] [ 23%] Built target rcl_interfaces__rosidl_generator_c
[15.726s] running egg_info
[15.729s] creating rcl_interfaces.egg-info
[15.746s] writing rcl_interfaces.egg-info/PKG-INFO
[15.746s] writing dependency_links to rcl_interfaces.egg-info/dependency_links.txt
[15.747s] writing top-level names to rcl_interfaces.egg-info/top_level.txt
[15.747s] writing manifest file 'rcl_interfaces.egg-info/SOURCES.txt'
[15.808s] reading manifest file 'rcl_interfaces.egg-info/SOURCES.txt'
[15.809s] writing manifest file 'rcl_interfaces.egg-info/SOURCES.txt'
[15.837s] [ 23%] Built target ament_cmake_python_build_rcl_interfaces_egg
[15.852s] [ 23%] [34m[1mGenerating C++ type support dispatch for ROS interfaces[0m
[17.436s] [ 23%] [32mBuilding CXX object CMakeFiles/rcl_interfaces__rosidl_typesupport_cpp.dir/rosidl_typesupport_cpp/rcl_interfaces/msg/floating_point_range__type_support.cpp.o[0m
[17.758s] [ 24%] [32mBuilding CXX object CMakeFiles/rcl_interfaces__rosidl_typesupport_cpp.dir/rosidl_typesupport_cpp/rcl_interfaces/msg/integer_range__type_support.cpp.o[0m
[18.078s] [ 24%] [32mBuilding CXX object CMakeFiles/rcl_interfaces__rosidl_typesupport_cpp.dir/rosidl_typesupport_cpp/rcl_interfaces/msg/list_parameters_result__type_support.cpp.o[0m
[18.398s] [ 24%] [32mBuilding CXX object CMakeFiles/rcl_interfaces__rosidl_typesupport_cpp.dir/rosidl_typesupport_cpp/rcl_interfaces/msg/log__type_support.cpp.o[0m
[18.694s] [ 25%] [32mBuilding CXX object CMakeFiles/rcl_interfaces__rosidl_typesupport_cpp.dir/rosidl_typesupport_cpp/rcl_interfaces/msg/parameter_descriptor__type_support.cpp.o[0m
[19.062s] [ 25%] [32mBuilding CXX object CMakeFiles/rcl_interfaces__rosidl_typesupport_cpp.dir/rosidl_typesupport_cpp/rcl_interfaces/msg/parameter_event_descriptors__type_support.cpp.o[0m
[19.398s] [ 25%] [32mBuilding CXX object CMakeFiles/rcl_interfaces__rosidl_typesupport_cpp.dir/rosidl_typesupport_cpp/rcl_interfaces/msg/parameter_event__type_support.cpp.o[0m
[19.726s] [ 26%] [32mBuilding CXX object CMakeFiles/rcl_interfaces__rosidl_typesupport_cpp.dir/rosidl_typesupport_cpp/rcl_interfaces/msg/parameter__type_support.cpp.o[0m
[20.053s] [ 26%] [32mBuilding CXX object CMakeFiles/rcl_interfaces__rosidl_typesupport_cpp.dir/rosidl_typesupport_cpp/rcl_interfaces/msg/parameter_type__type_support.cpp.o[0m
[20.367s] [ 26%] [32mBuilding CXX object CMakeFiles/rcl_interfaces__rosidl_typesupport_cpp.dir/rosidl_typesupport_cpp/rcl_interfaces/msg/parameter_value__type_support.cpp.o[0m
[20.695s] [ 27%] [32mBuilding CXX object CMakeFiles/rcl_interfaces__rosidl_typesupport_cpp.dir/rosidl_typesupport_cpp/rcl_interfaces/msg/set_parameters_result__type_support.cpp.o[0m
[21.010s] [ 27%] [32mBuilding CXX object CMakeFiles/rcl_interfaces__rosidl_typesupport_cpp.dir/rosidl_typesupport_cpp/rcl_interfaces/msg/logger_level__type_support.cpp.o[0m
[21.331s] [ 28%] [32mBuilding CXX object CMakeFiles/rcl_interfaces__rosidl_typesupport_cpp.dir/rosidl_typesupport_cpp/rcl_interfaces/msg/set_logger_levels_result__type_support.cpp.o[0m
[21.671s] [ 28%] [32mBuilding CXX object CMakeFiles/rcl_interfaces__rosidl_typesupport_cpp.dir/rosidl_typesupport_cpp/rcl_interfaces/srv/describe_parameters__type_support.cpp.o[0m
[22.155s] [ 28%] [32mBuilding CXX object CMakeFiles/rcl_interfaces__rosidl_typesupport_cpp.dir/rosidl_typesupport_cpp/rcl_interfaces/srv/get_parameters__type_support.cpp.o[0m
[22.677s] [ 29%] [32mBuilding CXX object CMakeFiles/rcl_interfaces__rosidl_typesupport_cpp.dir/rosidl_typesupport_cpp/rcl_interfaces/srv/get_parameter_types__type_support.cpp.o[0m
[23.110s] [ 29%] [32mBuilding CXX object CMakeFiles/rcl_interfaces__rosidl_typesupport_cpp.dir/rosidl_typesupport_cpp/rcl_interfaces/srv/list_parameters__type_support.cpp.o[0m
[23.516s] [ 29%] [32mBuilding CXX object CMakeFiles/rcl_interfaces__rosidl_typesupport_cpp.dir/rosidl_typesupport_cpp/rcl_interfaces/srv/set_parameters_atomically__type_support.cpp.o[0m
[24.071s] [ 30%] [32mBuilding CXX object CMakeFiles/rcl_interfaces__rosidl_typesupport_cpp.dir/rosidl_typesupport_cpp/rcl_interfaces/srv/set_parameters__type_support.cpp.o[0m
[24.618s] [ 30%] [32mBuilding CXX object CMakeFiles/rcl_interfaces__rosidl_typesupport_cpp.dir/rosidl_typesupport_cpp/rcl_interfaces/srv/get_logger_levels__type_support.cpp.o[0m
[25.036s] [ 30%] [32mBuilding CXX object CMakeFiles/rcl_interfaces__rosidl_typesupport_cpp.dir/rosidl_typesupport_cpp/rcl_interfaces/srv/set_logger_levels__type_support.cpp.o[0m
[25.465s] [ 31%] [32m[1mLinking CXX shared library librcl_interfaces__rosidl_typesupport_cpp.so[0m
[25.582s] [ 31%] Built target rcl_interfaces__rosidl_typesupport_cpp
[25.595s] [ 32%] [34m[1mGenerating C type support for eProsima Micro XRCE-DDS[0m
[25.669s] /opt/ros/jazzy/lib/python3.12/site-packages/rosidl_cmake/__init__.py:19: UserWarning: The 'rosidl_cmake' Python module is deprecated. Use 'rosidl_pycommon' instead.
[25.669s]   warnings.warn(
[27.686s] [ 32%] [32mBuilding C object CMakeFiles/rcl_interfaces__rosidl_typesupport_microxrcedds_c.dir/rosidl_typesupport_microxrcedds_c/rcl_interfaces/msg/detail/microxrcedds/floating_point_range__type_support_c.c.o[0m
[27.740s] [ 32%] [32mBuilding C object CMakeFiles/rcl_interfaces__rosidl_typesupport_microxrcedds_c.dir/rosidl_typesupport_microxrcedds_c/rcl_interfaces/msg/detail/microxrcedds/integer_range__type_support_c.c.o[0m
[27.801s] [ 33%] [32mBuilding C object CMakeFiles/rcl_interfaces__rosidl_typesupport_microxrcedds_c.dir/rosidl_typesupport_microxrcedds_c/rcl_interfaces/msg/detail/microxrcedds/list_parameters_result__type_support_c.c.o[0m
[27.862s] [ 33%] [32mBuilding C object CMakeFiles/rcl_interfaces__rosidl_typesupport_microxrcedds_c.dir/rosidl_typesupport_microxrcedds_c/rcl_interfaces/msg/detail/microxrcedds/log__type_support_c.c.o[0m
[27.925s] [ 33%] [32mBuilding C object CMakeFiles/rcl_interfaces__rosidl_typesupport_microxrcedds_c.dir/rosidl_typesupport_microxrcedds_c/rcl_interfaces/msg/detail/microxrcedds/parameter_descriptor__type_support_c.c.o[0m
[27.994s] [ 34%] [32mBuilding C object CMakeFiles/rcl_interfaces__rosidl_typesupport_microxrcedds_c.dir/rosidl_typesupport_microxrcedds_c/rcl_interfaces/msg/detail/microxrcedds/parameter_event_descriptors__type_support_c.c.o[0m
[28.057s] [ 34%] [32mBuilding C object CMakeFiles/rcl_interfaces__rosidl_typesupport_microxrcedds_c.dir/rosidl_typesupport_microxrcedds_c/rcl_interfaces/msg/detail/microxrcedds/parameter_event__type_support_c.c.o[0m
[28.128s] [ 35%] [32mBuilding C object CMakeFiles/rcl_interfaces__rosidl_typesupport_microxrcedds_c.dir/rosidl_typesupport_microxrcedds_c/rcl_interfaces/msg/detail/microxrcedds/parameter__type_support_c.c.o[0m
[28.188s] [ 35%] [32mBuilding C object CMakeFiles/rcl_interfaces__rosidl_typesupport_microxrcedds_c.dir/rosidl_typesupport_microxrcedds_c/rcl_interfaces/msg/detail/microxrcedds/parameter_type__type_support_c.c.o[0m
[28.247s] [ 35%] [32mBuilding C object CMakeFiles/rcl_interfaces__rosidl_typesupport_microxrcedds_c.dir/rosidl_typesupport_microxrcedds_c/rcl_interfaces/msg/detail/microxrcedds/parameter_value__type_support_c.c.o[0m
[28.309s] [ 36%] [32mBuilding C object CMakeFiles/rcl_interfaces__rosidl_typesupport_microxrcedds_c.dir/rosidl_typesupport_microxrcedds_c/rcl_interfaces/msg/detail/microxrcedds/set_parameters_result__type_support_c.c.o[0m
[28.367s] [ 36%] [32mBuilding C object CMakeFiles/rcl_interfaces__rosidl_typesupport_microxrcedds_c.dir/rosidl_typesupport_microxrcedds_c/rcl_interfaces/msg/detail/microxrcedds/logger_level__type_support_c.c.o[0m
[28.428s] [ 36%] [32mBuilding C object CMakeFiles/rcl_interfaces__rosidl_typesupport_microxrcedds_c.dir/rosidl_typesupport_microxrcedds_c/rcl_interfaces/msg/detail/microxrcedds/set_logger_levels_result__type_support_c.c.o[0m
[28.490s] [ 37%] [32mBuilding C object CMakeFiles/rcl_interfaces__rosidl_typesupport_microxrcedds_c.dir/rosidl_typesupport_microxrcedds_c/rcl_interfaces/srv/detail/microxrcedds/describe_parameters__type_support_c.c.o[0m
[28.561s] [ 37%] [32mBuilding C object CMakeFiles/rcl_interfaces__rosidl_typesupport_microxrcedds_c.dir/rosidl_typesupport_microxrcedds_c/rcl_interfaces/srv/detail/microxrcedds/get_parameters__type_support_c.c.o[0m
[28.639s] [ 37%] [32mBuilding C object CMakeFiles/rcl_interfaces__rosidl_typesupport_microxrcedds_c.dir/rosidl_typesupport_microxrcedds_c/rcl_interfaces/srv/detail/microxrcedds/get_parameter_types__type_support_c.c.o[0m
[28.713s] [ 38%] [32mBuilding C object CMakeFiles/rcl_interfaces__rosidl_typesupport_microxrcedds_c.dir/rosidl_typesupport_microxrcedds_c/rcl_interfaces/srv/detail/microxrcedds/list_parameters__type_support_c.c.o[0m
[28.785s] [ 38%] [32mBuilding C object CMakeFiles/rcl_interfaces__rosidl_typesupport_microxrcedds_c.dir/rosidl_typesupport_microxrcedds_c/rcl_interfaces/srv/detail/microxrcedds/set_parameters_atomically__type_support_c.c.o[0m
[28.854s] [ 38%] [32mBuilding C object CMakeFiles/rcl_interfaces__rosidl_typesupport_microxrcedds_c.dir/rosidl_typesupport_microxrcedds_c/rcl_interfaces/srv/detail/microxrcedds/set_parameters__type_support_c.c.o[0m
[28.930s] [ 39%] [32mBuilding C object CMakeFiles/rcl_interfaces__rosidl_typesupport_microxrcedds_c.dir/rosidl_typesupport_microxrcedds_c/rcl_interfaces/srv/detail/microxrcedds/get_logger_levels__type_support_c.c.o[0m
[29.007s] [ 39%] [32mBuilding C object CMakeFiles/rcl_interfaces__rosidl_typesupport_microxrcedds_c.dir/rosidl_typesupport_microxrcedds_c/rcl_interfaces/srv/detail/microxrcedds/set_logger_levels__type_support_c.c.o[0m
[29.081s] [ 40%] [32m[1mLinking C shared library librcl_interfaces__rosidl_typesupport_microxrcedds_c.so[0m
[29.145s] [ 40%] Built target rcl_interfaces__rosidl_typesupport_microxrcedds_c
[29.161s] [ 40%] [34m[1mGenerating C type support for eProsima Fast-RTPS[0m
[31.668s] [ 40%] [32mBuilding CXX object CMakeFiles/rcl_interfaces__rosidl_typesupport_fastrtps_c.dir/rosidl_typesupport_fastrtps_c/rcl_interfaces/msg/detail/floating_point_range__type_support_c.cpp.o[0m
[32.098s] [ 41%] [32mBuilding CXX object CMakeFiles/rcl_interfaces__rosidl_typesupport_fastrtps_c.dir/rosidl_typesupport_fastrtps_c/rcl_interfaces/msg/detail/integer_range__type_support_c.cpp.o[0m
[32.549s] [ 41%] [32mBuilding CXX object CMakeFiles/rcl_interfaces__rosidl_typesupport_fastrtps_c.dir/rosidl_typesupport_fastrtps_c/rcl_interfaces/msg/detail/list_parameters_result__type_support_c.cpp.o[0m
[33.011s] [ 42%] [32mBuilding CXX object CMakeFiles/rcl_interfaces__rosidl_typesupport_fastrtps_c.dir/rosidl_typesupport_fastrtps_c/rcl_interfaces/msg/detail/log__type_support_c.cpp.o[0m
[33.520s] [ 42%] [32mBuilding CXX object CMakeFiles/rcl_interfaces__rosidl_typesupport_fastrtps_c.dir/rosidl_typesupport_fastrtps_c/rcl_interfaces/msg/detail/parameter_descriptor__type_support_c.cpp.o[0m
[33.996s] [ 42%] [32mBuilding CXX object CMakeFiles/rcl_interfaces__rosidl_typesupport_fastrtps_c.dir/rosidl_typesupport_fastrtps_c/rcl_interfaces/msg/detail/parameter_event_descriptors__type_support_c.cpp.o[0m
[34.449s] [ 43%] [32mBuilding CXX object CMakeFiles/rcl_interfaces__rosidl_typesupport_fastrtps_c.dir/rosidl_typesupport_fastrtps_c/rcl_interfaces/msg/detail/parameter_event__type_support_c.cpp.o[0m
[34.906s] [ 43%] [32mBuilding CXX object CMakeFiles/rcl_interfaces__rosidl_typesupport_fastrtps_c.dir/rosidl_typesupport_fastrtps_c/rcl_interfaces/msg/detail/parameter__type_support_c.cpp.o[0m
[35.344s] [ 43%] [32mBuilding CXX object CMakeFiles/rcl_interfaces__rosidl_typesupport_fastrtps_c.dir/rosidl_typesupport_fastrtps_c/rcl_interfaces/msg/detail/parameter_type__type_support_c.cpp.o[0m
[35.789s] [ 44%] [32mBuilding CXX object CMakeFiles/rcl_interfaces__rosidl_typesupport_fastrtps_c.dir/rosidl_typesupport_fastrtps_c/rcl_interfaces/msg/detail/parameter_value__type_support_c.cpp.o[0m
[36.285s] [ 44%] [32mBuilding CXX object CMakeFiles/rcl_interfaces__rosidl_typesupport_fastrtps_c.dir/rosidl_typesupport_fastrtps_c/rcl_interfaces/msg/detail/set_parameters_result__type_support_c.cpp.o[0m
[36.730s] [ 44%] [32mBuilding CXX object CMakeFiles/rcl_interfaces__rosidl_typesupport_fastrtps_c.dir/rosidl_typesupport_fastrtps_c/rcl_interfaces/msg/detail/logger_level__type_support_c.cpp.o[0m
[37.172s] [ 45%] [32mBuilding CXX object CMakeFiles/rcl_interfaces__rosidl_typesupport_fastrtps_c.dir/rosidl_typesupport_fastrtps_c/rcl_interfaces/msg/detail/set_logger_levels_result__type_support_c.cpp.o[0m
[37.616s] [ 45%] [32mBuilding CXX object CMakeFiles/rcl_interfaces__rosidl_typesupport_fastrtps_c.dir/rosidl_typesupport_fastrtps_c/rcl_interfaces/srv/detail/describe_parameters__type_support_c.cpp.o[0m
[38.104s] [ 45%] [32mBuilding CXX object CMakeFiles/rcl_interfaces__rosidl_typesupport_fastrtps_c.dir/rosidl_typesupport_fastrtps_c/rcl_interfaces/srv/detail/get_parameters__type_support_c.cpp.o[0m
[38.604s] [ 46%] [32mBuilding CXX object CMakeFiles/rcl_interfaces__rosidl_typesupport_fastrtps_c.dir/rosidl_typesupport_fastrtps_c/rcl_interfaces/srv/detail/get_parameter_types__type_support_c.cpp.o[0m
[39.099s] [ 46%] [32mBuilding CXX object CMakeFiles/rcl_interfaces__rosidl_typesupport_fastrtps_c.dir/rosidl_typesupport_fastrtps_c/rcl_interfaces/srv/detail/list_parameters__type_support_c.cpp.o[0m
[39.607s] [ 46%] [32mBuilding CXX object CMakeFiles/rcl_interfaces__rosidl_typesupport_fastrtps_c.dir/rosidl_typesupport_fastrtps_c/rcl_interfaces/srv/detail/set_parameters_atomically__type_support_c.cpp.o[0m
[40.092s] [ 47%] [32mBuilding CXX object CMakeFiles/rcl_interfaces__rosidl_typesupport_fastrtps_c.dir/rosidl_typesupport_fastrtps_c/rcl_interfaces/srv/detail/set_parameters__type_support_c.cpp.o[0m
[40.574s] [ 47%] [32mBuilding CXX object CMakeFiles/rcl_interfaces__rosidl_typesupport_fastrtps_c.dir/rosidl_typesupport_fastrtps_c/rcl_interfaces/srv/detail/get_logger_levels__type_support_c.cpp.o[0m
[41.065s] [ 48%] [32mBuilding CXX object CMakeFiles/rcl_interfaces__rosidl_typesupport_fastrtps_c.dir/rosidl_typesupport_fastrtps_c/rcl_interfaces/srv/detail/set_logger_levels__type_support_c.cpp.o[0m
[41.538s] [ 48%] [32m[1mLinking CXX shared library librcl_interfaces__rosidl_typesupport_fastrtps_c.so[0m
[41.639s] [ 48%] Built target rcl_interfaces__rosidl_typesupport_fastrtps_c
[41.655s] [ 48%] [34m[1mGenerating C introspection for ROS interfaces[0m
[43.729s] [ 49%] [32mBuilding C object CMakeFiles/rcl_interfaces__rosidl_typesupport_introspection_c.dir/rosidl_typesupport_introspection_c/rcl_interfaces/msg/detail/floating_point_range__type_support.c.o[0m
[43.778s] [ 49%] [32mBuilding C object CMakeFiles/rcl_interfaces__rosidl_typesupport_introspection_c.dir/rosidl_typesupport_introspection_c/rcl_interfaces/msg/detail/integer_range__type_support.c.o[0m
[43.821s] [ 49%] [32mBuilding C object CMakeFiles/rcl_interfaces__rosidl_typesupport_introspection_c.dir/rosidl_typesupport_introspection_c/rcl_interfaces/msg/detail/list_parameters_result__type_support.c.o[0m
[43.873s] [ 50%] [32mBuilding C object CMakeFiles/rcl_interfaces__rosidl_typesupport_introspection_c.dir/rosidl_typesupport_introspection_c/rcl_interfaces/msg/detail/log__type_support.c.o[0m
[43.917s] [ 50%] [32mBuilding C object CMakeFiles/rcl_interfaces__rosidl_typesupport_introspection_c.dir/rosidl_typesupport_introspection_c/rcl_interfaces/msg/detail/parameter_descriptor__type_support.c.o[0m
[43.969s] [ 51%] [32mBuilding C object CMakeFiles/rcl_interfaces__rosidl_typesupport_introspection_c.dir/rosidl_typesupport_introspection_c/rcl_interfaces/msg/detail/parameter_event_descriptors__type_support.c.o[0m
[44.021s] [ 51%] [32mBuilding C object CMakeFiles/rcl_interfaces__rosidl_typesupport_introspection_c.dir/rosidl_typesupport_introspection_c/rcl_interfaces/msg/detail/parameter_event__type_support.c.o[0m
[44.080s] [ 51%] [32mBuilding C object CMakeFiles/rcl_interfaces__rosidl_typesupport_introspection_c.dir/rosidl_typesupport_introspection_c/rcl_interfaces/msg/detail/parameter__type_support.c.o[0m
[44.119s] [ 52%] [32mBuilding C object CMakeFiles/rcl_interfaces__rosidl_typesupport_introspection_c.dir/rosidl_typesupport_introspection_c/rcl_interfaces/msg/detail/parameter_type__type_support.c.o[0m
[44.165s] [ 52%] [32mBuilding C object CMakeFiles/rcl_interfaces__rosidl_typesupport_introspection_c.dir/rosidl_typesupport_introspection_c/rcl_interfaces/msg/detail/parameter_value__type_support.c.o[0m
[44.222s] [ 52%] [32mBuilding C object CMakeFiles/rcl_interfaces__rosidl_typesupport_introspection_c.dir/rosidl_typesupport_introspection_c/rcl_interfaces/msg/detail/set_parameters_result__type_support.c.o[0m
[44.266s] [ 53%] [32mBuilding C object CMakeFiles/rcl_interfaces__rosidl_typesupport_introspection_c.dir/rosidl_typesupport_introspection_c/rcl_interfaces/msg/detail/logger_level__type_support.c.o[0m
[44.308s] [ 53%] [32mBuilding C object CMakeFiles/rcl_interfaces__rosidl_typesupport_introspection_c.dir/rosidl_typesupport_introspection_c/rcl_interfaces/msg/detail/set_logger_levels_result__type_support.c.o[0m
[44.354s] [ 53%] [32mBuilding C object CMakeFiles/rcl_interfaces__rosidl_typesupport_introspection_c.dir/rosidl_typesupport_introspection_c/rcl_interfaces/srv/detail/describe_parameters__type_support.c.o[0m
[44.412s] [ 54%] [32mBuilding C object CMakeFiles/rcl_interfaces__rosidl_typesupport_introspection_c.dir/rosidl_typesupport_introspection_c/rcl_interfaces/srv/detail/get_parameters__type_support.c.o[0m
[44.473s] [ 54%] [32mBuilding C object CMakeFiles/rcl_interfaces__rosidl_typesupport_introspection_c.dir/rosidl_typesupport_introspection_c/rcl_interfaces/srv/detail/get_parameter_types__type_support.c.o[0m
[44.529s] [ 54%] [32mBuilding C object CMakeFiles/rcl_interfaces__rosidl_typesupport_introspection_c.dir/rosidl_typesupport_introspection_c/rcl_interfaces/srv/detail/list_parameters__type_support.c.o[0m
[44.592s] [ 55%] [32mBuilding C object CMakeFiles/rcl_interfaces__rosidl_typesupport_introspection_c.dir/rosidl_typesupport_introspection_c/rcl_interfaces/srv/detail/set_parameters_atomically__type_support.c.o[0m
[44.652s] [ 55%] [32mBuilding C object CMakeFiles/rcl_interfaces__rosidl_typesupport_introspection_c.dir/rosidl_typesupport_introspection_c/rcl_interfaces/srv/detail/set_parameters__type_support.c.o[0m
[44.711s] [ 55%] [32mBuilding C object CMakeFiles/rcl_interfaces__rosidl_typesupport_introspection_c.dir/rosidl_typesupport_introspection_c/rcl_interfaces/srv/detail/get_logger_levels__type_support.c.o[0m
[44.774s] [ 56%] [32mBuilding C object CMakeFiles/rcl_interfaces__rosidl_typesupport_introspection_c.dir/rosidl_typesupport_introspection_c/rcl_interfaces/srv/detail/set_logger_levels__type_support.c.o[0m
[44.830s] [ 56%] [32m[1mLinking C shared library librcl_interfaces__rosidl_typesupport_introspection_c.so[0m
[44.878s] [ 56%] Built target rcl_interfaces__rosidl_typesupport_introspection_c
[44.893s] [ 57%] [34m[1mGenerating C type support dispatch for ROS interfaces[0m
[46.497s] [ 57%] [32mBuilding CXX object CMakeFiles/rcl_interfaces__rosidl_typesupport_c.dir/rosidl_typesupport_c/rcl_interfaces/msg/floating_point_range__type_support.cpp.o[0m
[46.546s] [ 57%] [32mBuilding CXX object CMakeFiles/rcl_interfaces__rosidl_typesupport_c.dir/rosidl_typesupport_c/rcl_interfaces/msg/integer_range__type_support.cpp.o[0m
[46.606s] [ 58%] [32mBuilding CXX object CMakeFiles/rcl_interfaces__rosidl_typesupport_c.dir/rosidl_typesupport_c/rcl_interfaces/msg/list_parameters_result__type_support.cpp.o[0m
[46.658s] [ 58%] [32mBuilding CXX object CMakeFiles/rcl_interfaces__rosidl_typesupport_c.dir/rosidl_typesupport_c/rcl_interfaces/msg/log__type_support.cpp.o[0m
[46.713s] [ 59%] [32mBuilding CXX object CMakeFiles/rcl_interfaces__rosidl_typesupport_c.dir/rosidl_typesupport_c/rcl_interfaces/msg/parameter_descriptor__type_support.cpp.o[0m
[46.764s] [ 59%] [32mBuilding CXX object CMakeFiles/rcl_interfaces__rosidl_typesupport_c.dir/rosidl_typesupport_c/rcl_interfaces/msg/parameter_event_descriptors__type_support.cpp.o[0m
[46.816s] [ 59%] [32mBuilding CXX object CMakeFiles/rcl_interfaces__rosidl_typesupport_c.dir/rosidl_typesupport_c/rcl_interfaces/msg/parameter_event__type_support.cpp.o[0m
[46.865s] [ 60%] [32mBuilding CXX object CMakeFiles/rcl_interfaces__rosidl_typesupport_c.dir/rosidl_typesupport_c/rcl_interfaces/msg/parameter__type_support.cpp.o[0m
[46.919s] [ 60%] [32mBuilding CXX object CMakeFiles/rcl_interfaces__rosidl_typesupport_c.dir/rosidl_typesupport_c/rcl_interfaces/msg/parameter_type__type_support.cpp.o[0m
[46.970s] [ 60%] [32mBuilding CXX object CMakeFiles/rcl_interfaces__rosidl_typesupport_c.dir/rosidl_typesupport_c/rcl_interfaces/msg/parameter_value__type_support.cpp.o[0m
[47.023s] [ 61%] [32mBuilding CXX object CMakeFiles/rcl_interfaces__rosidl_typesupport_c.dir/rosidl_typesupport_c/rcl_interfaces/msg/set_parameters_result__type_support.cpp.o[0m
[47.075s] [ 61%] [32mBuilding CXX object CMakeFiles/rcl_interfaces__rosidl_typesupport_c.dir/rosidl_typesupport_c/rcl_interfaces/msg/logger_level__type_support.cpp.o[0m
[47.129s] [ 61%] [32mBuilding CXX object CMakeFiles/rcl_interfaces__rosidl_typesupport_c.dir/rosidl_typesupport_c/rcl_interfaces/msg/set_logger_levels_result__type_support.cpp.o[0m
[47.183s] [ 62%] [32mBuilding CXX object CMakeFiles/rcl_interfaces__rosidl_typesupport_c.dir/rosidl_typesupport_c/rcl_interfaces/srv/describe_parameters__type_support.cpp.o[0m
[47.237s] [ 62%] [32mBuilding CXX object CMakeFiles/rcl_interfaces__rosidl_typesupport_c.dir/rosidl_typesupport_c/rcl_interfaces/srv/get_parameters__type_support.cpp.o[0m
[47.296s] [ 62%] [32mBuilding CXX object CMakeFiles/rcl_interfaces__rosidl_typesupport_c.dir/rosidl_typesupport_c/rcl_interfaces/srv/get_parameter_types__type_support.cpp.o[0m
[47.348s] [ 63%] [32mBuilding CXX object CMakeFiles/rcl_interfaces__rosidl_typesupport_c.dir/rosidl_typesupport_c/rcl_interfaces/srv/list_parameters__type_support.cpp.o[0m
[47.407s] [ 63%] [32mBuilding CXX object CMakeFiles/rcl_interfaces__rosidl_typesupport_c.dir/rosidl_typesupport_c/rcl_interfaces/srv/set_parameters_atomically__type_support.cpp.o[0m
[47.460s] [ 64%] [32mBuilding CXX object CMakeFiles/rcl_interfaces__rosidl_typesupport_c.dir/rosidl_typesupport_c/rcl_interfaces/srv/set_parameters__type_support.cpp.o[0m
[47.515s] [ 64%] [32mBuilding CXX object CMakeFiles/rcl_interfaces__rosidl_typesupport_c.dir/rosidl_typesupport_c/rcl_interfaces/srv/get_logger_levels__type_support.cpp.o[0m
[47.568s] [ 64%] [32mBuilding CXX object CMakeFiles/rcl_interfaces__rosidl_typesupport_c.dir/rosidl_typesupport_c/rcl_interfaces/srv/set_logger_levels__type_support.cpp.o[0m
[47.625s] [ 65%] [32m[1mLinking CXX shared library librcl_interfaces__rosidl_typesupport_c.so[0m
[47.686s] [ 65%] Built target rcl_interfaces__rosidl_typesupport_c
[47.702s] [ 65%] [34m[1mGenerating C++ type support for eProsima Micro XRCE-DDS[0m
[47.775s] /opt/ros/jazzy/lib/python3.12/site-packages/rosidl_cmake/__init__.py:19: UserWarning: The 'rosidl_cmake' Python module is deprecated. Use 'rosidl_pycommon' instead.
[47.775s]   warnings.warn(
[49.697s] [ 65%] [32mBuilding CXX object CMakeFiles/rcl_interfaces__rosidl_typesupport_microxrcedds_cpp.dir/rosidl_typesupport_microxrcedds_cpp/rcl_interfaces/msg/detail/microxrcedds/floating_point_range__type_support_cpp.cpp.o[0m
[49.985s] [01m[K/home/rasp/ros2_ws/build/rcl_interfaces/rosidl_typesupport_microxrcedds_cpp/rcl_interfaces/msg/detail/microxrcedds/floating_point_range__type_support_cpp.cpp:180:1:[m[K [01;35m[Kwarning: [m[Kmissing initializer for member ‘[01m[Krosidl_message_type_support_t::get_type_hash_func[m[K’ [[01;35m[K]8;;https://gcc.gnu.org/onlinedocs/gcc/Warning-Options.html#index-Wmissing-field-initializers-Wmissing-field-initializers]8;;[m[K]
[49.985s]   180 | [01;35m[K}[m[K;
[49.985s]       | [01;35m[K^[m[K
[49.985s] [01m[K/home/rasp/ros2_ws/build/rcl_interfaces/rosidl_typesupport_microxrcedds_cpp/rcl_interfaces/msg/detail/microxrcedds/floating_point_range__type_support_cpp.cpp:180:1:[m[K [01;35m[Kwarning: [m[Kmissing initializer for member ‘[01m[Krosidl_message_type_support_t::get_type_description_func[m[K’ [[01;35m[K]8;;https://gcc.gnu.org/onlinedocs/gcc/Warning-Options.html#index-Wmissing-field-initializers-Wmissing-field-initializers]8;;[m[K]
[49.985s] [01m[K/home/rasp/ros2_ws/build/rcl_interfaces/rosidl_typesupport_microxrcedds_cpp/rcl_interfaces/msg/detail/microxrcedds/floating_point_range__type_support_cpp.cpp:180:1:[m[K [01;35m[Kwarning: [m[Kmissing initializer for member ‘[01m[Krosidl_message_type_support_t::get_type_description_sources_func[m[K’ [[01;35m[K]8;;https://gcc.gnu.org/onlinedocs/gcc/Warning-Options.html#index-Wmissing-field-initializers-Wmissing-field-initializers]8;;[m[K]
[50.043s] [ 66%] [32mBuilding CXX object CMakeFiles/rcl_interfaces__rosidl_typesupport_microxrcedds_cpp.dir/rosidl_typesupport_microxrcedds_cpp/rcl_interfaces/msg/detail/microxrcedds/integer_range__type_support_cpp.cpp.o[0m
[50.318s] [01m[K/home/rasp/ros2_ws/build/rcl_interfaces/rosidl_typesupport_microxrcedds_cpp/rcl_interfaces/msg/detail/microxrcedds/integer_range__type_support_cpp.cpp:180:1:[m[K [01;35m[Kwarning: [m[Kmissing initializer for member ‘[01m[Krosidl_message_type_support_t::get_type_hash_func[m[K’ [[01;35m[K]8;;https://gcc.gnu.org/onlinedocs/gcc/Warning-Options.html#index-Wmissing-field-initializers-Wmissing-field-initializers]8;;[m[K]
[50.319s]   180 | [01;35m[K}[m[K;
[50.319s]       | [01;35m[K^[m[K
[50.319s] [01m[K/home/rasp/ros2_ws/build/rcl_interfaces/rosidl_typesupport_microxrcedds_cpp/rcl_interfaces/msg/detail/microxrcedds/integer_range__type_support_cpp.cpp:180:1:[m[K [01;35m[Kwarning: [m[Kmissing initializer for member ‘[01m[Krosidl_message_type_support_t::get_type_description_func[m[K’ [[01;35m[K]8;;https://gcc.gnu.org/onlinedocs/gcc/Warning-Options.html#index-Wmissing-field-initializers-Wmissing-field-initializers]8;;[m[K]
[50.319s] [01m[K/home/rasp/ros2_ws/build/rcl_interfaces/rosidl_typesupport_microxrcedds_cpp/rcl_interfaces/msg/detail/microxrcedds/integer_range__type_support_cpp.cpp:180:1:[m[K [01;35m[Kwarning: [m[Kmissing initializer for member ‘[01m[Krosidl_message_type_support_t::get_type_description_sources_func[m[K’ [[01;35m[K]8;;https://gcc.gnu.org/onlinedocs/gcc/Warning-Options.html#index-Wmissing-field-initializers-Wmissing-field-initializers]8;;[m[K]
[50.374s] [ 66%] [32mBuilding CXX object CMakeFiles/rcl_interfaces__rosidl_typesupport_microxrcedds_cpp.dir/rosidl_typesupport_microxrcedds_cpp/rcl_interfaces/msg/detail/microxrcedds/list_parameters_result__type_support_cpp.cpp.o[0m
[50.660s] [01m[K/home/rasp/ros2_ws/build/rcl_interfaces/rosidl_typesupport_microxrcedds_cpp/rcl_interfaces/msg/detail/microxrcedds/list_parameters_result__type_support_cpp.cpp:239:1:[m[K [01;35m[Kwarning: [m[Kmissing initializer for member ‘[01m[Krosidl_message_type_support_t::get_type_hash_func[m[K’ [[01;35m[K]8;;https://gcc.gnu.org/onlinedocs/gcc/Warning-Options.html#index-Wmissing-field-initializers-Wmissing-field-initializers]8;;[m[K]
[50.660s]   239 | [01;35m[K}[m[K;
[50.660s]       | [01;35m[K^[m[K
[50.660s] [01m[K/home/rasp/ros2_ws/build/rcl_interfaces/rosidl_typesupport_microxrcedds_cpp/rcl_interfaces/msg/detail/microxrcedds/list_parameters_result__type_support_cpp.cpp:239:1:[m[K [01;35m[Kwarning: [m[Kmissing initializer for member ‘[01m[Krosidl_message_type_support_t::get_type_description_func[m[K’ [[01;35m[K]8;;https://gcc.gnu.org/onlinedocs/gcc/Warning-Options.html#index-Wmissing-field-initializers-Wmissing-field-initializers]8;;[m[K]
[50.660s] [01m[K/home/rasp/ros2_ws/build/rcl_interfaces/rosidl_typesupport_microxrcedds_cpp/rcl_interfaces/msg/detail/microxrcedds/list_parameters_result__type_support_cpp.cpp:239:1:[m[K [01;35m[Kwarning: [m[Kmissing initializer for member ‘[01m[Krosidl_message_type_support_t::get_type_description_sources_func[m[K’ [[01;35m[K]8;;https://gcc.gnu.org/onlinedocs/gcc/Warning-Options.html#index-Wmissing-field-initializers-Wmissing-field-initializers]8;;[m[K]
[50.753s] [ 66%] [32mBuilding CXX object CMakeFiles/rcl_interfaces__rosidl_typesupport_microxrcedds_cpp.dir/rosidl_typesupport_microxrcedds_cpp/rcl_interfaces/msg/detail/microxrcedds/log__type_support_cpp.cpp.o[0m
[51.036s] [01m[K/home/rasp/ros2_ws/build/rcl_interfaces/rosidl_typesupport_microxrcedds_cpp/rcl_interfaces/msg/detail/microxrcedds/log__type_support_cpp.cpp:263:1:[m[K [01;35m[Kwarning: [m[Kmissing initializer for member ‘[01m[Krosidl_message_type_support_t::get_type_hash_func[m[K’ [[01;35m[K]8;;https://gcc.gnu.org/onlinedocs/gcc/Warning-Options.html#index-Wmissing-field-initializers-Wmissing-field-initializers]8;;[m[K]
[51.036s]   263 | [01;35m[K}[m[K;
[51.036s]       | [01;35m[K^[m[K
[51.036s] [01m[K/home/rasp/ros2_ws/build/rcl_interfaces/rosidl_typesupport_microxrcedds_cpp/rcl_interfaces/msg/detail/microxrcedds/log__type_support_cpp.cpp:263:1:[m[K [01;35m[Kwarning: [m[Kmissing initializer for member ‘[01m[Krosidl_message_type_support_t::get_type_description_func[m[K’ [[01;35m[K]8;;https://gcc.gnu.org/onlinedocs/gcc/Warning-Options.html#index-Wmissing-field-initializers-Wmissing-field-initializers]8;;[m[K]
[51.036s] [01m[K/home/rasp/ros2_ws/build/rcl_interfaces/rosidl_typesupport_microxrcedds_cpp/rcl_interfaces/msg/detail/microxrcedds/log__type_support_cpp.cpp:263:1:[m[K [01;35m[Kwarning: [m[Kmissing initializer for member ‘[01m[Krosidl_message_type_support_t::get_type_description_sources_func[m[K’ [[01;35m[K]8;;https://gcc.gnu.org/onlinedocs/gcc/Warning-Options.html#index-Wmissing-field-initializers-Wmissing-field-initializers]8;;[m[K]
[51.093s] [ 67%] [32mBuilding CXX object CMakeFiles/rcl_interfaces__rosidl_typesupport_microxrcedds_cpp.dir/rosidl_typesupport_microxrcedds_cpp/rcl_interfaces/msg/detail/microxrcedds/parameter_descriptor__type_support_cpp.cpp.o[0m
[51.385s] [01m[K/home/rasp/ros2_ws/build/rcl_interfaces/rosidl_typesupport_microxrcedds_cpp/rcl_interfaces/msg/detail/microxrcedds/parameter_descriptor__type_support_cpp.cpp:359:1:[m[K [01;35m[Kwarning: [m[Kmissing initializer for member ‘[01m[Krosidl_message_type_support_t::get_type_hash_func[m[K’ [[01;35m[K]8;;https://gcc.gnu.org/onlinedocs/gcc/Warning-Options.html#index-Wmissing-field-initializers-Wmissing-field-initializers]8;;[m[K]
[51.385s]   359 | [01;35m[K}[m[K;
[51.385s]       | [01;35m[K^[m[K
[51.385s] [01m[K/home/rasp/ros2_ws/build/rcl_interfaces/rosidl_typesupport_microxrcedds_cpp/rcl_interfaces/msg/detail/microxrcedds/parameter_descriptor__type_support_cpp.cpp:359:1:[m[K [01;35m[Kwarning: [m[Kmissing initializer for member ‘[01m[Krosidl_message_type_support_t::get_type_description_func[m[K’ [[01;35m[K]8;;https://gcc.gnu.org/onlinedocs/gcc/Warning-Options.html#index-Wmissing-field-initializers-Wmissing-field-initializers]8;;[m[K]
[51.385s] [01m[K/home/rasp/ros2_ws/build/rcl_interfaces/rosidl_typesupport_microxrcedds_cpp/rcl_interfaces/msg/detail/microxrcedds/parameter_descriptor__type_support_cpp.cpp:359:1:[m[K [01;35m[Kwarning: [m[Kmissing initializer for member ‘[01m[Krosidl_message_type_support_t::get_type_description_sources_func[m[K’ [[01;35m[K]8;;https://gcc.gnu.org/onlinedocs/gcc/Warning-Options.html#index-Wmissing-field-initializers-Wmissing-field-initializers]8;;[m[K]
[51.485s] [ 67%] [32mBuilding CXX object CMakeFiles/rcl_interfaces__rosidl_typesupport_microxrcedds_cpp.dir/rosidl_typesupport_microxrcedds_cpp/rcl_interfaces/msg/detail/microxrcedds/parameter_event_descriptors__type_support_cpp.cpp.o[0m
[51.770s] [01m[K/home/rasp/ros2_ws/build/rcl_interfaces/rosidl_typesupport_microxrcedds_cpp/rcl_interfaces/msg/detail/microxrcedds/parameter_event_descriptors__type_support_cpp.cpp:357:1:[m[K [01;35m[Kwarning: [m[Kmissing initializer for member ‘[01m[Krosidl_message_type_support_t::get_type_hash_func[m[K’ [[01;35m[K]8;;https://gcc.gnu.org/onlinedocs/gcc/Warning-Options.html#index-Wmissing-field-initializers-Wmissing-field-initializers]8;;[m[K]
[51.770s]   357 | [01;35m[K}[m[K;
[51.770s]       | [01;35m[K^[m[K
[51.770s] [01m[K/home/rasp/ros2_ws/build/rcl_interfaces/rosidl_typesupport_microxrcedds_cpp/rcl_interfaces/msg/detail/microxrcedds/parameter_event_descriptors__type_support_cpp.cpp:357:1:[m[K [01;35m[Kwarning: [m[Kmissing initializer for member ‘[01m[Krosidl_message_type_support_t::get_type_description_func[m[K’ [[01;35m[K]8;;https://gcc.gnu.org/onlinedocs/gcc/Warning-Options.html#index-Wmissing-field-initializers-Wmissing-field-initializers]8;;[m[K]
[51.771s] [01m[K/home/rasp/ros2_ws/build/rcl_interfaces/rosidl_typesupport_microxrcedds_cpp/rcl_interfaces/msg/detail/microxrcedds/parameter_event_descriptors__type_support_cpp.cpp:357:1:[m[K [01;35m[Kwarning: [m[Kmissing initializer for member ‘[01m[Krosidl_message_type_support_t::get_type_description_sources_func[m[K’ [[01;35m[K]8;;https://gcc.gnu.org/onlinedocs/gcc/Warning-Options.html#index-Wmissing-field-initializers-Wmissing-field-initializers]8;;[m[K]
[51.873s] [ 67%] [32mBuilding CXX object CMakeFiles/rcl_interfaces__rosidl_typesupport_microxrcedds_cpp.dir/rosidl_typesupport_microxrcedds_cpp/rcl_interfaces/msg/detail/microxrcedds/parameter_event__type_support_cpp.cpp.o[0m
[52.163s] [01m[K/home/rasp/ros2_ws/build/rcl_interfaces/rosidl_typesupport_microxrcedds_cpp/rcl_interfaces/msg/detail/microxrcedds/parameter_event__type_support_cpp.cpp:412:1:[m[K [01;35m[Kwarning: [m[Kmissing initializer for member ‘[01m[Krosidl_message_type_support_t::get_type_hash_func[m[K’ [[01;35m[K]8;;https://gcc.gnu.org/onlinedocs/gcc/Warning-Options.html#index-Wmissing-field-initializers-Wmissing-field-initializers]8;;[m[K]
[52.163s]   412 | [01;35m[K}[m[K;
[52.163s]       | [01;35m[K^[m[K
[52.164s] [01m[K/home/rasp/ros2_ws/build/rcl_interfaces/rosidl_typesupport_microxrcedds_cpp/rcl_interfaces/msg/detail/microxrcedds/parameter_event__type_support_cpp.cpp:412:1:[m[K [01;35m[Kwarning: [m[Kmissing initializer for member ‘[01m[Krosidl_message_type_support_t::get_type_description_func[m[K’ [[01;35m[K]8;;https://gcc.gnu.org/onlinedocs/gcc/Warning-Options.html#index-Wmissing-field-initializers-Wmissing-field-initializers]8;;[m[K]
[52.164s] [01m[K/home/rasp/ros2_ws/build/rcl_interfaces/rosidl_typesupport_microxrcedds_cpp/rcl_interfaces/msg/detail/microxrcedds/parameter_event__type_support_cpp.cpp:412:1:[m[K [01;35m[Kwarning: [m[Kmissing initializer for member ‘[01m[Krosidl_message_type_support_t::get_type_description_sources_func[m[K’ [[01;35m[K]8;;https://gcc.gnu.org/onlinedocs/gcc/Warning-Options.html#index-Wmissing-field-initializers-Wmissing-field-initializers]8;;[m[K]
[52.293s] [ 68%] [32mBuilding CXX object CMakeFiles/rcl_interfaces__rosidl_typesupport_microxrcedds_cpp.dir/rosidl_typesupport_microxrcedds_cpp/rcl_interfaces/msg/detail/microxrcedds/parameter__type_support_cpp.cpp.o[0m
[52.581s] [01m[K/home/rasp/ros2_ws/build/rcl_interfaces/rosidl_typesupport_microxrcedds_cpp/rcl_interfaces/msg/detail/microxrcedds/parameter__type_support_cpp.cpp:202:1:[m[K [01;35m[Kwarning: [m[Kmissing initializer for member ‘[01m[Krosidl_message_type_support_t::get_type_hash_func[m[K’ [[01;35m[K]8;;https://gcc.gnu.org/onlinedocs/gcc/Warning-Options.html#index-Wmissing-field-initializers-Wmissing-field-initializers]8;;[m[K]
[52.581s]   202 | [01;35m[K}[m[K;
[52.581s]       | [01;35m[K^[m[K
[52.581s] [01m[K/home/rasp/ros2_ws/build/rcl_interfaces/rosidl_typesupport_microxrcedds_cpp/rcl_interfaces/msg/detail/microxrcedds/parameter__type_support_cpp.cpp:202:1:[m[K [01;35m[Kwarning: [m[Kmissing initializer for member ‘[01m[Krosidl_message_type_support_t::get_type_description_func[m[K’ [[01;35m[K]8;;https://gcc.gnu.org/onlinedocs/gcc/Warning-Options.html#index-Wmissing-field-initializers-Wmissing-field-initializers]8;;[m[K]
[52.581s] [01m[K/home/rasp/ros2_ws/build/rcl_interfaces/rosidl_typesupport_microxrcedds_cpp/rcl_interfaces/msg/detail/microxrcedds/parameter__type_support_cpp.cpp:202:1:[m[K [01;35m[Kwarning: [m[Kmissing initializer for member ‘[01m[Krosidl_message_type_support_t::get_type_description_sources_func[m[K’ [[01;35m[K]8;;https://gcc.gnu.org/onlinedocs/gcc/Warning-Options.html#index-Wmissing-field-initializers-Wmissing-field-initializers]8;;[m[K]
[52.634s] [ 68%] [32mBuilding CXX object CMakeFiles/rcl_interfaces__rosidl_typesupport_microxrcedds_cpp.dir/rosidl_typesupport_microxrcedds_cpp/rcl_interfaces/msg/detail/microxrcedds/parameter_type__type_support_cpp.cpp.o[0m
[52.906s] [01m[K/home/rasp/ros2_ws/build/rcl_interfaces/rosidl_typesupport_microxrcedds_cpp/rcl_interfaces/msg/detail/microxrcedds/parameter_type__type_support_cpp.cpp:158:1:[m[K [01;35m[Kwarning: [m[Kmissing initializer for member ‘[01m[Krosidl_message_type_support_t::get_type_hash_func[m[K’ [[01;35m[K]8;;https://gcc.gnu.org/onlinedocs/gcc/Warning-Options.html#index-Wmissing-field-initializers-Wmissing-field-initializers]8;;[m[K]
[52.906s]   158 | [01;35m[K}[m[K;
[52.907s]       | [01;35m[K^[m[K
[52.907s] [01m[K/home/rasp/ros2_ws/build/rcl_interfaces/rosidl_typesupport_microxrcedds_cpp/rcl_interfaces/msg/detail/microxrcedds/parameter_type__type_support_cpp.cpp:158:1:[m[K [01;35m[Kwarning: [m[Kmissing initializer for member ‘[01m[Krosidl_message_type_support_t::get_type_description_func[m[K’ [[01;35m[K]8;;https://gcc.gnu.org/onlinedocs/gcc/Warning-Options.html#index-Wmissing-field-initializers-Wmissing-field-initializers]8;;[m[K]
[52.909s] [01m[K/home/rasp/ros2_ws/build/rcl_interfaces/rosidl_typesupport_microxrcedds_cpp/rcl_interfaces/msg/detail/microxrcedds/parameter_type__type_support_cpp.cpp:158:1:[m[K [01;35m[Kwarning: [m[Kmissing initializer for member ‘[01m[Krosidl_message_type_support_t::get_type_description_sources_func[m[K’ [[01;35m[K]8;;https://gcc.gnu.org/onlinedocs/gcc/Warning-Options.html#index-Wmissing-field-initializers-Wmissing-field-initializers]8;;[m[K]
[52.963s] [ 68%] [32mBuilding CXX object CMakeFiles/rcl_interfaces__rosidl_typesupport_microxrcedds_cpp.dir/rosidl_typesupport_microxrcedds_cpp/rcl_interfaces/msg/detail/microxrcedds/parameter_value__type_support_cpp.cpp.o[0m
[53.246s] [01m[K/home/rasp/ros2_ws/build/rcl_interfaces/rosidl_typesupport_microxrcedds_cpp/rcl_interfaces/msg/detail/microxrcedds/parameter_value__type_support_cpp.cpp:366:1:[m[K [01;35m[Kwarning: [m[Kmissing initializer for member ‘[01m[Krosidl_message_type_support_t::get_type_hash_func[m[K’ [[01;35m[K]8;;https://gcc.gnu.org/onlinedocs/gcc/Warning-Options.html#index-Wmissing-field-initializers-Wmissing-field-initializers]8;;[m[K]
[53.247s]   366 | [01;35m[K}[m[K;
[53.247s]       | [01;35m[K^[m[K
[53.247s] [01m[K/home/rasp/ros2_ws/build/rcl_interfaces/rosidl_typesupport_microxrcedds_cpp/rcl_interfaces/msg/detail/microxrcedds/parameter_value__type_support_cpp.cpp:366:1:[m[K [01;35m[Kwarning: [m[Kmissing initializer for member ‘[01m[Krosidl_message_type_support_t::get_type_description_func[m[K’ [[01;35m[K]8;;https://gcc.gnu.org/onlinedocs/gcc/Warning-Options.html#index-Wmissing-field-initializers-Wmissing-field-initializers]8;;[m[K]
[53.247s] [01m[K/home/rasp/ros2_ws/build/rcl_interfaces/rosidl_typesupport_microxrcedds_cpp/rcl_interfaces/msg/detail/microxrcedds/parameter_value__type_support_cpp.cpp:366:1:[m[K [01;35m[Kwarning: [m[Kmissing initializer for member ‘[01m[Krosidl_message_type_support_t::get_type_description_sources_func[m[K’ [[01;35m[K]8;;https://gcc.gnu.org/onlinedocs/gcc/Warning-Options.html#index-Wmissing-field-initializers-Wmissing-field-initializers]8;;[m[K]
[53.447s] [ 69%] [32mBuilding CXX object CMakeFiles/rcl_interfaces__rosidl_typesupport_microxrcedds_cpp.dir/rosidl_typesupport_microxrcedds_cpp/rcl_interfaces/msg/detail/microxrcedds/set_parameters_result__type_support_cpp.cpp.o[0m
[53.727s] [01m[K/home/rasp/ros2_ws/build/rcl_interfaces/rosidl_typesupport_microxrcedds_cpp/rcl_interfaces/msg/detail/microxrcedds/set_parameters_result__type_support_cpp.cpp:171:1:[m[K [01;35m[Kwarning: [m[Kmissing initializer for member ‘[01m[Krosidl_message_type_support_t::get_type_hash_func[m[K’ [[01;35m[K]8;;https://gcc.gnu.org/onlinedocs/gcc/Warning-Options.html#index-Wmissing-field-initializers-Wmissing-field-initializers]8;;[m[K]
[53.727s]   171 | [01;35m[K}[m[K;
[53.727s]       | [01;35m[K^[m[K
[53.728s] [01m[K/home/rasp/ros2_ws/build/rcl_interfaces/rosidl_typesupport_microxrcedds_cpp/rcl_interfaces/msg/detail/microxrcedds/set_parameters_result__type_support_cpp.cpp:171:1:[m[K [01;35m[Kwarning: [m[Kmissing initializer for member ‘[01m[Krosidl_message_type_support_t::get_type_description_func[m[K’ [[01;35m[K]8;;https://gcc.gnu.org/onlinedocs/gcc/Warning-Options.html#index-Wmissing-field-initializers-Wmissing-field-initializers]8;;[m[K]
[53.728s] [01m[K/home/rasp/ros2_ws/build/rcl_interfaces/rosidl_typesupport_microxrcedds_cpp/rcl_interfaces/msg/detail/microxrcedds/set_parameters_result__type_support_cpp.cpp:171:1:[m[K [01;35m[Kwarning: [m[Kmissing initializer for member ‘[01m[Krosidl_message_type_support_t::get_type_description_sources_func[m[K’ [[01;35m[K]8;;https://gcc.gnu.org/onlinedocs/gcc/Warning-Options.html#index-Wmissing-field-initializers-Wmissing-field-initializers]8;;[m[K]
[53.789s] [ 69%] [32mBuilding CXX object CMakeFiles/rcl_interfaces__rosidl_typesupport_microxrcedds_cpp.dir/rosidl_typesupport_microxrcedds_cpp/rcl_interfaces/msg/detail/microxrcedds/logger_level__type_support_cpp.cpp.o[0m
[54.064s] [01m[K/home/rasp/ros2_ws/build/rcl_interfaces/rosidl_typesupport_microxrcedds_cpp/rcl_interfaces/msg/detail/microxrcedds/logger_level__type_support_cpp.cpp:171:1:[m[K [01;35m[Kwarning: [m[Kmissing initializer for member ‘[01m[Krosidl_message_type_support_t::get_type_hash_func[m[K’ [[01;35m[K]8;;https://gcc.gnu.org/onlinedocs/gcc/Warning-Options.html#index-Wmissing-field-initializers-Wmissing-field-initializers]8;;[m[K]
[54.065s]   171 | [01;35m[K}[m[K;
[54.065s]       | [01;35m[K^[m[K
[54.065s] [01m[K/home/rasp/ros2_ws/build/rcl_interfaces/rosidl_typesupport_microxrcedds_cpp/rcl_interfaces/msg/detail/microxrcedds/logger_level__type_support_cpp.cpp:171:1:[m[K [01;35m[Kwarning: [m[Kmissing initializer for member ‘[01m[Krosidl_message_type_support_t::get_type_description_func[m[K’ [[01;35m[K]8;;https://gcc.gnu.org/onlinedocs/gcc/Warning-Options.html#index-Wmissing-field-initializers-Wmissing-field-initializers]8;;[m[K]
[54.065s] [01m[K/home/rasp/ros2_ws/build/rcl_interfaces/rosidl_typesupport_microxrcedds_cpp/rcl_interfaces/msg/detail/microxrcedds/logger_level__type_support_cpp.cpp:171:1:[m[K [01;35m[Kwarning: [m[Kmissing initializer for member ‘[01m[Krosidl_message_type_support_t::get_type_description_sources_func[m[K’ [[01;35m[K]8;;https://gcc.gnu.org/onlinedocs/gcc/Warning-Options.html#index-Wmissing-field-initializers-Wmissing-field-initializers]8;;[m[K]
[54.119s] [ 69%] [32mBuilding CXX object CMakeFiles/rcl_interfaces__rosidl_typesupport_microxrcedds_cpp.dir/rosidl_typesupport_microxrcedds_cpp/rcl_interfaces/msg/detail/microxrcedds/set_logger_levels_result__type_support_cpp.cpp.o[0m
[54.406s] [01m[K/home/rasp/ros2_ws/build/rcl_interfaces/rosidl_typesupport_microxrcedds_cpp/rcl_interfaces/msg/detail/microxrcedds/set_logger_levels_result__type_support_cpp.cpp:171:1:[m[K [01;35m[Kwarning: [m[Kmissing initializer for member ‘[01m[Krosidl_message_type_support_t::get_type_hash_func[m[K’ [[01;35m[K]8;;https://gcc.gnu.org/onlinedocs/gcc/Warning-Options.html#index-Wmissing-field-initializers-Wmissing-field-initializers]8;;[m[K]
[54.406s]   171 | [01;35m[K}[m[K;
[54.406s]       | [01;35m[K^[m[K
[54.407s] [01m[K/home/rasp/ros2_ws/build/rcl_interfaces/rosidl_typesupport_microxrcedds_cpp/rcl_interfaces/msg/detail/microxrcedds/set_logger_levels_result__type_support_cpp.cpp:171:1:[m[K [01;35m[Kwarning: [m[Kmissing initializer for member ‘[01m[Krosidl_message_type_support_t::get_type_description_func[m[K’ [[01;35m[K]8;;https://gcc.gnu.org/onlinedocs/gcc/Warning-Options.html#index-Wmissing-field-initializers-Wmissing-field-initializers]8;;[m[K]
[54.407s] [01m[K/home/rasp/ros2_ws/build/rcl_interfaces/rosidl_typesupport_microxrcedds_cpp/rcl_interfaces/msg/detail/microxrcedds/set_logger_levels_result__type_support_cpp.cpp:171:1:[m[K [01;35m[Kwarning: [m[Kmissing initializer for member ‘[01m[Krosidl_message_type_support_t::get_type_description_sources_func[m[K’ [[01;35m[K]8;;https://gcc.gnu.org/onlinedocs/gcc/Warning-Options.html#index-Wmissing-field-initializers-Wmissing-field-initializers]8;;[m[K]
[54.464s] [ 70%] [32mBuilding CXX object CMakeFiles/rcl_interfaces__rosidl_typesupport_microxrcedds_cpp.dir/rosidl_typesupport_microxrcedds_cpp/rcl_interfaces/srv/detail/microxrcedds/describe_parameters__type_support_cpp.cpp.o[0m
[54.756s] [01m[K/home/rasp/ros2_ws/build/rcl_interfaces/rosidl_typesupport_microxrcedds_cpp/rcl_interfaces/srv/detail/microxrcedds/describe_parameters__type_support_cpp.cpp:193:1:[m[K [01;35m[Kwarning: [m[Kmissing initializer for member ‘[01m[Krosidl_message_type_support_t::get_type_hash_func[m[K’ [[01;35m[K]8;;https://gcc.gnu.org/onlinedocs/gcc/Warning-Options.html#index-Wmissing-field-initializers-Wmissing-field-initializers]8;;[m[K]
[54.757s]   193 | [01;35m[K}[m[K;
[54.757s]       | [01;35m[K^[m[K
[54.757s] [01m[K/home/rasp/ros2_ws/build/rcl_interfaces/rosidl_typesupport_microxrcedds_cpp/rcl_interfaces/srv/detail/microxrcedds/describe_parameters__type_support_cpp.cpp:193:1:[m[K [01;35m[Kwarning: [m[Kmissing initializer for member ‘[01m[Krosidl_message_type_support_t::get_type_description_func[m[K’ [[01;35m[K]8;;https://gcc.gnu.org/onlinedocs/gcc/Warning-Options.html#index-Wmissing-field-initializers-Wmissing-field-initializers]8;;[m[K]
[54.757s] [01m[K/home/rasp/ros2_ws/build/rcl_interfaces/rosidl_typesupport_microxrcedds_cpp/rcl_interfaces/srv/detail/microxrcedds/describe_parameters__type_support_cpp.cpp:193:1:[m[K [01;35m[Kwarning: [m[Kmissing initializer for member ‘[01m[Krosidl_message_type_support_t::get_type_description_sources_func[m[K’ [[01;35m[K]8;;https://gcc.gnu.org/onlinedocs/gcc/Warning-Options.html#index-Wmissing-field-initializers-Wmissing-field-initializers]8;;[m[K]
[54.757s] [01m[K/home/rasp/ros2_ws/build/rcl_interfaces/rosidl_typesupport_microxrcedds_cpp/rcl_interfaces/srv/detail/microxrcedds/describe_parameters__type_support_cpp.cpp:448:1:[m[K [01;35m[Kwarning: [m[Kmissing initializer for member ‘[01m[Krosidl_message_type_support_t::get_type_hash_func[m[K’ [[01;35m[K]8;;https://gcc.gnu.org/onlinedocs/gcc/Warning-Options.html#index-Wmissing-field-initializers-Wmissing-field-initializers]8;;[m[K]
[54.757s]   448 | [01;35m[K}[m[K;
[54.758s]       | [01;35m[K^[m[K
[54.758s] [01m[K/home/rasp/ros2_ws/build/rcl_interfaces/rosidl_typesupport_microxrcedds_cpp/rcl_interfaces/srv/detail/microxrcedds/describe_parameters__type_support_cpp.cpp:448:1:[m[K [01;35m[Kwarning: [m[Kmissing initializer for member ‘[01m[Krosidl_message_type_support_t::get_type_description_func[m[K’ [[01;35m[K]8;;https://gcc.gnu.org/onlinedocs/gcc/Warning-Options.html#index-Wmissing-field-initializers-Wmissing-field-initializers]8;;[m[K]
[54.760s] [01m[K/home/rasp/ros2_ws/build/rcl_interfaces/rosidl_typesupport_microxrcedds_cpp/rcl_interfaces/srv/detail/microxrcedds/describe_parameters__type_support_cpp.cpp:448:1:[m[K [01;35m[Kwarning: [m[Kmissing initializer for member ‘[01m[Krosidl_message_type_support_t::get_type_description_sources_func[m[K’ [[01;35m[K]8;;https://gcc.gnu.org/onlinedocs/gcc/Warning-Options.html#index-Wmissing-field-initializers-Wmissing-field-initializers]8;;[m[K]
[54.760s] [01m[K/home/rasp/ros2_ws/build/rcl_interfaces/rosidl_typesupport_microxrcedds_cpp/rcl_interfaces/srv/detail/microxrcedds/describe_parameters__type_support_cpp.cpp:509:1:[m[K [01;35m[Kwarning: [m[Kmissing initializer for member ‘[01m[Krosidl_service_type_support_t::request_typesupport[m[K’ [[01;35m[K]8;;https://gcc.gnu.org/onlinedocs/gcc/Warning-Options.html#index-Wmissing-field-initializers-Wmissing-field-initializers]8;;[m[K]
[54.760s]   509 | [01;35m[K}[m[K;
[54.760s]       | [01;35m[K^[m[K
[54.760s] [01m[K/home/rasp/ros2_ws/build/rcl_interfaces/rosidl_typesupport_microxrcedds_cpp/rcl_interfaces/srv/detail/microxrcedds/describe_parameters__type_support_cpp.cpp:509:1:[m[K [01;35m[Kwarning: [m[Kmissing initializer for member ‘[01m[Krosidl_service_type_support_t::response_typesupport[m[K’ [[01;35m[K]8;;https://gcc.gnu.org/onlinedocs/gcc/Warning-Options.html#index-Wmissing-field-initializers-Wmissing-field-initializers]8;;[m[K]
[54.760s] [01m[K/home/rasp/ros2_ws/build/rcl_interfaces/rosidl_typesupport_microxrcedds_cpp/rcl_interfaces/srv/detail/microxrcedds/describe_parameters__type_support_cpp.cpp:509:1:[m[K [01;35m[Kwarning: [m[Kmissing initializer for member ‘[01m[Krosidl_service_type_support_t::event_typesupport[m[K’ [[01;35m[K]8;;https://gcc.gnu.org/onlinedocs/gcc/Warning-Options.html#index-Wmissing-field-initializers-Wmissing-field-initializers]8;;[m[K]
[54.760s] [01m[K/home/rasp/ros2_ws/build/rcl_interfaces/rosidl_typesupport_microxrcedds_cpp/rcl_interfaces/srv/detail/microxrcedds/describe_parameters__type_support_cpp.cpp:509:1:[m[K [01;35m[Kwarning: [m[Kmissing initializer for member ‘[01m[Krosidl_service_type_support_t::event_message_create_handle_function[m[K’ [[01;35m[K]8;;https://gcc.gnu.org/onlinedocs/gcc/Warning-Options.html#index-Wmissing-field-initializers-Wmissing-field-initializers]8;;[m[K]
[54.760s] [01m[K/home/rasp/ros2_ws/build/rcl_interfaces/rosidl_typesupport_microxrcedds_cpp/rcl_interfaces/srv/detail/microxrcedds/describe_parameters__type_support_cpp.cpp:509:1:[m[K [01;35m[Kwarning: [m[Kmissing initializer for member ‘[01m[Krosidl_service_type_support_t::event_message_destroy_handle_function[m[K’ [[01;35m[K]8;;https://gcc.gnu.org/onlinedocs/gcc/Warning-Options.html#index-Wmissing-field-initializers-Wmissing-field-initializers]8;;[m[K]
[54.760s] [01m[K/home/rasp/ros2_ws/build/rcl_interfaces/rosidl_typesupport_microxrcedds_cpp/rcl_interfaces/srv/detail/microxrcedds/describe_parameters__type_support_cpp.cpp:509:1:[m[K [01;35m[Kwarning: [m[Kmissing initializer for member ‘[01m[Krosidl_service_type_support_t::get_type_hash_func[m[K’ [[01;35m[K]8;;https://gcc.gnu.org/onlinedocs/gcc/Warning-Options.html#index-Wmissing-field-initializers-Wmissing-field-initializers]8;;[m[K]
[54.762s] [01m[K/home/rasp/ros2_ws/build/rcl_interfaces/rosidl_typesupport_microxrcedds_cpp/rcl_interfaces/srv/detail/microxrcedds/describe_parameters__type_support_cpp.cpp:509:1:[m[K [01;35m[Kwarning: [m[Kmissing initializer for member ‘[01m[Krosidl_service_type_support_t::get_type_description_func[m[K’ [[01;35m[K]8;;https://gcc.gnu.org/onlinedocs/gcc/Warning-Options.html#index-Wmissing-field-initializers-Wmissing-field-initializers]8;;[m[K]
[54.762s] [01m[K/home/rasp/ros2_ws/build/rcl_interfaces/rosidl_typesupport_microxrcedds_cpp/rcl_interfaces/srv/detail/microxrcedds/describe_parameters__type_support_cpp.cpp:509:1:[m[K [01;35m[Kwarning: [m[Kmissing initializer for member ‘[01m[Krosidl_service_type_support_t::get_type_description_sources_func[m[K’ [[01;35m[K]8;;https://gcc.gnu.org/onlinedocs/gcc/Warning-Options.html#index-Wmissing-field-initializers-Wmissing-field-initializers]8;;[m[K]
[54.903s] [ 70%] [32mBuilding CXX object CMakeFiles/rcl_interfaces__rosidl_typesupport_microxrcedds_cpp.dir/rosidl_typesupport_microxrcedds_cpp/rcl_interfaces/srv/detail/microxrcedds/get_parameters__type_support_cpp.cpp.o[0m
[55.191s] [01m[K/home/rasp/ros2_ws/build/rcl_interfaces/rosidl_typesupport_microxrcedds_cpp/rcl_interfaces/srv/detail/microxrcedds/get_parameters__type_support_cpp.cpp:193:1:[m[K [01;35m[Kwarning: [m[Kmissing initializer for member ‘[01m[Krosidl_message_type_support_t::get_type_hash_func[m[K’ [[01;35m[K]8;;https://gcc.gnu.org/onlinedocs/gcc/Warning-Options.html#index-Wmissing-field-initializers-Wmissing-field-initializers]8;;[m[K]
[55.192s]   193 | [01;35m[K}[m[K;
[55.192s]       | [01;35m[K^[m[K
[55.192s] [01m[K/home/rasp/ros2_ws/build/rcl_interfaces/rosidl_typesupport_microxrcedds_cpp/rcl_interfaces/srv/detail/microxrcedds/get_parameters__type_support_cpp.cpp:193:1:[m[K [01;35m[Kwarning: [m[Kmissing initializer for member ‘[01m[Krosidl_message_type_support_t::get_type_description_func[m[K’ [[01;35m[K]8;;https://gcc.gnu.org/onlinedocs/gcc/Warning-Options.html#index-Wmissing-field-initializers-Wmissing-field-initializers]8;;[m[K]
[55.192s] [01m[K/home/rasp/ros2_ws/build/rcl_interfaces/rosidl_typesupport_microxrcedds_cpp/rcl_interfaces/srv/detail/microxrcedds/get_parameters__type_support_cpp.cpp:193:1:[m[K [01;35m[Kwarning: [m[Kmissing initializer for member ‘[01m[Krosidl_message_type_support_t::get_type_description_sources_func[m[K’ [[01;35m[K]8;;https://gcc.gnu.org/onlinedocs/gcc/Warning-Options.html#index-Wmissing-field-initializers-Wmissing-field-initializers]8;;[m[K]
[55.193s] [01m[K/home/rasp/ros2_ws/build/rcl_interfaces/rosidl_typesupport_microxrcedds_cpp/rcl_interfaces/srv/detail/microxrcedds/get_parameters__type_support_cpp.cpp:448:1:[m[K [01;35m[Kwarning: [m[Kmissing initializer for member ‘[01m[Krosidl_message_type_support_t::get_type_hash_func[m[K’ [[01;35m[K]8;;https://gcc.gnu.org/onlinedocs/gcc/Warning-Options.html#index-Wmissing-field-initializers-Wmissing-field-initializers]8;;[m[K]
[55.193s]   448 | [01;35m[K}[m[K;
[55.194s]       | [01;35m[K^[m[K
[55.194s] [01m[K/home/rasp/ros2_ws/build/rcl_interfaces/rosidl_typesupport_microxrcedds_cpp/rcl_interfaces/srv/detail/microxrcedds/get_parameters__type_support_cpp.cpp:448:1:[m[K [01;35m[Kwarning: [m[Kmissing initializer for member ‘[01m[Krosidl_message_type_support_t::get_type_description_func[m[K’ [[01;35m[K]8;;https://gcc.gnu.org/onlinedocs/gcc/Warning-Options.html#index-Wmissing-field-initializers-Wmissing-field-initializers]8;;[m[K]
[55.194s] [01m[K/home/rasp/ros2_ws/build/rcl_interfaces/rosidl_typesupport_microxrcedds_cpp/rcl_interfaces/srv/detail/microxrcedds/get_parameters__type_support_cpp.cpp:448:1:[m[K [01;35m[Kwarning: [m[Kmissing initializer for member ‘[01m[Krosidl_message_type_support_t::get_type_description_sources_func[m[K’ [[01;35m[K]8;;https://gcc.gnu.org/onlinedocs/gcc/Warning-Options.html#index-Wmissing-field-initializers-Wmissing-field-initializers]8;;[m[K]
[55.194s] [01m[K/home/rasp/ros2_ws/build/rcl_interfaces/rosidl_typesupport_microxrcedds_cpp/rcl_interfaces/srv/detail/microxrcedds/get_parameters__type_support_cpp.cpp:509:1:[m[K [01;35m[Kwarning: [m[Kmissing initializer for member ‘[01m[Krosidl_service_type_support_t::request_typesupport[m[K’ [[01;35m[K]8;;https://gcc.gnu.org/onlinedocs/gcc/Warning-Options.html#index-Wmissing-field-initializers-Wmissing-field-initializers]8;;[m[K]
[55.194s]   509 | [01;35m[K}[m[K;
[55.194s]       | [01;35m[K^[m[K
[55.195s] [01m[K/home/rasp/ros2_ws/build/rcl_interfaces/rosidl_typesupport_microxrcedds_cpp/rcl_interfaces/srv/detail/microxrcedds/get_parameters__type_support_cpp.cpp:509:1:[m[K [01;35m[Kwarning: [m[Kmissing initializer for member ‘[01m[Krosidl_service_type_support_t::response_typesupport[m[K’ [[01;35m[K]8;;https://gcc.gnu.org/onlinedocs/gcc/Warning-Options.html#index-Wmissing-field-initializers-Wmissing-field-initializers]8;;[m[K]
[55.195s] [01m[K/home/rasp/ros2_ws/build/rcl_interfaces/rosidl_typesupport_microxrcedds_cpp/rcl_interfaces/srv/detail/microxrcedds/get_parameters__type_support_cpp.cpp:509:1:[m[K [01;35m[Kwarning: [m[Kmissing initializer for member ‘[01m[Krosidl_service_type_support_t::event_typesupport[m[K’ [[01;35m[K]8;;https://gcc.gnu.org/onlinedocs/gcc/Warning-Options.html#index-Wmissing-field-initializers-Wmissing-field-initializers]8;;[m[K]
[55.195s] [01m[K/home/rasp/ros2_ws/build/rcl_interfaces/rosidl_typesupport_microxrcedds_cpp/rcl_interfaces/srv/detail/microxrcedds/get_parameters__type_support_cpp.cpp:509:1:[m[K [01;35m[Kwarning: [m[Kmissing initializer for member ‘[01m[Krosidl_service_type_support_t::event_message_create_handle_function[m[K’ [[01;35m[K]8;;https://gcc.gnu.org/onlinedocs/gcc/Warning-Options.html#index-Wmissing-field-initializers-Wmissing-field-initializers]8;;[m[K]
[55.195s] [01m[K/home/rasp/ros2_ws/build/rcl_interfaces/rosidl_typesupport_microxrcedds_cpp/rcl_interfaces/srv/detail/microxrcedds/get_parameters__type_support_cpp.cpp:509:1:[m[K [01;35m[Kwarning: [m[Kmissing initializer for member ‘[01m[Krosidl_service_type_support_t::event_message_destroy_handle_function[m[K’ [[01;35m[K]8;;https://gcc.gnu.org/onlinedocs/gcc/Warning-Options.html#index-Wmissing-field-initializers-Wmissing-field-initializers]8;;[m[K]
[55.195s] [01m[K/home/rasp/ros2_ws/build/rcl_interfaces/rosidl_typesupport_microxrcedds_cpp/rcl_interfaces/srv/detail/microxrcedds/get_parameters__type_support_cpp.cpp:509:1:[m[K [01;35m[Kwarning: [m[Kmissing initializer for member ‘[01m[Krosidl_service_type_support_t::get_type_hash_func[m[K’ [[01;35m[K]8;;https://gcc.gnu.org/onlinedocs/gcc/Warning-Options.html#index-Wmissing-field-initializers-Wmissing-field-initializers]8;;[m[K]
[55.195s] [01m[K/home/rasp/ros2_ws/build/rcl_interfaces/rosidl_typesupport_microxrcedds_cpp/rcl_interfaces/srv/detail/microxrcedds/get_parameters__type_support_cpp.cpp:509:1:[m[K [01;35m[Kwarning: [m[Kmissing initializer for member ‘[01m[Krosidl_service_type_support_t::get_type_description_func[m[K’ [[01;35m[K]8;;https://gcc.gnu.org/onlinedocs/gcc/Warning-Options.html#index-Wmissing-field-initializers-Wmissing-field-initializers]8;;[m[K]
[55.198s] [01m[K/home/rasp/ros2_ws/build/rcl_interfaces/rosidl_typesupport_microxrcedds_cpp/rcl_interfaces/srv/detail/microxrcedds/get_parameters__type_support_cpp.cpp:509:1:[m[K [01;35m[Kwarning: [m[Kmissing initializer for member ‘[01m[Krosidl_service_type_support_t::get_type_description_sources_func[m[K’ [[01;35m[K]8;;https://gcc.gnu.org/onlinedocs/gcc/Warning-Options.html#index-Wmissing-field-initializers-Wmissing-field-initializers]8;;[m[K]
[55.354s] [ 71%] [32mBuilding CXX object CMakeFiles/rcl_interfaces__rosidl_typesupport_microxrcedds_cpp.dir/rosidl_typesupport_microxrcedds_cpp/rcl_interfaces/srv/detail/microxrcedds/get_parameter_types__type_support_cpp.cpp.o[0m
[55.639s] [01m[K/home/rasp/ros2_ws/build/rcl_interfaces/rosidl_typesupport_microxrcedds_cpp/rcl_interfaces/srv/detail/microxrcedds/get_parameter_types__type_support_cpp.cpp:193:1:[m[K [01;35m[Kwarning: [m[Kmissing initializer for member ‘[01m[Krosidl_message_type_support_t::get_type_hash_func[m[K’ [[01;35m[K]8;;https://gcc.gnu.org/onlinedocs/gcc/Warning-Options.html#index-Wmissing-field-initializers-Wmissing-field-initializers]8;;[m[K]
[55.640s]   193 | [01;35m[K}[m[K;
[55.640s]       | [01;35m[K^[m[K
[55.641s] [01m[K/home/rasp/ros2_ws/build/rcl_interfaces/rosidl_typesupport_microxrcedds_cpp/rcl_interfaces/srv/detail/microxrcedds/get_parameter_types__type_support_cpp.cpp:193:1:[m[K [01;35m[Kwarning: [m[Kmissing initializer for member ‘[01m[Krosidl_message_type_support_t::get_type_description_func[m[K’ [[01;35m[K]8;;https://gcc.gnu.org/onlinedocs/gcc/Warning-Options.html#index-Wmissing-field-initializers-Wmissing-field-initializers]8;;[m[K]
[55.641s] [01m[K/home/rasp/ros2_ws/build/rcl_interfaces/rosidl_typesupport_microxrcedds_cpp/rcl_interfaces/srv/detail/microxrcedds/get_parameter_types__type_support_cpp.cpp:193:1:[m[K [01;35m[Kwarning: [m[Kmissing initializer for member ‘[01m[Krosidl_message_type_support_t::get_type_description_sources_func[m[K’ [[01;35m[K]8;;https://gcc.gnu.org/onlinedocs/gcc/Warning-Options.html#index-Wmissing-field-initializers-Wmissing-field-initializers]8;;[m[K]
[55.641s] [01m[K/home/rasp/ros2_ws/build/rcl_interfaces/rosidl_typesupport_microxrcedds_cpp/rcl_interfaces/srv/detail/microxrcedds/get_parameter_types__type_support_cpp.cpp:405:1:[m[K [01;35m[Kwarning: [m[Kmissing initializer for member ‘[01m[Krosidl_message_type_support_t::get_type_hash_func[m[K’ [[01;35m[K]8;;https://gcc.gnu.org/onlinedocs/gcc/Warning-Options.html#index-Wmissing-field-initializers-Wmissing-field-initializers]8;;[m[K]
[55.641s]   405 | [01;35m[K}[m[K;
[55.641s]       | [01;35m[K^[m[K
[55.641s] [01m[K/home/rasp/ros2_ws/build/rcl_interfaces/rosidl_typesupport_microxrcedds_cpp/rcl_interfaces/srv/detail/microxrcedds/get_parameter_types__type_support_cpp.cpp:405:1:[m[K [01;35m[Kwarning: [m[Kmissing initializer for member ‘[01m[Krosidl_message_type_support_t::get_type_description_func[m[K’ [[01;35m[K]8;;https://gcc.gnu.org/onlinedocs/gcc/Warning-Options.html#index-Wmissing-field-initializers-Wmissing-field-initializers]8;;[m[K]
[55.642s] [01m[K/home/rasp/ros2_ws/build/rcl_interfaces/rosidl_typesupport_microxrcedds_cpp/rcl_interfaces/srv/detail/microxrcedds/get_parameter_types__type_support_cpp.cpp:405:1:[m[K [01;35m[Kwarning: [m[Kmissing initializer for member ‘[01m[Krosidl_message_type_support_t::get_type_description_sources_func[m[K’ [[01;35m[K]8;;https://gcc.gnu.org/onlinedocs/gcc/Warning-Options.html#index-Wmissing-field-initializers-Wmissing-field-initializers]8;;[m[K]
[55.642s] [01m[K/home/rasp/ros2_ws/build/rcl_interfaces/rosidl_typesupport_microxrcedds_cpp/rcl_interfaces/srv/detail/microxrcedds/get_parameter_types__type_support_cpp.cpp:466:1:[m[K [01;35m[Kwarning: [m[Kmissing initializer for member ‘[01m[Krosidl_service_type_support_t::request_typesupport[m[K’ [[01;35m[K]8;;https://gcc.gnu.org/onlinedocs/gcc/Warning-Options.html#index-Wmissing-field-initializers-Wmissing-field-initializers]8;;[m[K]
[55.642s]   466 | [01;35m[K}[m[K;
[55.642s]       | [01;35m[K^[m[K
[55.642s] [01m[K/home/rasp/ros2_ws/build/rcl_interfaces/rosidl_typesupport_microxrcedds_cpp/rcl_interfaces/srv/detail/microxrcedds/get_parameter_types__type_support_cpp.cpp:466:1:[m[K [01;35m[Kwarning: [m[Kmissing initializer for member ‘[01m[Krosidl_service_type_support_t::response_typesupport[m[K’ [[01;35m[K]8;;https://gcc.gnu.org/onlinedocs/gcc/Warning-Options.html#index-Wmissing-field-initializers-Wmissing-field-initializers]8;;[m[K]
[55.642s] [01m[K/home/rasp/ros2_ws/build/rcl_interfaces/rosidl_typesupport_microxrcedds_cpp/rcl_interfaces/srv/detail/microxrcedds/get_parameter_types__type_support_cpp.cpp:466:1:[m[K [01;35m[Kwarning: [m[Kmissing initializer for member ‘[01m[Krosidl_service_type_support_t::event_typesupport[m[K’ [[01;35m[K]8;;https://gcc.gnu.org/onlinedocs/gcc/Warning-Options.html#index-Wmissing-field-initializers-Wmissing-field-initializers]8;;[m[K]
[55.643s] [01m[K/home/rasp/ros2_ws/build/rcl_interfaces/rosidl_typesupport_microxrcedds_cpp/rcl_interfaces/srv/detail/microxrcedds/get_parameter_types__type_support_cpp.cpp:466:1:[m[K [01;35m[Kwarning: [m[Kmissing initializer for member ‘[01m[Krosidl_service_type_support_t::event_message_create_handle_function[m[K’ [[01;35m[K]8;;https://gcc.gnu.org/onlinedocs/gcc/Warning-Options.html#index-Wmissing-field-initializers-Wmissing-field-initializers]8;;[m[K]
[55.645s] [01m[K/home/rasp/ros2_ws/build/rcl_interfaces/rosidl_typesupport_microxrcedds_cpp/rcl_interfaces/srv/detail/microxrcedds/get_parameter_types__type_support_cpp.cpp:466:1:[m[K [01;35m[Kwarning: [m[Kmissing initializer for member ‘[01m[Krosidl_service_type_support_t::event_message_destroy_handle_function[m[K’ [[01;35m[K]8;;https://gcc.gnu.org/onlinedocs/gcc/Warning-Options.html#index-Wmissing-field-initializers-Wmissing-field-initializers]8;;[m[K]
[55.645s] [01m[K/home/rasp/ros2_ws/build/rcl_interfaces/rosidl_typesupport_microxrcedds_cpp/rcl_interfaces/srv/detail/microxrcedds/get_parameter_types__type_support_cpp.cpp:466:1:[m[K [01;35m[Kwarning: [m[Kmissing initializer for member ‘[01m[Krosidl_service_type_support_t::get_type_hash_func[m[K’ [[01;35m[K]8;;https://gcc.gnu.org/onlinedocs/gcc/Warning-Options.html#index-Wmissing-field-initializers-Wmissing-field-initializers]8;;[m[K]
[55.645s] [01m[K/home/rasp/ros2_ws/build/rcl_interfaces/rosidl_typesupport_microxrcedds_cpp/rcl_interfaces/srv/detail/microxrcedds/get_parameter_types__type_support_cpp.cpp:466:1:[m[K [01;35m[Kwarning: [m[Kmissing initializer for member ‘[01m[Krosidl_service_type_support_t::get_type_description_func[m[K’ [[01;35m[K]8;;https://gcc.gnu.org/onlinedocs/gcc/Warning-Options.html#index-Wmissing-field-initializers-Wmissing-field-initializers]8;;[m[K]
[55.645s] [01m[K/home/rasp/ros2_ws/build/rcl_interfaces/rosidl_typesupport_microxrcedds_cpp/rcl_interfaces/srv/detail/microxrcedds/get_parameter_types__type_support_cpp.cpp:466:1:[m[K [01;35m[Kwarning: [m[Kmissing initializer for member ‘[01m[Krosidl_service_type_support_t::get_type_description_sources_func[m[K’ [[01;35m[K]8;;https://gcc.gnu.org/onlinedocs/gcc/Warning-Options.html#index-Wmissing-field-initializers-Wmissing-field-initializers]8;;[m[K]
[55.753s] [ 71%] [32mBuilding CXX object CMakeFiles/rcl_interfaces__rosidl_typesupport_microxrcedds_cpp.dir/rosidl_typesupport_microxrcedds_cpp/rcl_interfaces/srv/detail/microxrcedds/list_parameters__type_support_cpp.cpp.o[0m
[56.034s] [01m[K/home/rasp/ros2_ws/build/rcl_interfaces/rosidl_typesupport_microxrcedds_cpp/rcl_interfaces/srv/detail/microxrcedds/list_parameters__type_support_cpp.cpp:204:1:[m[K [01;35m[Kwarning: [m[Kmissing initializer for member ‘[01m[Krosidl_message_type_support_t::get_type_hash_func[m[K’ [[01;35m[K]8;;https://gcc.gnu.org/onlinedocs/gcc/Warning-Options.html#index-Wmissing-field-initializers-Wmissing-field-initializers]8;;[m[K]
[56.034s]   204 | [01;35m[K}[m[K;
[56.034s]       | [01;35m[K^[m[K
[56.035s] [01m[K/home/rasp/ros2_ws/build/rcl_interfaces/rosidl_typesupport_microxrcedds_cpp/rcl_interfaces/srv/detail/microxrcedds/list_parameters__type_support_cpp.cpp:204:1:[m[K [01;35m[Kwarning: [m[Kmissing initializer for member ‘[01m[Krosidl_message_type_support_t::get_type_description_func[m[K’ [[01;35m[K]8;;https://gcc.gnu.org/onlinedocs/gcc/Warning-Options.html#index-Wmissing-field-initializers-Wmissing-field-initializers]8;;[m[K]
[56.035s] [01m[K/home/rasp/ros2_ws/build/rcl_interfaces/rosidl_typesupport_microxrcedds_cpp/rcl_interfaces/srv/detail/microxrcedds/list_parameters__type_support_cpp.cpp:204:1:[m[K [01;35m[Kwarning: [m[Kmissing initializer for member ‘[01m[Krosidl_message_type_support_t::get_type_description_sources_func[m[K’ [[01;35m[K]8;;https://gcc.gnu.org/onlinedocs/gcc/Warning-Options.html#index-Wmissing-field-initializers-Wmissing-field-initializers]8;;[m[K]
[56.035s] [01m[K/home/rasp/ros2_ws/build/rcl_interfaces/rosidl_typesupport_microxrcedds_cpp/rcl_interfaces/srv/detail/microxrcedds/list_parameters__type_support_cpp.cpp:431:1:[m[K [01;35m[Kwarning: [m[Kmissing initializer for member ‘[01m[Krosidl_message_type_support_t::get_type_hash_func[m[K’ [[01;35m[K]8;;https://gcc.gnu.org/onlinedocs/gcc/Warning-Options.html#index-Wmissing-field-initializers-Wmissing-field-initializers]8;;[m[K]
[56.035s]   431 | [01;35m[K}[m[K;
[56.035s]       | [01;35m[K^[m[K
[56.036s] [01m[K/home/rasp/ros2_ws/build/rcl_interfaces/rosidl_typesupport_microxrcedds_cpp/rcl_interfaces/srv/detail/microxrcedds/list_parameters__type_support_cpp.cpp:431:1:[m[K [01;35m[Kwarning: [m[Kmissing initializer for member ‘[01m[Krosidl_message_type_support_t::get_type_description_func[m[K’ [[01;35m[K]8;;https://gcc.gnu.org/onlinedocs/gcc/Warning-Options.html#index-Wmissing-field-initializers-Wmissing-field-initializers]8;;[m[K]
[56.036s] [01m[K/home/rasp/ros2_ws/build/rcl_interfaces/rosidl_typesupport_microxrcedds_cpp/rcl_interfaces/srv/detail/microxrcedds/list_parameters__type_support_cpp.cpp:431:1:[m[K [01;35m[Kwarning: [m[Kmissing initializer for member ‘[01m[Krosidl_message_type_support_t::get_type_description_sources_func[m[K’ [[01;35m[K]8;;https://gcc.gnu.org/onlinedocs/gcc/Warning-Options.html#index-Wmissing-field-initializers-Wmissing-field-initializers]8;;[m[K]
[56.036s] [01m[K/home/rasp/ros2_ws/build/rcl_interfaces/rosidl_typesupport_microxrcedds_cpp/rcl_interfaces/srv/detail/microxrcedds/list_parameters__type_support_cpp.cpp:492:1:[m[K [01;35m[Kwarning: [m[Kmissing initializer for member ‘[01m[Krosidl_service_type_support_t::request_typesupport[m[K’ [[01;35m[K]8;;https://gcc.gnu.org/onlinedocs/gcc/Warning-Options.html#index-Wmissing-field-initializers-Wmissing-field-initializers]8;;[m[K]
[56.036s]   492 | [01;35m[K}[m[K;
[56.036s]       | [01;35m[K^[m[K
[56.037s] [01m[K/home/rasp/ros2_ws/build/rcl_interfaces/rosidl_typesupport_microxrcedds_cpp/rcl_interfaces/srv/detail/microxrcedds/list_parameters__type_support_cpp.cpp:492:1:[m[K [01;35m[Kwarning: [m[Kmissing initializer for member ‘[01m[Krosidl_service_type_support_t::response_typesupport[m[K’ [[01;35m[K]8;;https://gcc.gnu.org/onlinedocs/gcc/Warning-Options.html#index-Wmissing-field-initializers-Wmissing-field-initializers]8;;[m[K]
[56.037s] [01m[K/home/rasp/ros2_ws/build/rcl_interfaces/rosidl_typesupport_microxrcedds_cpp/rcl_interfaces/srv/detail/microxrcedds/list_parameters__type_support_cpp.cpp:492:1:[m[K [01;35m[Kwarning: [m[Kmissing initializer for member ‘[01m[Krosidl_service_type_support_t::event_typesupport[m[K’ [[01;35m[K]8;;https://gcc.gnu.org/onlinedocs/gcc/Warning-Options.html#index-Wmissing-field-initializers-Wmissing-field-initializers]8;;[m[K]
[56.037s] [01m[K/home/rasp/ros2_ws/build/rcl_interfaces/rosidl_typesupport_microxrcedds_cpp/rcl_interfaces/srv/detail/microxrcedds/list_parameters__type_support_cpp.cpp:492:1:[m[K [01;35m[Kwarning: [m[Kmissing initializer for member ‘[01m[Krosidl_service_type_support_t::event_message_create_handle_function[m[K’ [[01;35m[K]8;;https://gcc.gnu.org/onlinedocs/gcc/Warning-Options.html#index-Wmissing-field-initializers-Wmissing-field-initializers]8;;[m[K]
[56.037s] [01m[K/home/rasp/ros2_ws/build/rcl_interfaces/rosidl_typesupport_microxrcedds_cpp/rcl_interfaces/srv/detail/microxrcedds/list_parameters__type_support_cpp.cpp:492:1:[m[K [01;35m[Kwarning: [m[Kmissing initializer for member ‘[01m[Krosidl_service_type_support_t::event_message_destroy_handle_function[m[K’ [[01;35m[K]8;;https://gcc.gnu.org/onlinedocs/gcc/Warning-Options.html#index-Wmissing-field-initializers-Wmissing-field-initializers]8;;[m[K]
[56.037s] [01m[K/home/rasp/ros2_ws/build/rcl_interfaces/rosidl_typesupport_microxrcedds_cpp/rcl_interfaces/srv/detail/microxrcedds/list_parameters__type_support_cpp.cpp:492:1:[m[K [01;35m[Kwarning: [m[Kmissing initializer for member ‘[01m[Krosidl_service_type_support_t::get_type_hash_func[m[K’ [[01;35m[K]8;;https://gcc.gnu.org/onlinedocs/gcc/Warning-Options.html#index-Wmissing-field-initializers-Wmissing-field-initializers]8;;[m[K]
[56.037s] [01m[K/home/rasp/ros2_ws/build/rcl_interfaces/rosidl_typesupport_microxrcedds_cpp/rcl_interfaces/srv/detail/microxrcedds/list_parameters__type_support_cpp.cpp:492:1:[m[K [01;35m[Kwarning: [m[Kmissing initializer for member ‘[01m[Krosidl_service_type_support_t::get_type_description_func[m[K’ [[01;35m[K]8;;https://gcc.gnu.org/onlinedocs/gcc/Warning-Options.html#index-Wmissing-field-initializers-Wmissing-field-initializers]8;;[m[K]
[56.039s] [01m[K/home/rasp/ros2_ws/build/rcl_interfaces/rosidl_typesupport_microxrcedds_cpp/rcl_interfaces/srv/detail/microxrcedds/list_parameters__type_support_cpp.cpp:492:1:[m[K [01;35m[Kwarning: [m[Kmissing initializer for member ‘[01m[Krosidl_service_type_support_t::get_type_description_sources_func[m[K’ [[01;35m[K]8;;https://gcc.gnu.org/onlinedocs/gcc/Warning-Options.html#index-Wmissing-field-initializers-Wmissing-field-initializers]8;;[m[K]
[56.128s] [ 71%] [32mBuilding CXX object CMakeFiles/rcl_interfaces__rosidl_typesupport_microxrcedds_cpp.dir/rosidl_typesupport_microxrcedds_cpp/rcl_interfaces/srv/detail/microxrcedds/set_parameters_atomically__type_support_cpp.cpp.o[0m
[56.414s] [01m[K/home/rasp/ros2_ws/build/rcl_interfaces/rosidl_typesupport_microxrcedds_cpp/rcl_interfaces/srv/detail/microxrcedds/set_parameters_atomically__type_support_cpp.cpp:217:1:[m[K [01;35m[Kwarning: [m[Kmissing initializer for member ‘[01m[Krosidl_message_type_support_t::get_type_hash_func[m[K’ [[01;35m[K]8;;https://gcc.gnu.org/onlinedocs/gcc/Warning-Options.html#index-Wmissing-field-initializers-Wmissing-field-initializers]8;;[m[K]
[56.414s]   217 | [01;35m[K}[m[K;
[56.414s]       | [01;35m[K^[m[K
[56.416s] [01m[K/home/rasp/ros2_ws/build/rcl_interfaces/rosidl_typesupport_microxrcedds_cpp/rcl_interfaces/srv/detail/microxrcedds/set_parameters_atomically__type_support_cpp.cpp:217:1:[m[K [01;35m[Kwarning: [m[Kmissing initializer for member ‘[01m[Krosidl_message_type_support_t::get_type_description_func[m[K’ [[01;35m[K]8;;https://gcc.gnu.org/onlinedocs/gcc/Warning-Options.html#index-Wmissing-field-initializers-Wmissing-field-initializers]8;;[m[K]
[56.416s] [01m[K/home/rasp/ros2_ws/build/rcl_interfaces/rosidl_typesupport_microxrcedds_cpp/rcl_interfaces/srv/detail/microxrcedds/set_parameters_atomically__type_support_cpp.cpp:217:1:[m[K [01;35m[Kwarning: [m[Kmissing initializer for member ‘[01m[Krosidl_message_type_support_t::get_type_description_sources_func[m[K’ [[01;35m[K]8;;https://gcc.gnu.org/onlinedocs/gcc/Warning-Options.html#index-Wmissing-field-initializers-Wmissing-field-initializers]8;;[m[K]
[56.424s] [01m[K/home/rasp/ros2_ws/build/rcl_interfaces/rosidl_typesupport_microxrcedds_cpp/rcl_interfaces/srv/detail/microxrcedds/set_parameters_atomically__type_support_cpp.cpp:444:1:[m[K [01;35m[Kwarning: [m[Kmissing initializer for member ‘[01m[Krosidl_message_type_support_t::get_type_hash_func[m[K’ [[01;35m[K]8;;https://gcc.gnu.org/onlinedocs/gcc/Warning-Options.html#index-Wmissing-field-initializers-Wmissing-field-initializers]8;;[m[K]
[56.424s]   444 | [01;35m[K}[m[K;
[56.424s]       | [01;35m[K^[m[K
[56.424s] [01m[K/home/rasp/ros2_ws/build/rcl_interfaces/rosidl_typesupport_microxrcedds_cpp/rcl_interfaces/srv/detail/microxrcedds/set_parameters_atomically__type_support_cpp.cpp:444:1:[m[K [01;35m[Kwarning: [m[Kmissing initializer for member ‘[01m[Krosidl_message_type_support_t::get_type_description_func[m[K’ [[01;35m[K]8;;https://gcc.gnu.org/onlinedocs/gcc/Warning-Options.html#index-Wmissing-field-initializers-Wmissing-field-initializers]8;;[m[K]
[56.424s] [01m[K/home/rasp/ros2_ws/build/rcl_interfaces/rosidl_typesupport_microxrcedds_cpp/rcl_interfaces/srv/detail/microxrcedds/set_parameters_atomically__type_support_cpp.cpp:444:1:[m[K [01;35m[Kwarning: [m[Kmissing initializer for member ‘[01m[Krosidl_message_type_support_t::get_type_description_sources_func[m[K’ [[01;35m[K]8;;https://gcc.gnu.org/onlinedocs/gcc/Warning-Options.html#index-Wmissing-field-initializers-Wmissing-field-initializers]8;;[m[K]
[56.425s] [01m[K/home/rasp/ros2_ws/build/rcl_interfaces/rosidl_typesupport_microxrcedds_cpp/rcl_interfaces/srv/detail/microxrcedds/set_parameters_atomically__type_support_cpp.cpp:505:1:[m[K [01;35m[Kwarning: [m[Kmissing initializer for member ‘[01m[Krosidl_service_type_support_t::request_typesupport[m[K’ [[01;35m[K]8;;https://gcc.gnu.org/onlinedocs/gcc/Warning-Options.html#index-Wmissing-field-initializers-Wmissing-field-initializers]8;;[m[K]
[56.425s]   505 | [01;35m[K}[m[K;
[56.425s]       | [01;35m[K^[m[K
[56.425s] [01m[K/home/rasp/ros2_ws/build/rcl_interfaces/rosidl_typesupport_microxrcedds_cpp/rcl_interfaces/srv/detail/microxrcedds/set_parameters_atomically__type_support_cpp.cpp:505:1:[m[K [01;35m[Kwarning: [m[Kmissing initializer for member ‘[01m[Krosidl_service_type_support_t::response_typesupport[m[K’ [[01;35m[K]8;;https://gcc.gnu.org/onlinedocs/gcc/Warning-Options.html#index-Wmissing-field-initializers-Wmissing-field-initializers]8;;[m[K]
[56.426s] [01m[K/home/rasp/ros2_ws/build/rcl_interfaces/rosidl_typesupport_microxrcedds_cpp/rcl_interfaces/srv/detail/microxrcedds/set_parameters_atomically__type_support_cpp.cpp:505:1:[m[K [01;35m[Kwarning: [m[Kmissing initializer for member ‘[01m[Krosidl_service_type_support_t::event_typesupport[m[K’ [[01;35m[K]8;;https://gcc.gnu.org/onlinedocs/gcc/Warning-Options.html#index-Wmissing-field-initializers-Wmissing-field-initializers]8;;[m[K]
[56.426s] [01m[K/home/rasp/ros2_ws/build/rcl_interfaces/rosidl_typesupport_microxrcedds_cpp/rcl_interfaces/srv/detail/microxrcedds/set_parameters_atomically__type_support_cpp.cpp:505:1:[m[K [01;35m[Kwarning: [m[Kmissing initializer for member ‘[01m[Krosidl_service_type_support_t::event_message_create_handle_function[m[K’ [[01;35m[K]8;;https://gcc.gnu.org/onlinedocs/gcc/Warning-Options.html#index-Wmissing-field-initializers-Wmissing-field-initializers]8;;[m[K]
[56.427s] [01m[K/home/rasp/ros2_ws/build/rcl_interfaces/rosidl_typesupport_microxrcedds_cpp/rcl_interfaces/srv/detail/microxrcedds/set_parameters_atomically__type_support_cpp.cpp:505:1:[m[K [01;35m[Kwarning: [m[Kmissing initializer for member ‘[01m[Krosidl_service_type_support_t::event_message_destroy_handle_function[m[K’ [[01;35m[K]8;;https://gcc.gnu.org/onlinedocs/gcc/Warning-Options.html#index-Wmissing-field-initializers-Wmissing-field-initializers]8;;[m[K]
[56.427s] [01m[K/home/rasp/ros2_ws/build/rcl_interfaces/rosidl_typesupport_microxrcedds_cpp/rcl_interfaces/srv/detail/microxrcedds/set_parameters_atomically__type_support_cpp.cpp:505:1:[m[K [01;35m[Kwarning: [m[Kmissing initializer for member ‘[01m[Krosidl_service_type_support_t::get_type_hash_func[m[K’ [[01;35m[K]8;;https://gcc.gnu.org/onlinedocs/gcc/Warning-Options.html#index-Wmissing-field-initializers-Wmissing-field-initializers]8;;[m[K]
[56.427s] [01m[K/home/rasp/ros2_ws/build/rcl_interfaces/rosidl_typesupport_microxrcedds_cpp/rcl_interfaces/srv/detail/microxrcedds/set_parameters_atomically__type_support_cpp.cpp:505:1:[m[K [01;35m[Kwarning: [m[Kmissing initializer for member ‘[01m[Krosidl_service_type_support_t::get_type_description_func[m[K’ [[01;35m[K]8;;https://gcc.gnu.org/onlinedocs/gcc/Warning-Options.html#index-Wmissing-field-initializers-Wmissing-field-initializers]8;;[m[K]
[56.427s] [01m[K/home/rasp/ros2_ws/build/rcl_interfaces/rosidl_typesupport_microxrcedds_cpp/rcl_interfaces/srv/detail/microxrcedds/set_parameters_atomically__type_support_cpp.cpp:505:1:[m[K [01;35m[Kwarning: [m[Kmissing initializer for member ‘[01m[Krosidl_service_type_support_t::get_type_description_sources_func[m[K’ [[01;35m[K]8;;https://gcc.gnu.org/onlinedocs/gcc/Warning-Options.html#index-Wmissing-field-initializers-Wmissing-field-initializers]8;;[m[K]
[56.558s] [ 72%] [32mBuilding CXX object CMakeFiles/rcl_interfaces__rosidl_typesupport_microxrcedds_cpp.dir/rosidl_typesupport_microxrcedds_cpp/rcl_interfaces/srv/detail/microxrcedds/set_parameters__type_support_cpp.cpp.o[0m
[56.856s] [01m[K/home/rasp/ros2_ws/build/rcl_interfaces/rosidl_typesupport_microxrcedds_cpp/rcl_interfaces/srv/detail/microxrcedds/set_parameters__type_support_cpp.cpp:217:1:[m[K [01;35m[Kwarning: [m[Kmissing initializer for member ‘[01m[Krosidl_message_type_support_t::get_type_hash_func[m[K’ [[01;35m[K]8;;https://gcc.gnu.org/onlinedocs/gcc/Warning-Options.html#index-Wmissing-field-initializers-Wmissing-field-initializers]8;;[m[K]
[56.856s]   217 | [01;35m[K}[m[K;
[56.856s]       | [01;35m[K^[m[K
[56.858s] [01m[K/home/rasp/ros2_ws/build/rcl_interfaces/rosidl_typesupport_microxrcedds_cpp/rcl_interfaces/srv/detail/microxrcedds/set_parameters__type_support_cpp.cpp:217:1:[m[K [01;35m[Kwarning: [m[Kmissing initializer for member ‘[01m[Krosidl_message_type_support_t::get_type_description_func[m[K’ [[01;35m[K]8;;https://gcc.gnu.org/onlinedocs/gcc/Warning-Options.html#index-Wmissing-field-initializers-Wmissing-field-initializers]8;;[m[K]
[56.858s] [01m[K/home/rasp/ros2_ws/build/rcl_interfaces/rosidl_typesupport_microxrcedds_cpp/rcl_interfaces/srv/detail/microxrcedds/set_parameters__type_support_cpp.cpp:217:1:[m[K [01;35m[Kwarning: [m[Kmissing initializer for member ‘[01m[Krosidl_message_type_support_t::get_type_description_sources_func[m[K’ [[01;35m[K]8;;https://gcc.gnu.org/onlinedocs/gcc/Warning-Options.html#index-Wmissing-field-initializers-Wmissing-field-initializers]8;;[m[K]
[56.867s] [01m[K/home/rasp/ros2_ws/build/rcl_interfaces/rosidl_typesupport_microxrcedds_cpp/rcl_interfaces/srv/detail/microxrcedds/set_parameters__type_support_cpp.cpp:472:1:[m[K [01;35m[Kwarning: [m[Kmissing initializer for member ‘[01m[Krosidl_message_type_support_t::get_type_hash_func[m[K’ [[01;35m[K]8;;https://gcc.gnu.org/onlinedocs/gcc/Warning-Options.html#index-Wmissing-field-initializers-Wmissing-field-initializers]8;;[m[K]
[56.867s]   472 | [01;35m[K}[m[K;
[56.868s]       | [01;35m[K^[m[K
[56.868s] [01m[K/home/rasp/ros2_ws/build/rcl_interfaces/rosidl_typesupport_microxrcedds_cpp/rcl_interfaces/srv/detail/microxrcedds/set_parameters__type_support_cpp.cpp:472:1:[m[K [01;35m[Kwarning: [m[Kmissing initializer for member ‘[01m[Krosidl_message_type_support_t::get_type_description_func[m[K’ [[01;35m[K]8;;https://gcc.gnu.org/onlinedocs/gcc/Warning-Options.html#index-Wmissing-field-initializers-Wmissing-field-initializers]8;;[m[K]
[56.868s] [01m[K/home/rasp/ros2_ws/build/rcl_interfaces/rosidl_typesupport_microxrcedds_cpp/rcl_interfaces/srv/detail/microxrcedds/set_parameters__type_support_cpp.cpp:472:1:[m[K [01;35m[Kwarning: [m[Kmissing initializer for member ‘[01m[Krosidl_message_type_support_t::get_type_description_sources_func[m[K’ [[01;35m[K]8;;https://gcc.gnu.org/onlinedocs/gcc/Warning-Options.html#index-Wmissing-field-initializers-Wmissing-field-initializers]8;;[m[K]
[56.868s] [01m[K/home/rasp/ros2_ws/build/rcl_interfaces/rosidl_typesupport_microxrcedds_cpp/rcl_interfaces/srv/detail/microxrcedds/set_parameters__type_support_cpp.cpp:533:1:[m[K [01;35m[Kwarning: [m[Kmissing initializer for member ‘[01m[Krosidl_service_type_support_t::request_typesupport[m[K’ [[01;35m[K]8;;https://gcc.gnu.org/onlinedocs/gcc/Warning-Options.html#index-Wmissing-field-initializers-Wmissing-field-initializers]8;;[m[K]
[56.869s]   533 | [01;35m[K}[m[K;
[56.869s]       | [01;35m[K^[m[K
[56.871s] [01m[K/home/rasp/ros2_ws/build/rcl_interfaces/rosidl_typesupport_microxrcedds_cpp/rcl_interfaces/srv/detail/microxrcedds/set_parameters__type_support_cpp.cpp:533:1:[m[K [01;35m[Kwarning: [m[Kmissing initializer for member ‘[01m[Krosidl_service_type_support_t::response_typesupport[m[K’ [[01;35m[K]8;;https://gcc.gnu.org/onlinedocs/gcc/Warning-Options.html#index-Wmissing-field-initializers-Wmissing-field-initializers]8;;[m[K]
[56.871s] [01m[K/home/rasp/ros2_ws/build/rcl_interfaces/rosidl_typesupport_microxrcedds_cpp/rcl_interfaces/srv/detail/microxrcedds/set_parameters__type_support_cpp.cpp:533:1:[m[K [01;35m[Kwarning: [m[Kmissing initializer for member ‘[01m[Krosidl_service_type_support_t::event_typesupport[m[K’ [[01;35m[K]8;;https://gcc.gnu.org/onlinedocs/gcc/Warning-Options.html#index-Wmissing-field-initializers-Wmissing-field-initializers]8;;[m[K]
[56.871s] [01m[K/home/rasp/ros2_ws/build/rcl_interfaces/rosidl_typesupport_microxrcedds_cpp/rcl_interfaces/srv/detail/microxrcedds/set_parameters__type_support_cpp.cpp:533:1:[m[K [01;35m[Kwarning: [m[Kmissing initializer for member ‘[01m[Krosidl_service_type_support_t::event_message_create_handle_function[m[K’ [[01;35m[K]8;;https://gcc.gnu.org/onlinedocs/gcc/Warning-Options.html#index-Wmissing-field-initializers-Wmissing-field-initializers]8;;[m[K]
[56.871s] [01m[K/home/rasp/ros2_ws/build/rcl_interfaces/rosidl_typesupport_microxrcedds_cpp/rcl_interfaces/srv/detail/microxrcedds/set_parameters__type_support_cpp.cpp:533:1:[m[K [01;35m[Kwarning: [m[Kmissing initializer for member ‘[01m[Krosidl_service_type_support_t::event_message_destroy_handle_function[m[K’ [[01;35m[K]8;;https://gcc.gnu.org/onlinedocs/gcc/Warning-Options.html#index-Wmissing-field-initializers-Wmissing-field-initializers]8;;[m[K]
[56.871s] [01m[K/home/rasp/ros2_ws/build/rcl_interfaces/rosidl_typesupport_microxrcedds_cpp/rcl_interfaces/srv/detail/microxrcedds/set_parameters__type_support_cpp.cpp:533:1:[m[K [01;35m[Kwarning: [m[Kmissing initializer for member ‘[01m[Krosidl_service_type_support_t::get_type_hash_func[m[K’ [[01;35m[K]8;;https://gcc.gnu.org/onlinedocs/gcc/Warning-Options.html#index-Wmissing-field-initializers-Wmissing-field-initializers]8;;[m[K]
[56.871s] [01m[K/home/rasp/ros2_ws/build/rcl_interfaces/rosidl_typesupport_microxrcedds_cpp/rcl_interfaces/srv/detail/microxrcedds/set_parameters__type_support_cpp.cpp:533:1:[m[K [01;35m[Kwarning: [m[Kmissing initializer for member ‘[01m[Krosidl_service_type_support_t::get_type_description_func[m[K’ [[01;35m[K]8;;https://gcc.gnu.org/onlinedocs/gcc/Warning-Options.html#index-Wmissing-field-initializers-Wmissing-field-initializers]8;;[m[K]
[56.871s] [01m[K/home/rasp/ros2_ws/build/rcl_interfaces/rosidl_typesupport_microxrcedds_cpp/rcl_interfaces/srv/detail/microxrcedds/set_parameters__type_support_cpp.cpp:533:1:[m[K [01;35m[Kwarning: [m[Kmissing initializer for member ‘[01m[Krosidl_service_type_support_t::get_type_description_sources_func[m[K’ [[01;35m[K]8;;https://gcc.gnu.org/onlinedocs/gcc/Warning-Options.html#index-Wmissing-field-initializers-Wmissing-field-initializers]8;;[m[K]
[57.023s] [ 72%] [32mBuilding CXX object CMakeFiles/rcl_interfaces__rosidl_typesupport_microxrcedds_cpp.dir/rosidl_typesupport_microxrcedds_cpp/rcl_interfaces/srv/detail/microxrcedds/get_logger_levels__type_support_cpp.cpp.o[0m
[57.319s] [01m[K/home/rasp/ros2_ws/build/rcl_interfaces/rosidl_typesupport_microxrcedds_cpp/rcl_interfaces/srv/detail/microxrcedds/get_logger_levels__type_support_cpp.cpp:193:1:[m[K [01;35m[Kwarning: [m[Kmissing initializer for member ‘[01m[Krosidl_message_type_support_t::get_type_hash_func[m[K’ [[01;35m[K]8;;https://gcc.gnu.org/onlinedocs/gcc/Warning-Options.html#index-Wmissing-field-initializers-Wmissing-field-initializers]8;;[m[K]
[57.319s]   193 | [01;35m[K}[m[K;
[57.319s]       | [01;35m[K^[m[K
[57.319s] [01m[K/home/rasp/ros2_ws/build/rcl_interfaces/rosidl_typesupport_microxrcedds_cpp/rcl_interfaces/srv/detail/microxrcedds/get_logger_levels__type_support_cpp.cpp:193:1:[m[K [01;35m[Kwarning: [m[Kmissing initializer for member ‘[01m[Krosidl_message_type_support_t::get_type_description_func[m[K’ [[01;35m[K]8;;https://gcc.gnu.org/onlinedocs/gcc/Warning-Options.html#index-Wmissing-field-initializers-Wmissing-field-initializers]8;;[m[K]
[57.320s] [01m[K/home/rasp/ros2_ws/build/rcl_interfaces/rosidl_typesupport_microxrcedds_cpp/rcl_interfaces/srv/detail/microxrcedds/get_logger_levels__type_support_cpp.cpp:193:1:[m[K [01;35m[Kwarning: [m[Kmissing initializer for member ‘[01m[Krosidl_message_type_support_t::get_type_description_sources_func[m[K’ [[01;35m[K]8;;https://gcc.gnu.org/onlinedocs/gcc/Warning-Options.html#index-Wmissing-field-initializers-Wmissing-field-initializers]8;;[m[K]
[57.321s] [01m[K/home/rasp/ros2_ws/build/rcl_interfaces/rosidl_typesupport_microxrcedds_cpp/rcl_interfaces/srv/detail/microxrcedds/get_logger_levels__type_support_cpp.cpp:448:1:[m[K [01;35m[Kwarning: [m[Kmissing initializer for member ‘[01m[Krosidl_message_type_support_t::get_type_hash_func[m[K’ [[01;35m[K]8;;https://gcc.gnu.org/onlinedocs/gcc/Warning-Options.html#index-Wmissing-field-initializers-Wmissing-field-initializers]8;;[m[K]
[57.321s]   448 | [01;35m[K}[m[K;
[57.321s]       | [01;35m[K^[m[K
[57.322s] [01m[K/home/rasp/ros2_ws/build/rcl_interfaces/rosidl_typesupport_microxrcedds_cpp/rcl_interfaces/srv/detail/microxrcedds/get_logger_levels__type_support_cpp.cpp:448:1:[m[K [01;35m[Kwarning: [m[Kmissing initializer for member ‘[01m[Krosidl_message_type_support_t::get_type_description_func[m[K’ [[01;35m[K]8;;https://gcc.gnu.org/onlinedocs/gcc/Warning-Options.html#index-Wmissing-field-initializers-Wmissing-field-initializers]8;;[m[K]
[57.322s] [01m[K/home/rasp/ros2_ws/build/rcl_interfaces/rosidl_typesupport_microxrcedds_cpp/rcl_interfaces/srv/detail/microxrcedds/get_logger_levels__type_support_cpp.cpp:448:1:[m[K [01;35m[Kwarning: [m[Kmissing initializer for member ‘[01m[Krosidl_message_type_support_t::get_type_description_sources_func[m[K’ [[01;35m[K]8;;https://gcc.gnu.org/onlinedocs/gcc/Warning-Options.html#index-Wmissing-field-initializers-Wmissing-field-initializers]8;;[m[K]
[57.322s] [01m[K/home/rasp/ros2_ws/build/rcl_interfaces/rosidl_typesupport_microxrcedds_cpp/rcl_interfaces/srv/detail/microxrcedds/get_logger_levels__type_support_cpp.cpp:509:1:[m[K [01;35m[Kwarning: [m[Kmissing initializer for member ‘[01m[Krosidl_service_type_support_t::request_typesupport[m[K’ [[01;35m[K]8;;https://gcc.gnu.org/onlinedocs/gcc/Warning-Options.html#index-Wmissing-field-initializers-Wmissing-field-initializers]8;;[m[K]
[57.322s]   509 | [01;35m[K}[m[K;
[57.322s]       | [01;35m[K^[m[K
[57.323s] [01m[K/home/rasp/ros2_ws/build/rcl_interfaces/rosidl_typesupport_microxrcedds_cpp/rcl_interfaces/srv/detail/microxrcedds/get_logger_levels__type_support_cpp.cpp:509:1:[m[K [01;35m[Kwarning: [m[Kmissing initializer for member ‘[01m[Krosidl_service_type_support_t::response_typesupport[m[K’ [[01;35m[K]8;;https://gcc.gnu.org/onlinedocs/gcc/Warning-Options.html#index-Wmissing-field-initializers-Wmissing-field-initializers]8;;[m[K]
[57.323s] [01m[K/home/rasp/ros2_ws/build/rcl_interfaces/rosidl_typesupport_microxrcedds_cpp/rcl_interfaces/srv/detail/microxrcedds/get_logger_levels__type_support_cpp.cpp:509:1:[m[K [01;35m[Kwarning: [m[Kmissing initializer for member ‘[01m[Krosidl_service_type_support_t::event_typesupport[m[K’ [[01;35m[K]8;;https://gcc.gnu.org/onlinedocs/gcc/Warning-Options.html#index-Wmissing-field-initializers-Wmissing-field-initializers]8;;[m[K]
[57.323s] [01m[K/home/rasp/ros2_ws/build/rcl_interfaces/rosidl_typesupport_microxrcedds_cpp/rcl_interfaces/srv/detail/microxrcedds/get_logger_levels__type_support_cpp.cpp:509:1:[m[K [01;35m[Kwarning: [m[Kmissing initializer for member ‘[01m[Krosidl_service_type_support_t::event_message_create_handle_function[m[K’ [[01;35m[K]8;;https://gcc.gnu.org/onlinedocs/gcc/Warning-Options.html#index-Wmissing-field-initializers-Wmissing-field-initializers]8;;[m[K]
[57.323s] [01m[K/home/rasp/ros2_ws/build/rcl_interfaces/rosidl_typesupport_microxrcedds_cpp/rcl_interfaces/srv/detail/microxrcedds/get_logger_levels__type_support_cpp.cpp:509:1:[m[K [01;35m[Kwarning: [m[Kmissing initializer for member ‘[01m[Krosidl_service_type_support_t::event_message_destroy_handle_function[m[K’ [[01;35m[K]8;;https://gcc.gnu.org/onlinedocs/gcc/Warning-Options.html#index-Wmissing-field-initializers-Wmissing-field-initializers]8;;[m[K]
[57.323s] [01m[K/home/rasp/ros2_ws/build/rcl_interfaces/rosidl_typesupport_microxrcedds_cpp/rcl_interfaces/srv/detail/microxrcedds/get_logger_levels__type_support_cpp.cpp:509:1:[m[K [01;35m[Kwarning: [m[Kmissing initializer for member ‘[01m[Krosidl_service_type_support_t::get_type_hash_func[m[K’ [[01;35m[K]8;;https://gcc.gnu.org/onlinedocs/gcc/Warning-Options.html#index-Wmissing-field-initializers-Wmissing-field-initializers]8;;[m[K]
[57.323s] [01m[K/home/rasp/ros2_ws/build/rcl_interfaces/rosidl_typesupport_microxrcedds_cpp/rcl_interfaces/srv/detail/microxrcedds/get_logger_levels__type_support_cpp.cpp:509:1:[m[K [01;35m[Kwarning: [m[Kmissing initializer for member ‘[01m[Krosidl_service_type_support_t::get_type_description_func[m[K’ [[01;35m[K]8;;https://gcc.gnu.org/onlinedocs/gcc/Warning-Options.html#index-Wmissing-field-initializers-Wmissing-field-initializers]8;;[m[K]
[57.323s] [01m[K/home/rasp/ros2_ws/build/rcl_interfaces/rosidl_typesupport_microxrcedds_cpp/rcl_interfaces/srv/detail/microxrcedds/get_logger_levels__type_support_cpp.cpp:509:1:[m[K [01;35m[Kwarning: [m[Kmissing initializer for member ‘[01m[Krosidl_service_type_support_t::get_type_description_sources_func[m[K’ [[01;35m[K]8;;https://gcc.gnu.org/onlinedocs/gcc/Warning-Options.html#index-Wmissing-field-initializers-Wmissing-field-initializers]8;;[m[K]
[57.445s] [ 72%] [32mBuilding CXX object CMakeFiles/rcl_interfaces__rosidl_typesupport_microxrcedds_cpp.dir/rosidl_typesupport_microxrcedds_cpp/rcl_interfaces/srv/detail/microxrcedds/set_logger_levels__type_support_cpp.cpp.o[0m
[57.748s] [01m[K/home/rasp/ros2_ws/build/rcl_interfaces/rosidl_typesupport_microxrcedds_cpp/rcl_interfaces/srv/detail/microxrcedds/set_logger_levels__type_support_cpp.cpp:217:1:[m[K [01;35m[Kwarning: [m[Kmissing initializer for member ‘[01m[Krosidl_message_type_support_t::get_type_hash_func[m[K’ [[01;35m[K]8;;https://gcc.gnu.org/onlinedocs/gcc/Warning-Options.html#index-Wmissing-field-initializers-Wmissing-field-initializers]8;;[m[K]
[57.748s]   217 | [01;35m[K}[m[K;
[57.748s]       | [01;35m[K^[m[K
[57.748s] [01m[K/home/rasp/ros2_ws/build/rcl_interfaces/rosidl_typesupport_microxrcedds_cpp/rcl_interfaces/srv/detail/microxrcedds/set_logger_levels__type_support_cpp.cpp:217:1:[m[K [01;35m[Kwarning: [m[Kmissing initializer for member ‘[01m[Krosidl_message_type_support_t::get_type_description_func[m[K’ [[01;35m[K]8;;https://gcc.gnu.org/onlinedocs/gcc/Warning-Options.html#index-Wmissing-field-initializers-Wmissing-field-initializers]8;;[m[K]
[57.750s] [01m[K/home/rasp/ros2_ws/build/rcl_interfaces/rosidl_typesupport_microxrcedds_cpp/rcl_interfaces/srv/detail/microxrcedds/set_logger_levels__type_support_cpp.cpp:217:1:[m[K [01;35m[Kwarning: [m[Kmissing initializer for member ‘[01m[Krosidl_message_type_support_t::get_type_description_sources_func[m[K’ [[01;35m[K]8;;https://gcc.gnu.org/onlinedocs/gcc/Warning-Options.html#index-Wmissing-field-initializers-Wmissing-field-initializers]8;;[m[K]
[57.750s] [01m[K/home/rasp/ros2_ws/build/rcl_interfaces/rosidl_typesupport_microxrcedds_cpp/rcl_interfaces/srv/detail/microxrcedds/set_logger_levels__type_support_cpp.cpp:472:1:[m[K [01;35m[Kwarning: [m[Kmissing initializer for member ‘[01m[Krosidl_message_type_support_t::get_type_hash_func[m[K’ [[01;35m[K]8;;https://gcc.gnu.org/onlinedocs/gcc/Warning-Options.html#index-Wmissing-field-initializers-Wmissing-field-initializers]8;;[m[K]
[57.750s]   472 | [01;35m[K}[m[K;
[57.750s]       | [01;35m[K^[m[K
[57.750s] [01m[K/home/rasp/ros2_ws/build/rcl_interfaces/rosidl_typesupport_microxrcedds_cpp/rcl_interfaces/srv/detail/microxrcedds/set_logger_levels__type_support_cpp.cpp:472:1:[m[K [01;35m[Kwarning: [m[Kmissing initializer for member ‘[01m[Krosidl_message_type_support_t::get_type_description_func[m[K’ [[01;35m[K]8;;https://gcc.gnu.org/onlinedocs/gcc/Warning-Options.html#index-Wmissing-field-initializers-Wmissing-field-initializers]8;;[m[K]
[57.751s] [01m[K/home/rasp/ros2_ws/build/rcl_interfaces/rosidl_typesupport_microxrcedds_cpp/rcl_interfaces/srv/detail/microxrcedds/set_logger_levels__type_support_cpp.cpp:472:1:[m[K [01;35m[Kwarning: [m[Kmissing initializer for member ‘[01m[Krosidl_message_type_support_t::get_type_description_sources_func[m[K’ [[01;35m[K]8;;https://gcc.gnu.org/onlinedocs/gcc/Warning-Options.html#index-Wmissing-field-initializers-Wmissing-field-initializers]8;;[m[K]
[57.751s] [01m[K/home/rasp/ros2_ws/build/rcl_interfaces/rosidl_typesupport_microxrcedds_cpp/rcl_interfaces/srv/detail/microxrcedds/set_logger_levels__type_support_cpp.cpp:533:1:[m[K [01;35m[Kwarning: [m[Kmissing initializer for member ‘[01m[Krosidl_service_type_support_t::request_typesupport[m[K’ [[01;35m[K]8;;https://gcc.gnu.org/onlinedocs/gcc/Warning-Options.html#index-Wmissing-field-initializers-Wmissing-field-initializers]8;;[m[K]
[57.751s]   533 | [01;35m[K}[m[K;
[57.751s]       | [01;35m[K^[m[K
[57.751s] [01m[K/home/rasp/ros2_ws/build/rcl_interfaces/rosidl_typesupport_microxrcedds_cpp/rcl_interfaces/srv/detail/microxrcedds/set_logger_levels__type_support_cpp.cpp:533:1:[m[K [01;35m[Kwarning: [m[Kmissing initializer for member ‘[01m[Krosidl_service_type_support_t::response_typesupport[m[K’ [[01;35m[K]8;;https://gcc.gnu.org/onlinedocs/gcc/Warning-Options.html#index-Wmissing-field-initializers-Wmissing-field-initializers]8;;[m[K]
[57.752s] [01m[K/home/rasp/ros2_ws/build/rcl_interfaces/rosidl_typesupport_microxrcedds_cpp/rcl_interfaces/srv/detail/microxrcedds/set_logger_levels__type_support_cpp.cpp:533:1:[m[K [01;35m[Kwarning: [m[Kmissing initializer for member ‘[01m[Krosidl_service_type_support_t::event_typesupport[m[K’ [[01;35m[K]8;;https://gcc.gnu.org/onlinedocs/gcc/Warning-Options.html#index-Wmissing-field-initializers-Wmissing-field-initializers]8;;[m[K]
[57.752s] [01m[K/home/rasp/ros2_ws/build/rcl_interfaces/rosidl_typesupport_microxrcedds_cpp/rcl_interfaces/srv/detail/microxrcedds/set_logger_levels__type_support_cpp.cpp:533:1:[m[K [01;35m[Kwarning: [m[Kmissing initializer for member ‘[01m[Krosidl_service_type_support_t::event_message_create_handle_function[m[K’ [[01;35m[K]8;;https://gcc.gnu.org/onlinedocs/gcc/Warning-Options.html#index-Wmissing-field-initializers-Wmissing-field-initializers]8;;[m[K]
[57.752s] [01m[K/home/rasp/ros2_ws/build/rcl_interfaces/rosidl_typesupport_microxrcedds_cpp/rcl_interfaces/srv/detail/microxrcedds/set_logger_levels__type_support_cpp.cpp:533:1:[m[K [01;35m[Kwarning: [m[Kmissing initializer for member ‘[01m[Krosidl_service_type_support_t::event_message_destroy_handle_function[m[K’ [[01;35m[K]8;;https://gcc.gnu.org/onlinedocs/gcc/Warning-Options.html#index-Wmissing-field-initializers-Wmissing-field-initializers]8;;[m[K]
[57.754s] [01m[K/home/rasp/ros2_ws/build/rcl_interfaces/rosidl_typesupport_microxrcedds_cpp/rcl_interfaces/srv/detail/microxrcedds/set_logger_levels__type_support_cpp.cpp:533:1:[m[K [01;35m[Kwarning: [m[Kmissing initializer for member ‘[01m[Krosidl_service_type_support_t::get_type_hash_func[m[K’ [[01;35m[K]8;;https://gcc.gnu.org/onlinedocs/gcc/Warning-Options.html#index-Wmissing-field-initializers-Wmissing-field-initializers]8;;[m[K]
[57.754s] [01m[K/home/rasp/ros2_ws/build/rcl_interfaces/rosidl_typesupport_microxrcedds_cpp/rcl_interfaces/srv/detail/microxrcedds/set_logger_levels__type_support_cpp.cpp:533:1:[m[K [01;35m[Kwarning: [m[Kmissing initializer for member ‘[01m[Krosidl_service_type_support_t::get_type_description_func[m[K’ [[01;35m[K]8;;https://gcc.gnu.org/onlinedocs/gcc/Warning-Options.html#index-Wmissing-field-initializers-Wmissing-field-initializers]8;;[m[K]
[57.754s] [01m[K/home/rasp/ros2_ws/build/rcl_interfaces/rosidl_typesupport_microxrcedds_cpp/rcl_interfaces/srv/detail/microxrcedds/set_logger_levels__type_support_cpp.cpp:533:1:[m[K [01;35m[Kwarning: [m[Kmissing initializer for member ‘[01m[Krosidl_service_type_support_t::get_type_description_sources_func[m[K’ [[01;35m[K]8;;https://gcc.gnu.org/onlinedocs/gcc/Warning-Options.html#index-Wmissing-field-initializers-Wmissing-field-initializers]8;;[m[K]
[57.861s] [ 73%] [32m[1mLinking CXX shared library librcl_interfaces__rosidl_typesupport_microxrcedds_cpp.so[0m
[57.968s] [ 73%] Built target rcl_interfaces__rosidl_typesupport_microxrcedds_cpp
[57.989s] [ 73%] [34m[1mGenerating C++ type support for eProsima Fast-RTPS[0m
[60.366s] [ 74%] [32mBuilding CXX object CMakeFiles/rcl_interfaces__rosidl_typesupport_fastrtps_cpp.dir/rosidl_typesupport_fastrtps_cpp/rcl_interfaces/msg/detail/dds_fastrtps/floating_point_range__type_support.cpp.o[0m
[60.830s] [ 74%] [32mBuilding CXX object CMakeFiles/rcl_interfaces__rosidl_typesupport_fastrtps_cpp.dir/rosidl_typesupport_fastrtps_cpp/rcl_interfaces/msg/detail/dds_fastrtps/integer_range__type_support.cpp.o[0m
[61.267s] [ 74%] [32mBuilding CXX object CMakeFiles/rcl_interfaces__rosidl_typesupport_fastrtps_cpp.dir/rosidl_typesupport_fastrtps_cpp/rcl_interfaces/msg/detail/dds_fastrtps/list_parameters_result__type_support.cpp.o[0m
[61.750s] [ 75%] [32mBuilding CXX object CMakeFiles/rcl_interfaces__rosidl_typesupport_fastrtps_cpp.dir/rosidl_typesupport_fastrtps_cpp/rcl_interfaces/msg/detail/dds_fastrtps/log__type_support.cpp.o[0m
[62.219s] [ 75%] [32mBuilding CXX object CMakeFiles/rcl_interfaces__rosidl_typesupport_fastrtps_cpp.dir/rosidl_typesupport_fastrtps_cpp/rcl_interfaces/msg/detail/dds_fastrtps/parameter_descriptor__type_support.cpp.o[0m
[62.743s] [ 75%] [32mBuilding CXX object CMakeFiles/rcl_interfaces__rosidl_typesupport_fastrtps_cpp.dir/rosidl_typesupport_fastrtps_cpp/rcl_interfaces/msg/detail/dds_fastrtps/parameter_event_descriptors__type_support.cpp.o[0m
[63.267s] [ 76%] [32mBuilding CXX object CMakeFiles/rcl_interfaces__rosidl_typesupport_fastrtps_cpp.dir/rosidl_typesupport_fastrtps_cpp/rcl_interfaces/msg/detail/dds_fastrtps/parameter_event__type_support.cpp.o[0m
[63.834s] [ 76%] [32mBuilding CXX object CMakeFiles/rcl_interfaces__rosidl_typesupport_fastrtps_cpp.dir/rosidl_typesupport_fastrtps_cpp/rcl_interfaces/msg/detail/dds_fastrtps/parameter__type_support.cpp.o[0m
[64.306s] [ 76%] [32mBuilding CXX object CMakeFiles/rcl_interfaces__rosidl_typesupport_fastrtps_cpp.dir/rosidl_typesupport_fastrtps_cpp/rcl_interfaces/msg/detail/dds_fastrtps/parameter_type__type_support.cpp.o[0m
[64.783s] [ 77%] [32mBuilding CXX object CMakeFiles/rcl_interfaces__rosidl_typesupport_fastrtps_cpp.dir/rosidl_typesupport_fastrtps_cpp/rcl_interfaces/msg/detail/dds_fastrtps/parameter_value__type_support.cpp.o[0m
[65.447s] [ 77%] [32mBuilding CXX object CMakeFiles/rcl_interfaces__rosidl_typesupport_fastrtps_cpp.dir/rosidl_typesupport_fastrtps_cpp/rcl_interfaces/msg/detail/dds_fastrtps/set_parameters_result__type_support.cpp.o[0m
[65.957s] [ 77%] [32mBuilding CXX object CMakeFiles/rcl_interfaces__rosidl_typesupport_fastrtps_cpp.dir/rosidl_typesupport_fastrtps_cpp/rcl_interfaces/msg/detail/dds_fastrtps/logger_level__type_support.cpp.o[0m
[66.422s] [ 78%] [32mBuilding CXX object CMakeFiles/rcl_interfaces__rosidl_typesupport_fastrtps_cpp.dir/rosidl_typesupport_fastrtps_cpp/rcl_interfaces/msg/detail/dds_fastrtps/set_logger_levels_result__type_support.cpp.o[0m
[66.913s] [ 78%] [32mBuilding CXX object CMakeFiles/rcl_interfaces__rosidl_typesupport_fastrtps_cpp.dir/rosidl_typesupport_fastrtps_cpp/rcl_interfaces/srv/detail/dds_fastrtps/describe_parameters__type_support.cpp.o[0m
[67.647s] [ 79%] [32mBuilding CXX object CMakeFiles/rcl_interfaces__rosidl_typesupport_fastrtps_cpp.dir/rosidl_typesupport_fastrtps_cpp/rcl_interfaces/srv/detail/dds_fastrtps/get_parameters__type_support.cpp.o[0m
[68.441s] [ 79%] [32mBuilding CXX object CMakeFiles/rcl_interfaces__rosidl_typesupport_fastrtps_cpp.dir/rosidl_typesupport_fastrtps_cpp/rcl_interfaces/srv/detail/dds_fastrtps/get_parameter_types__type_support.cpp.o[0m
[69.117s] [ 79%] [32mBuilding CXX object CMakeFiles/rcl_interfaces__rosidl_typesupport_fastrtps_cpp.dir/rosidl_typesupport_fastrtps_cpp/rcl_interfaces/srv/detail/dds_fastrtps/list_parameters__type_support.cpp.o[0m
[69.761s] [ 80%] [32mBuilding CXX object CMakeFiles/rcl_interfaces__rosidl_typesupport_fastrtps_cpp.dir/rosidl_typesupport_fastrtps_cpp/rcl_interfaces/srv/detail/dds_fastrtps/set_parameters_atomically__type_support.cpp.o[0m
[70.522s] [ 80%] [32mBuilding CXX object CMakeFiles/rcl_interfaces__rosidl_typesupport_fastrtps_cpp.dir/rosidl_typesupport_fastrtps_cpp/rcl_interfaces/srv/detail/dds_fastrtps/set_parameters__type_support.cpp.o[0m
[71.455s] [ 80%] [32mBuilding CXX object CMakeFiles/rcl_interfaces__rosidl_typesupport_fastrtps_cpp.dir/rosidl_typesupport_fastrtps_cpp/rcl_interfaces/srv/detail/dds_fastrtps/get_logger_levels__type_support.cpp.o[0m
[72.218s] [ 81%] [32mBuilding CXX object CMakeFiles/rcl_interfaces__rosidl_typesupport_fastrtps_cpp.dir/rosidl_typesupport_fastrtps_cpp/rcl_interfaces/srv/detail/dds_fastrtps/set_logger_levels__type_support.cpp.o[0m
[72.916s] [ 81%] [32m[1mLinking CXX shared library librcl_interfaces__rosidl_typesupport_fastrtps_cpp.so[0m
[73.057s] [ 81%] Built target rcl_interfaces__rosidl_typesupport_fastrtps_cpp
[73.074s] [ 82%] [34m[1mGenerating C++ introspection for ROS interfaces[0m
[75.188s] [ 82%] [32mBuilding CXX object CMakeFiles/rcl_interfaces__rosidl_typesupport_introspection_cpp.dir/rosidl_typesupport_introspection_cpp/rcl_interfaces/msg/detail/floating_point_range__type_support.cpp.o[0m
[75.524s] [ 82%] [32mBuilding CXX object CMakeFiles/rcl_interfaces__rosidl_typesupport_introspection_cpp.dir/rosidl_typesupport_introspection_cpp/rcl_interfaces/msg/detail/integer_range__type_support.cpp.o[0m
[75.862s] [ 83%] [32mBuilding CXX object CMakeFiles/rcl_interfaces__rosidl_typesupport_introspection_cpp.dir/rosidl_typesupport_introspection_cpp/rcl_interfaces/msg/detail/list_parameters_result__type_support.cpp.o[0m
[76.212s] [ 83%] [32mBuilding CXX object CMakeFiles/rcl_interfaces__rosidl_typesupport_introspection_cpp.dir/rosidl_typesupport_introspection_cpp/rcl_interfaces/msg/detail/log__type_support.cpp.o[0m
[76.554s] [ 83%] [32mBuilding CXX object CMakeFiles/rcl_interfaces__rosidl_typesupport_introspection_cpp.dir/rosidl_typesupport_introspection_cpp/rcl_interfaces/msg/detail/parameter_descriptor__type_support.cpp.o[0m
[76.958s] [ 84%] [32mBuilding CXX object CMakeFiles/rcl_interfaces__rosidl_typesupport_introspection_cpp.dir/rosidl_typesupport_introspection_cpp/rcl_interfaces/msg/detail/parameter_event_descriptors__type_support.cpp.o[0m
[77.403s] [ 84%] [32mBuilding CXX object CMakeFiles/rcl_interfaces__rosidl_typesupport_introspection_cpp.dir/rosidl_typesupport_introspection_cpp/rcl_interfaces/msg/detail/parameter_event__type_support.cpp.o[0m
[77.968s] [ 84%] [32mBuilding CXX object CMakeFiles/rcl_interfaces__rosidl_typesupport_introspection_cpp.dir/rosidl_typesupport_introspection_cpp/rcl_interfaces/msg/detail/parameter__type_support.cpp.o[0m
[78.323s] [ 85%] [32mBuilding CXX object CMakeFiles/rcl_interfaces__rosidl_typesupport_introspection_cpp.dir/rosidl_typesupport_introspection_cpp/rcl_interfaces/msg/detail/parameter_type__type_support.cpp.o[0m
[78.640s] [ 85%] [32mBuilding CXX object CMakeFiles/rcl_interfaces__rosidl_typesupport_introspection_cpp.dir/rosidl_typesupport_introspection_cpp/rcl_interfaces/msg/detail/parameter_value__type_support.cpp.o[0m
[79.185s] [ 85%] [32mBuilding CXX object CMakeFiles/rcl_interfaces__rosidl_typesupport_introspection_cpp.dir/rosidl_typesupport_introspection_cpp/rcl_interfaces/msg/detail/set_parameters_result__type_support.cpp.o[0m
[79.505s] [ 86%] [32mBuilding CXX object CMakeFiles/rcl_interfaces__rosidl_typesupport_introspection_cpp.dir/rosidl_typesupport_introspection_cpp/rcl_interfaces/msg/detail/logger_level__type_support.cpp.o[0m
[79.891s] [ 86%] [32mBuilding CXX object CMakeFiles/rcl_interfaces__rosidl_typesupport_introspection_cpp.dir/rosidl_typesupport_introspection_cpp/rcl_interfaces/msg/detail/set_logger_levels_result__type_support.cpp.o[0m
[80.335s] [ 87%] [32mBuilding CXX object CMakeFiles/rcl_interfaces__rosidl_typesupport_introspection_cpp.dir/rosidl_typesupport_introspection_cpp/rcl_interfaces/srv/detail/describe_parameters__type_support.cpp.o[0m
[81.069s] [ 87%] [32mBuilding CXX object CMakeFiles/rcl_interfaces__rosidl_typesupport_introspection_cpp.dir/rosidl_typesupport_introspection_cpp/rcl_interfaces/srv/detail/get_parameters__type_support.cpp.o[0m
[81.807s] [ 87%] [32mBuilding CXX object CMakeFiles/rcl_interfaces__rosidl_typesupport_introspection_cpp.dir/rosidl_typesupport_introspection_cpp/rcl_interfaces/srv/detail/get_parameter_types__type_support.cpp.o[0m
[82.393s] [ 88%] [32mBuilding CXX object CMakeFiles/rcl_interfaces__rosidl_typesupport_introspection_cpp.dir/rosidl_typesupport_introspection_cpp/rcl_interfaces/srv/detail/list_parameters__type_support.cpp.o[0m
[82.899s] [ 88%] [32mBuilding CXX object CMakeFiles/rcl_interfaces__rosidl_typesupport_introspection_cpp.dir/rosidl_typesupport_introspection_cpp/rcl_interfaces/srv/detail/set_parameters_atomically__type_support.cpp.o[0m
[83.628s] [ 88%] [32mBuilding CXX object CMakeFiles/rcl_interfaces__rosidl_typesupport_introspection_cpp.dir/rosidl_typesupport_introspection_cpp/rcl_interfaces/srv/detail/set_parameters__type_support.cpp.o[0m
[84.408s] [ 89%] [32mBuilding CXX object CMakeFiles/rcl_interfaces__rosidl_typesupport_introspection_cpp.dir/rosidl_typesupport_introspection_cpp/rcl_interfaces/srv/detail/get_logger_levels__type_support.cpp.o[0m
[84.966s] [ 89%] [32mBuilding CXX object CMakeFiles/rcl_interfaces__rosidl_typesupport_introspection_cpp.dir/rosidl_typesupport_introspection_cpp/rcl_interfaces/srv/detail/set_logger_levels__type_support.cpp.o[0m
[85.526s] [ 89%] [32m[1mLinking CXX shared library librcl_interfaces__rosidl_typesupport_introspection_cpp.so[0m
[85.664s] [ 89%] Built target rcl_interfaces__rosidl_typesupport_introspection_cpp
[85.696s] [ 89%] Built target rcl_interfaces
[85.726s] [ 89%] [34m[1mGenerating Python code for ROS interfaces[0m
[89.833s] [ 89%] Built target rcl_interfaces__py
[89.863s] [ 90%] [32mBuilding C object CMakeFiles/rcl_interfaces__rosidl_generator_py.dir/rosidl_generator_py/rcl_interfaces/msg/_floating_point_range_s.c.o[0m
[89.995s] [ 90%] [32mBuilding C object CMakeFiles/rcl_interfaces__rosidl_generator_py.dir/rosidl_generator_py/rcl_interfaces/msg/_integer_range_s.c.o[0m
[90.123s] [ 90%] [32mBuilding C object CMakeFiles/rcl_interfaces__rosidl_generator_py.dir/rosidl_generator_py/rcl_interfaces/msg/_list_parameters_result_s.c.o[0m
[90.265s] [ 91%] [32mBuilding C object CMakeFiles/rcl_interfaces__rosidl_generator_py.dir/rosidl_generator_py/rcl_interfaces/msg/_log_s.c.o[0m
[90.400s] [ 91%] [32mBuilding C object CMakeFiles/rcl_interfaces__rosidl_generator_py.dir/rosidl_generator_py/rcl_interfaces/msg/_parameter_descriptor_s.c.o[0m
[90.542s] [ 91%] [32mBuilding C object CMakeFiles/rcl_interfaces__rosidl_generator_py.dir/rosidl_generator_py/rcl_interfaces/msg/_parameter_event_descriptors_s.c.o[0m
[90.687s] [ 92%] [32mBuilding C object CMakeFiles/rcl_interfaces__rosidl_generator_py.dir/rosidl_generator_py/rcl_interfaces/msg/_parameter_event_s.c.o[0m
[90.836s] [ 92%] [32mBuilding C object CMakeFiles/rcl_interfaces__rosidl_generator_py.dir/rosidl_generator_py/rcl_interfaces/msg/_parameter_s.c.o[0m
[90.968s] [ 92%] [32mBuilding C object CMakeFiles/rcl_interfaces__rosidl_generator_py.dir/rosidl_generator_py/rcl_interfaces/msg/_parameter_type_s.c.o[0m
[91.107s] [ 93%] [32mBuilding C object CMakeFiles/rcl_interfaces__rosidl_generator_py.dir/rosidl_generator_py/rcl_interfaces/msg/_parameter_value_s.c.o[0m
[91.299s] [ 93%] [32mBuilding C object CMakeFiles/rcl_interfaces__rosidl_generator_py.dir/rosidl_generator_py/rcl_interfaces/msg/_set_parameters_result_s.c.o[0m
[91.426s] [ 94%] [32mBuilding C object CMakeFiles/rcl_interfaces__rosidl_generator_py.dir/rosidl_generator_py/rcl_interfaces/msg/_logger_level_s.c.o[0m
[91.558s] [ 94%] [32mBuilding C object CMakeFiles/rcl_interfaces__rosidl_generator_py.dir/rosidl_generator_py/rcl_interfaces/msg/_set_logger_levels_result_s.c.o[0m
[91.695s] [ 94%] [32mBuilding C object CMakeFiles/rcl_interfaces__rosidl_generator_py.dir/rosidl_generator_py/rcl_interfaces/srv/_describe_parameters_s.c.o[0m
[91.869s] [ 95%] [32mBuilding C object CMakeFiles/rcl_interfaces__rosidl_generator_py.dir/rosidl_generator_py/rcl_interfaces/srv/_get_parameters_s.c.o[0m
[92.033s] [ 95%] [32mBuilding C object CMakeFiles/rcl_interfaces__rosidl_generator_py.dir/rosidl_generator_py/rcl_interfaces/srv/_get_parameter_types_s.c.o[0m
[92.202s] [ 95%] [32mBuilding C object CMakeFiles/rcl_interfaces__rosidl_generator_py.dir/rosidl_generator_py/rcl_interfaces/srv/_list_parameters_s.c.o[0m
[92.356s] [ 96%] [32mBuilding C object CMakeFiles/rcl_interfaces__rosidl_generator_py.dir/rosidl_generator_py/rcl_interfaces/srv/_set_parameters_atomically_s.c.o[0m
[92.514s] [ 96%] [32mBuilding C object CMakeFiles/rcl_interfaces__rosidl_generator_py.dir/rosidl_generator_py/rcl_interfaces/srv/_set_parameters_s.c.o[0m
[92.676s] [ 96%] [32mBuilding C object CMakeFiles/rcl_interfaces__rosidl_generator_py.dir/rosidl_generator_py/rcl_interfaces/srv/_get_logger_levels_s.c.o[0m
[92.840s] [ 97%] [32mBuilding C object CMakeFiles/rcl_interfaces__rosidl_generator_py.dir/rosidl_generator_py/rcl_interfaces/srv/_set_logger_levels_s.c.o[0m
[93.003s] [ 97%] [32m[1mLinking C shared library librcl_interfaces__rosidl_generator_py.so[0m
[93.064s] [ 97%] Built target rcl_interfaces__rosidl_generator_py
[93.100s] [ 97%] [32mBuilding C object CMakeFiles/rcl_interfaces_s__rosidl_typesupport_microxrcedds_c.dir/rosidl_generator_py/rcl_interfaces/_rcl_interfaces_s.ep.rosidl_typesupport_microxrcedds_c.c.o[0m
[93.330s] [ 98%] [32m[1mLinking C shared module rosidl_generator_py/rcl_interfaces/rcl_interfaces_s__rosidl_typesupport_microxrcedds_c.so[0m
[93.380s] [ 98%] Built target rcl_interfaces_s__rosidl_typesupport_microxrcedds_c
[93.408s] [ 99%] [32mBuilding C object CMakeFiles/rcl_interfaces_s__rosidl_typesupport_fastrtps_c.dir/rosidl_generator_py/rcl_interfaces/_rcl_interfaces_s.ep.rosidl_typesupport_fastrtps_c.c.o[0m
[93.629s] [ 99%] [32m[1mLinking C shared module rosidl_generator_py/rcl_interfaces/rcl_interfaces_s__rosidl_typesupport_fastrtps_c.so[0m
[93.680s] [ 99%] Built target rcl_interfaces_s__rosidl_typesupport_fastrtps_c
[93.708s] [ 99%] [32mBuilding C object CMakeFiles/rcl_interfaces_s__rosidl_typesupport_introspection_c.dir/rosidl_generator_py/rcl_interfaces/_rcl_interfaces_s.ep.rosidl_typesupport_introspection_c.c.o[0m
[93.914s] [100%] [32m[1mLinking C shared module rosidl_generator_py/rcl_interfaces/rcl_interfaces_s__rosidl_typesupport_introspection_c.so[0m
[93.957s] [100%] Built target rcl_interfaces_s__rosidl_typesupport_introspection_c
[93.992s] [100%] [32mBuilding C object CMakeFiles/rcl_interfaces_s__rosidl_typesupport_c.dir/rosidl_generator_py/rcl_interfaces/_rcl_interfaces_s.ep.rosidl_typesupport_c.c.o[0m
[94.200s] [100%] [32m[1mLinking C shared module rosidl_generator_py/rcl_interfaces/rcl_interfaces_s__rosidl_typesupport_c.so[0m
[94.243s] [100%] Built target rcl_interfaces_s__rosidl_typesupport_c
[94.259s] Invoked command in '/home/rasp/ros2_ws/build/rcl_interfaces' returned '0': AMENT_PREFIX_PATH=/home/rasp/ros2_ws/install/builtin_interfaces:${AMENT_PREFIX_PATH} CMAKE_PREFIX_PATH=/home/rasp/ros2_ws/install/builtin_interfaces:/home/rasp/ros2_ws/install/rosidl_typesupport_microxrcedds_cpp:/home/rasp/ros2_ws/install/rosidl_typesupport_microxrcedds_c:/home/rasp/ros2_ws/install/microcdr:/home/rasp/ros2_ws/install/micro_ros_setup:/opt/ros/jazzy/opt/gz_math_vendor:/opt/ros/jazzy/opt/gz_utils_vendor:/opt/ros/jazzy/opt/gz_cmake_vendor:/opt/ros/jazzy DEBUGINFOD_URLS=https://debuginfod.ubuntu.com LD_LIBRARY_PATH=/home/rasp/ros2_ws/install/builtin_interfaces/lib:${LD_LIBRARY_PATH} PYTHONPATH=/home/rasp/ros2_ws/install/builtin_interfaces/lib/python3.12/site-packages:${PYTHONPATH} /usr/bin/cmake --build /home/rasp/ros2_ws/build/rcl_interfaces -- -j2 -l2
[94.260s] Invoking command in '/home/rasp/ros2_ws/build/rcl_interfaces': AMENT_PREFIX_PATH=/home/rasp/ros2_ws/install/builtin_interfaces:${AMENT_PREFIX_PATH} CMAKE_PREFIX_PATH=/home/rasp/ros2_ws/install/builtin_interfaces:/home/rasp/ros2_ws/install/rosidl_typesupport_microxrcedds_cpp:/home/rasp/ros2_ws/install/rosidl_typesupport_microxrcedds_c:/home/rasp/ros2_ws/install/microcdr:/home/rasp/ros2_ws/install/micro_ros_setup:/opt/ros/jazzy/opt/gz_math_vendor:/opt/ros/jazzy/opt/gz_utils_vendor:/opt/ros/jazzy/opt/gz_cmake_vendor:/opt/ros/jazzy DEBUGINFOD_URLS=https://debuginfod.ubuntu.com LD_LIBRARY_PATH=/home/rasp/ros2_ws/install/builtin_interfaces/lib:${LD_LIBRARY_PATH} PYTHONPATH=/home/rasp/ros2_ws/install/builtin_interfaces/lib/python3.12/site-packages:${PYTHONPATH} /usr/bin/cmake --install /home/rasp/ros2_ws/build/rcl_interfaces
[94.280s] -- Install configuration: ""
[94.281s] -- Installing: /home/rasp/ros2_ws/install/rcl_interfaces/share/ament_index/resource_index/rosidl_interfaces/rcl_interfaces
[94.282s] -- Installing: /home/rasp/ros2_ws/install/rcl_interfaces/share/rcl_interfaces/msg/FloatingPointRange.json
[94.282s] -- Installing: /home/rasp/ros2_ws/install/rcl_interfaces/share/rcl_interfaces/msg/IntegerRange.json
[94.283s] -- Installing: /home/rasp/ros2_ws/install/rcl_interfaces/share/rcl_interfaces/msg/ListParametersResult.json
[94.284s] -- Installing: /home/rasp/ros2_ws/install/rcl_interfaces/share/rcl_interfaces/msg/Log.json
[94.284s] -- Installing: /home/rasp/ros2_ws/install/rcl_interfaces/share/rcl_interfaces/msg/ParameterDescriptor.json
[94.284s] -- Installing: /home/rasp/ros2_ws/install/rcl_interfaces/share/rcl_interfaces/msg/ParameterEventDescriptors.json
[94.285s] -- Installing: /home/rasp/ros2_ws/install/rcl_interfaces/share/rcl_interfaces/msg/ParameterEvent.json
[94.285s] -- Installing: /home/rasp/ros2_ws/install/rcl_interfaces/share/rcl_interfaces/msg/Parameter.json
[94.286s] -- Installing: /home/rasp/ros2_ws/install/rcl_interfaces/share/rcl_interfaces/msg/ParameterType.json
[94.286s] -- Installing: /home/rasp/ros2_ws/install/rcl_interfaces/share/rcl_interfaces/msg/ParameterValue.json
[94.287s] -- Installing: /home/rasp/ros2_ws/install/rcl_interfaces/share/rcl_interfaces/msg/SetParametersResult.json
[94.287s] -- Installing: /home/rasp/ros2_ws/install/rcl_interfaces/share/rcl_interfaces/msg/LoggerLevel.json
[94.287s] -- Installing: /home/rasp/ros2_ws/install/rcl_interfaces/share/rcl_interfaces/msg/SetLoggerLevelsResult.json
[94.287s] -- Installing: /home/rasp/ros2_ws/install/rcl_interfaces/share/rcl_interfaces/srv/DescribeParameters.json
[94.288s] -- Installing: /home/rasp/ros2_ws/install/rcl_interfaces/share/rcl_interfaces/srv/GetParameters.json
[94.288s] -- Installing: /home/rasp/ros2_ws/install/rcl_interfaces/share/rcl_interfaces/srv/GetParameterTypes.json
[94.289s] -- Installing: /home/rasp/ros2_ws/install/rcl_interfaces/share/rcl_interfaces/srv/ListParameters.json
[94.289s] -- Installing: /home/rasp/ros2_ws/install/rcl_interfaces/share/rcl_interfaces/srv/SetParametersAtomically.json
[94.289s] -- Installing: /home/rasp/ros2_ws/install/rcl_interfaces/share/rcl_interfaces/srv/SetParameters.json
[94.290s] -- Installing: /home/rasp/ros2_ws/install/rcl_interfaces/share/rcl_interfaces/srv/GetLoggerLevels.json
[94.290s] -- Installing: /home/rasp/ros2_ws/install/rcl_interfaces/share/rcl_interfaces/srv/SetLoggerLevels.json
[94.291s] -- Installing: /home/rasp/ros2_ws/install/rcl_interfaces/include/rcl_interfaces/rcl_interfaces
[94.291s] -- Installing: /home/rasp/ros2_ws/install/rcl_interfaces/include/rcl_interfaces/rcl_interfaces/msg
[94.291s] -- Installing: /home/rasp/ros2_ws/install/rcl_interfaces/include/rcl_interfaces/rcl_interfaces/msg/parameter_descriptor.h
[94.292s] -- Installing: /home/rasp/ros2_ws/install/rcl_interfaces/include/rcl_interfaces/rcl_interfaces/msg/floating_point_range.h
[94.292s] -- Installing: /home/rasp/ros2_ws/install/rcl_interfaces/include/rcl_interfaces/rcl_interfaces/msg/parameter_event.h
[94.293s] -- Installing: /home/rasp/ros2_ws/install/rcl_interfaces/include/rcl_interfaces/rcl_interfaces/msg/list_parameters_result.h
[94.293s] -- Installing: /home/rasp/ros2_ws/install/rcl_interfaces/include/rcl_interfaces/rcl_interfaces/msg/parameter_type.h
[94.293s] -- Installing: /home/rasp/ros2_ws/install/rcl_interfaces/include/rcl_interfaces/rcl_interfaces/msg/integer_range.h
[94.293s] -- Installing: /home/rasp/ros2_ws/install/rcl_interfaces/include/rcl_interfaces/rcl_interfaces/msg/detail
[94.293s] -- Installing: /home/rasp/ros2_ws/install/rcl_interfaces/include/rcl_interfaces/rcl_interfaces/msg/detail/parameter_descriptor__type_support.c
[94.294s] -- Installing: /home/rasp/ros2_ws/install/rcl_interfaces/include/rcl_interfaces/rcl_interfaces/msg/detail/parameter_event_descriptors__struct.h
[94.294s] -- Installing: /home/rasp/ros2_ws/install/rcl_interfaces/include/rcl_interfaces/rcl_interfaces/msg/detail/parameter__type_support.c
[94.295s] -- Installing: /home/rasp/ros2_ws/install/rcl_interfaces/include/rcl_interfaces/rcl_interfaces/msg/detail/parameter_type__functions.c
[94.295s] -- Installing: /home/rasp/ros2_ws/install/rcl_interfaces/include/rcl_interfaces/rcl_interfaces/msg/detail/parameter_event__type_support.c
[94.295s] -- Installing: /home/rasp/ros2_ws/install/rcl_interfaces/include/rcl_interfaces/rcl_interfaces/msg/detail/parameter_value__description.c
[94.295s] -- Installing: /home/rasp/ros2_ws/install/rcl_interfaces/include/rcl_interfaces/rcl_interfaces/msg/detail/set_logger_levels_result__type_support.c
[94.296s] -- Installing: /home/rasp/ros2_ws/install/rcl_interfaces/include/rcl_interfaces/rcl_interfaces/msg/detail/integer_range__type_support.c
[94.296s] -- Installing: /home/rasp/ros2_ws/install/rcl_interfaces/include/rcl_interfaces/rcl_interfaces/msg/detail/log__type_support.h
[94.296s] -- Installing: /home/rasp/ros2_ws/install/rcl_interfaces/include/rcl_interfaces/rcl_interfaces/msg/detail/parameter__functions.c
[94.297s] -- Installing: /home/rasp/ros2_ws/install/rcl_interfaces/include/rcl_interfaces/rcl_interfaces/msg/detail/logger_level__functions.c
[94.297s] -- Installing: /home/rasp/ros2_ws/install/rcl_interfaces/include/rcl_interfaces/rcl_interfaces/msg/detail/parameter_event_descriptors__type_support.h
[94.297s] -- Installing: /home/rasp/ros2_ws/install/rcl_interfaces/include/rcl_interfaces/rcl_interfaces/msg/detail/parameter_descriptor__struct.h
[94.298s] -- Installing: /home/rasp/ros2_ws/install/rcl_interfaces/include/rcl_interfaces/rcl_interfaces/msg/detail/set_parameters_result__struct.h
[94.298s] -- Installing: /home/rasp/ros2_ws/install/rcl_interfaces/include/rcl_interfaces/rcl_interfaces/msg/detail/parameter_event__functions.c
[94.298s] -- Installing: /home/rasp/ros2_ws/install/rcl_interfaces/include/rcl_interfaces/rcl_interfaces/msg/detail/parameter__description.c
[94.299s] -- Installing: /home/rasp/ros2_ws/install/rcl_interfaces/include/rcl_interfaces/rcl_interfaces/msg/detail/integer_range__functions.c
[94.299s] -- Installing: /home/rasp/ros2_ws/install/rcl_interfaces/include/rcl_interfaces/rcl_interfaces/msg/detail/parameter_value__type_support.h
[94.299s] -- Installing: /home/rasp/ros2_ws/install/rcl_interfaces/include/rcl_interfaces/rcl_interfaces/msg/detail/set_logger_levels_result__type_support.h
[94.300s] -- Installing: /home/rasp/ros2_ws/install/rcl_interfaces/include/rcl_interfaces/rcl_interfaces/msg/detail/set_logger_levels_result__description.c
[94.300s] -- Installing: /home/rasp/ros2_ws/install/rcl_interfaces/include/rcl_interfaces/rcl_interfaces/msg/detail/log__struct.h
[94.301s] -- Installing: /home/rasp/ros2_ws/install/rcl_interfaces/include/rcl_interfaces/rcl_interfaces/msg/detail/list_parameters_result__struct.h
[94.301s] -- Installing: /home/rasp/ros2_ws/install/rcl_interfaces/include/rcl_interfaces/rcl_interfaces/msg/detail/parameter__type_support.h
[94.301s] -- Installing: /home/rasp/ros2_ws/install/rcl_interfaces/include/rcl_interfaces/rcl_interfaces/msg/detail/set_parameters_result__type_support.h
[94.301s] -- Installing: /home/rasp/ros2_ws/install/rcl_interfaces/include/rcl_interfaces/rcl_interfaces/msg/detail/floating_point_range__functions.h
[94.302s] -- Installing: /home/rasp/ros2_ws/install/rcl_interfaces/include/rcl_interfaces/rcl_interfaces/msg/detail/parameter_event__description.c
[94.302s] -- Installing: /home/rasp/ros2_ws/install/rcl_interfaces/include/rcl_interfaces/rcl_interfaces/msg/detail/parameter_event__struct.h
[94.303s] -- Installing: /home/rasp/ros2_ws/install/rcl_interfaces/include/rcl_interfaces/rcl_interfaces/msg/detail/parameter_value__type_support.c
[94.303s] -- Installing: /home/rasp/ros2_ws/install/rcl_interfaces/include/rcl_interfaces/rcl_interfaces/msg/detail/log__functions.c
[94.303s] -- Installing: /home/rasp/ros2_ws/install/rcl_interfaces/include/rcl_interfaces/rcl_interfaces/msg/detail/set_parameters_result__functions.c
[94.304s] -- Installing: /home/rasp/ros2_ws/install/rcl_interfaces/include/rcl_interfaces/rcl_interfaces/msg/detail/log__type_support.c
[94.304s] -- Installing: /home/rasp/ros2_ws/install/rcl_interfaces/include/rcl_interfaces/rcl_interfaces/msg/detail/log__description.c
[94.304s] -- Installing: /home/rasp/ros2_ws/install/rcl_interfaces/include/rcl_interfaces/rcl_interfaces/msg/detail/parameter_descriptor__functions.c
[94.305s] -- Installing: /home/rasp/ros2_ws/install/rcl_interfaces/include/rcl_interfaces/rcl_interfaces/msg/detail/floating_point_range__type_support.c
[94.305s] -- Installing: /home/rasp/ros2_ws/install/rcl_interfaces/include/rcl_interfaces/rcl_interfaces/msg/detail/floating_point_range__description.c
[94.305s] -- Installing: /home/rasp/ros2_ws/install/rcl_interfaces/include/rcl_interfaces/rcl_interfaces/msg/detail/set_parameters_result__description.c
[94.306s] -- Installing: /home/rasp/ros2_ws/install/rcl_interfaces/include/rcl_interfaces/rcl_interfaces/msg/detail/set_logger_levels_result__functions.c
[94.306s] -- Installing: /home/rasp/ros2_ws/install/rcl_interfaces/include/rcl_interfaces/rcl_interfaces/msg/detail/parameter_type__type_support.c
[94.307s] -- Installing: /home/rasp/ros2_ws/install/rcl_interfaces/include/rcl_interfaces/rcl_interfaces/msg/detail/log__functions.h
[94.307s] -- Installing: /home/rasp/ros2_ws/install/rcl_interfaces/include/rcl_interfaces/rcl_interfaces/msg/detail/parameter__struct.h
[94.307s] -- Installing: /home/rasp/ros2_ws/install/rcl_interfaces/include/rcl_interfaces/rcl_interfaces/msg/detail/list_parameters_result__type_support.c
[94.307s] -- Installing: /home/rasp/ros2_ws/install/rcl_interfaces/include/rcl_interfaces/rcl_interfaces/msg/detail/parameter_value__struct.h
[94.308s] -- Installing: /home/rasp/ros2_ws/install/rcl_interfaces/include/rcl_interfaces/rcl_interfaces/msg/detail/set_logger_levels_result__functions.h
[94.308s] -- Installing: /home/rasp/ros2_ws/install/rcl_interfaces/include/rcl_interfaces/rcl_interfaces/msg/detail/parameter_type__functions.h
[94.309s] -- Installing: /home/rasp/ros2_ws/install/rcl_interfaces/include/rcl_interfaces/rcl_interfaces/msg/detail/list_parameters_result__description.c
[94.309s] -- Installing: /home/rasp/ros2_ws/install/rcl_interfaces/include/rcl_interfaces/rcl_interfaces/msg/detail/list_parameters_result__type_support.h
[94.309s] -- Installing: /home/rasp/ros2_ws/install/rcl_interfaces/include/rcl_interfaces/rcl_interfaces/msg/detail/floating_point_range__type_support.h
[94.309s] -- Installing: /home/rasp/ros2_ws/install/rcl_interfaces/include/rcl_interfaces/rcl_interfaces/msg/detail/parameter__functions.h
[94.310s] -- Installing: /home/rasp/ros2_ws/install/rcl_interfaces/include/rcl_interfaces/rcl_interfaces/msg/detail/logger_level__type_support.h
[94.310s] -- Installing: /home/rasp/ros2_ws/install/rcl_interfaces/include/rcl_interfaces/rcl_interfaces/msg/detail/integer_range__type_support.h
[94.311s] -- Installing: /home/rasp/ros2_ws/install/rcl_interfaces/include/rcl_interfaces/rcl_interfaces/msg/detail/parameter_event_descriptors__functions.c
[94.311s] -- Installing: /home/rasp/ros2_ws/install/rcl_interfaces/include/rcl_interfaces/rcl_interfaces/msg/detail/parameter_type__struct.h
[94.311s] -- Installing: /home/rasp/ros2_ws/install/rcl_interfaces/include/rcl_interfaces/rcl_interfaces/msg/detail/logger_level__description.c
[94.311s] -- Installing: /home/rasp/ros2_ws/install/rcl_interfaces/include/rcl_interfaces/rcl_interfaces/msg/detail/parameter_type__description.c
[94.312s] -- Installing: /home/rasp/ros2_ws/install/rcl_interfaces/include/rcl_interfaces/rcl_interfaces/msg/detail/integer_range__functions.h
[94.312s] -- Installing: /home/rasp/ros2_ws/install/rcl_interfaces/include/rcl_interfaces/rcl_interfaces/msg/detail/parameter_descriptor__functions.h
[94.313s] -- Installing: /home/rasp/ros2_ws/install/rcl_interfaces/include/rcl_interfaces/rcl_interfaces/msg/detail/floating_point_range__functions.c
[94.313s] -- Installing: /home/rasp/ros2_ws/install/rcl_interfaces/include/rcl_interfaces/rcl_interfaces/msg/detail/parameter_event__functions.h
[94.313s] -- Installing: /home/rasp/ros2_ws/install/rcl_interfaces/include/rcl_interfaces/rcl_interfaces/msg/detail/logger_level__struct.h
[94.313s] -- Installing: /home/rasp/ros2_ws/install/rcl_interfaces/include/rcl_interfaces/rcl_interfaces/msg/detail/parameter_event__type_support.h
[94.314s] -- Installing: /home/rasp/ros2_ws/install/rcl_interfaces/include/rcl_interfaces/rcl_interfaces/msg/detail/integer_range__struct.h
[94.314s] -- Installing: /home/rasp/ros2_ws/install/rcl_interfaces/include/rcl_interfaces/rcl_interfaces/msg/detail/list_parameters_result__functions.h
[94.314s] -- Installing: /home/rasp/ros2_ws/install/rcl_interfaces/include/rcl_interfaces/rcl_interfaces/msg/detail/parameter_event_descriptors__description.c
[94.315s] -- Installing: /home/rasp/ros2_ws/install/rcl_interfaces/include/rcl_interfaces/rcl_interfaces/msg/detail/set_logger_levels_result__struct.h
[94.315s] -- Installing: /home/rasp/ros2_ws/install/rcl_interfaces/include/rcl_interfaces/rcl_interfaces/msg/detail/integer_range__description.c
[94.315s] -- Installing: /home/rasp/ros2_ws/install/rcl_interfaces/include/rcl_interfaces/rcl_interfaces/msg/detail/set_parameters_result__functions.h
[94.316s] -- Installing: /home/rasp/ros2_ws/install/rcl_interfaces/include/rcl_interfaces/rcl_interfaces/msg/detail/parameter_event_descriptors__functions.h
[94.316s] -- Installing: /home/rasp/ros2_ws/install/rcl_interfaces/include/rcl_interfaces/rcl_interfaces/msg/detail/parameter_event_descriptors__type_support.c
[94.317s] -- Installing: /home/rasp/ros2_ws/install/rcl_interfaces/include/rcl_interfaces/rcl_interfaces/msg/detail/logger_level__functions.h
[94.317s] -- Installing: /home/rasp/ros2_ws/install/rcl_interfaces/include/rcl_interfaces/rcl_interfaces/msg/detail/logger_level__type_support.c
[94.317s] -- Installing: /home/rasp/ros2_ws/install/rcl_interfaces/include/rcl_interfaces/rcl_interfaces/msg/detail/set_parameters_result__type_support.c
[94.317s] -- Installing: /home/rasp/ros2_ws/install/rcl_interfaces/include/rcl_interfaces/rcl_interfaces/msg/detail/floating_point_range__struct.h
[94.318s] -- Installing: /home/rasp/ros2_ws/install/rcl_interfaces/include/rcl_interfaces/rcl_interfaces/msg/detail/parameter_descriptor__type_support.h
[94.318s] -- Installing: /home/rasp/ros2_ws/install/rcl_interfaces/include/rcl_interfaces/rcl_interfaces/msg/detail/parameter_type__type_support.h
[94.319s] -- Installing: /home/rasp/ros2_ws/install/rcl_interfaces/include/rcl_interfaces/rcl_interfaces/msg/detail/parameter_value__functions.h
[94.319s] -- Installing: /home/rasp/ros2_ws/install/rcl_interfaces/include/rcl_interfaces/rcl_interfaces/msg/detail/parameter_descriptor__description.c
[94.319s] -- Installing: /home/rasp/ros2_ws/install/rcl_interfaces/include/rcl_interfaces/rcl_interfaces/msg/detail/list_parameters_result__functions.c
[94.320s] -- Installing: /home/rasp/ros2_ws/install/rcl_interfaces/include/rcl_interfaces/rcl_interfaces/msg/detail/parameter_value__functions.c
[94.320s] -- Installing: /home/rasp/ros2_ws/install/rcl_interfaces/include/rcl_interfaces/rcl_interfaces/msg/rosidl_generator_c__visibility_control.h
[94.320s] -- Installing: /home/rasp/ros2_ws/install/rcl_interfaces/include/rcl_interfaces/rcl_interfaces/msg/set_logger_levels_result.h
[94.321s] -- Installing: /home/rasp/ros2_ws/install/rcl_interfaces/include/rcl_interfaces/rcl_interfaces/msg/parameter_event_descriptors.h
[94.321s] -- Installing: /home/rasp/ros2_ws/install/rcl_interfaces/include/rcl_interfaces/rcl_interfaces/msg/logger_level.h
[94.321s] -- Installing: /home/rasp/ros2_ws/install/rcl_interfaces/include/rcl_interfaces/rcl_interfaces/msg/log.h
[94.321s] -- Installing: /home/rasp/ros2_ws/install/rcl_interfaces/include/rcl_interfaces/rcl_interfaces/msg/set_parameters_result.h
[94.322s] -- Installing: /home/rasp/ros2_ws/install/rcl_interfaces/include/rcl_interfaces/rcl_interfaces/msg/parameter_value.h
[94.322s] -- Installing: /home/rasp/ros2_ws/install/rcl_interfaces/include/rcl_interfaces/rcl_interfaces/msg/parameter.h
[94.322s] -- Installing: /home/rasp/ros2_ws/install/rcl_interfaces/include/rcl_interfaces/rcl_interfaces/srv
[94.323s] -- Installing: /home/rasp/ros2_ws/install/rcl_interfaces/include/rcl_interfaces/rcl_interfaces/srv/get_parameter_types.h
[94.323s] -- Installing: /home/rasp/ros2_ws/install/rcl_interfaces/include/rcl_interfaces/rcl_interfaces/srv/get_logger_levels.h
[94.323s] -- Installing: /home/rasp/ros2_ws/install/rcl_interfaces/include/rcl_interfaces/rcl_interfaces/srv/set_parameters_atomically.h
[94.324s] -- Installing: /home/rasp/ros2_ws/install/rcl_interfaces/include/rcl_interfaces/rcl_interfaces/srv/detail
[94.324s] -- Installing: /home/rasp/ros2_ws/install/rcl_interfaces/include/rcl_interfaces/rcl_interfaces/srv/detail/set_parameters__functions.c
[94.324s] -- Installing: /home/rasp/ros2_ws/install/rcl_interfaces/include/rcl_interfaces/rcl_interfaces/srv/detail/set_logger_levels__functions.c
[94.325s] -- Installing: /home/rasp/ros2_ws/install/rcl_interfaces/include/rcl_interfaces/rcl_interfaces/srv/detail/get_logger_levels__functions.h
[94.325s] -- Installing: /home/rasp/ros2_ws/install/rcl_interfaces/include/rcl_interfaces/rcl_interfaces/srv/detail/describe_parameters__description.c
[94.326s] -- Installing: /home/rasp/ros2_ws/install/rcl_interfaces/include/rcl_interfaces/rcl_interfaces/srv/detail/set_parameters_atomically__struct.h
[94.326s] -- Installing: /home/rasp/ros2_ws/install/rcl_interfaces/include/rcl_interfaces/rcl_interfaces/srv/detail/set_parameters__type_support.c
[94.326s] -- Installing: /home/rasp/ros2_ws/install/rcl_interfaces/include/rcl_interfaces/rcl_interfaces/srv/detail/get_parameters__description.c
[94.327s] -- Installing: /home/rasp/ros2_ws/install/rcl_interfaces/include/rcl_interfaces/rcl_interfaces/srv/detail/set_parameters__struct.h
[94.327s] -- Installing: /home/rasp/ros2_ws/install/rcl_interfaces/include/rcl_interfaces/rcl_interfaces/srv/detail/set_parameters_atomically__functions.c
[94.327s] -- Installing: /home/rasp/ros2_ws/install/rcl_interfaces/include/rcl_interfaces/rcl_interfaces/srv/detail/set_logger_levels__description.c
[94.328s] -- Installing: /home/rasp/ros2_ws/install/rcl_interfaces/include/rcl_interfaces/rcl_interfaces/srv/detail/describe_parameters__functions.h
[94.328s] -- Installing: /home/rasp/ros2_ws/install/rcl_interfaces/include/rcl_interfaces/rcl_interfaces/srv/detail/get_parameter_types__description.c
[94.329s] -- Installing: /home/rasp/ros2_ws/install/rcl_interfaces/include/rcl_interfaces/rcl_interfaces/srv/detail/list_parameters__struct.h
[94.329s] -- Installing: /home/rasp/ros2_ws/install/rcl_interfaces/include/rcl_interfaces/rcl_interfaces/srv/detail/list_parameters__functions.h
[94.329s] -- Installing: /home/rasp/ros2_ws/install/rcl_interfaces/include/rcl_interfaces/rcl_interfaces/srv/detail/get_logger_levels__type_support.h
[94.329s] -- Installing: /home/rasp/ros2_ws/install/rcl_interfaces/include/rcl_interfaces/rcl_interfaces/srv/detail/get_parameters__type_support.c
[94.330s] -- Installing: /home/rasp/ros2_ws/install/rcl_interfaces/include/rcl_interfaces/rcl_interfaces/srv/detail/get_parameter_types__type_support.c
[94.330s] -- Installing: /home/rasp/ros2_ws/install/rcl_interfaces/include/rcl_interfaces/rcl_interfaces/srv/detail/set_logger_levels__functions.h
[94.330s] -- Installing: /home/rasp/ros2_ws/install/rcl_interfaces/include/rcl_interfaces/rcl_interfaces/srv/detail/get_logger_levels__type_support.c
[94.331s] -- Installing: /home/rasp/ros2_ws/install/rcl_interfaces/include/rcl_interfaces/rcl_interfaces/srv/detail/get_parameter_types__functions.c
[94.331s] -- Installing: /home/rasp/ros2_ws/install/rcl_interfaces/include/rcl_interfaces/rcl_interfaces/srv/detail/set_logger_levels__type_support.h
[94.332s] -- Installing: /home/rasp/ros2_ws/install/rcl_interfaces/include/rcl_interfaces/rcl_interfaces/srv/detail/set_parameters_atomically__type_support.c
[94.332s] -- Installing: /home/rasp/ros2_ws/install/rcl_interfaces/include/rcl_interfaces/rcl_interfaces/srv/detail/set_logger_levels__struct.h
[94.332s] -- Installing: /home/rasp/ros2_ws/install/rcl_interfaces/include/rcl_interfaces/rcl_interfaces/srv/detail/list_parameters__functions.c
[94.333s] -- Installing: /home/rasp/ros2_ws/install/rcl_interfaces/include/rcl_interfaces/rcl_interfaces/srv/detail/set_parameters_atomically__type_support.h
[94.333s] -- Installing: /home/rasp/ros2_ws/install/rcl_interfaces/include/rcl_interfaces/rcl_interfaces/srv/detail/describe_parameters__type_support.h
[94.335s] -- Installing: /home/rasp/ros2_ws/install/rcl_interfaces/include/rcl_interfaces/rcl_interfaces/srv/detail/get_parameters__type_support.h
[94.335s] -- Installing: /home/rasp/ros2_ws/install/rcl_interfaces/include/rcl_interfaces/rcl_interfaces/srv/detail/get_parameters__struct.h
[94.335s] -- Installing: /home/rasp/ros2_ws/install/rcl_interfaces/include/rcl_interfaces/rcl_interfaces/srv/detail/set_parameters__functions.h
[94.335s] -- Installing: /home/rasp/ros2_ws/install/rcl_interfaces/include/rcl_interfaces/rcl_interfaces/srv/detail/set_parameters__description.c
[94.335s] -- Installing: /home/rasp/ros2_ws/install/rcl_interfaces/include/rcl_interfaces/rcl_interfaces/srv/detail/list_parameters__type_support.h
[94.335s] -- Installing: /home/rasp/ros2_ws/install/rcl_interfaces/include/rcl_interfaces/rcl_interfaces/srv/detail/set_parameters_atomically__description.c
[94.335s] -- Installing: /home/rasp/ros2_ws/install/rcl_interfaces/include/rcl_interfaces/rcl_interfaces/srv/detail/set_logger_levels__type_support.c
[94.335s] -- Installing: /home/rasp/ros2_ws/install/rcl_interfaces/include/rcl_interfaces/rcl_interfaces/srv/detail/get_parameter_types__functions.h
[94.336s] -- Installing: /home/rasp/ros2_ws/install/rcl_interfaces/include/rcl_interfaces/rcl_interfaces/srv/detail/describe_parameters__type_support.c
[94.336s] -- Installing: /home/rasp/ros2_ws/install/rcl_interfaces/include/rcl_interfaces/rcl_interfaces/srv/detail/list_parameters__description.c
[94.336s] -- Installing: /home/rasp/ros2_ws/install/rcl_interfaces/include/rcl_interfaces/rcl_interfaces/srv/detail/get_parameters__functions.h
[94.336s] -- Installing: /home/rasp/ros2_ws/install/rcl_interfaces/include/rcl_interfaces/rcl_interfaces/srv/detail/list_parameters__type_support.c
[94.336s] -- Installing: /home/rasp/ros2_ws/install/rcl_interfaces/include/rcl_interfaces/rcl_interfaces/srv/detail/get_parameter_types__struct.h
[94.337s] -- Installing: /home/rasp/ros2_ws/install/rcl_interfaces/include/rcl_interfaces/rcl_interfaces/srv/detail/describe_parameters__functions.c
[94.337s] -- Installing: /home/rasp/ros2_ws/install/rcl_interfaces/include/rcl_interfaces/rcl_interfaces/srv/detail/get_logger_levels__struct.h
[94.337s] -- Installing: /home/rasp/ros2_ws/install/rcl_interfaces/include/rcl_interfaces/rcl_interfaces/srv/detail/get_parameter_types__type_support.h
[94.338s] -- Installing: /home/rasp/ros2_ws/install/rcl_interfaces/include/rcl_interfaces/rcl_interfaces/srv/detail/set_parameters__type_support.h
[94.338s] -- Installing: /home/rasp/ros2_ws/install/rcl_interfaces/include/rcl_interfaces/rcl_interfaces/srv/detail/describe_parameters__struct.h
[94.339s] -- Installing: /home/rasp/ros2_ws/install/rcl_interfaces/include/rcl_interfaces/rcl_interfaces/srv/detail/get_logger_levels__description.c
[94.339s] -- Installing: /home/rasp/ros2_ws/install/rcl_interfaces/include/rcl_interfaces/rcl_interfaces/srv/detail/get_logger_levels__functions.c
[94.339s] -- Installing: /home/rasp/ros2_ws/install/rcl_interfaces/include/rcl_interfaces/rcl_interfaces/srv/detail/get_parameters__functions.c
[94.339s] -- Installing: /home/rasp/ros2_ws/install/rcl_interfaces/include/rcl_interfaces/rcl_interfaces/srv/detail/set_parameters_atomically__functions.h
[94.339s] -- Installing: /home/rasp/ros2_ws/install/rcl_interfaces/include/rcl_interfaces/rcl_interfaces/srv/set_logger_levels.h
[94.340s] -- Installing: /home/rasp/ros2_ws/install/rcl_interfaces/include/rcl_interfaces/rcl_interfaces/srv/get_parameters.h
[94.340s] -- Installing: /home/rasp/ros2_ws/install/rcl_interfaces/include/rcl_interfaces/rcl_interfaces/srv/describe_parameters.h
[94.340s] -- Installing: /home/rasp/ros2_ws/install/rcl_interfaces/include/rcl_interfaces/rcl_interfaces/srv/set_parameters.h
[94.341s] -- Installing: /home/rasp/ros2_ws/install/rcl_interfaces/include/rcl_interfaces/rcl_interfaces/srv/list_parameters.h
[94.341s] -- Installing: /home/rasp/ros2_ws/install/rcl_interfaces/share/rcl_interfaces/environment/library_path.sh
[94.342s] -- Installing: /home/rasp/ros2_ws/install/rcl_interfaces/share/rcl_interfaces/environment/library_path.dsv
[94.342s] -- Installing: /home/rasp/ros2_ws/install/rcl_interfaces/lib/librcl_interfaces__rosidl_generator_c.so
[94.343s] -- Set non-toolchain portion of runtime path of "/home/rasp/ros2_ws/install/rcl_interfaces/lib/librcl_interfaces__rosidl_generator_c.so" to ""
[94.343s] -- Up-to-date: /home/rasp/ros2_ws/install/rcl_interfaces/include/rcl_interfaces
[94.344s] -- Installing: /home/rasp/ros2_ws/install/rcl_interfaces/include/rcl_interfaces/msg
[94.344s] -- Installing: /home/rasp/ros2_ws/install/rcl_interfaces/include/rcl_interfaces/msg/detail
[94.344s] -- Installing: /home/rasp/ros2_ws/install/rcl_interfaces/include/rcl_interfaces/msg/detail/parameter_value__rosidl_typesupport_microxrcedds_c.h
[94.344s] -- Installing: /home/rasp/ros2_ws/install/rcl_interfaces/include/rcl_interfaces/msg/detail/set_logger_levels_result__rosidl_typesupport_microxrcedds_c.h
[94.345s] -- Installing: /home/rasp/ros2_ws/install/rcl_interfaces/include/rcl_interfaces/msg/detail/parameter_type__rosidl_typesupport_microxrcedds_c.h
[94.345s] -- Installing: /home/rasp/ros2_ws/install/rcl_interfaces/include/rcl_interfaces/msg/detail/log__rosidl_typesupport_microxrcedds_c.h
[94.345s] -- Installing: /home/rasp/ros2_ws/install/rcl_interfaces/include/rcl_interfaces/msg/detail/parameter_event_descriptors__rosidl_typesupport_microxrcedds_c.h
[94.346s] -- Installing: /home/rasp/ros2_ws/install/rcl_interfaces/include/rcl_interfaces/msg/detail/set_parameters_result__rosidl_typesupport_microxrcedds_c.h
[94.346s] -- Installing: /home/rasp/ros2_ws/install/rcl_interfaces/include/rcl_interfaces/msg/detail/parameter_descriptor__rosidl_typesupport_microxrcedds_c.h
[94.346s] -- Installing: /home/rasp/ros2_ws/install/rcl_interfaces/include/rcl_interfaces/msg/detail/floating_point_range__rosidl_typesupport_microxrcedds_c.h
[94.346s] -- Installing: /home/rasp/ros2_ws/install/rcl_interfaces/include/rcl_interfaces/msg/detail/logger_level__rosidl_typesupport_microxrcedds_c.h
[94.347s] -- Installing: /home/rasp/ros2_ws/install/rcl_interfaces/include/rcl_interfaces/msg/detail/parameter_event__rosidl_typesupport_microxrcedds_c.h
[94.347s] -- Installing: /home/rasp/ros2_ws/install/rcl_interfaces/include/rcl_interfaces/msg/detail/integer_range__rosidl_typesupport_microxrcedds_c.h
[94.348s] -- Installing: /home/rasp/ros2_ws/install/rcl_interfaces/include/rcl_interfaces/msg/detail/parameter__rosidl_typesupport_microxrcedds_c.h
[94.348s] -- Installing: /home/rasp/ros2_ws/install/rcl_interfaces/include/rcl_interfaces/msg/detail/list_parameters_result__rosidl_typesupport_microxrcedds_c.h
[94.348s] -- Installing: /home/rasp/ros2_ws/install/rcl_interfaces/include/rcl_interfaces/msg/detail/microxrcedds
[94.349s] -- Installing: /home/rasp/ros2_ws/install/rcl_interfaces/include/rcl_interfaces/msg/rosidl_typesupport_microxrcedds_c__visibility_control.h
[94.349s] -- Installing: /home/rasp/ros2_ws/install/rcl_interfaces/include/rcl_interfaces/srv
[94.349s] -- Installing: /home/rasp/ros2_ws/install/rcl_interfaces/include/rcl_interfaces/srv/detail
[94.349s] -- Installing: /home/rasp/ros2_ws/install/rcl_interfaces/include/rcl_interfaces/srv/detail/set_parameters__rosidl_typesupport_microxrcedds_c.h
[94.350s] -- Installing: /home/rasp/ros2_ws/install/rcl_interfaces/include/rcl_interfaces/srv/detail/set_logger_levels__rosidl_typesupport_microxrcedds_c.h
[94.350s] -- Installing: /home/rasp/ros2_ws/install/rcl_interfaces/include/rcl_interfaces/srv/detail/get_logger_levels__rosidl_typesupport_microxrcedds_c.h
[94.350s] -- Installing: /home/rasp/ros2_ws/install/rcl_interfaces/include/rcl_interfaces/srv/detail/set_parameters_atomically__rosidl_typesupport_microxrcedds_c.h
[94.350s] -- Installing: /home/rasp/ros2_ws/install/rcl_interfaces/include/rcl_interfaces/srv/detail/get_parameter_types__rosidl_typesupport_microxrcedds_c.h
[94.351s] -- Installing: /home/rasp/ros2_ws/install/rcl_interfaces/include/rcl_interfaces/srv/detail/list_parameters__rosidl_typesupport_microxrcedds_c.h
[94.351s] -- Installing: /home/rasp/ros2_ws/install/rcl_interfaces/include/rcl_interfaces/srv/detail/describe_parameters__rosidl_typesupport_microxrcedds_c.h
[94.352s] -- Installing: /home/rasp/ros2_ws/install/rcl_interfaces/include/rcl_interfaces/srv/detail/get_parameters__rosidl_typesupport_microxrcedds_c.h
[94.352s] -- Installing: /home/rasp/ros2_ws/install/rcl_interfaces/include/rcl_interfaces/srv/detail/microxrcedds
[94.353s] -- Installing: /home/rasp/ros2_ws/install/rcl_interfaces/lib/librcl_interfaces__rosidl_typesupport_microxrcedds_c.so
[94.354s] -- Set non-toolchain portion of runtime path of "/home/rasp/ros2_ws/install/rcl_interfaces/lib/librcl_interfaces__rosidl_typesupport_microxrcedds_c.so" to ""
[94.354s] -- Up-to-date: /home/rasp/ros2_ws/install/rcl_interfaces/include/rcl_interfaces/rcl_interfaces
[94.354s] -- Up-to-date: /home/rasp/ros2_ws/install/rcl_interfaces/include/rcl_interfaces/rcl_interfaces/msg
[94.354s] -- Up-to-date: /home/rasp/ros2_ws/install/rcl_interfaces/include/rcl_interfaces/rcl_interfaces/msg/detail
[94.355s] -- Installing: /home/rasp/ros2_ws/install/rcl_interfaces/include/rcl_interfaces/rcl_interfaces/msg/detail/logger_level__rosidl_typesupport_fastrtps_c.h
[94.355s] -- Installing: /home/rasp/ros2_ws/install/rcl_interfaces/include/rcl_interfaces/rcl_interfaces/msg/detail/parameter__rosidl_typesupport_fastrtps_c.h
[94.355s] -- Installing: /home/rasp/ros2_ws/install/rcl_interfaces/include/rcl_interfaces/rcl_interfaces/msg/detail/log__rosidl_typesupport_fastrtps_c.h
[94.355s] -- Installing: /home/rasp/ros2_ws/install/rcl_interfaces/include/rcl_interfaces/rcl_interfaces/msg/detail/set_logger_levels_result__rosidl_typesupport_fastrtps_c.h
[94.356s] -- Installing: /home/rasp/ros2_ws/install/rcl_interfaces/include/rcl_interfaces/rcl_interfaces/msg/detail/parameter_event__rosidl_typesupport_fastrtps_c.h
[94.356s] -- Installing: /home/rasp/ros2_ws/install/rcl_interfaces/include/rcl_interfaces/rcl_interfaces/msg/detail/parameter_type__rosidl_typesupport_fastrtps_c.h
[94.356s] -- Installing: /home/rasp/ros2_ws/install/rcl_interfaces/include/rcl_interfaces/rcl_interfaces/msg/detail/list_parameters_result__rosidl_typesupport_fastrtps_c.h
[94.357s] -- Installing: /home/rasp/ros2_ws/install/rcl_interfaces/include/rcl_interfaces/rcl_interfaces/msg/detail/parameter_value__rosidl_typesupport_fastrtps_c.h
[94.357s] -- Installing: /home/rasp/ros2_ws/install/rcl_interfaces/include/rcl_interfaces/rcl_interfaces/msg/detail/parameter_descriptor__rosidl_typesupport_fastrtps_c.h
[94.358s] -- Installing: /home/rasp/ros2_ws/install/rcl_interfaces/include/rcl_interfaces/rcl_interfaces/msg/detail/parameter_event_descriptors__rosidl_typesupport_fastrtps_c.h
[94.358s] -- Installing: /home/rasp/ros2_ws/install/rcl_interfaces/include/rcl_interfaces/rcl_interfaces/msg/detail/floating_point_range__rosidl_typesupport_fastrtps_c.h
[94.358s] -- Installing: /home/rasp/ros2_ws/install/rcl_interfaces/include/rcl_interfaces/rcl_interfaces/msg/detail/integer_range__rosidl_typesupport_fastrtps_c.h
[94.360s] -- Installing: /home/rasp/ros2_ws/install/rcl_interfaces/include/rcl_interfaces/rcl_interfaces/msg/detail/set_parameters_result__rosidl_typesupport_fastrtps_c.h
[94.360s] -- Installing: /home/rasp/ros2_ws/install/rcl_interfaces/include/rcl_interfaces/rcl_interfaces/msg/rosidl_typesupport_fastrtps_c__visibility_control.h
[94.360s] -- Up-to-date: /home/rasp/ros2_ws/install/rcl_interfaces/include/rcl_interfaces/rcl_interfaces/srv
[94.361s] -- Up-to-date: /home/rasp/ros2_ws/install/rcl_interfaces/include/rcl_interfaces/rcl_interfaces/srv/detail
[94.361s] -- Installing: /home/rasp/ros2_ws/install/rcl_interfaces/include/rcl_interfaces/rcl_interfaces/srv/detail/list_parameters__rosidl_typesupport_fastrtps_c.h
[94.361s] -- Installing: /home/rasp/ros2_ws/install/rcl_interfaces/include/rcl_interfaces/rcl_interfaces/srv/detail/set_parameters__rosidl_typesupport_fastrtps_c.h
[94.361s] -- Installing: /home/rasp/ros2_ws/install/rcl_interfaces/include/rcl_interfaces/rcl_interfaces/srv/detail/get_logger_levels__rosidl_typesupport_fastrtps_c.h
[94.361s] -- Installing: /home/rasp/ros2_ws/install/rcl_interfaces/include/rcl_interfaces/rcl_interfaces/srv/detail/get_parameter_types__rosidl_typesupport_fastrtps_c.h
[94.361s] -- Installing: /home/rasp/ros2_ws/install/rcl_interfaces/include/rcl_interfaces/rcl_interfaces/srv/detail/set_logger_levels__rosidl_typesupport_fastrtps_c.h
[94.361s] -- Installing: /home/rasp/ros2_ws/install/rcl_interfaces/include/rcl_interfaces/rcl_interfaces/srv/detail/describe_parameters__rosidl_typesupport_fastrtps_c.h
[94.361s] -- Installing: /home/rasp/ros2_ws/install/rcl_interfaces/include/rcl_interfaces/rcl_interfaces/srv/detail/set_parameters_atomically__rosidl_typesupport_fastrtps_c.h
[94.361s] -- Installing: /home/rasp/ros2_ws/install/rcl_interfaces/include/rcl_interfaces/rcl_interfaces/srv/detail/get_parameters__rosidl_typesupport_fastrtps_c.h
[94.362s] -- Installing: /home/rasp/ros2_ws/install/rcl_interfaces/lib/librcl_interfaces__rosidl_typesupport_fastrtps_c.so
[94.363s] -- Set non-toolchain portion of runtime path of "/home/rasp/ros2_ws/install/rcl_interfaces/lib/librcl_interfaces__rosidl_typesupport_fastrtps_c.so" to ""
[94.363s] -- Up-to-date: /home/rasp/ros2_ws/install/rcl_interfaces/include/rcl_interfaces/rcl_interfaces
[94.364s] -- Up-to-date: /home/rasp/ros2_ws/install/rcl_interfaces/include/rcl_interfaces/rcl_interfaces/msg
[94.364s] -- Installing: /home/rasp/ros2_ws/install/rcl_interfaces/include/rcl_interfaces/rcl_interfaces/msg/rosidl_typesupport_introspection_c__visibility_control.h
[94.364s] -- Up-to-date: /home/rasp/ros2_ws/install/rcl_interfaces/include/rcl_interfaces/rcl_interfaces/msg/detail
[94.365s] -- Installing: /home/rasp/ros2_ws/install/rcl_interfaces/include/rcl_interfaces/rcl_interfaces/msg/detail/parameter_descriptor__type_support.c
[94.365s] -- Installing: /home/rasp/ros2_ws/install/rcl_interfaces/include/rcl_interfaces/rcl_interfaces/msg/detail/parameter__type_support.c
[94.365s] -- Installing: /home/rasp/ros2_ws/install/rcl_interfaces/include/rcl_interfaces/rcl_interfaces/msg/detail/set_parameters_result__rosidl_typesupport_introspection_c.h
[94.365s] -- Installing: /home/rasp/ros2_ws/install/rcl_interfaces/include/rcl_interfaces/rcl_interfaces/msg/detail/parameter_event__type_support.c
[94.367s] -- Installing: /home/rasp/ros2_ws/install/rcl_interfaces/include/rcl_interfaces/rcl_interfaces/msg/detail/integer_range__rosidl_typesupport_introspection_c.h
[94.367s] -- Installing: /home/rasp/ros2_ws/install/rcl_interfaces/include/rcl_interfaces/rcl_interfaces/msg/detail/set_logger_levels_result__type_support.c
[94.367s] -- Installing: /home/rasp/ros2_ws/install/rcl_interfaces/include/rcl_interfaces/rcl_interfaces/msg/detail/integer_range__type_support.c
[94.367s] -- Installing: /home/rasp/ros2_ws/install/rcl_interfaces/include/rcl_interfaces/rcl_interfaces/msg/detail/logger_level__rosidl_typesupport_introspection_c.h
[94.367s] -- Installing: /home/rasp/ros2_ws/install/rcl_interfaces/include/rcl_interfaces/rcl_interfaces/msg/detail/floating_point_range__rosidl_typesupport_introspection_c.h
[94.367s] -- Installing: /home/rasp/ros2_ws/install/rcl_interfaces/include/rcl_interfaces/rcl_interfaces/msg/detail/parameter__rosidl_typesupport_introspection_c.h
[94.367s] -- Installing: /home/rasp/ros2_ws/install/rcl_interfaces/include/rcl_interfaces/rcl_interfaces/msg/detail/parameter_value__type_support.c
[94.367s] -- Installing: /home/rasp/ros2_ws/install/rcl_interfaces/include/rcl_interfaces/rcl_interfaces/msg/detail/log__type_support.c
[94.367s] -- Installing: /home/rasp/ros2_ws/install/rcl_interfaces/include/rcl_interfaces/rcl_interfaces/msg/detail/floating_point_range__type_support.c
[94.367s] -- Installing: /home/rasp/ros2_ws/install/rcl_interfaces/include/rcl_interfaces/rcl_interfaces/msg/detail/parameter_type__type_support.c
[94.368s] -- Installing: /home/rasp/ros2_ws/install/rcl_interfaces/include/rcl_interfaces/rcl_interfaces/msg/detail/list_parameters_result__type_support.c
[94.369s] -- Installing: /home/rasp/ros2_ws/install/rcl_interfaces/include/rcl_interfaces/rcl_interfaces/msg/detail/parameter_value__rosidl_typesupport_introspection_c.h
[94.369s] -- Installing: /home/rasp/ros2_ws/install/rcl_interfaces/include/rcl_interfaces/rcl_interfaces/msg/detail/log__rosidl_typesupport_introspection_c.h
[94.369s] -- Installing: /home/rasp/ros2_ws/install/rcl_interfaces/include/rcl_interfaces/rcl_interfaces/msg/detail/parameter_type__rosidl_typesupport_introspection_c.h
[94.369s] -- Installing: /home/rasp/ros2_ws/install/rcl_interfaces/include/rcl_interfaces/rcl_interfaces/msg/detail/parameter_event__rosidl_typesupport_introspection_c.h
[94.370s] -- Installing: /home/rasp/ros2_ws/install/rcl_interfaces/include/rcl_interfaces/rcl_interfaces/msg/detail/set_logger_levels_result__rosidl_typesupport_introspection_c.h
[94.372s] -- Installing: /home/rasp/ros2_ws/install/rcl_interfaces/include/rcl_interfaces/rcl_interfaces/msg/detail/parameter_event_descriptors__rosidl_typesupport_introspection_c.h
[94.372s] -- Installing: /home/rasp/ros2_ws/install/rcl_interfaces/include/rcl_interfaces/rcl_interfaces/msg/detail/parameter_event_descriptors__type_support.c
[94.372s] -- Installing: /home/rasp/ros2_ws/install/rcl_interfaces/include/rcl_interfaces/rcl_interfaces/msg/detail/parameter_descriptor__rosidl_typesupport_introspection_c.h
[94.372s] -- Installing: /home/rasp/ros2_ws/install/rcl_interfaces/include/rcl_interfaces/rcl_interfaces/msg/detail/logger_level__type_support.c
[94.372s] -- Installing: /home/rasp/ros2_ws/install/rcl_interfaces/include/rcl_interfaces/rcl_interfaces/msg/detail/set_parameters_result__type_support.c
[94.373s] -- Installing: /home/rasp/ros2_ws/install/rcl_interfaces/include/rcl_interfaces/rcl_interfaces/msg/detail/list_parameters_result__rosidl_typesupport_introspection_c.h
[94.373s] -- Up-to-date: /home/rasp/ros2_ws/install/rcl_interfaces/include/rcl_interfaces/rcl_interfaces/srv
[94.373s] -- Up-to-date: /home/rasp/ros2_ws/install/rcl_interfaces/include/rcl_interfaces/rcl_interfaces/srv/detail
[94.373s] -- Installing: /home/rasp/ros2_ws/install/rcl_interfaces/include/rcl_interfaces/rcl_interfaces/srv/detail/get_parameter_types__rosidl_typesupport_introspection_c.h
[94.373s] -- Installing: /home/rasp/ros2_ws/install/rcl_interfaces/include/rcl_interfaces/rcl_interfaces/srv/detail/set_parameters_atomically__rosidl_typesupport_introspection_c.h
[94.374s] -- Installing: /home/rasp/ros2_ws/install/rcl_interfaces/include/rcl_interfaces/rcl_interfaces/srv/detail/set_parameters__type_support.c
[94.374s] -- Installing: /home/rasp/ros2_ws/install/rcl_interfaces/include/rcl_interfaces/rcl_interfaces/srv/detail/get_logger_levels__rosidl_typesupport_introspection_c.h
[94.374s] -- Installing: /home/rasp/ros2_ws/install/rcl_interfaces/include/rcl_interfaces/rcl_interfaces/srv/detail/get_parameters__type_support.c
[94.377s] -- Installing: /home/rasp/ros2_ws/install/rcl_interfaces/include/rcl_interfaces/rcl_interfaces/srv/detail/get_parameter_types__type_support.c
[94.377s] -- Installing: /home/rasp/ros2_ws/install/rcl_interfaces/include/rcl_interfaces/rcl_interfaces/srv/detail/get_logger_levels__type_support.c
[94.377s] -- Installing: /home/rasp/ros2_ws/install/rcl_interfaces/include/rcl_interfaces/rcl_interfaces/srv/detail/set_parameters_atomically__type_support.c
[94.378s] -- Installing: /home/rasp/ros2_ws/install/rcl_interfaces/include/rcl_interfaces/rcl_interfaces/srv/detail/describe_parameters__rosidl_typesupport_introspection_c.h
[94.378s] -- Installing: /home/rasp/ros2_ws/install/rcl_interfaces/include/rcl_interfaces/rcl_interfaces/srv/detail/get_parameters__rosidl_typesupport_introspection_c.h
[94.378s] -- Installing: /home/rasp/ros2_ws/install/rcl_interfaces/include/rcl_interfaces/rcl_interfaces/srv/detail/set_logger_levels__type_support.c
[94.378s] -- Installing: /home/rasp/ros2_ws/install/rcl_interfaces/include/rcl_interfaces/rcl_interfaces/srv/detail/list_parameters__rosidl_typesupport_introspection_c.h
[94.378s] -- Installing: /home/rasp/ros2_ws/install/rcl_interfaces/include/rcl_interfaces/rcl_interfaces/srv/detail/describe_parameters__type_support.c
[94.378s] -- Installing: /home/rasp/ros2_ws/install/rcl_interfaces/include/rcl_interfaces/rcl_interfaces/srv/detail/set_parameters__rosidl_typesupport_introspection_c.h
[94.378s] -- Installing: /home/rasp/ros2_ws/install/rcl_interfaces/include/rcl_interfaces/rcl_interfaces/srv/detail/list_parameters__type_support.c
[94.379s] -- Installing: /home/rasp/ros2_ws/install/rcl_interfaces/include/rcl_interfaces/rcl_interfaces/srv/detail/set_logger_levels__rosidl_typesupport_introspection_c.h
[94.379s] -- Installing: /home/rasp/ros2_ws/install/rcl_interfaces/lib/librcl_interfaces__rosidl_typesupport_introspection_c.so
[94.380s] -- Set non-toolchain portion of runtime path of "/home/rasp/ros2_ws/install/rcl_interfaces/lib/librcl_interfaces__rosidl_typesupport_introspection_c.so" to ""
[94.380s] -- Installing: /home/rasp/ros2_ws/install/rcl_interfaces/lib/librcl_interfaces__rosidl_typesupport_c.so
[94.380s] -- Set non-toolchain portion of runtime path of "/home/rasp/ros2_ws/install/rcl_interfaces/lib/librcl_interfaces__rosidl_typesupport_c.so" to ""
[94.382s] -- Up-to-date: /home/rasp/ros2_ws/install/rcl_interfaces/include/rcl_interfaces/rcl_interfaces
[94.382s] -- Up-to-date: /home/rasp/ros2_ws/install/rcl_interfaces/include/rcl_interfaces/rcl_interfaces/msg
[94.382s] -- Installing: /home/rasp/ros2_ws/install/rcl_interfaces/include/rcl_interfaces/rcl_interfaces/msg/parameter_descriptor.hpp
[94.382s] -- Installing: /home/rasp/ros2_ws/install/rcl_interfaces/include/rcl_interfaces/rcl_interfaces/msg/logger_level.hpp
[94.382s] -- Installing: /home/rasp/ros2_ws/install/rcl_interfaces/include/rcl_interfaces/rcl_interfaces/msg/set_logger_levels_result.hpp
[94.383s] -- Up-to-date: /home/rasp/ros2_ws/install/rcl_interfaces/include/rcl_interfaces/rcl_interfaces/msg/detail
[94.383s] -- Installing: /home/rasp/ros2_ws/install/rcl_interfaces/include/rcl_interfaces/rcl_interfaces/msg/detail/parameter_event_descriptors__struct.hpp
[94.383s] -- Installing: /home/rasp/ros2_ws/install/rcl_interfaces/include/rcl_interfaces/rcl_interfaces/msg/detail/parameter_event_descriptors__builder.hpp
[94.383s] -- Installing: /home/rasp/ros2_ws/install/rcl_interfaces/include/rcl_interfaces/rcl_interfaces/msg/detail/parameter_event__traits.hpp
[94.383s] -- Installing: /home/rasp/ros2_ws/install/rcl_interfaces/include/rcl_interfaces/rcl_interfaces/msg/detail/integer_range__builder.hpp
[94.383s] -- Installing: /home/rasp/ros2_ws/install/rcl_interfaces/include/rcl_interfaces/rcl_interfaces/msg/detail/integer_range__struct.hpp
[94.383s] -- Installing: /home/rasp/ros2_ws/install/rcl_interfaces/include/rcl_interfaces/rcl_interfaces/msg/detail/logger_level__struct.hpp
[94.383s] -- Installing: /home/rasp/ros2_ws/install/rcl_interfaces/include/rcl_interfaces/rcl_interfaces/msg/detail/log__builder.hpp
[94.384s] -- Installing: /home/rasp/ros2_ws/install/rcl_interfaces/include/rcl_interfaces/rcl_interfaces/msg/detail/set_logger_levels_result__type_support.hpp
[94.385s] -- Installing: /home/rasp/ros2_ws/install/rcl_interfaces/include/rcl_interfaces/rcl_interfaces/msg/detail/logger_level__traits.hpp
[94.386s] -- Installing: /home/rasp/ros2_ws/install/rcl_interfaces/include/rcl_interfaces/rcl_interfaces/msg/detail/set_logger_levels_result__builder.hpp
[94.386s] -- Installing: /home/rasp/ros2_ws/install/rcl_interfaces/include/rcl_interfaces/rcl_interfaces/msg/detail/floating_point_range__builder.hpp
[94.386s] -- Installing: /home/rasp/ros2_ws/install/rcl_interfaces/include/rcl_interfaces/rcl_interfaces/msg/detail/parameter__type_support.hpp
[94.386s] -- Installing: /home/rasp/ros2_ws/install/rcl_interfaces/include/rcl_interfaces/rcl_interfaces/msg/detail/log__type_support.hpp
[94.386s] -- Installing: /home/rasp/ros2_ws/install/rcl_interfaces/include/rcl_interfaces/rcl_interfaces/msg/detail/parameter_descriptor__type_support.hpp
[94.387s] -- Installing: /home/rasp/ros2_ws/install/rcl_interfaces/include/rcl_interfaces/rcl_interfaces/msg/detail/parameter_value__traits.hpp
[94.387s] -- Installing: /home/rasp/ros2_ws/install/rcl_interfaces/include/rcl_interfaces/rcl_interfaces/msg/detail/list_parameters_result__traits.hpp
[94.387s] -- Installing: /home/rasp/ros2_ws/install/rcl_interfaces/include/rcl_interfaces/rcl_interfaces/msg/detail/set_parameters_result__type_support.hpp
[94.387s] -- Installing: /home/rasp/ros2_ws/install/rcl_interfaces/include/rcl_interfaces/rcl_interfaces/msg/detail/integer_range__type_support.hpp
[94.388s] -- Installing: /home/rasp/ros2_ws/install/rcl_interfaces/include/rcl_interfaces/rcl_interfaces/msg/detail/parameter_event_descriptors__type_support.hpp
[94.388s] -- Installing: /home/rasp/ros2_ws/install/rcl_interfaces/include/rcl_interfaces/rcl_interfaces/msg/detail/integer_range__traits.hpp
[94.388s] -- Installing: /home/rasp/ros2_ws/install/rcl_interfaces/include/rcl_interfaces/rcl_interfaces/msg/detail/list_parameters_result__builder.hpp
[94.388s] -- Installing: /home/rasp/ros2_ws/install/rcl_interfaces/include/rcl_interfaces/rcl_interfaces/msg/detail/parameter_type__traits.hpp
[94.389s] -- Installing: /home/rasp/ros2_ws/install/rcl_interfaces/include/rcl_interfaces/rcl_interfaces/msg/detail/logger_level__type_support.hpp
[94.389s] -- Installing: /home/rasp/ros2_ws/install/rcl_interfaces/include/rcl_interfaces/rcl_interfaces/msg/detail/parameter__builder.hpp
[94.389s] -- Installing: /home/rasp/ros2_ws/install/rcl_interfaces/include/rcl_interfaces/rcl_interfaces/msg/detail/list_parameters_result__struct.hpp
[94.389s] -- Installing: /home/rasp/ros2_ws/install/rcl_interfaces/include/rcl_interfaces/rcl_interfaces/msg/detail/parameter_descriptor__builder.hpp
[94.391s] -- Installing: /home/rasp/ros2_ws/install/rcl_interfaces/include/rcl_interfaces/rcl_interfaces/msg/detail/parameter__traits.hpp
[94.391s] -- Installing: /home/rasp/ros2_ws/install/rcl_interfaces/include/rcl_interfaces/rcl_interfaces/msg/detail/set_parameters_result__traits.hpp
[94.391s] -- Installing: /home/rasp/ros2_ws/install/rcl_interfaces/include/rcl_interfaces/rcl_interfaces/msg/detail/set_parameters_result__builder.hpp
[94.391s] -- Installing: /home/rasp/ros2_ws/install/rcl_interfaces/include/rcl_interfaces/rcl_interfaces/msg/detail/parameter_value__builder.hpp
[94.391s] -- Installing: /home/rasp/ros2_ws/install/rcl_interfaces/include/rcl_interfaces/rcl_interfaces/msg/detail/floating_point_range__traits.hpp
[94.391s] -- Installing: /home/rasp/ros2_ws/install/rcl_interfaces/include/rcl_interfaces/rcl_interfaces/msg/detail/parameter_value__type_support.hpp
[94.391s] -- Installing: /home/rasp/ros2_ws/install/rcl_interfaces/include/rcl_interfaces/rcl_interfaces/msg/detail/parameter_descriptor__traits.hpp
[94.391s] -- Installing: /home/rasp/ros2_ws/install/rcl_interfaces/include/rcl_interfaces/rcl_interfaces/msg/detail/log__struct.hpp
[94.392s] -- Installing: /home/rasp/ros2_ws/install/rcl_interfaces/include/rcl_interfaces/rcl_interfaces/msg/detail/parameter_type__type_support.hpp
[94.392s] -- Installing: /home/rasp/ros2_ws/install/rcl_interfaces/include/rcl_interfaces/rcl_interfaces/msg/detail/parameter_event_descriptors__traits.hpp
[94.392s] -- Installing: /home/rasp/ros2_ws/install/rcl_interfaces/include/rcl_interfaces/rcl_interfaces/msg/detail/parameter_type__builder.hpp
[94.392s] -- Installing: /home/rasp/ros2_ws/install/rcl_interfaces/include/rcl_interfaces/rcl_interfaces/msg/detail/parameter_value__struct.hpp
[94.392s] -- Installing: /home/rasp/ros2_ws/install/rcl_interfaces/include/rcl_interfaces/rcl_interfaces/msg/detail/parameter__struct.hpp
[94.393s] -- Installing: /home/rasp/ros2_ws/install/rcl_interfaces/include/rcl_interfaces/rcl_interfaces/msg/detail/logger_level__builder.hpp
[94.393s] -- Installing: /home/rasp/ros2_ws/install/rcl_interfaces/include/rcl_interfaces/rcl_interfaces/msg/detail/log__traits.hpp
[94.394s] -- Installing: /home/rasp/ros2_ws/install/rcl_interfaces/include/rcl_interfaces/rcl_interfaces/msg/detail/parameter_descriptor__struct.hpp
[94.394s] -- Installing: /home/rasp/ros2_ws/install/rcl_interfaces/include/rcl_interfaces/rcl_interfaces/msg/detail/parameter_event__builder.hpp
[94.394s] -- Installing: /home/rasp/ros2_ws/install/rcl_interfaces/include/rcl_interfaces/rcl_interfaces/msg/detail/parameter_event__type_support.hpp
[94.394s] -- Installing: /home/rasp/ros2_ws/install/rcl_interfaces/include/rcl_interfaces/rcl_interfaces/msg/detail/parameter_type__struct.hpp
[94.394s] -- Installing: /home/rasp/ros2_ws/install/rcl_interfaces/include/rcl_interfaces/rcl_interfaces/msg/detail/set_logger_levels_result__traits.hpp
[94.395s] -- Installing: /home/rasp/ros2_ws/install/rcl_interfaces/include/rcl_interfaces/rcl_interfaces/msg/detail/floating_point_range__struct.hpp
[94.395s] -- Installing: /home/rasp/ros2_ws/install/rcl_interfaces/include/rcl_interfaces/rcl_interfaces/msg/detail/set_logger_levels_result__struct.hpp
[94.397s] -- Installing: /home/rasp/ros2_ws/install/rcl_interfaces/include/rcl_interfaces/rcl_interfaces/msg/detail/list_parameters_result__type_support.hpp
[94.397s] -- Installing: /home/rasp/ros2_ws/install/rcl_interfaces/include/rcl_interfaces/rcl_interfaces/msg/detail/set_parameters_result__struct.hpp
[94.397s] -- Installing: /home/rasp/ros2_ws/install/rcl_interfaces/include/rcl_interfaces/rcl_interfaces/msg/detail/parameter_event__struct.hpp
[94.397s] -- Installing: /home/rasp/ros2_ws/install/rcl_interfaces/include/rcl_interfaces/rcl_interfaces/msg/detail/floating_point_range__type_support.hpp
[94.397s] -- Installing: /home/rasp/ros2_ws/install/rcl_interfaces/include/rcl_interfaces/rcl_interfaces/msg/parameter_value.hpp
[94.398s] -- Installing: /home/rasp/ros2_ws/install/rcl_interfaces/include/rcl_interfaces/rcl_interfaces/msg/set_parameters_result.hpp
[94.398s] -- Installing: /home/rasp/ros2_ws/install/rcl_interfaces/include/rcl_interfaces/rcl_interfaces/msg/integer_range.hpp
[94.398s] -- Installing: /home/rasp/ros2_ws/install/rcl_interfaces/include/rcl_interfaces/rcl_interfaces/msg/floating_point_range.hpp
[94.398s] -- Installing: /home/rasp/ros2_ws/install/rcl_interfaces/include/rcl_interfaces/rcl_interfaces/msg/parameter_event.hpp
[94.398s] -- Installing: /home/rasp/ros2_ws/install/rcl_interfaces/include/rcl_interfaces/rcl_interfaces/msg/parameter_event_descriptors.hpp
[94.398s] -- Installing: /home/rasp/ros2_ws/install/rcl_interfaces/include/rcl_interfaces/rcl_interfaces/msg/log.hpp
[94.399s] -- Installing: /home/rasp/ros2_ws/install/rcl_interfaces/include/rcl_interfaces/rcl_interfaces/msg/parameter_type.hpp
[94.399s] -- Installing: /home/rasp/ros2_ws/install/rcl_interfaces/include/rcl_interfaces/rcl_interfaces/msg/list_parameters_result.hpp
[94.399s] -- Installing: /home/rasp/ros2_ws/install/rcl_interfaces/include/rcl_interfaces/rcl_interfaces/msg/rosidl_generator_cpp__visibility_control.hpp
[94.401s] -- Installing: /home/rasp/ros2_ws/install/rcl_interfaces/include/rcl_interfaces/rcl_interfaces/msg/parameter.hpp
[94.401s] -- Up-to-date: /home/rasp/ros2_ws/install/rcl_interfaces/include/rcl_interfaces/rcl_interfaces/srv
[94.401s] -- Installing: /home/rasp/ros2_ws/install/rcl_interfaces/include/rcl_interfaces/rcl_interfaces/srv/set_parameters.hpp
[94.402s] -- Installing: /home/rasp/ros2_ws/install/rcl_interfaces/include/rcl_interfaces/rcl_interfaces/srv/get_logger_levels.hpp
[94.402s] -- Installing: /home/rasp/ros2_ws/install/rcl_interfaces/include/rcl_interfaces/rcl_interfaces/srv/get_parameters.hpp
[94.402s] -- Installing: /home/rasp/ros2_ws/install/rcl_interfaces/include/rcl_interfaces/rcl_interfaces/srv/list_parameters.hpp
[94.402s] -- Up-to-date: /home/rasp/ros2_ws/install/rcl_interfaces/include/rcl_interfaces/rcl_interfaces/srv/detail
[94.402s] -- Installing: /home/rasp/ros2_ws/install/rcl_interfaces/include/rcl_interfaces/rcl_interfaces/srv/detail/list_parameters__traits.hpp
[94.402s] -- Installing: /home/rasp/ros2_ws/install/rcl_interfaces/include/rcl_interfaces/rcl_interfaces/srv/detail/describe_parameters__builder.hpp
[94.402s] -- Installing: /home/rasp/ros2_ws/install/rcl_interfaces/include/rcl_interfaces/rcl_interfaces/srv/detail/set_parameters__struct.hpp
[94.402s] -- Installing: /home/rasp/ros2_ws/install/rcl_interfaces/include/rcl_interfaces/rcl_interfaces/srv/detail/set_parameters__builder.hpp
[94.402s] -- Installing: /home/rasp/ros2_ws/install/rcl_interfaces/include/rcl_interfaces/rcl_interfaces/srv/detail/set_logger_levels__builder.hpp
[94.402s] -- Installing: /home/rasp/ros2_ws/install/rcl_interfaces/include/rcl_interfaces/rcl_interfaces/srv/detail/list_parameters__type_support.hpp
[94.403s] -- Installing: /home/rasp/ros2_ws/install/rcl_interfaces/include/rcl_interfaces/rcl_interfaces/srv/detail/set_parameters_atomically__builder.hpp
[94.403s] -- Installing: /home/rasp/ros2_ws/install/rcl_interfaces/include/rcl_interfaces/rcl_interfaces/srv/detail/describe_parameters__traits.hpp
[94.403s] -- Installing: /home/rasp/ros2_ws/install/rcl_interfaces/include/rcl_interfaces/rcl_interfaces/srv/detail/describe_parameters__type_support.hpp
[94.405s] -- Installing: /home/rasp/ros2_ws/install/rcl_interfaces/include/rcl_interfaces/rcl_interfaces/srv/detail/get_logger_levels__struct.hpp
[94.405s] -- Installing: /home/rasp/ros2_ws/install/rcl_interfaces/include/rcl_interfaces/rcl_interfaces/srv/detail/set_logger_levels__type_support.hpp
[94.405s] -- Installing: /home/rasp/ros2_ws/install/rcl_interfaces/include/rcl_interfaces/rcl_interfaces/srv/detail/get_parameters__type_support.hpp
[94.405s] -- Installing: /home/rasp/ros2_ws/install/rcl_interfaces/include/rcl_interfaces/rcl_interfaces/srv/detail/get_parameter_types__type_support.hpp
[94.406s] -- Installing: /home/rasp/ros2_ws/install/rcl_interfaces/include/rcl_interfaces/rcl_interfaces/srv/detail/set_parameters_atomically__traits.hpp
[94.406s] -- Installing: /home/rasp/ros2_ws/install/rcl_interfaces/include/rcl_interfaces/rcl_interfaces/srv/detail/get_parameter_types__traits.hpp
[94.406s] -- Installing: /home/rasp/ros2_ws/install/rcl_interfaces/include/rcl_interfaces/rcl_interfaces/srv/detail/get_logger_levels__type_support.hpp
[94.406s] -- Installing: /home/rasp/ros2_ws/install/rcl_interfaces/include/rcl_interfaces/rcl_interfaces/srv/detail/get_parameter_types__struct.hpp
[94.406s] -- Installing: /home/rasp/ros2_ws/install/rcl_interfaces/include/rcl_interfaces/rcl_interfaces/srv/detail/get_parameters__struct.hpp
[94.406s] -- Installing: /home/rasp/ros2_ws/install/rcl_interfaces/include/rcl_interfaces/rcl_interfaces/srv/detail/get_logger_levels__builder.hpp
[94.407s] -- Installing: /home/rasp/ros2_ws/install/rcl_interfaces/include/rcl_interfaces/rcl_interfaces/srv/detail/set_logger_levels__struct.hpp
[94.407s] -- Installing: /home/rasp/ros2_ws/install/rcl_interfaces/include/rcl_interfaces/rcl_interfaces/srv/detail/set_parameters__traits.hpp
[94.408s] -- Installing: /home/rasp/ros2_ws/install/rcl_interfaces/include/rcl_interfaces/rcl_interfaces/srv/detail/get_logger_levels__traits.hpp
[94.408s] -- Installing: /home/rasp/ros2_ws/install/rcl_interfaces/include/rcl_interfaces/rcl_interfaces/srv/detail/get_parameters__traits.hpp
[94.409s] -- Installing: /home/rasp/ros2_ws/install/rcl_interfaces/include/rcl_interfaces/rcl_interfaces/srv/detail/set_parameters__type_support.hpp
[94.409s] -- Installing: /home/rasp/ros2_ws/install/rcl_interfaces/include/rcl_interfaces/rcl_interfaces/srv/detail/describe_parameters__struct.hpp
[94.409s] -- Installing: /home/rasp/ros2_ws/install/rcl_interfaces/include/rcl_interfaces/rcl_interfaces/srv/detail/set_parameters_atomically__struct.hpp
[94.409s] -- Installing: /home/rasp/ros2_ws/install/rcl_interfaces/include/rcl_interfaces/rcl_interfaces/srv/detail/list_parameters__builder.hpp
[94.409s] -- Installing: /home/rasp/ros2_ws/install/rcl_interfaces/include/rcl_interfaces/rcl_interfaces/srv/detail/get_parameters__builder.hpp
[94.409s] -- Installing: /home/rasp/ros2_ws/install/rcl_interfaces/include/rcl_interfaces/rcl_interfaces/srv/detail/set_logger_levels__traits.hpp
[94.410s] -- Installing: /home/rasp/ros2_ws/install/rcl_interfaces/include/rcl_interfaces/rcl_interfaces/srv/detail/set_parameters_atomically__type_support.hpp
[94.410s] -- Installing: /home/rasp/ros2_ws/install/rcl_interfaces/include/rcl_interfaces/rcl_interfaces/srv/detail/get_parameter_types__builder.hpp
[94.411s] -- Installing: /home/rasp/ros2_ws/install/rcl_interfaces/include/rcl_interfaces/rcl_interfaces/srv/detail/list_parameters__struct.hpp
[94.411s] -- Installing: /home/rasp/ros2_ws/install/rcl_interfaces/include/rcl_interfaces/rcl_interfaces/srv/describe_parameters.hpp
[94.411s] -- Installing: /home/rasp/ros2_ws/install/rcl_interfaces/include/rcl_interfaces/rcl_interfaces/srv/get_parameter_types.hpp
[94.412s] -- Installing: /home/rasp/ros2_ws/install/rcl_interfaces/include/rcl_interfaces/rcl_interfaces/srv/set_logger_levels.hpp
[94.412s] -- Installing: /home/rasp/ros2_ws/install/rcl_interfaces/include/rcl_interfaces/rcl_interfaces/srv/set_parameters_atomically.hpp
[94.412s] -- Up-to-date: /home/rasp/ros2_ws/install/rcl_interfaces/include/rcl_interfaces
[94.412s] -- Up-to-date: /home/rasp/ros2_ws/install/rcl_interfaces/include/rcl_interfaces/msg
[94.412s] -- Up-to-date: /home/rasp/ros2_ws/install/rcl_interfaces/include/rcl_interfaces/msg/detail
[94.412s] -- Installing: /home/rasp/ros2_ws/install/rcl_interfaces/include/rcl_interfaces/msg/detail/log__rosidl_typesupport_microxrcedds_cpp.hpp
[94.412s] -- Installing: /home/rasp/ros2_ws/install/rcl_interfaces/include/rcl_interfaces/msg/detail/parameter_value__rosidl_typesupport_microxrcedds_cpp.hpp
[94.412s] -- Installing: /home/rasp/ros2_ws/install/rcl_interfaces/include/rcl_interfaces/msg/detail/parameter_event_descriptors__rosidl_typesupport_microxrcedds_cpp.hpp
[94.413s] -- Installing: /home/rasp/ros2_ws/install/rcl_interfaces/include/rcl_interfaces/msg/detail/parameter_event__rosidl_typesupport_microxrcedds_cpp.hpp
[94.415s] -- Installing: /home/rasp/ros2_ws/install/rcl_interfaces/include/rcl_interfaces/msg/detail/set_parameters_result__rosidl_typesupport_microxrcedds_cpp.hpp
[94.415s] -- Installing: /home/rasp/ros2_ws/install/rcl_interfaces/include/rcl_interfaces/msg/detail/set_logger_levels_result__rosidl_typesupport_microxrcedds_cpp.hpp
[94.415s] -- Installing: /home/rasp/ros2_ws/install/rcl_interfaces/include/rcl_interfaces/msg/detail/list_parameters_result__rosidl_typesupport_microxrcedds_cpp.hpp
[94.415s] -- Installing: /home/rasp/ros2_ws/install/rcl_interfaces/include/rcl_interfaces/msg/detail/parameter__rosidl_typesupport_microxrcedds_cpp.hpp
[94.416s] -- Installing: /home/rasp/ros2_ws/install/rcl_interfaces/include/rcl_interfaces/msg/detail/parameter_descriptor__rosidl_typesupport_microxrcedds_cpp.hpp
[94.416s] -- Installing: /home/rasp/ros2_ws/install/rcl_interfaces/include/rcl_interfaces/msg/detail/logger_level__rosidl_typesupport_microxrcedds_cpp.hpp
[94.416s] -- Installing: /home/rasp/ros2_ws/install/rcl_interfaces/include/rcl_interfaces/msg/detail/parameter_type__rosidl_typesupport_microxrcedds_cpp.hpp
[94.416s] -- Installing: /home/rasp/ros2_ws/install/rcl_interfaces/include/rcl_interfaces/msg/detail/floating_point_range__rosidl_typesupport_microxrcedds_cpp.hpp
[94.416s] -- Installing: /home/rasp/ros2_ws/install/rcl_interfaces/include/rcl_interfaces/msg/detail/integer_range__rosidl_typesupport_microxrcedds_cpp.hpp
[94.416s] -- Up-to-date: /home/rasp/ros2_ws/install/rcl_interfaces/include/rcl_interfaces/msg/detail/microxrcedds
[94.417s] -- Installing: /home/rasp/ros2_ws/install/rcl_interfaces/include/rcl_interfaces/msg/detail/microxrcedds/parameter__type_support_cpp.cpp
[94.417s] -- Installing: /home/rasp/ros2_ws/install/rcl_interfaces/include/rcl_interfaces/msg/detail/microxrcedds/parameter_type__type_support_cpp.cpp
[94.417s] -- Installing: /home/rasp/ros2_ws/install/rcl_interfaces/include/rcl_interfaces/msg/detail/microxrcedds/set_logger_levels_result__type_support_cpp.cpp
[94.417s] -- Installing: /home/rasp/ros2_ws/install/rcl_interfaces/include/rcl_interfaces/msg/detail/microxrcedds/set_parameters_result__type_support_cpp.cpp
[94.417s] -- Installing: /home/rasp/ros2_ws/install/rcl_interfaces/include/rcl_interfaces/msg/detail/microxrcedds/floating_point_range__type_support_cpp.cpp
[94.419s] -- Installing: /home/rasp/ros2_ws/install/rcl_interfaces/include/rcl_interfaces/msg/detail/microxrcedds/log__type_support_cpp.cpp
[94.419s] -- Installing: /home/rasp/ros2_ws/install/rcl_interfaces/include/rcl_interfaces/msg/detail/microxrcedds/parameter_value__type_support_cpp.cpp
[94.419s] -- Installing: /home/rasp/ros2_ws/install/rcl_interfaces/include/rcl_interfaces/msg/detail/microxrcedds/logger_level__type_support_cpp.cpp
[94.419s] -- Installing: /home/rasp/ros2_ws/install/rcl_interfaces/include/rcl_interfaces/msg/detail/microxrcedds/parameter_descriptor__type_support_cpp.cpp
[94.419s] -- Installing: /home/rasp/ros2_ws/install/rcl_interfaces/include/rcl_interfaces/msg/detail/microxrcedds/parameter_event_descriptors__type_support_cpp.cpp
[94.420s] -- Installing: /home/rasp/ros2_ws/install/rcl_interfaces/include/rcl_interfaces/msg/detail/microxrcedds/integer_range__type_support_cpp.cpp
[94.420s] -- Installing: /home/rasp/ros2_ws/install/rcl_interfaces/include/rcl_interfaces/msg/detail/microxrcedds/parameter_event__type_support_cpp.cpp
[94.420s] -- Installing: /home/rasp/ros2_ws/install/rcl_interfaces/include/rcl_interfaces/msg/detail/microxrcedds/list_parameters_result__type_support_cpp.cpp
[94.420s] -- Installing: /home/rasp/ros2_ws/install/rcl_interfaces/include/rcl_interfaces/msg/rosidl_typesupport_microxrcedds_cpp__visibility_control.h
[94.420s] -- Up-to-date: /home/rasp/ros2_ws/install/rcl_interfaces/include/rcl_interfaces/srv
[94.420s] -- Up-to-date: /home/rasp/ros2_ws/install/rcl_interfaces/include/rcl_interfaces/srv/detail
[94.420s] -- Installing: /home/rasp/ros2_ws/install/rcl_interfaces/include/rcl_interfaces/srv/detail/set_logger_levels__rosidl_typesupport_microxrcedds_cpp.hpp
[94.421s] -- Installing: /home/rasp/ros2_ws/install/rcl_interfaces/include/rcl_interfaces/srv/detail/set_parameters__rosidl_typesupport_microxrcedds_cpp.hpp
[94.422s] -- Installing: /home/rasp/ros2_ws/install/rcl_interfaces/include/rcl_interfaces/srv/detail/describe_parameters__rosidl_typesupport_microxrcedds_cpp.hpp
[94.422s] -- Installing: /home/rasp/ros2_ws/install/rcl_interfaces/include/rcl_interfaces/srv/detail/get_parameter_types__rosidl_typesupport_microxrcedds_cpp.hpp
[94.423s] -- Installing: /home/rasp/ros2_ws/install/rcl_interfaces/include/rcl_interfaces/srv/detail/get_logger_levels__rosidl_typesupport_microxrcedds_cpp.hpp
[94.423s] -- Installing: /home/rasp/ros2_ws/install/rcl_interfaces/include/rcl_interfaces/srv/detail/set_parameters_atomically__rosidl_typesupport_microxrcedds_cpp.hpp
[94.423s] -- Installing: /home/rasp/ros2_ws/install/rcl_interfaces/include/rcl_interfaces/srv/detail/list_parameters__rosidl_typesupport_microxrcedds_cpp.hpp
[94.423s] -- Installing: /home/rasp/ros2_ws/install/rcl_interfaces/include/rcl_interfaces/srv/detail/get_parameters__rosidl_typesupport_microxrcedds_cpp.hpp
[94.423s] -- Up-to-date: /home/rasp/ros2_ws/install/rcl_interfaces/include/rcl_interfaces/srv/detail/microxrcedds
[94.423s] -- Installing: /home/rasp/ros2_ws/install/rcl_interfaces/include/rcl_interfaces/srv/detail/microxrcedds/set_logger_levels__type_support_cpp.cpp
[94.424s] -- Installing: /home/rasp/ros2_ws/install/rcl_interfaces/include/rcl_interfaces/srv/detail/microxrcedds/list_parameters__type_support_cpp.cpp
[94.424s] -- Installing: /home/rasp/ros2_ws/install/rcl_interfaces/include/rcl_interfaces/srv/detail/microxrcedds/set_parameters__type_support_cpp.cpp
[94.424s] -- Installing: /home/rasp/ros2_ws/install/rcl_interfaces/include/rcl_interfaces/srv/detail/microxrcedds/set_parameters_atomically__type_support_cpp.cpp
[94.426s] -- Installing: /home/rasp/ros2_ws/install/rcl_interfaces/include/rcl_interfaces/srv/detail/microxrcedds/get_logger_levels__type_support_cpp.cpp
[94.426s] -- Installing: /home/rasp/ros2_ws/install/rcl_interfaces/include/rcl_interfaces/srv/detail/microxrcedds/get_parameters__type_support_cpp.cpp
[94.426s] -- Installing: /home/rasp/ros2_ws/install/rcl_interfaces/include/rcl_interfaces/srv/detail/microxrcedds/get_parameter_types__type_support_cpp.cpp
[94.426s] -- Installing: /home/rasp/ros2_ws/install/rcl_interfaces/include/rcl_interfaces/srv/detail/microxrcedds/describe_parameters__type_support_cpp.cpp
[94.427s] -- Installing: /home/rasp/ros2_ws/install/rcl_interfaces/lib/librcl_interfaces__rosidl_typesupport_microxrcedds_cpp.so
[94.427s] -- Set non-toolchain portion of runtime path of "/home/rasp/ros2_ws/install/rcl_interfaces/lib/librcl_interfaces__rosidl_typesupport_microxrcedds_cpp.so" to ""
[94.429s] -- Up-to-date: /home/rasp/ros2_ws/install/rcl_interfaces/include/rcl_interfaces/rcl_interfaces
[94.429s] -- Up-to-date: /home/rasp/ros2_ws/install/rcl_interfaces/include/rcl_interfaces/rcl_interfaces/msg
[94.429s] -- Up-to-date: /home/rasp/ros2_ws/install/rcl_interfaces/include/rcl_interfaces/rcl_interfaces/msg/detail
[94.429s] -- Installing: /home/rasp/ros2_ws/install/rcl_interfaces/include/rcl_interfaces/rcl_interfaces/msg/detail/parameter__rosidl_typesupport_fastrtps_cpp.hpp
[94.429s] -- Installing: /home/rasp/ros2_ws/install/rcl_interfaces/include/rcl_interfaces/rcl_interfaces/msg/detail/parameter_type__rosidl_typesupport_fastrtps_cpp.hpp
[94.430s] -- Installing: /home/rasp/ros2_ws/install/rcl_interfaces/include/rcl_interfaces/rcl_interfaces/msg/detail/log__rosidl_typesupport_fastrtps_cpp.hpp
[94.430s] -- Installing: /home/rasp/ros2_ws/install/rcl_interfaces/include/rcl_interfaces/rcl_interfaces/msg/detail/parameter_event_descriptors__rosidl_typesupport_fastrtps_cpp.hpp
[94.430s] -- Installing: /home/rasp/ros2_ws/install/rcl_interfaces/include/rcl_interfaces/rcl_interfaces/msg/detail/dds_fastrtps
[94.430s] -- Installing: /home/rasp/ros2_ws/install/rcl_interfaces/include/rcl_interfaces/rcl_interfaces/msg/detail/floating_point_range__rosidl_typesupport_fastrtps_cpp.hpp
[94.430s] -- Installing: /home/rasp/ros2_ws/install/rcl_interfaces/include/rcl_interfaces/rcl_interfaces/msg/detail/logger_level__rosidl_typesupport_fastrtps_cpp.hpp
[94.430s] -- Installing: /home/rasp/ros2_ws/install/rcl_interfaces/include/rcl_interfaces/rcl_interfaces/msg/detail/parameter_event__rosidl_typesupport_fastrtps_cpp.hpp
[94.430s] -- Installing: /home/rasp/ros2_ws/install/rcl_interfaces/include/rcl_interfaces/rcl_interfaces/msg/detail/integer_range__rosidl_typesupport_fastrtps_cpp.hpp
[94.430s] -- Installing: /home/rasp/ros2_ws/install/rcl_interfaces/include/rcl_interfaces/rcl_interfaces/msg/detail/parameter_descriptor__rosidl_typesupport_fastrtps_cpp.hpp
[94.432s] -- Installing: /home/rasp/ros2_ws/install/rcl_interfaces/include/rcl_interfaces/rcl_interfaces/msg/detail/set_parameters_result__rosidl_typesupport_fastrtps_cpp.hpp
[94.432s] -- Installing: /home/rasp/ros2_ws/install/rcl_interfaces/include/rcl_interfaces/rcl_interfaces/msg/detail/list_parameters_result__rosidl_typesupport_fastrtps_cpp.hpp
[94.432s] -- Installing: /home/rasp/ros2_ws/install/rcl_interfaces/include/rcl_interfaces/rcl_interfaces/msg/detail/parameter_value__rosidl_typesupport_fastrtps_cpp.hpp
[94.432s] -- Installing: /home/rasp/ros2_ws/install/rcl_interfaces/include/rcl_interfaces/rcl_interfaces/msg/detail/set_logger_levels_result__rosidl_typesupport_fastrtps_cpp.hpp
[94.433s] -- Installing: /home/rasp/ros2_ws/install/rcl_interfaces/include/rcl_interfaces/rcl_interfaces/msg/rosidl_typesupport_fastrtps_cpp__visibility_control.h
[94.433s] -- Up-to-date: /home/rasp/ros2_ws/install/rcl_interfaces/include/rcl_interfaces/rcl_interfaces/srv
[94.433s] -- Up-to-date: /home/rasp/ros2_ws/install/rcl_interfaces/include/rcl_interfaces/rcl_interfaces/srv/detail
[94.433s] -- Installing: /home/rasp/ros2_ws/install/rcl_interfaces/include/rcl_interfaces/rcl_interfaces/srv/detail/set_logger_levels__rosidl_typesupport_fastrtps_cpp.hpp
[94.433s] -- Installing: /home/rasp/ros2_ws/install/rcl_interfaces/include/rcl_interfaces/rcl_interfaces/srv/detail/get_logger_levels__rosidl_typesupport_fastrtps_cpp.hpp
[94.433s] -- Installing: /home/rasp/ros2_ws/install/rcl_interfaces/include/rcl_interfaces/rcl_interfaces/srv/detail/get_parameter_types__rosidl_typesupport_fastrtps_cpp.hpp
[94.433s] -- Installing: /home/rasp/ros2_ws/install/rcl_interfaces/include/rcl_interfaces/rcl_interfaces/srv/detail/dds_fastrtps
[94.433s] -- Installing: /home/rasp/ros2_ws/install/rcl_interfaces/include/rcl_interfaces/rcl_interfaces/srv/detail/list_parameters__rosidl_typesupport_fastrtps_cpp.hpp
[94.433s] -- Installing: /home/rasp/ros2_ws/install/rcl_interfaces/include/rcl_interfaces/rcl_interfaces/srv/detail/get_parameters__rosidl_typesupport_fastrtps_cpp.hpp
[94.433s] -- Installing: /home/rasp/ros2_ws/install/rcl_interfaces/include/rcl_interfaces/rcl_interfaces/srv/detail/set_parameters__rosidl_typesupport_fastrtps_cpp.hpp
[94.433s] -- Installing: /home/rasp/ros2_ws/install/rcl_interfaces/include/rcl_interfaces/rcl_interfaces/srv/detail/describe_parameters__rosidl_typesupport_fastrtps_cpp.hpp
[94.433s] -- Installing: /home/rasp/ros2_ws/install/rcl_interfaces/include/rcl_interfaces/rcl_interfaces/srv/detail/set_parameters_atomically__rosidl_typesupport_fastrtps_cpp.hpp
[94.433s] -- Installing: /home/rasp/ros2_ws/install/rcl_interfaces/lib/librcl_interfaces__rosidl_typesupport_fastrtps_cpp.so
[94.437s] -- Set non-toolchain portion of runtime path of "/home/rasp/ros2_ws/install/rcl_interfaces/lib/librcl_interfaces__rosidl_typesupport_fastrtps_cpp.so" to ""
[94.437s] -- Up-to-date: /home/rasp/ros2_ws/install/rcl_interfaces/include/rcl_interfaces/rcl_interfaces
[94.437s] -- Up-to-date: /home/rasp/ros2_ws/install/rcl_interfaces/include/rcl_interfaces/rcl_interfaces/msg
[94.438s] -- Up-to-date: /home/rasp/ros2_ws/install/rcl_interfaces/include/rcl_interfaces/rcl_interfaces/msg/detail
[94.438s] -- Installing: /home/rasp/ros2_ws/install/rcl_interfaces/include/rcl_interfaces/rcl_interfaces/msg/detail/integer_range__rosidl_typesupport_introspection_cpp.hpp
[94.438s] -- Installing: /home/rasp/ros2_ws/install/rcl_interfaces/include/rcl_interfaces/rcl_interfaces/msg/detail/set_parameters_result__rosidl_typesupport_introspection_cpp.hpp
[94.438s] -- Installing: /home/rasp/ros2_ws/install/rcl_interfaces/include/rcl_interfaces/rcl_interfaces/msg/detail/log__rosidl_typesupport_introspection_cpp.hpp
[94.438s] -- Installing: /home/rasp/ros2_ws/install/rcl_interfaces/include/rcl_interfaces/rcl_interfaces/msg/detail/parameter_descriptor__type_support.cpp
[94.438s] -- Installing: /home/rasp/ros2_ws/install/rcl_interfaces/include/rcl_interfaces/rcl_interfaces/msg/detail/parameter_type__type_support.cpp
[94.438s] -- Installing: /home/rasp/ros2_ws/install/rcl_interfaces/include/rcl_interfaces/rcl_interfaces/msg/detail/parameter_value__rosidl_typesupport_introspection_cpp.hpp
[94.438s] -- Installing: /home/rasp/ros2_ws/install/rcl_interfaces/include/rcl_interfaces/rcl_interfaces/msg/detail/parameter_event__type_support.cpp
[94.439s] -- Installing: /home/rasp/ros2_ws/install/rcl_interfaces/include/rcl_interfaces/rcl_interfaces/msg/detail/logger_level__type_support.cpp
[94.439s] -- Installing: /home/rasp/ros2_ws/install/rcl_interfaces/include/rcl_interfaces/rcl_interfaces/msg/detail/set_parameters_result__type_support.cpp
[94.439s] -- Installing: /home/rasp/ros2_ws/install/rcl_interfaces/include/rcl_interfaces/rcl_interfaces/msg/detail/logger_level__rosidl_typesupport_introspection_cpp.hpp
[94.439s] -- Installing: /home/rasp/ros2_ws/install/rcl_interfaces/include/rcl_interfaces/rcl_interfaces/msg/detail/log__type_support.cpp
[94.439s] -- Installing: /home/rasp/ros2_ws/install/rcl_interfaces/include/rcl_interfaces/rcl_interfaces/msg/detail/parameter_descriptor__rosidl_typesupport_introspection_cpp.hpp
[94.439s] -- Installing: /home/rasp/ros2_ws/install/rcl_interfaces/include/rcl_interfaces/rcl_interfaces/msg/detail/parameter_value__type_support.cpp
[94.440s] -- Installing: /home/rasp/ros2_ws/install/rcl_interfaces/include/rcl_interfaces/rcl_interfaces/msg/detail/parameter_event__rosidl_typesupport_introspection_cpp.hpp
[94.440s] -- Installing: /home/rasp/ros2_ws/install/rcl_interfaces/include/rcl_interfaces/rcl_interfaces/msg/detail/parameter__type_support.cpp
[94.441s] -- Installing: /home/rasp/ros2_ws/install/rcl_interfaces/include/rcl_interfaces/rcl_interfaces/msg/detail/list_parameters_result__rosidl_typesupport_introspection_cpp.hpp
[94.441s] -- Installing: /home/rasp/ros2_ws/install/rcl_interfaces/include/rcl_interfaces/rcl_interfaces/msg/detail/integer_range__type_support.cpp
[94.441s] -- Installing: /home/rasp/ros2_ws/install/rcl_interfaces/include/rcl_interfaces/rcl_interfaces/msg/detail/set_logger_levels_result__rosidl_typesupport_introspection_cpp.hpp
[94.441s] -- Installing: /home/rasp/ros2_ws/install/rcl_interfaces/include/rcl_interfaces/rcl_interfaces/msg/detail/parameter_type__rosidl_typesupport_introspection_cpp.hpp
[94.442s] -- Installing: /home/rasp/ros2_ws/install/rcl_interfaces/include/rcl_interfaces/rcl_interfaces/msg/detail/floating_point_range__rosidl_typesupport_introspection_cpp.hpp
[94.444s] -- Installing: /home/rasp/ros2_ws/install/rcl_interfaces/include/rcl_interfaces/rcl_interfaces/msg/detail/floating_point_range__type_support.cpp
[94.444s] -- Installing: /home/rasp/ros2_ws/install/rcl_interfaces/include/rcl_interfaces/rcl_interfaces/msg/detail/set_logger_levels_result__type_support.cpp
[94.444s] -- Installing: /home/rasp/ros2_ws/install/rcl_interfaces/include/rcl_interfaces/rcl_interfaces/msg/detail/parameter__rosidl_typesupport_introspection_cpp.hpp
[94.444s] -- Installing: /home/rasp/ros2_ws/install/rcl_interfaces/include/rcl_interfaces/rcl_interfaces/msg/detail/list_parameters_result__type_support.cpp
[94.444s] -- Installing: /home/rasp/ros2_ws/install/rcl_interfaces/include/rcl_interfaces/rcl_interfaces/msg/detail/parameter_event_descriptors__rosidl_typesupport_introspection_cpp.hpp
[94.444s] -- Installing: /home/rasp/ros2_ws/install/rcl_interfaces/include/rcl_interfaces/rcl_interfaces/msg/detail/parameter_event_descriptors__type_support.cpp
[94.445s] -- Up-to-date: /home/rasp/ros2_ws/install/rcl_interfaces/include/rcl_interfaces/rcl_interfaces/srv
[94.445s] -- Up-to-date: /home/rasp/ros2_ws/install/rcl_interfaces/include/rcl_interfaces/rcl_interfaces/srv/detail
[94.445s] -- Installing: /home/rasp/ros2_ws/install/rcl_interfaces/include/rcl_interfaces/rcl_interfaces/srv/detail/get_parameter_types__type_support.cpp
[94.445s] -- Installing: /home/rasp/ros2_ws/install/rcl_interfaces/include/rcl_interfaces/rcl_interfaces/srv/detail/get_parameters__type_support.cpp
[94.445s] -- Installing: /home/rasp/ros2_ws/install/rcl_interfaces/include/rcl_interfaces/rcl_interfaces/srv/detail/set_parameters__rosidl_typesupport_introspection_cpp.hpp
[94.445s] -- Installing: /home/rasp/ros2_ws/install/rcl_interfaces/include/rcl_interfaces/rcl_interfaces/srv/detail/describe_parameters__type_support.cpp
[94.445s] -- Installing: /home/rasp/ros2_ws/install/rcl_interfaces/include/rcl_interfaces/rcl_interfaces/srv/detail/get_parameters__rosidl_typesupport_introspection_cpp.hpp
[94.445s] -- Installing: /home/rasp/ros2_ws/install/rcl_interfaces/include/rcl_interfaces/rcl_interfaces/srv/detail/get_logger_levels__type_support.cpp
[94.446s] -- Installing: /home/rasp/ros2_ws/install/rcl_interfaces/include/rcl_interfaces/rcl_interfaces/srv/detail/set_logger_levels__type_support.cpp
[94.446s] -- Installing: /home/rasp/ros2_ws/install/rcl_interfaces/include/rcl_interfaces/rcl_interfaces/srv/detail/set_parameters__type_support.cpp
[94.447s] -- Installing: /home/rasp/ros2_ws/install/rcl_interfaces/include/rcl_interfaces/rcl_interfaces/srv/detail/set_parameters_atomically__type_support.cpp
[94.447s] -- Installing: /home/rasp/ros2_ws/install/rcl_interfaces/include/rcl_interfaces/rcl_interfaces/srv/detail/set_parameters_atomically__rosidl_typesupport_introspection_cpp.hpp
[94.447s] -- Installing: /home/rasp/ros2_ws/install/rcl_interfaces/include/rcl_interfaces/rcl_interfaces/srv/detail/list_parameters__rosidl_typesupport_introspection_cpp.hpp
[94.447s] -- Installing: /home/rasp/ros2_ws/install/rcl_interfaces/include/rcl_interfaces/rcl_interfaces/srv/detail/set_logger_levels__rosidl_typesupport_introspection_cpp.hpp
[94.447s] -- Installing: /home/rasp/ros2_ws/install/rcl_interfaces/include/rcl_interfaces/rcl_interfaces/srv/detail/get_parameter_types__rosidl_typesupport_introspection_cpp.hpp
[94.448s] -- Installing: /home/rasp/ros2_ws/install/rcl_interfaces/include/rcl_interfaces/rcl_interfaces/srv/detail/list_parameters__type_support.cpp
[94.448s] -- Installing: /home/rasp/ros2_ws/install/rcl_interfaces/include/rcl_interfaces/rcl_interfaces/srv/detail/describe_parameters__rosidl_typesupport_introspection_cpp.hpp
[94.448s] -- Installing: /home/rasp/ros2_ws/install/rcl_interfaces/include/rcl_interfaces/rcl_interfaces/srv/detail/get_logger_levels__rosidl_typesupport_introspection_cpp.hpp
[94.449s] -- Installing: /home/rasp/ros2_ws/install/rcl_interfaces/lib/librcl_interfaces__rosidl_typesupport_introspection_cpp.so
[94.451s] -- Set non-toolchain portion of runtime path of "/home/rasp/ros2_ws/install/rcl_interfaces/lib/librcl_interfaces__rosidl_typesupport_introspection_cpp.so" to ""
[94.452s] -- Installing: /home/rasp/ros2_ws/install/rcl_interfaces/lib/librcl_interfaces__rosidl_typesupport_cpp.so
[94.453s] -- Set non-toolchain portion of runtime path of "/home/rasp/ros2_ws/install/rcl_interfaces/lib/librcl_interfaces__rosidl_typesupport_cpp.so" to ""
[94.453s] -- Installing: /home/rasp/ros2_ws/install/rcl_interfaces/share/rcl_interfaces/environment/pythonpath.sh
[94.454s] -- Installing: /home/rasp/ros2_ws/install/rcl_interfaces/share/rcl_interfaces/environment/pythonpath.dsv
[94.454s] -- Installing: /home/rasp/ros2_ws/install/rcl_interfaces/lib/python3.12/site-packages/rcl_interfaces-2.0.2-py3.12.egg-info
[94.454s] -- Installing: /home/rasp/ros2_ws/install/rcl_interfaces/lib/python3.12/site-packages/rcl_interfaces-2.0.2-py3.12.egg-info/SOURCES.txt
[94.455s] -- Installing: /home/rasp/ros2_ws/install/rcl_interfaces/lib/python3.12/site-packages/rcl_interfaces-2.0.2-py3.12.egg-info/dependency_links.txt
[94.455s] -- Installing: /home/rasp/ros2_ws/install/rcl_interfaces/lib/python3.12/site-packages/rcl_interfaces-2.0.2-py3.12.egg-info/PKG-INFO
[94.456s] -- Installing: /home/rasp/ros2_ws/install/rcl_interfaces/lib/python3.12/site-packages/rcl_interfaces-2.0.2-py3.12.egg-info/top_level.txt
[94.456s] -- Installing: /home/rasp/ros2_ws/install/rcl_interfaces/lib/python3.12/site-packages/rcl_interfaces
[94.456s] -- Installing: /home/rasp/ros2_ws/install/rcl_interfaces/lib/python3.12/site-packages/rcl_interfaces/rcl_interfaces_s__rosidl_typesupport_microxrcedds_c.so
[94.459s] -- Installing: /home/rasp/ros2_ws/install/rcl_interfaces/lib/python3.12/site-packages/rcl_interfaces/__init__.py
[94.459s] -- Installing: /home/rasp/ros2_ws/install/rcl_interfaces/lib/python3.12/site-packages/rcl_interfaces/_rcl_interfaces_s.ep.rosidl_typesupport_c.c
[94.459s] -- Installing: /home/rasp/ros2_ws/install/rcl_interfaces/lib/python3.12/site-packages/rcl_interfaces/rcl_interfaces_s__rosidl_typesupport_introspection_c.so
[94.459s] -- Installing: /home/rasp/ros2_ws/install/rcl_interfaces/lib/python3.12/site-packages/rcl_interfaces/rcl_interfaces_s__rosidl_typesupport_c.so
[94.459s] -- Installing: /home/rasp/ros2_ws/install/rcl_interfaces/lib/python3.12/site-packages/rcl_interfaces/_rcl_interfaces_s.ep.rosidl_typesupport_fastrtps_c.c
[94.459s] -- Installing: /home/rasp/ros2_ws/install/rcl_interfaces/lib/python3.12/site-packages/rcl_interfaces/rcl_interfaces_s__rosidl_typesupport_fastrtps_c.so
[94.459s] -- Installing: /home/rasp/ros2_ws/install/rcl_interfaces/lib/python3.12/site-packages/rcl_interfaces/msg
[94.459s] -- Installing: /home/rasp/ros2_ws/install/rcl_interfaces/lib/python3.12/site-packages/rcl_interfaces/msg/_log_s.c
[94.459s] -- Installing: /home/rasp/ros2_ws/install/rcl_interfaces/lib/python3.12/site-packages/rcl_interfaces/msg/_parameter_descriptor_s.c
[94.459s] -- Installing: /home/rasp/ros2_ws/install/rcl_interfaces/lib/python3.12/site-packages/rcl_interfaces/msg/_parameter_type.py
[94.460s] -- Installing: /home/rasp/ros2_ws/install/rcl_interfaces/lib/python3.12/site-packages/rcl_interfaces/msg/__init__.py
[94.460s] -- Installing: /home/rasp/ros2_ws/install/rcl_interfaces/lib/python3.12/site-packages/rcl_interfaces/msg/_set_parameters_result.py
[94.460s] -- Installing: /home/rasp/ros2_ws/install/rcl_interfaces/lib/python3.12/site-packages/rcl_interfaces/msg/_logger_level.py
[94.460s] -- Installing: /home/rasp/ros2_ws/install/rcl_interfaces/lib/python3.12/site-packages/rcl_interfaces/msg/_floating_point_range_s.c
[94.461s] -- Installing: /home/rasp/ros2_ws/install/rcl_interfaces/lib/python3.12/site-packages/rcl_interfaces/msg/_parameter_descriptor.py
[94.461s] -- Installing: /home/rasp/ros2_ws/install/rcl_interfaces/lib/python3.12/site-packages/rcl_interfaces/msg/_parameter.py
[94.461s] -- Installing: /home/rasp/ros2_ws/install/rcl_interfaces/lib/python3.12/site-packages/rcl_interfaces/msg/_parameter_value_s.c
[94.461s] -- Installing: /home/rasp/ros2_ws/install/rcl_interfaces/lib/python3.12/site-packages/rcl_interfaces/msg/_list_parameters_result_s.c
[94.462s] -- Installing: /home/rasp/ros2_ws/install/rcl_interfaces/lib/python3.12/site-packages/rcl_interfaces/msg/_parameter_type_s.c
[94.462s] -- Installing: /home/rasp/ros2_ws/install/rcl_interfaces/lib/python3.12/site-packages/rcl_interfaces/msg/_parameter_value.py
[94.462s] -- Installing: /home/rasp/ros2_ws/install/rcl_interfaces/lib/python3.12/site-packages/rcl_interfaces/msg/_parameter_event_descriptors_s.c
[94.463s] -- Installing: /home/rasp/ros2_ws/install/rcl_interfaces/lib/python3.12/site-packages/rcl_interfaces/msg/_set_logger_levels_result_s.c
[94.463s] -- Installing: /home/rasp/ros2_ws/install/rcl_interfaces/lib/python3.12/site-packages/rcl_interfaces/msg/_logger_level_s.c
[94.463s] -- Installing: /home/rasp/ros2_ws/install/rcl_interfaces/lib/python3.12/site-packages/rcl_interfaces/msg/_integer_range_s.c
[94.464s] -- Installing: /home/rasp/ros2_ws/install/rcl_interfaces/lib/python3.12/site-packages/rcl_interfaces/msg/_parameter_s.c
[94.464s] -- Installing: /home/rasp/ros2_ws/install/rcl_interfaces/lib/python3.12/site-packages/rcl_interfaces/msg/_log.py
[94.464s] -- Installing: /home/rasp/ros2_ws/install/rcl_interfaces/lib/python3.12/site-packages/rcl_interfaces/msg/_list_parameters_result.py
[94.465s] -- Installing: /home/rasp/ros2_ws/install/rcl_interfaces/lib/python3.12/site-packages/rcl_interfaces/msg/_set_parameters_result_s.c
[94.465s] -- Installing: /home/rasp/ros2_ws/install/rcl_interfaces/lib/python3.12/site-packages/rcl_interfaces/msg/_parameter_event_descriptors.py
[94.465s] -- Installing: /home/rasp/ros2_ws/install/rcl_interfaces/lib/python3.12/site-packages/rcl_interfaces/msg/_floating_point_range.py
[94.466s] -- Installing: /home/rasp/ros2_ws/install/rcl_interfaces/lib/python3.12/site-packages/rcl_interfaces/msg/_parameter_event.py
[94.466s] -- Installing: /home/rasp/ros2_ws/install/rcl_interfaces/lib/python3.12/site-packages/rcl_interfaces/msg/_parameter_event_s.c
[94.466s] -- Installing: /home/rasp/ros2_ws/install/rcl_interfaces/lib/python3.12/site-packages/rcl_interfaces/msg/_set_logger_levels_result.py
[94.466s] -- Installing: /home/rasp/ros2_ws/install/rcl_interfaces/lib/python3.12/site-packages/rcl_interfaces/msg/_integer_range.py
[94.467s] -- Installing: /home/rasp/ros2_ws/install/rcl_interfaces/lib/python3.12/site-packages/rcl_interfaces/_rcl_interfaces_s.ep.rosidl_typesupport_introspection_c.c
[94.469s] -- Installing: /home/rasp/ros2_ws/install/rcl_interfaces/lib/python3.12/site-packages/rcl_interfaces/srv
[94.471s] -- Installing: /home/rasp/ros2_ws/install/rcl_interfaces/lib/python3.12/site-packages/rcl_interfaces/srv/_get_logger_levels.py
[94.471s] -- Installing: /home/rasp/ros2_ws/install/rcl_interfaces/lib/python3.12/site-packages/rcl_interfaces/srv/_get_parameter_types.py
[94.471s] -- Installing: /home/rasp/ros2_ws/install/rcl_interfaces/lib/python3.12/site-packages/rcl_interfaces/srv/_get_parameter_types_s.c
[94.472s] -- Installing: /home/rasp/ros2_ws/install/rcl_interfaces/lib/python3.12/site-packages/rcl_interfaces/srv/_get_logger_levels_s.c
[94.472s] -- Installing: /home/rasp/ros2_ws/install/rcl_interfaces/lib/python3.12/site-packages/rcl_interfaces/srv/__init__.py
[94.472s] -- Installing: /home/rasp/ros2_ws/install/rcl_interfaces/lib/python3.12/site-packages/rcl_interfaces/srv/_list_parameters.py
[94.473s] -- Installing: /home/rasp/ros2_ws/install/rcl_interfaces/lib/python3.12/site-packages/rcl_interfaces/srv/_describe_parameters.py
[94.473s] -- Installing: /home/rasp/ros2_ws/install/rcl_interfaces/lib/python3.12/site-packages/rcl_interfaces/srv/_list_parameters_s.c
[94.474s] -- Installing: /home/rasp/ros2_ws/install/rcl_interfaces/lib/python3.12/site-packages/rcl_interfaces/srv/_get_parameters.py
[94.475s] -- Installing: /home/rasp/ros2_ws/install/rcl_interfaces/lib/python3.12/site-packages/rcl_interfaces/srv/_describe_parameters_s.c
[94.475s] -- Installing: /home/rasp/ros2_ws/install/rcl_interfaces/lib/python3.12/site-packages/rcl_interfaces/srv/_get_parameters_s.c
[94.476s] -- Installing: /home/rasp/ros2_ws/install/rcl_interfaces/lib/python3.12/site-packages/rcl_interfaces/srv/_set_logger_levels_s.c
[94.476s] -- Installing: /home/rasp/ros2_ws/install/rcl_interfaces/lib/python3.12/site-packages/rcl_interfaces/srv/_set_parameters_atomically.py
[94.476s] -- Installing: /home/rasp/ros2_ws/install/rcl_interfaces/lib/python3.12/site-packages/rcl_interfaces/srv/_set_parameters_s.c
[94.477s] -- Installing: /home/rasp/ros2_ws/install/rcl_interfaces/lib/python3.12/site-packages/rcl_interfaces/srv/_set_parameters_atomically_s.c
[94.477s] -- Installing: /home/rasp/ros2_ws/install/rcl_interfaces/lib/python3.12/site-packages/rcl_interfaces/srv/_set_parameters.py
[94.477s] -- Installing: /home/rasp/ros2_ws/install/rcl_interfaces/lib/python3.12/site-packages/rcl_interfaces/srv/_set_logger_levels.py
[94.477s] -- Installing: /home/rasp/ros2_ws/install/rcl_interfaces/lib/python3.12/site-packages/rcl_interfaces/_rcl_interfaces_s.ep.rosidl_typesupport_microxrcedds_c.c
[94.556s] Listing '/home/rasp/ros2_ws/install/rcl_interfaces/lib/python3.12/site-packages/rcl_interfaces'...
[94.556s] Compiling '/home/rasp/ros2_ws/install/rcl_interfaces/lib/python3.12/site-packages/rcl_interfaces/__init__.py'...
[94.556s] Listing '/home/rasp/ros2_ws/install/rcl_interfaces/lib/python3.12/site-packages/rcl_interfaces/msg'...
[94.556s] Compiling '/home/rasp/ros2_ws/install/rcl_interfaces/lib/python3.12/site-packages/rcl_interfaces/msg/__init__.py'...
[94.556s] Compiling '/home/rasp/ros2_ws/install/rcl_interfaces/lib/python3.12/site-packages/rcl_interfaces/msg/_floating_point_range.py'...
[94.557s] Compiling '/home/rasp/ros2_ws/install/rcl_interfaces/lib/python3.12/site-packages/rcl_interfaces/msg/_integer_range.py'...
[94.557s] Compiling '/home/rasp/ros2_ws/install/rcl_interfaces/lib/python3.12/site-packages/rcl_interfaces/msg/_list_parameters_result.py'...
[94.557s] Compiling '/home/rasp/ros2_ws/install/rcl_interfaces/lib/python3.12/site-packages/rcl_interfaces/msg/_log.py'...
[94.557s] Compiling '/home/rasp/ros2_ws/install/rcl_interfaces/lib/python3.12/site-packages/rcl_interfaces/msg/_logger_level.py'...
[94.557s] Compiling '/home/rasp/ros2_ws/install/rcl_interfaces/lib/python3.12/site-packages/rcl_interfaces/msg/_parameter.py'...
[94.557s] Compiling '/home/rasp/ros2_ws/install/rcl_interfaces/lib/python3.12/site-packages/rcl_interfaces/msg/_parameter_descriptor.py'...
[94.557s] Compiling '/home/rasp/ros2_ws/install/rcl_interfaces/lib/python3.12/site-packages/rcl_interfaces/msg/_parameter_event.py'...
[94.557s] Compiling '/home/rasp/ros2_ws/install/rcl_interfaces/lib/python3.12/site-packages/rcl_interfaces/msg/_parameter_event_descriptors.py'...
[94.557s] Compiling '/home/rasp/ros2_ws/install/rcl_interfaces/lib/python3.12/site-packages/rcl_interfaces/msg/_parameter_type.py'...
[94.557s] Compiling '/home/rasp/ros2_ws/install/rcl_interfaces/lib/python3.12/site-packages/rcl_interfaces/msg/_parameter_value.py'...
[94.557s] Compiling '/home/rasp/ros2_ws/install/rcl_interfaces/lib/python3.12/site-packages/rcl_interfaces/msg/_set_logger_levels_result.py'...
[94.557s] Compiling '/home/rasp/ros2_ws/install/rcl_interfaces/lib/python3.12/site-packages/rcl_interfaces/msg/_set_parameters_result.py'...
[94.557s] Listing '/home/rasp/ros2_ws/install/rcl_interfaces/lib/python3.12/site-packages/rcl_interfaces/srv'...
[94.557s] Compiling '/home/rasp/ros2_ws/install/rcl_interfaces/lib/python3.12/site-packages/rcl_interfaces/srv/__init__.py'...
[94.557s] Compiling '/home/rasp/ros2_ws/install/rcl_interfaces/lib/python3.12/site-packages/rcl_interfaces/srv/_describe_parameters.py'...
[94.560s] Compiling '/home/rasp/ros2_ws/install/rcl_interfaces/lib/python3.12/site-packages/rcl_interfaces/srv/_get_logger_levels.py'...
[94.560s] Compiling '/home/rasp/ros2_ws/install/rcl_interfaces/lib/python3.12/site-packages/rcl_interfaces/srv/_get_parameter_types.py'...
[94.560s] Compiling '/home/rasp/ros2_ws/install/rcl_interfaces/lib/python3.12/site-packages/rcl_interfaces/srv/_get_parameters.py'...
[94.560s] Compiling '/home/rasp/ros2_ws/install/rcl_interfaces/lib/python3.12/site-packages/rcl_interfaces/srv/_list_parameters.py'...
[94.560s] Compiling '/home/rasp/ros2_ws/install/rcl_interfaces/lib/python3.12/site-packages/rcl_interfaces/srv/_set_logger_levels.py'...
[94.560s] Compiling '/home/rasp/ros2_ws/install/rcl_interfaces/lib/python3.12/site-packages/rcl_interfaces/srv/_set_parameters.py'...
[94.560s] Compiling '/home/rasp/ros2_ws/install/rcl_interfaces/lib/python3.12/site-packages/rcl_interfaces/srv/_set_parameters_atomically.py'...
[94.565s] -- Installing: /home/rasp/ros2_ws/install/rcl_interfaces/lib/python3.12/site-packages/rcl_interfaces/rcl_interfaces_s__rosidl_typesupport_microxrcedds_c.so
[94.566s] -- Set non-toolchain portion of runtime path of "/home/rasp/ros2_ws/install/rcl_interfaces/lib/python3.12/site-packages/rcl_interfaces/rcl_interfaces_s__rosidl_typesupport_microxrcedds_c.so" to ""
[94.567s] -- Installing: /home/rasp/ros2_ws/install/rcl_interfaces/lib/python3.12/site-packages/rcl_interfaces/rcl_interfaces_s__rosidl_typesupport_fastrtps_c.so
[94.568s] -- Set non-toolchain portion of runtime path of "/home/rasp/ros2_ws/install/rcl_interfaces/lib/python3.12/site-packages/rcl_interfaces/rcl_interfaces_s__rosidl_typesupport_fastrtps_c.so" to ""
[94.572s] -- Installing: /home/rasp/ros2_ws/install/rcl_interfaces/lib/python3.12/site-packages/rcl_interfaces/rcl_interfaces_s__rosidl_typesupport_introspection_c.so
[94.572s] -- Set non-toolchain portion of runtime path of "/home/rasp/ros2_ws/install/rcl_interfaces/lib/python3.12/site-packages/rcl_interfaces/rcl_interfaces_s__rosidl_typesupport_introspection_c.so" to ""
[94.572s] -- Installing: /home/rasp/ros2_ws/install/rcl_interfaces/lib/python3.12/site-packages/rcl_interfaces/rcl_interfaces_s__rosidl_typesupport_c.so
[94.573s] -- Set non-toolchain portion of runtime path of "/home/rasp/ros2_ws/install/rcl_interfaces/lib/python3.12/site-packages/rcl_interfaces/rcl_interfaces_s__rosidl_typesupport_c.so" to ""
[94.573s] -- Installing: /home/rasp/ros2_ws/install/rcl_interfaces/lib/librcl_interfaces__rosidl_generator_py.so
[94.574s] -- Set non-toolchain portion of runtime path of "/home/rasp/ros2_ws/install/rcl_interfaces/lib/librcl_interfaces__rosidl_generator_py.so" to ""
[94.574s] -- Installing: /home/rasp/ros2_ws/install/rcl_interfaces/share/rcl_interfaces/msg/FloatingPointRange.idl
[94.575s] -- Installing: /home/rasp/ros2_ws/install/rcl_interfaces/share/rcl_interfaces/msg/IntegerRange.idl
[94.576s] -- Installing: /home/rasp/ros2_ws/install/rcl_interfaces/share/rcl_interfaces/msg/ListParametersResult.idl
[94.576s] -- Installing: /home/rasp/ros2_ws/install/rcl_interfaces/share/rcl_interfaces/msg/Log.idl
[94.577s] -- Installing: /home/rasp/ros2_ws/install/rcl_interfaces/share/rcl_interfaces/msg/ParameterDescriptor.idl
[94.577s] -- Installing: /home/rasp/ros2_ws/install/rcl_interfaces/share/rcl_interfaces/msg/ParameterEventDescriptors.idl
[94.577s] -- Installing: /home/rasp/ros2_ws/install/rcl_interfaces/share/rcl_interfaces/msg/ParameterEvent.idl
[94.578s] -- Installing: /home/rasp/ros2_ws/install/rcl_interfaces/share/rcl_interfaces/msg/Parameter.idl
[94.578s] -- Installing: /home/rasp/ros2_ws/install/rcl_interfaces/share/rcl_interfaces/msg/ParameterType.idl
[94.579s] -- Installing: /home/rasp/ros2_ws/install/rcl_interfaces/share/rcl_interfaces/msg/ParameterValue.idl
[94.579s] -- Installing: /home/rasp/ros2_ws/install/rcl_interfaces/share/rcl_interfaces/msg/SetParametersResult.idl
[94.579s] -- Installing: /home/rasp/ros2_ws/install/rcl_interfaces/share/rcl_interfaces/msg/LoggerLevel.idl
[94.580s] -- Installing: /home/rasp/ros2_ws/install/rcl_interfaces/share/rcl_interfaces/msg/SetLoggerLevelsResult.idl
[94.580s] -- Installing: /home/rasp/ros2_ws/install/rcl_interfaces/share/rcl_interfaces/srv/DescribeParameters.idl
[94.581s] -- Installing: /home/rasp/ros2_ws/install/rcl_interfaces/share/rcl_interfaces/srv/GetParameters.idl
[94.581s] -- Installing: /home/rasp/ros2_ws/install/rcl_interfaces/share/rcl_interfaces/srv/GetParameterTypes.idl
[94.582s] -- Installing: /home/rasp/ros2_ws/install/rcl_interfaces/share/rcl_interfaces/srv/ListParameters.idl
[94.582s] -- Installing: /home/rasp/ros2_ws/install/rcl_interfaces/share/rcl_interfaces/srv/SetParametersAtomically.idl
[94.582s] -- Installing: /home/rasp/ros2_ws/install/rcl_interfaces/share/rcl_interfaces/srv/SetParameters.idl
[94.583s] -- Installing: /home/rasp/ros2_ws/install/rcl_interfaces/share/rcl_interfaces/srv/GetLoggerLevels.idl
[94.583s] -- Installing: /home/rasp/ros2_ws/install/rcl_interfaces/share/rcl_interfaces/srv/SetLoggerLevels.idl
[94.584s] -- Installing: /home/rasp/ros2_ws/install/rcl_interfaces/share/rcl_interfaces/msg/FloatingPointRange.msg
[94.584s] -- Installing: /home/rasp/ros2_ws/install/rcl_interfaces/share/rcl_interfaces/msg/IntegerRange.msg
[94.585s] -- Installing: /home/rasp/ros2_ws/install/rcl_interfaces/share/rcl_interfaces/msg/ListParametersResult.msg
[94.585s] -- Installing: /home/rasp/ros2_ws/install/rcl_interfaces/share/rcl_interfaces/msg/Log.msg
[94.585s] -- Installing: /home/rasp/ros2_ws/install/rcl_interfaces/share/rcl_interfaces/msg/ParameterDescriptor.msg
[94.585s] -- Installing: /home/rasp/ros2_ws/install/rcl_interfaces/share/rcl_interfaces/msg/ParameterEventDescriptors.msg
[94.586s] -- Installing: /home/rasp/ros2_ws/install/rcl_interfaces/share/rcl_interfaces/msg/ParameterEvent.msg
[94.586s] -- Installing: /home/rasp/ros2_ws/install/rcl_interfaces/share/rcl_interfaces/msg/Parameter.msg
[94.587s] -- Installing: /home/rasp/ros2_ws/install/rcl_interfaces/share/rcl_interfaces/msg/ParameterType.msg
[94.587s] -- Installing: /home/rasp/ros2_ws/install/rcl_interfaces/share/rcl_interfaces/msg/ParameterValue.msg
[94.588s] -- Installing: /home/rasp/ros2_ws/install/rcl_interfaces/share/rcl_interfaces/msg/SetParametersResult.msg
[94.588s] -- Installing: /home/rasp/ros2_ws/install/rcl_interfaces/share/rcl_interfaces/msg/LoggerLevel.msg
[94.588s] -- Installing: /home/rasp/ros2_ws/install/rcl_interfaces/share/rcl_interfaces/msg/SetLoggerLevelsResult.msg
[94.589s] -- Installing: /home/rasp/ros2_ws/install/rcl_interfaces/share/rcl_interfaces/srv/DescribeParameters.srv
[94.589s] -- Installing: /home/rasp/ros2_ws/install/rcl_interfaces/share/rcl_interfaces/srv/GetParameters.srv
[94.590s] -- Installing: /home/rasp/ros2_ws/install/rcl_interfaces/share/rcl_interfaces/srv/GetParameterTypes.srv
[94.590s] -- Installing: /home/rasp/ros2_ws/install/rcl_interfaces/share/rcl_interfaces/srv/ListParameters.srv
[94.590s] -- Installing: /home/rasp/ros2_ws/install/rcl_interfaces/share/rcl_interfaces/srv/SetParametersAtomically.srv
[94.591s] -- Installing: /home/rasp/ros2_ws/install/rcl_interfaces/share/rcl_interfaces/srv/SetParameters.srv
[94.592s] -- Installing: /home/rasp/ros2_ws/install/rcl_interfaces/share/rcl_interfaces/srv/GetLoggerLevels.srv
[94.592s] -- Installing: /home/rasp/ros2_ws/install/rcl_interfaces/share/rcl_interfaces/srv/SetLoggerLevels.srv
[94.592s] -- Installing: /home/rasp/ros2_ws/install/rcl_interfaces/share/rcl_interfaces/mapping_rules.yaml
[94.593s] -- Installing: /home/rasp/ros2_ws/install/rcl_interfaces/share/ament_index/resource_index/package_run_dependencies/rcl_interfaces
[94.593s] -- Installing: /home/rasp/ros2_ws/install/rcl_interfaces/share/ament_index/resource_index/parent_prefix_path/rcl_interfaces
[94.594s] -- Installing: /home/rasp/ros2_ws/install/rcl_interfaces/share/rcl_interfaces/environment/ament_prefix_path.sh
[94.594s] -- Installing: /home/rasp/ros2_ws/install/rcl_interfaces/share/rcl_interfaces/environment/ament_prefix_path.dsv
[94.595s] -- Installing: /home/rasp/ros2_ws/install/rcl_interfaces/share/rcl_interfaces/environment/path.sh
[94.595s] -- Installing: /home/rasp/ros2_ws/install/rcl_interfaces/share/rcl_interfaces/environment/path.dsv
[94.595s] -- Installing: /home/rasp/ros2_ws/install/rcl_interfaces/share/rcl_interfaces/local_setup.bash
[94.596s] -- Installing: /home/rasp/ros2_ws/install/rcl_interfaces/share/rcl_interfaces/local_setup.sh
[94.596s] -- Installing: /home/rasp/ros2_ws/install/rcl_interfaces/share/rcl_interfaces/local_setup.zsh
[94.596s] -- Installing: /home/rasp/ros2_ws/install/rcl_interfaces/share/rcl_interfaces/local_setup.dsv
[94.597s] -- Installing: /home/rasp/ros2_ws/install/rcl_interfaces/share/rcl_interfaces/package.dsv
[94.597s] -- Installing: /home/rasp/ros2_ws/install/rcl_interfaces/share/ament_index/resource_index/packages/rcl_interfaces
[94.598s] -- Installing: /home/rasp/ros2_ws/install/rcl_interfaces/share/rcl_interfaces/cmake/export_rcl_interfaces__rosidl_generator_cExport.cmake
[94.598s] -- Installing: /home/rasp/ros2_ws/install/rcl_interfaces/share/rcl_interfaces/cmake/export_rcl_interfaces__rosidl_generator_cExport-noconfig.cmake
[94.599s] -- Installing: /home/rasp/ros2_ws/install/rcl_interfaces/share/rcl_interfaces/cmake/export_rcl_interfaces__rosidl_typesupport_fastrtps_cExport.cmake
[94.599s] -- Installing: /home/rasp/ros2_ws/install/rcl_interfaces/share/rcl_interfaces/cmake/export_rcl_interfaces__rosidl_typesupport_fastrtps_cExport-noconfig.cmake
[94.599s] -- Installing: /home/rasp/ros2_ws/install/rcl_interfaces/share/rcl_interfaces/cmake/rcl_interfaces__rosidl_typesupport_introspection_cExport.cmake
[94.600s] -- Installing: /home/rasp/ros2_ws/install/rcl_interfaces/share/rcl_interfaces/cmake/rcl_interfaces__rosidl_typesupport_introspection_cExport-noconfig.cmake
[94.600s] -- Installing: /home/rasp/ros2_ws/install/rcl_interfaces/share/rcl_interfaces/cmake/rcl_interfaces__rosidl_typesupport_cExport.cmake
[94.601s] -- Installing: /home/rasp/ros2_ws/install/rcl_interfaces/share/rcl_interfaces/cmake/rcl_interfaces__rosidl_typesupport_cExport-noconfig.cmake
[94.601s] -- Installing: /home/rasp/ros2_ws/install/rcl_interfaces/share/rcl_interfaces/cmake/export_rcl_interfaces__rosidl_generator_cppExport.cmake
[94.601s] -- Installing: /home/rasp/ros2_ws/install/rcl_interfaces/share/rcl_interfaces/cmake/export_rcl_interfaces__rosidl_typesupport_fastrtps_cppExport.cmake
[94.602s] -- Installing: /home/rasp/ros2_ws/install/rcl_interfaces/share/rcl_interfaces/cmake/export_rcl_interfaces__rosidl_typesupport_fastrtps_cppExport-noconfig.cmake
[94.602s] -- Installing: /home/rasp/ros2_ws/install/rcl_interfaces/share/rcl_interfaces/cmake/rcl_interfaces__rosidl_typesupport_introspection_cppExport.cmake
[94.603s] -- Installing: /home/rasp/ros2_ws/install/rcl_interfaces/share/rcl_interfaces/cmake/rcl_interfaces__rosidl_typesupport_introspection_cppExport-noconfig.cmake
[94.603s] -- Installing: /home/rasp/ros2_ws/install/rcl_interfaces/share/rcl_interfaces/cmake/rcl_interfaces__rosidl_typesupport_cppExport.cmake
[94.603s] -- Installing: /home/rasp/ros2_ws/install/rcl_interfaces/share/rcl_interfaces/cmake/rcl_interfaces__rosidl_typesupport_cppExport-noconfig.cmake
[94.604s] -- Installing: /home/rasp/ros2_ws/install/rcl_interfaces/share/rcl_interfaces/cmake/export_rcl_interfaces__rosidl_generator_pyExport.cmake
[94.604s] -- Installing: /home/rasp/ros2_ws/install/rcl_interfaces/share/rcl_interfaces/cmake/export_rcl_interfaces__rosidl_generator_pyExport-noconfig.cmake
[94.605s] -- Installing: /home/rasp/ros2_ws/install/rcl_interfaces/share/rcl_interfaces/cmake/rosidl_cmake-extras.cmake
[94.605s] -- Installing: /home/rasp/ros2_ws/install/rcl_interfaces/share/rcl_interfaces/cmake/ament_cmake_export_dependencies-extras.cmake
[94.606s] -- Installing: /home/rasp/ros2_ws/install/rcl_interfaces/share/rcl_interfaces/cmake/ament_cmake_export_include_directories-extras.cmake
[94.606s] -- Installing: /home/rasp/ros2_ws/install/rcl_interfaces/share/rcl_interfaces/cmake/ament_cmake_export_libraries-extras.cmake
[94.606s] -- Installing: /home/rasp/ros2_ws/install/rcl_interfaces/share/rcl_interfaces/cmake/ament_cmake_export_targets-extras.cmake
[94.607s] -- Installing: /home/rasp/ros2_ws/install/rcl_interfaces/share/rcl_interfaces/cmake/rosidl_cmake_export_typesupport_targets-extras.cmake
[94.607s] -- Installing: /home/rasp/ros2_ws/install/rcl_interfaces/share/rcl_interfaces/cmake/rosidl_cmake_export_typesupport_libraries-extras.cmake
[94.607s] -- Installing: /home/rasp/ros2_ws/install/rcl_interfaces/share/rcl_interfaces/cmake/rcl_interfacesConfig.cmake
[94.608s] -- Installing: /home/rasp/ros2_ws/install/rcl_interfaces/share/rcl_interfaces/cmake/rcl_interfacesConfig-version.cmake
[94.610s] -- Installing: /home/rasp/ros2_ws/install/rcl_interfaces/share/rcl_interfaces/package.xml
[94.611s] Invoked command in '/home/rasp/ros2_ws/build/rcl_interfaces' returned '0': AMENT_PREFIX_PATH=/home/rasp/ros2_ws/install/builtin_interfaces:${AMENT_PREFIX_PATH} CMAKE_PREFIX_PATH=/home/rasp/ros2_ws/install/builtin_interfaces:/home/rasp/ros2_ws/install/rosidl_typesupport_microxrcedds_cpp:/home/rasp/ros2_ws/install/rosidl_typesupport_microxrcedds_c:/home/rasp/ros2_ws/install/microcdr:/home/rasp/ros2_ws/install/micro_ros_setup:/opt/ros/jazzy/opt/gz_math_vendor:/opt/ros/jazzy/opt/gz_utils_vendor:/opt/ros/jazzy/opt/gz_cmake_vendor:/opt/ros/jazzy DEBUGINFOD_URLS=https://debuginfod.ubuntu.com LD_LIBRARY_PATH=/home/rasp/ros2_ws/install/builtin_interfaces/lib:${LD_LIBRARY_PATH} PYTHONPATH=/home/rasp/ros2_ws/install/builtin_interfaces/lib/python3.12/site-packages:${PYTHONPATH} /usr/bin/cmake --install /home/rasp/ros2_ws/build/rcl_interfaces
