[0.021s] Invoking command in '/home/rasp/ros2_ws/build/geometry_msgs': AMENT_PREFIX_PATH=/home/rasp/ros2_ws/install/std_msgs:/home/rasp/ros2_ws/install/builtin_interfaces:${AMENT_PREFIX_PATH} CMAKE_PREFIX_PATH=/home/rasp/ros2_ws/install/std_msgs:/home/rasp/ros2_ws/install/builtin_interfaces:/home/rasp/ros2_ws/install/rosidl_typesupport_microxrcedds_cpp:/home/rasp/ros2_ws/install/rosidl_typesupport_microxrcedds_c:/home/rasp/ros2_ws/install/microcdr:/home/rasp/ros2_ws/install/micro_ros_setup:/opt/ros/jazzy/opt/gz_math_vendor:/opt/ros/jazzy/opt/gz_utils_vendor:/opt/ros/jazzy/opt/gz_cmake_vendor:/opt/ros/jazzy DEBUGINFOD_URLS=https://debuginfod.ubuntu.com LD_LIBRARY_PATH=/home/rasp/ros2_ws/install/std_msgs/lib:/home/rasp/ros2_ws/install/builtin_interfaces/lib:${LD_LIBRARY_PATH} PYTHONPATH=/home/rasp/ros2_ws/install/std_msgs/lib/python3.12/site-packages:/home/rasp/ros2_ws/install/builtin_interfaces/lib/python3.12/site-packages:${PYTHONPATH} /usr/bin/cmake /home/rasp/ros2_ws/src/ros2/common_interfaces/geometry_msgs -DBUILD_TESTING=OFF -DBUILD_SHARED_LIBS=ON -DCMAKE_INSTALL_PREFIX=/home/rasp/ros2_ws/install/geometry_msgs
[0.085s] -- The C compiler identification is GNU 13.3.0
[0.149s] -- The CXX compiler identification is GNU 13.3.0
[0.172s] -- Detecting C compiler ABI info
[0.288s] -- Detecting C compiler ABI info - done
[0.296s] -- Check for working C compiler: /usr/bin/cc - skipped
[0.297s] -- Detecting C compile features
[0.297s] -- Detecting C compile features - done
[0.310s] -- Detecting CXX compiler ABI info
[0.445s] -- Detecting CXX compiler ABI info - done
[0.454s] -- Check for working CXX compiler: /usr/bin/c++ - skipped
[0.454s] -- Detecting CXX compile features
[0.454s] -- Detecting CXX compile features - done
[0.458s] -- Found ament_cmake: 2.5.3 (/opt/ros/jazzy/share/ament_cmake/cmake)
[0.624s] -- Found Python3: /usr/bin/python3 (found version "3.12.3") found components: Interpreter 
[0.738s] -- Found rosidl_default_generators: 1.6.0 (/opt/ros/jazzy/share/rosidl_default_generators/cmake)
[0.747s] -- Using all available rosidl_typesupport_c: rosidl_typesupport_microxrcedds_c;rosidl_typesupport_fastrtps_c;rosidl_typesupport_introspection_c
[0.792s] -- Found rosidl_adapter: 4.6.5 (/opt/ros/jazzy/share/rosidl_adapter/cmake)
[0.822s] -- Using all available rosidl_typesupport_cpp: rosidl_typesupport_microxrcedds_cpp;rosidl_typesupport_fastrtps_cpp;rosidl_typesupport_introspection_cpp
[0.874s] -- Found std_msgs: 5.3.6 (/home/rasp/ros2_ws/install/std_msgs/share/std_msgs/cmake)
[1.659s] -- Found ament_cmake_ros: 0.12.0 (/opt/ros/jazzy/share/ament_cmake_ros/cmake)
[2.327s] -- Using all available rosidl_typesupport_c: rosidl_typesupport_microxrcedds_c;rosidl_typesupport_fastrtps_c;rosidl_typesupport_introspection_c
[3.180s] -- Using all available rosidl_typesupport_cpp: rosidl_typesupport_microxrcedds_cpp;rosidl_typesupport_fastrtps_cpp;rosidl_typesupport_introspection_cpp
[3.183s] -- Found python_cmake_module: 0.11.1 (/opt/ros/jazzy/share/python_cmake_module/cmake)
[3.326s] -- Found PythonExtra: /usr/bin/python3  
[3.807s] -- Found Python3: /usr/bin/python3 (found version "3.12.3") found components: Interpreter Development NumPy Development.Module Development.Embed 
[3.873s] -- Configuring done (3.8s)
[4.001s] -- Generating done (0.1s)
[4.019s] -- Build files have been written to: /home/rasp/ros2_ws/build/geometry_msgs
[4.034s] Invoked command in '/home/rasp/ros2_ws/build/geometry_msgs' returned '0': AMENT_PREFIX_PATH=/home/rasp/ros2_ws/install/std_msgs:/home/rasp/ros2_ws/install/builtin_interfaces:${AMENT_PREFIX_PATH} CMAKE_PREFIX_PATH=/home/rasp/ros2_ws/install/std_msgs:/home/rasp/ros2_ws/install/builtin_interfaces:/home/rasp/ros2_ws/install/rosidl_typesupport_microxrcedds_cpp:/home/rasp/ros2_ws/install/rosidl_typesupport_microxrcedds_c:/home/rasp/ros2_ws/install/microcdr:/home/rasp/ros2_ws/install/micro_ros_setup:/opt/ros/jazzy/opt/gz_math_vendor:/opt/ros/jazzy/opt/gz_utils_vendor:/opt/ros/jazzy/opt/gz_cmake_vendor:/opt/ros/jazzy DEBUGINFOD_URLS=https://debuginfod.ubuntu.com LD_LIBRARY_PATH=/home/rasp/ros2_ws/install/std_msgs/lib:/home/rasp/ros2_ws/install/builtin_interfaces/lib:${LD_LIBRARY_PATH} PYTHONPATH=/home/rasp/ros2_ws/install/std_msgs/lib/python3.12/site-packages:/home/rasp/ros2_ws/install/builtin_interfaces/lib/python3.12/site-packages:${PYTHONPATH} /usr/bin/cmake /home/rasp/ros2_ws/src/ros2/common_interfaces/geometry_msgs -DBUILD_TESTING=OFF -DBUILD_SHARED_LIBS=ON -DCMAKE_INSTALL_PREFIX=/home/rasp/ros2_ws/install/geometry_msgs
[4.035s] Invoking command in '/home/rasp/ros2_ws/build/geometry_msgs': AMENT_PREFIX_PATH=/home/rasp/ros2_ws/install/std_msgs:/home/rasp/ros2_ws/install/builtin_interfaces:${AMENT_PREFIX_PATH} CMAKE_PREFIX_PATH=/home/rasp/ros2_ws/install/std_msgs:/home/rasp/ros2_ws/install/builtin_interfaces:/home/rasp/ros2_ws/install/rosidl_typesupport_microxrcedds_cpp:/home/rasp/ros2_ws/install/rosidl_typesupport_microxrcedds_c:/home/rasp/ros2_ws/install/microcdr:/home/rasp/ros2_ws/install/micro_ros_setup:/opt/ros/jazzy/opt/gz_math_vendor:/opt/ros/jazzy/opt/gz_utils_vendor:/opt/ros/jazzy/opt/gz_cmake_vendor:/opt/ros/jazzy DEBUGINFOD_URLS=https://debuginfod.ubuntu.com LD_LIBRARY_PATH=/home/rasp/ros2_ws/install/std_msgs/lib:/home/rasp/ros2_ws/install/builtin_interfaces/lib:${LD_LIBRARY_PATH} PYTHONPATH=/home/rasp/ros2_ws/install/std_msgs/lib/python3.12/site-packages:/home/rasp/ros2_ws/install/builtin_interfaces/lib/python3.12/site-packages:${PYTHONPATH} /usr/bin/cmake --build /home/rasp/ros2_ws/build/geometry_msgs -- -j2 -l2
[4.130s] [  0%] [34m[1mGenerating type hashes for ROS interfaces[0m
[5.280s] [  0%] Built target geometry_msgs__rosidl_generator_type_description
[5.323s] [  0%] Built target ament_cmake_python_copy_geometry_msgs
[5.356s] [  0%] [34m[1mGenerating C++ code for ROS interfaces[0m
[8.738s] [  0%] Built target geometry_msgs__cpp
[8.757s] [  0%] [34m[1mGenerating C code for ROS interfaces[0m
[13.248s] [  0%] [32mBuilding C object CMakeFiles/geometry_msgs__rosidl_generator_c.dir/rosidl_generator_c/geometry_msgs/msg/detail/accel__description.c.o[0m
[13.297s] [  1%] [32mBuilding C object CMakeFiles/geometry_msgs__rosidl_generator_c.dir/rosidl_generator_c/geometry_msgs/msg/detail/accel__functions.c.o[0m
[13.351s] [  1%] [32mBuilding C object CMakeFiles/geometry_msgs__rosidl_generator_c.dir/rosidl_generator_c/geometry_msgs/msg/detail/accel__type_support.c.o[0m
[13.396s] [  1%] [32mBuilding C object CMakeFiles/geometry_msgs__rosidl_generator_c.dir/rosidl_generator_c/geometry_msgs/msg/detail/accel_stamped__description.c.o[0m
[13.446s] [  1%] [32mBuilding C object CMakeFiles/geometry_msgs__rosidl_generator_c.dir/rosidl_generator_c/geometry_msgs/msg/detail/accel_stamped__functions.c.o[0m
[13.507s] [  2%] [32mBuilding C object CMakeFiles/geometry_msgs__rosidl_generator_c.dir/rosidl_generator_c/geometry_msgs/msg/detail/accel_stamped__type_support.c.o[0m
[13.545s] [  2%] [32mBuilding C object CMakeFiles/geometry_msgs__rosidl_generator_c.dir/rosidl_generator_c/geometry_msgs/msg/detail/accel_with_covariance__description.c.o[0m
[13.595s] [  2%] [32mBuilding C object CMakeFiles/geometry_msgs__rosidl_generator_c.dir/rosidl_generator_c/geometry_msgs/msg/detail/accel_with_covariance__functions.c.o[0m
[13.649s] [  2%] [32mBuilding C object CMakeFiles/geometry_msgs__rosidl_generator_c.dir/rosidl_generator_c/geometry_msgs/msg/detail/accel_with_covariance__type_support.c.o[0m
[13.692s] [  3%] [32mBuilding C object CMakeFiles/geometry_msgs__rosidl_generator_c.dir/rosidl_generator_c/geometry_msgs/msg/detail/accel_with_covariance_stamped__description.c.o[0m
[13.740s] [  3%] [32mBuilding C object CMakeFiles/geometry_msgs__rosidl_generator_c.dir/rosidl_generator_c/geometry_msgs/msg/detail/accel_with_covariance_stamped__functions.c.o[0m
[13.798s] [  3%] [32mBuilding C object CMakeFiles/geometry_msgs__rosidl_generator_c.dir/rosidl_generator_c/geometry_msgs/msg/detail/accel_with_covariance_stamped__type_support.c.o[0m
[13.838s] [  3%] [32mBuilding C object CMakeFiles/geometry_msgs__rosidl_generator_c.dir/rosidl_generator_c/geometry_msgs/msg/detail/inertia__description.c.o[0m
[13.888s] [  4%] [32mBuilding C object CMakeFiles/geometry_msgs__rosidl_generator_c.dir/rosidl_generator_c/geometry_msgs/msg/detail/inertia__functions.c.o[0m
[13.941s] [  4%] [32mBuilding C object CMakeFiles/geometry_msgs__rosidl_generator_c.dir/rosidl_generator_c/geometry_msgs/msg/detail/inertia__type_support.c.o[0m
[13.982s] [  4%] [32mBuilding C object CMakeFiles/geometry_msgs__rosidl_generator_c.dir/rosidl_generator_c/geometry_msgs/msg/detail/inertia_stamped__description.c.o[0m
[14.032s] [  4%] [32mBuilding C object CMakeFiles/geometry_msgs__rosidl_generator_c.dir/rosidl_generator_c/geometry_msgs/msg/detail/inertia_stamped__functions.c.o[0m
[14.088s] [  5%] [32mBuilding C object CMakeFiles/geometry_msgs__rosidl_generator_c.dir/rosidl_generator_c/geometry_msgs/msg/detail/inertia_stamped__type_support.c.o[0m
[14.127s] [  5%] [32mBuilding C object CMakeFiles/geometry_msgs__rosidl_generator_c.dir/rosidl_generator_c/geometry_msgs/msg/detail/point__description.c.o[0m
[14.173s] [  5%] [32mBuilding C object CMakeFiles/geometry_msgs__rosidl_generator_c.dir/rosidl_generator_c/geometry_msgs/msg/detail/point__functions.c.o[0m
[14.230s] [  5%] [32mBuilding C object CMakeFiles/geometry_msgs__rosidl_generator_c.dir/rosidl_generator_c/geometry_msgs/msg/detail/point__type_support.c.o[0m
[14.269s] [  6%] [32mBuilding C object CMakeFiles/geometry_msgs__rosidl_generator_c.dir/rosidl_generator_c/geometry_msgs/msg/detail/point32__description.c.o[0m
[14.315s] [  6%] [32mBuilding C object CMakeFiles/geometry_msgs__rosidl_generator_c.dir/rosidl_generator_c/geometry_msgs/msg/detail/point32__functions.c.o[0m
[14.371s] [  6%] [32mBuilding C object CMakeFiles/geometry_msgs__rosidl_generator_c.dir/rosidl_generator_c/geometry_msgs/msg/detail/point32__type_support.c.o[0m
[14.412s] [  6%] [32mBuilding C object CMakeFiles/geometry_msgs__rosidl_generator_c.dir/rosidl_generator_c/geometry_msgs/msg/detail/point_stamped__description.c.o[0m
[14.459s] [  7%] [32mBuilding C object CMakeFiles/geometry_msgs__rosidl_generator_c.dir/rosidl_generator_c/geometry_msgs/msg/detail/point_stamped__functions.c.o[0m
[14.517s] [  7%] [32mBuilding C object CMakeFiles/geometry_msgs__rosidl_generator_c.dir/rosidl_generator_c/geometry_msgs/msg/detail/point_stamped__type_support.c.o[0m
[14.558s] [  7%] [32mBuilding C object CMakeFiles/geometry_msgs__rosidl_generator_c.dir/rosidl_generator_c/geometry_msgs/msg/detail/polygon__description.c.o[0m
[14.604s] [  7%] [32mBuilding C object CMakeFiles/geometry_msgs__rosidl_generator_c.dir/rosidl_generator_c/geometry_msgs/msg/detail/polygon__functions.c.o[0m
[14.657s] [  7%] [32mBuilding C object CMakeFiles/geometry_msgs__rosidl_generator_c.dir/rosidl_generator_c/geometry_msgs/msg/detail/polygon__type_support.c.o[0m
[14.697s] [  8%] [32mBuilding C object CMakeFiles/geometry_msgs__rosidl_generator_c.dir/rosidl_generator_c/geometry_msgs/msg/detail/polygon_instance__description.c.o[0m
[14.743s] [  8%] [32mBuilding C object CMakeFiles/geometry_msgs__rosidl_generator_c.dir/rosidl_generator_c/geometry_msgs/msg/detail/polygon_instance__functions.c.o[0m
[14.799s] [  8%] [32mBuilding C object CMakeFiles/geometry_msgs__rosidl_generator_c.dir/rosidl_generator_c/geometry_msgs/msg/detail/polygon_instance__type_support.c.o[0m
[14.839s] [  8%] [32mBuilding C object CMakeFiles/geometry_msgs__rosidl_generator_c.dir/rosidl_generator_c/geometry_msgs/msg/detail/polygon_instance_stamped__description.c.o[0m
[14.888s] [  9%] [32mBuilding C object CMakeFiles/geometry_msgs__rosidl_generator_c.dir/rosidl_generator_c/geometry_msgs/msg/detail/polygon_instance_stamped__functions.c.o[0m
[14.941s] [  9%] [32mBuilding C object CMakeFiles/geometry_msgs__rosidl_generator_c.dir/rosidl_generator_c/geometry_msgs/msg/detail/polygon_instance_stamped__type_support.c.o[0m
[14.980s] [  9%] [32mBuilding C object CMakeFiles/geometry_msgs__rosidl_generator_c.dir/rosidl_generator_c/geometry_msgs/msg/detail/polygon_stamped__description.c.o[0m
[15.027s] [  9%] [32mBuilding C object CMakeFiles/geometry_msgs__rosidl_generator_c.dir/rosidl_generator_c/geometry_msgs/msg/detail/polygon_stamped__functions.c.o[0m
[15.084s] [ 10%] [32mBuilding C object CMakeFiles/geometry_msgs__rosidl_generator_c.dir/rosidl_generator_c/geometry_msgs/msg/detail/polygon_stamped__type_support.c.o[0m
[15.119s] [ 10%] [32mBuilding C object CMakeFiles/geometry_msgs__rosidl_generator_c.dir/rosidl_generator_c/geometry_msgs/msg/detail/pose__description.c.o[0m
[15.169s] [ 10%] [32mBuilding C object CMakeFiles/geometry_msgs__rosidl_generator_c.dir/rosidl_generator_c/geometry_msgs/msg/detail/pose__functions.c.o[0m
[15.227s] [ 10%] [32mBuilding C object CMakeFiles/geometry_msgs__rosidl_generator_c.dir/rosidl_generator_c/geometry_msgs/msg/detail/pose__type_support.c.o[0m
[15.264s] [ 11%] [32mBuilding C object CMakeFiles/geometry_msgs__rosidl_generator_c.dir/rosidl_generator_c/geometry_msgs/msg/detail/pose2_d__description.c.o[0m
[15.309s] [ 11%] [32mBuilding C object CMakeFiles/geometry_msgs__rosidl_generator_c.dir/rosidl_generator_c/geometry_msgs/msg/detail/pose2_d__functions.c.o[0m
[15.361s] [ 11%] [32mBuilding C object CMakeFiles/geometry_msgs__rosidl_generator_c.dir/rosidl_generator_c/geometry_msgs/msg/detail/pose2_d__type_support.c.o[0m
[15.401s] [ 11%] [32mBuilding C object CMakeFiles/geometry_msgs__rosidl_generator_c.dir/rosidl_generator_c/geometry_msgs/msg/detail/pose_array__description.c.o[0m
[15.447s] [ 12%] [32mBuilding C object CMakeFiles/geometry_msgs__rosidl_generator_c.dir/rosidl_generator_c/geometry_msgs/msg/detail/pose_array__functions.c.o[0m
[15.502s] [ 12%] [32mBuilding C object CMakeFiles/geometry_msgs__rosidl_generator_c.dir/rosidl_generator_c/geometry_msgs/msg/detail/pose_array__type_support.c.o[0m
[15.539s] [ 12%] [32mBuilding C object CMakeFiles/geometry_msgs__rosidl_generator_c.dir/rosidl_generator_c/geometry_msgs/msg/detail/pose_stamped__description.c.o[0m
[15.587s] [ 12%] [32mBuilding C object CMakeFiles/geometry_msgs__rosidl_generator_c.dir/rosidl_generator_c/geometry_msgs/msg/detail/pose_stamped__functions.c.o[0m
[15.642s] [ 13%] [32mBuilding C object CMakeFiles/geometry_msgs__rosidl_generator_c.dir/rosidl_generator_c/geometry_msgs/msg/detail/pose_stamped__type_support.c.o[0m
[15.681s] [ 13%] [32mBuilding C object CMakeFiles/geometry_msgs__rosidl_generator_c.dir/rosidl_generator_c/geometry_msgs/msg/detail/pose_with_covariance__description.c.o[0m
[15.731s] [ 13%] [32mBuilding C object CMakeFiles/geometry_msgs__rosidl_generator_c.dir/rosidl_generator_c/geometry_msgs/msg/detail/pose_with_covariance__functions.c.o[0m
[15.786s] [ 13%] [32mBuilding C object CMakeFiles/geometry_msgs__rosidl_generator_c.dir/rosidl_generator_c/geometry_msgs/msg/detail/pose_with_covariance__type_support.c.o[0m
[15.827s] [ 14%] [32mBuilding C object CMakeFiles/geometry_msgs__rosidl_generator_c.dir/rosidl_generator_c/geometry_msgs/msg/detail/pose_with_covariance_stamped__description.c.o[0m
[15.884s] [ 14%] [32mBuilding C object CMakeFiles/geometry_msgs__rosidl_generator_c.dir/rosidl_generator_c/geometry_msgs/msg/detail/pose_with_covariance_stamped__functions.c.o[0m
[15.942s] [ 14%] [32mBuilding C object CMakeFiles/geometry_msgs__rosidl_generator_c.dir/rosidl_generator_c/geometry_msgs/msg/detail/pose_with_covariance_stamped__type_support.c.o[0m
[15.983s] [ 14%] [32mBuilding C object CMakeFiles/geometry_msgs__rosidl_generator_c.dir/rosidl_generator_c/geometry_msgs/msg/detail/quaternion__description.c.o[0m
[16.030s] [ 14%] [32mBuilding C object CMakeFiles/geometry_msgs__rosidl_generator_c.dir/rosidl_generator_c/geometry_msgs/msg/detail/quaternion__functions.c.o[0m
[16.084s] [ 15%] [32mBuilding C object CMakeFiles/geometry_msgs__rosidl_generator_c.dir/rosidl_generator_c/geometry_msgs/msg/detail/quaternion__type_support.c.o[0m
[16.129s] [ 15%] [32mBuilding C object CMakeFiles/geometry_msgs__rosidl_generator_c.dir/rosidl_generator_c/geometry_msgs/msg/detail/quaternion_stamped__description.c.o[0m
[16.177s] [ 15%] [32mBuilding C object CMakeFiles/geometry_msgs__rosidl_generator_c.dir/rosidl_generator_c/geometry_msgs/msg/detail/quaternion_stamped__functions.c.o[0m
[16.237s] [ 15%] [32mBuilding C object CMakeFiles/geometry_msgs__rosidl_generator_c.dir/rosidl_generator_c/geometry_msgs/msg/detail/quaternion_stamped__type_support.c.o[0m
[16.276s] [ 16%] [32mBuilding C object CMakeFiles/geometry_msgs__rosidl_generator_c.dir/rosidl_generator_c/geometry_msgs/msg/detail/transform__description.c.o[0m
[16.328s] [ 16%] [32mBuilding C object CMakeFiles/geometry_msgs__rosidl_generator_c.dir/rosidl_generator_c/geometry_msgs/msg/detail/transform__functions.c.o[0m
[16.383s] [ 16%] [32mBuilding C object CMakeFiles/geometry_msgs__rosidl_generator_c.dir/rosidl_generator_c/geometry_msgs/msg/detail/transform__type_support.c.o[0m
[16.424s] [ 16%] [32mBuilding C object CMakeFiles/geometry_msgs__rosidl_generator_c.dir/rosidl_generator_c/geometry_msgs/msg/detail/transform_stamped__description.c.o[0m
[16.473s] [ 17%] [32mBuilding C object CMakeFiles/geometry_msgs__rosidl_generator_c.dir/rosidl_generator_c/geometry_msgs/msg/detail/transform_stamped__functions.c.o[0m
[16.531s] [ 17%] [32mBuilding C object CMakeFiles/geometry_msgs__rosidl_generator_c.dir/rosidl_generator_c/geometry_msgs/msg/detail/transform_stamped__type_support.c.o[0m
[16.571s] [ 17%] [32mBuilding C object CMakeFiles/geometry_msgs__rosidl_generator_c.dir/rosidl_generator_c/geometry_msgs/msg/detail/twist__description.c.o[0m
[16.624s] [ 17%] [32mBuilding C object CMakeFiles/geometry_msgs__rosidl_generator_c.dir/rosidl_generator_c/geometry_msgs/msg/detail/twist__functions.c.o[0m
[16.676s] [ 18%] [32mBuilding C object CMakeFiles/geometry_msgs__rosidl_generator_c.dir/rosidl_generator_c/geometry_msgs/msg/detail/twist__type_support.c.o[0m
[16.723s] [ 18%] [32mBuilding C object CMakeFiles/geometry_msgs__rosidl_generator_c.dir/rosidl_generator_c/geometry_msgs/msg/detail/twist_stamped__description.c.o[0m
[16.769s] [ 18%] [32mBuilding C object CMakeFiles/geometry_msgs__rosidl_generator_c.dir/rosidl_generator_c/geometry_msgs/msg/detail/twist_stamped__functions.c.o[0m
[16.826s] [ 18%] [32mBuilding C object CMakeFiles/geometry_msgs__rosidl_generator_c.dir/rosidl_generator_c/geometry_msgs/msg/detail/twist_stamped__type_support.c.o[0m
[16.865s] [ 19%] [32mBuilding C object CMakeFiles/geometry_msgs__rosidl_generator_c.dir/rosidl_generator_c/geometry_msgs/msg/detail/twist_with_covariance__description.c.o[0m
[16.916s] [ 19%] [32mBuilding C object CMakeFiles/geometry_msgs__rosidl_generator_c.dir/rosidl_generator_c/geometry_msgs/msg/detail/twist_with_covariance__functions.c.o[0m
[16.970s] [ 19%] [32mBuilding C object CMakeFiles/geometry_msgs__rosidl_generator_c.dir/rosidl_generator_c/geometry_msgs/msg/detail/twist_with_covariance__type_support.c.o[0m
[17.013s] [ 19%] [32mBuilding C object CMakeFiles/geometry_msgs__rosidl_generator_c.dir/rosidl_generator_c/geometry_msgs/msg/detail/twist_with_covariance_stamped__description.c.o[0m
[17.065s] [ 20%] [32mBuilding C object CMakeFiles/geometry_msgs__rosidl_generator_c.dir/rosidl_generator_c/geometry_msgs/msg/detail/twist_with_covariance_stamped__functions.c.o[0m
[17.121s] [ 20%] [32mBuilding C object CMakeFiles/geometry_msgs__rosidl_generator_c.dir/rosidl_generator_c/geometry_msgs/msg/detail/twist_with_covariance_stamped__type_support.c.o[0m
[17.160s] [ 20%] [32mBuilding C object CMakeFiles/geometry_msgs__rosidl_generator_c.dir/rosidl_generator_c/geometry_msgs/msg/detail/vector3__description.c.o[0m
[17.207s] [ 20%] [32mBuilding C object CMakeFiles/geometry_msgs__rosidl_generator_c.dir/rosidl_generator_c/geometry_msgs/msg/detail/vector3__functions.c.o[0m
[17.261s] [ 21%] [32mBuilding C object CMakeFiles/geometry_msgs__rosidl_generator_c.dir/rosidl_generator_c/geometry_msgs/msg/detail/vector3__type_support.c.o[0m
[17.303s] [ 21%] [32mBuilding C object CMakeFiles/geometry_msgs__rosidl_generator_c.dir/rosidl_generator_c/geometry_msgs/msg/detail/vector3_stamped__description.c.o[0m
[17.351s] [ 21%] [32mBuilding C object CMakeFiles/geometry_msgs__rosidl_generator_c.dir/rosidl_generator_c/geometry_msgs/msg/detail/vector3_stamped__functions.c.o[0m
[17.413s] [ 21%] [32mBuilding C object CMakeFiles/geometry_msgs__rosidl_generator_c.dir/rosidl_generator_c/geometry_msgs/msg/detail/vector3_stamped__type_support.c.o[0m
[17.451s] [ 21%] [32mBuilding C object CMakeFiles/geometry_msgs__rosidl_generator_c.dir/rosidl_generator_c/geometry_msgs/msg/detail/velocity_stamped__description.c.o[0m
[17.498s] [ 22%] [32mBuilding C object CMakeFiles/geometry_msgs__rosidl_generator_c.dir/rosidl_generator_c/geometry_msgs/msg/detail/velocity_stamped__functions.c.o[0m
[17.554s] [ 22%] [32mBuilding C object CMakeFiles/geometry_msgs__rosidl_generator_c.dir/rosidl_generator_c/geometry_msgs/msg/detail/velocity_stamped__type_support.c.o[0m
[17.592s] [ 22%] [32mBuilding C object CMakeFiles/geometry_msgs__rosidl_generator_c.dir/rosidl_generator_c/geometry_msgs/msg/detail/wrench__description.c.o[0m
[17.639s] [ 22%] [32mBuilding C object CMakeFiles/geometry_msgs__rosidl_generator_c.dir/rosidl_generator_c/geometry_msgs/msg/detail/wrench__functions.c.o[0m
[17.695s] [ 23%] [32mBuilding C object CMakeFiles/geometry_msgs__rosidl_generator_c.dir/rosidl_generator_c/geometry_msgs/msg/detail/wrench__type_support.c.o[0m
[17.736s] [ 23%] [32mBuilding C object CMakeFiles/geometry_msgs__rosidl_generator_c.dir/rosidl_generator_c/geometry_msgs/msg/detail/wrench_stamped__description.c.o[0m
[17.783s] [ 23%] [32mBuilding C object CMakeFiles/geometry_msgs__rosidl_generator_c.dir/rosidl_generator_c/geometry_msgs/msg/detail/wrench_stamped__functions.c.o[0m
[17.840s] [ 23%] [32mBuilding C object CMakeFiles/geometry_msgs__rosidl_generator_c.dir/rosidl_generator_c/geometry_msgs/msg/detail/wrench_stamped__type_support.c.o[0m
[17.881s] [ 24%] [32m[1mLinking C shared library libgeometry_msgs__rosidl_generator_c.so[0m
[17.950s] [ 24%] Built target geometry_msgs__rosidl_generator_c
[18.171s] running egg_info
[18.172s] creating geometry_msgs.egg-info
[18.192s] writing geometry_msgs.egg-info/PKG-INFO
[18.192s] writing dependency_links to geometry_msgs.egg-info/dependency_links.txt
[18.192s] writing top-level names to geometry_msgs.egg-info/top_level.txt
[18.193s] writing manifest file 'geometry_msgs.egg-info/SOURCES.txt'
[18.252s] reading manifest file 'geometry_msgs.egg-info/SOURCES.txt'
[18.254s] writing manifest file 'geometry_msgs.egg-info/SOURCES.txt'
[18.283s] [ 24%] Built target ament_cmake_python_build_geometry_msgs_egg
[18.299s] [ 24%] [34m[1mGenerating C++ type support dispatch for ROS interfaces[0m
[19.746s] [ 25%] [32mBuilding CXX object CMakeFiles/geometry_msgs__rosidl_typesupport_cpp.dir/rosidl_typesupport_cpp/geometry_msgs/msg/accel__type_support.cpp.o[0m
[20.054s] [ 25%] [32mBuilding CXX object CMakeFiles/geometry_msgs__rosidl_typesupport_cpp.dir/rosidl_typesupport_cpp/geometry_msgs/msg/accel_stamped__type_support.cpp.o[0m
[20.372s] [ 25%] [32mBuilding CXX object CMakeFiles/geometry_msgs__rosidl_typesupport_cpp.dir/rosidl_typesupport_cpp/geometry_msgs/msg/accel_with_covariance__type_support.cpp.o[0m
[20.673s] [ 25%] [32mBuilding CXX object CMakeFiles/geometry_msgs__rosidl_typesupport_cpp.dir/rosidl_typesupport_cpp/geometry_msgs/msg/accel_with_covariance_stamped__type_support.cpp.o[0m
[21.005s] [ 26%] [32mBuilding CXX object CMakeFiles/geometry_msgs__rosidl_typesupport_cpp.dir/rosidl_typesupport_cpp/geometry_msgs/msg/inertia__type_support.cpp.o[0m
[21.350s] [ 26%] [32mBuilding CXX object CMakeFiles/geometry_msgs__rosidl_typesupport_cpp.dir/rosidl_typesupport_cpp/geometry_msgs/msg/inertia_stamped__type_support.cpp.o[0m
[21.660s] [ 26%] [32mBuilding CXX object CMakeFiles/geometry_msgs__rosidl_typesupport_cpp.dir/rosidl_typesupport_cpp/geometry_msgs/msg/point__type_support.cpp.o[0m
[21.978s] [ 26%] [32mBuilding CXX object CMakeFiles/geometry_msgs__rosidl_typesupport_cpp.dir/rosidl_typesupport_cpp/geometry_msgs/msg/point32__type_support.cpp.o[0m
[22.303s] [ 26%] [32mBuilding CXX object CMakeFiles/geometry_msgs__rosidl_typesupport_cpp.dir/rosidl_typesupport_cpp/geometry_msgs/msg/point_stamped__type_support.cpp.o[0m
[22.608s] [ 27%] [32mBuilding CXX object CMakeFiles/geometry_msgs__rosidl_typesupport_cpp.dir/rosidl_typesupport_cpp/geometry_msgs/msg/polygon__type_support.cpp.o[0m
[22.913s] [ 27%] [32mBuilding CXX object CMakeFiles/geometry_msgs__rosidl_typesupport_cpp.dir/rosidl_typesupport_cpp/geometry_msgs/msg/polygon_instance__type_support.cpp.o[0m
[23.220s] [ 27%] [32mBuilding CXX object CMakeFiles/geometry_msgs__rosidl_typesupport_cpp.dir/rosidl_typesupport_cpp/geometry_msgs/msg/polygon_instance_stamped__type_support.cpp.o[0m
[23.526s] [ 27%] [32mBuilding CXX object CMakeFiles/geometry_msgs__rosidl_typesupport_cpp.dir/rosidl_typesupport_cpp/geometry_msgs/msg/polygon_stamped__type_support.cpp.o[0m
[23.831s] [ 28%] [32mBuilding CXX object CMakeFiles/geometry_msgs__rosidl_typesupport_cpp.dir/rosidl_typesupport_cpp/geometry_msgs/msg/pose__type_support.cpp.o[0m
[24.136s] [ 28%] [32mBuilding CXX object CMakeFiles/geometry_msgs__rosidl_typesupport_cpp.dir/rosidl_typesupport_cpp/geometry_msgs/msg/pose2_d__type_support.cpp.o[0m
[24.443s] [ 28%] [32mBuilding CXX object CMakeFiles/geometry_msgs__rosidl_typesupport_cpp.dir/rosidl_typesupport_cpp/geometry_msgs/msg/pose_array__type_support.cpp.o[0m
[24.748s] [ 28%] [32mBuilding CXX object CMakeFiles/geometry_msgs__rosidl_typesupport_cpp.dir/rosidl_typesupport_cpp/geometry_msgs/msg/pose_stamped__type_support.cpp.o[0m
[25.060s] [ 29%] [32mBuilding CXX object CMakeFiles/geometry_msgs__rosidl_typesupport_cpp.dir/rosidl_typesupport_cpp/geometry_msgs/msg/pose_with_covariance__type_support.cpp.o[0m
[25.372s] [ 29%] [32mBuilding CXX object CMakeFiles/geometry_msgs__rosidl_typesupport_cpp.dir/rosidl_typesupport_cpp/geometry_msgs/msg/pose_with_covariance_stamped__type_support.cpp.o[0m
[25.688s] [ 29%] [32mBuilding CXX object CMakeFiles/geometry_msgs__rosidl_typesupport_cpp.dir/rosidl_typesupport_cpp/geometry_msgs/msg/quaternion__type_support.cpp.o[0m
[26.000s] [ 29%] [32mBuilding CXX object CMakeFiles/geometry_msgs__rosidl_typesupport_cpp.dir/rosidl_typesupport_cpp/geometry_msgs/msg/quaternion_stamped__type_support.cpp.o[0m
[26.309s] [ 30%] [32mBuilding CXX object CMakeFiles/geometry_msgs__rosidl_typesupport_cpp.dir/rosidl_typesupport_cpp/geometry_msgs/msg/transform__type_support.cpp.o[0m
[26.614s] [ 30%] [32mBuilding CXX object CMakeFiles/geometry_msgs__rosidl_typesupport_cpp.dir/rosidl_typesupport_cpp/geometry_msgs/msg/transform_stamped__type_support.cpp.o[0m
[26.919s] [ 30%] [32mBuilding CXX object CMakeFiles/geometry_msgs__rosidl_typesupport_cpp.dir/rosidl_typesupport_cpp/geometry_msgs/msg/twist__type_support.cpp.o[0m
[27.223s] [ 30%] [32mBuilding CXX object CMakeFiles/geometry_msgs__rosidl_typesupport_cpp.dir/rosidl_typesupport_cpp/geometry_msgs/msg/twist_stamped__type_support.cpp.o[0m
[27.542s] [ 31%] [32mBuilding CXX object CMakeFiles/geometry_msgs__rosidl_typesupport_cpp.dir/rosidl_typesupport_cpp/geometry_msgs/msg/twist_with_covariance__type_support.cpp.o[0m
[27.854s] [ 31%] [32mBuilding CXX object CMakeFiles/geometry_msgs__rosidl_typesupport_cpp.dir/rosidl_typesupport_cpp/geometry_msgs/msg/twist_with_covariance_stamped__type_support.cpp.o[0m
[28.156s] [ 31%] [32mBuilding CXX object CMakeFiles/geometry_msgs__rosidl_typesupport_cpp.dir/rosidl_typesupport_cpp/geometry_msgs/msg/vector3__type_support.cpp.o[0m
[28.473s] [ 31%] [32mBuilding CXX object CMakeFiles/geometry_msgs__rosidl_typesupport_cpp.dir/rosidl_typesupport_cpp/geometry_msgs/msg/vector3_stamped__type_support.cpp.o[0m
[28.784s] [ 32%] [32mBuilding CXX object CMakeFiles/geometry_msgs__rosidl_typesupport_cpp.dir/rosidl_typesupport_cpp/geometry_msgs/msg/velocity_stamped__type_support.cpp.o[0m
[29.089s] [ 32%] [32mBuilding CXX object CMakeFiles/geometry_msgs__rosidl_typesupport_cpp.dir/rosidl_typesupport_cpp/geometry_msgs/msg/wrench__type_support.cpp.o[0m
[29.399s] [ 32%] [32mBuilding CXX object CMakeFiles/geometry_msgs__rosidl_typesupport_cpp.dir/rosidl_typesupport_cpp/geometry_msgs/msg/wrench_stamped__type_support.cpp.o[0m
[29.710s] [ 32%] [32m[1mLinking CXX shared library libgeometry_msgs__rosidl_typesupport_cpp.so[0m
[29.777s] [ 32%] Built target geometry_msgs__rosidl_typesupport_cpp
[29.792s] [ 32%] [34m[1mGenerating C type support for eProsima Micro XRCE-DDS[0m
[29.870s] /opt/ros/jazzy/lib/python3.12/site-packages/rosidl_cmake/__init__.py:19: UserWarning: The 'rosidl_cmake' Python module is deprecated. Use 'rosidl_pycommon' instead.
[29.871s]   warnings.warn(
[31.767s] [ 33%] [32mBuilding C object CMakeFiles/geometry_msgs__rosidl_typesupport_microxrcedds_c.dir/rosidl_typesupport_microxrcedds_c/geometry_msgs/msg/detail/microxrcedds/accel__type_support_c.c.o[0m
[31.827s] [ 33%] [32mBuilding C object CMakeFiles/geometry_msgs__rosidl_typesupport_microxrcedds_c.dir/rosidl_typesupport_microxrcedds_c/geometry_msgs/msg/detail/microxrcedds/accel_stamped__type_support_c.c.o[0m
[31.889s] [ 33%] [32mBuilding C object CMakeFiles/geometry_msgs__rosidl_typesupport_microxrcedds_c.dir/rosidl_typesupport_microxrcedds_c/geometry_msgs/msg/detail/microxrcedds/accel_with_covariance__type_support_c.c.o[0m
[31.947s] [ 33%] [32mBuilding C object CMakeFiles/geometry_msgs__rosidl_typesupport_microxrcedds_c.dir/rosidl_typesupport_microxrcedds_c/geometry_msgs/msg/detail/microxrcedds/accel_with_covariance_stamped__type_support_c.c.o[0m
[32.005s] [ 34%] [32mBuilding C object CMakeFiles/geometry_msgs__rosidl_typesupport_microxrcedds_c.dir/rosidl_typesupport_microxrcedds_c/geometry_msgs/msg/detail/microxrcedds/inertia__type_support_c.c.o[0m
[32.065s] [ 34%] [32mBuilding C object CMakeFiles/geometry_msgs__rosidl_typesupport_microxrcedds_c.dir/rosidl_typesupport_microxrcedds_c/geometry_msgs/msg/detail/microxrcedds/inertia_stamped__type_support_c.c.o[0m
[32.127s] [ 34%] [32mBuilding C object CMakeFiles/geometry_msgs__rosidl_typesupport_microxrcedds_c.dir/rosidl_typesupport_microxrcedds_c/geometry_msgs/msg/detail/microxrcedds/point__type_support_c.c.o[0m
[32.185s] [ 34%] [32mBuilding C object CMakeFiles/geometry_msgs__rosidl_typesupport_microxrcedds_c.dir/rosidl_typesupport_microxrcedds_c/geometry_msgs/msg/detail/microxrcedds/point32__type_support_c.c.o[0m
[32.242s] [ 35%] [32mBuilding C object CMakeFiles/geometry_msgs__rosidl_typesupport_microxrcedds_c.dir/rosidl_typesupport_microxrcedds_c/geometry_msgs/msg/detail/microxrcedds/point_stamped__type_support_c.c.o[0m
[32.302s] [ 35%] [32mBuilding C object CMakeFiles/geometry_msgs__rosidl_typesupport_microxrcedds_c.dir/rosidl_typesupport_microxrcedds_c/geometry_msgs/msg/detail/microxrcedds/polygon__type_support_c.c.o[0m
[32.360s] [ 35%] [32mBuilding C object CMakeFiles/geometry_msgs__rosidl_typesupport_microxrcedds_c.dir/rosidl_typesupport_microxrcedds_c/geometry_msgs/msg/detail/microxrcedds/polygon_instance__type_support_c.c.o[0m
[32.419s] [ 35%] [32mBuilding C object CMakeFiles/geometry_msgs__rosidl_typesupport_microxrcedds_c.dir/rosidl_typesupport_microxrcedds_c/geometry_msgs/msg/detail/microxrcedds/polygon_instance_stamped__type_support_c.c.o[0m
[32.480s] [ 36%] [32mBuilding C object CMakeFiles/geometry_msgs__rosidl_typesupport_microxrcedds_c.dir/rosidl_typesupport_microxrcedds_c/geometry_msgs/msg/detail/microxrcedds/polygon_stamped__type_support_c.c.o[0m
[32.536s] [ 36%] [32mBuilding C object CMakeFiles/geometry_msgs__rosidl_typesupport_microxrcedds_c.dir/rosidl_typesupport_microxrcedds_c/geometry_msgs/msg/detail/microxrcedds/pose__type_support_c.c.o[0m
[32.595s] [ 36%] [32mBuilding C object CMakeFiles/geometry_msgs__rosidl_typesupport_microxrcedds_c.dir/rosidl_typesupport_microxrcedds_c/geometry_msgs/msg/detail/microxrcedds/pose2_d__type_support_c.c.o[0m
[32.655s] [ 36%] [32mBuilding C object CMakeFiles/geometry_msgs__rosidl_typesupport_microxrcedds_c.dir/rosidl_typesupport_microxrcedds_c/geometry_msgs/msg/detail/microxrcedds/pose_array__type_support_c.c.o[0m
[32.718s] [ 36%] [32mBuilding C object CMakeFiles/geometry_msgs__rosidl_typesupport_microxrcedds_c.dir/rosidl_typesupport_microxrcedds_c/geometry_msgs/msg/detail/microxrcedds/pose_stamped__type_support_c.c.o[0m
[32.778s] [ 37%] [32mBuilding C object CMakeFiles/geometry_msgs__rosidl_typesupport_microxrcedds_c.dir/rosidl_typesupport_microxrcedds_c/geometry_msgs/msg/detail/microxrcedds/pose_with_covariance__type_support_c.c.o[0m
[32.838s] [ 37%] [32mBuilding C object CMakeFiles/geometry_msgs__rosidl_typesupport_microxrcedds_c.dir/rosidl_typesupport_microxrcedds_c/geometry_msgs/msg/detail/microxrcedds/pose_with_covariance_stamped__type_support_c.c.o[0m
[32.900s] [ 37%] [32mBuilding C object CMakeFiles/geometry_msgs__rosidl_typesupport_microxrcedds_c.dir/rosidl_typesupport_microxrcedds_c/geometry_msgs/msg/detail/microxrcedds/quaternion__type_support_c.c.o[0m
[32.957s] [ 37%] [32mBuilding C object CMakeFiles/geometry_msgs__rosidl_typesupport_microxrcedds_c.dir/rosidl_typesupport_microxrcedds_c/geometry_msgs/msg/detail/microxrcedds/quaternion_stamped__type_support_c.c.o[0m
[33.017s] [ 38%] [32mBuilding C object CMakeFiles/geometry_msgs__rosidl_typesupport_microxrcedds_c.dir/rosidl_typesupport_microxrcedds_c/geometry_msgs/msg/detail/microxrcedds/transform__type_support_c.c.o[0m
[33.077s] [ 38%] [32mBuilding C object CMakeFiles/geometry_msgs__rosidl_typesupport_microxrcedds_c.dir/rosidl_typesupport_microxrcedds_c/geometry_msgs/msg/detail/microxrcedds/transform_stamped__type_support_c.c.o[0m
[33.139s] [ 38%] [32mBuilding C object CMakeFiles/geometry_msgs__rosidl_typesupport_microxrcedds_c.dir/rosidl_typesupport_microxrcedds_c/geometry_msgs/msg/detail/microxrcedds/twist__type_support_c.c.o[0m
[33.199s] [ 38%] [32mBuilding C object CMakeFiles/geometry_msgs__rosidl_typesupport_microxrcedds_c.dir/rosidl_typesupport_microxrcedds_c/geometry_msgs/msg/detail/microxrcedds/twist_stamped__type_support_c.c.o[0m
[33.258s] [ 39%] [32mBuilding C object CMakeFiles/geometry_msgs__rosidl_typesupport_microxrcedds_c.dir/rosidl_typesupport_microxrcedds_c/geometry_msgs/msg/detail/microxrcedds/twist_with_covariance__type_support_c.c.o[0m
[33.323s] [ 39%] [32mBuilding C object CMakeFiles/geometry_msgs__rosidl_typesupport_microxrcedds_c.dir/rosidl_typesupport_microxrcedds_c/geometry_msgs/msg/detail/microxrcedds/twist_with_covariance_stamped__type_support_c.c.o[0m
[33.378s] [ 39%] [32mBuilding C object CMakeFiles/geometry_msgs__rosidl_typesupport_microxrcedds_c.dir/rosidl_typesupport_microxrcedds_c/geometry_msgs/msg/detail/microxrcedds/vector3__type_support_c.c.o[0m
[33.437s] [ 39%] [32mBuilding C object CMakeFiles/geometry_msgs__rosidl_typesupport_microxrcedds_c.dir/rosidl_typesupport_microxrcedds_c/geometry_msgs/msg/detail/microxrcedds/vector3_stamped__type_support_c.c.o[0m
[33.495s] [ 40%] [32mBuilding C object CMakeFiles/geometry_msgs__rosidl_typesupport_microxrcedds_c.dir/rosidl_typesupport_microxrcedds_c/geometry_msgs/msg/detail/microxrcedds/velocity_stamped__type_support_c.c.o[0m
[33.554s] [ 40%] [32mBuilding C object CMakeFiles/geometry_msgs__rosidl_typesupport_microxrcedds_c.dir/rosidl_typesupport_microxrcedds_c/geometry_msgs/msg/detail/microxrcedds/wrench__type_support_c.c.o[0m
[33.611s] [ 40%] [32mBuilding C object CMakeFiles/geometry_msgs__rosidl_typesupport_microxrcedds_c.dir/rosidl_typesupport_microxrcedds_c/geometry_msgs/msg/detail/microxrcedds/wrench_stamped__type_support_c.c.o[0m
[33.670s] [ 40%] [32m[1mLinking C shared library libgeometry_msgs__rosidl_typesupport_microxrcedds_c.so[0m
[33.734s] [ 40%] Built target geometry_msgs__rosidl_typesupport_microxrcedds_c
[33.748s] [ 41%] [34m[1mGenerating C type support for eProsima Fast-RTPS[0m
[36.087s] [ 41%] [32mBuilding CXX object CMakeFiles/geometry_msgs__rosidl_typesupport_fastrtps_c.dir/rosidl_typesupport_fastrtps_c/geometry_msgs/msg/detail/accel__type_support_c.cpp.o[0m
[36.535s] [ 41%] [32mBuilding CXX object CMakeFiles/geometry_msgs__rosidl_typesupport_fastrtps_c.dir/rosidl_typesupport_fastrtps_c/geometry_msgs/msg/detail/accel_stamped__type_support_c.cpp.o[0m
[36.970s] [ 41%] [32mBuilding CXX object CMakeFiles/geometry_msgs__rosidl_typesupport_fastrtps_c.dir/rosidl_typesupport_fastrtps_c/geometry_msgs/msg/detail/accel_with_covariance__type_support_c.cpp.o[0m
[37.410s] [ 42%] [32mBuilding CXX object CMakeFiles/geometry_msgs__rosidl_typesupport_fastrtps_c.dir/rosidl_typesupport_fastrtps_c/geometry_msgs/msg/detail/accel_with_covariance_stamped__type_support_c.cpp.o[0m
[37.881s] [ 42%] [32mBuilding CXX object CMakeFiles/geometry_msgs__rosidl_typesupport_fastrtps_c.dir/rosidl_typesupport_fastrtps_c/geometry_msgs/msg/detail/inertia__type_support_c.cpp.o[0m
[38.526s] [ 42%] [32mBuilding CXX object CMakeFiles/geometry_msgs__rosidl_typesupport_fastrtps_c.dir/rosidl_typesupport_fastrtps_c/geometry_msgs/msg/detail/inertia_stamped__type_support_c.cpp.o[0m
[38.987s] [ 42%] [32mBuilding CXX object CMakeFiles/geometry_msgs__rosidl_typesupport_fastrtps_c.dir/rosidl_typesupport_fastrtps_c/geometry_msgs/msg/detail/point__type_support_c.cpp.o[0m
[39.446s] [ 42%] [32mBuilding CXX object CMakeFiles/geometry_msgs__rosidl_typesupport_fastrtps_c.dir/rosidl_typesupport_fastrtps_c/geometry_msgs/msg/detail/point32__type_support_c.cpp.o[0m
[39.912s] [ 43%] [32mBuilding CXX object CMakeFiles/geometry_msgs__rosidl_typesupport_fastrtps_c.dir/rosidl_typesupport_fastrtps_c/geometry_msgs/msg/detail/point_stamped__type_support_c.cpp.o[0m
[40.375s] [ 43%] [32mBuilding CXX object CMakeFiles/geometry_msgs__rosidl_typesupport_fastrtps_c.dir/rosidl_typesupport_fastrtps_c/geometry_msgs/msg/detail/polygon__type_support_c.cpp.o[0m
[40.845s] [ 43%] [32mBuilding CXX object CMakeFiles/geometry_msgs__rosidl_typesupport_fastrtps_c.dir/rosidl_typesupport_fastrtps_c/geometry_msgs/msg/detail/polygon_instance__type_support_c.cpp.o[0m
[41.281s] [ 43%] [32mBuilding CXX object CMakeFiles/geometry_msgs__rosidl_typesupport_fastrtps_c.dir/rosidl_typesupport_fastrtps_c/geometry_msgs/msg/detail/polygon_instance_stamped__type_support_c.cpp.o[0m
[41.725s] [ 44%] [32mBuilding CXX object CMakeFiles/geometry_msgs__rosidl_typesupport_fastrtps_c.dir/rosidl_typesupport_fastrtps_c/geometry_msgs/msg/detail/polygon_stamped__type_support_c.cpp.o[0m
[42.170s] [ 44%] [32mBuilding CXX object CMakeFiles/geometry_msgs__rosidl_typesupport_fastrtps_c.dir/rosidl_typesupport_fastrtps_c/geometry_msgs/msg/detail/pose__type_support_c.cpp.o[0m
[42.608s] [ 44%] [32mBuilding CXX object CMakeFiles/geometry_msgs__rosidl_typesupport_fastrtps_c.dir/rosidl_typesupport_fastrtps_c/geometry_msgs/msg/detail/pose2_d__type_support_c.cpp.o[0m
[43.043s] [ 44%] [32mBuilding CXX object CMakeFiles/geometry_msgs__rosidl_typesupport_fastrtps_c.dir/rosidl_typesupport_fastrtps_c/geometry_msgs/msg/detail/pose_array__type_support_c.cpp.o[0m
[43.500s] [ 45%] [32mBuilding CXX object CMakeFiles/geometry_msgs__rosidl_typesupport_fastrtps_c.dir/rosidl_typesupport_fastrtps_c/geometry_msgs/msg/detail/pose_stamped__type_support_c.cpp.o[0m
[43.955s] [ 45%] [32mBuilding CXX object CMakeFiles/geometry_msgs__rosidl_typesupport_fastrtps_c.dir/rosidl_typesupport_fastrtps_c/geometry_msgs/msg/detail/pose_with_covariance__type_support_c.cpp.o[0m
[44.401s] [ 45%] [32mBuilding CXX object CMakeFiles/geometry_msgs__rosidl_typesupport_fastrtps_c.dir/rosidl_typesupport_fastrtps_c/geometry_msgs/msg/detail/pose_with_covariance_stamped__type_support_c.cpp.o[0m
[44.839s] [ 45%] [32mBuilding CXX object CMakeFiles/geometry_msgs__rosidl_typesupport_fastrtps_c.dir/rosidl_typesupport_fastrtps_c/geometry_msgs/msg/detail/quaternion__type_support_c.cpp.o[0m
[45.280s] [ 46%] [32mBuilding CXX object CMakeFiles/geometry_msgs__rosidl_typesupport_fastrtps_c.dir/rosidl_typesupport_fastrtps_c/geometry_msgs/msg/detail/quaternion_stamped__type_support_c.cpp.o[0m
[45.730s] [ 46%] [32mBuilding CXX object CMakeFiles/geometry_msgs__rosidl_typesupport_fastrtps_c.dir/rosidl_typesupport_fastrtps_c/geometry_msgs/msg/detail/transform__type_support_c.cpp.o[0m
[46.172s] [ 46%] [32mBuilding CXX object CMakeFiles/geometry_msgs__rosidl_typesupport_fastrtps_c.dir/rosidl_typesupport_fastrtps_c/geometry_msgs/msg/detail/transform_stamped__type_support_c.cpp.o[0m
[46.606s] [ 46%] [32mBuilding CXX object CMakeFiles/geometry_msgs__rosidl_typesupport_fastrtps_c.dir/rosidl_typesupport_fastrtps_c/geometry_msgs/msg/detail/twist__type_support_c.cpp.o[0m
[47.037s] [ 47%] [32mBuilding CXX object CMakeFiles/geometry_msgs__rosidl_typesupport_fastrtps_c.dir/rosidl_typesupport_fastrtps_c/geometry_msgs/msg/detail/twist_stamped__type_support_c.cpp.o[0m
[47.479s] [ 47%] [32mBuilding CXX object CMakeFiles/geometry_msgs__rosidl_typesupport_fastrtps_c.dir/rosidl_typesupport_fastrtps_c/geometry_msgs/msg/detail/twist_with_covariance__type_support_c.cpp.o[0m
[47.918s] [ 47%] [32mBuilding CXX object CMakeFiles/geometry_msgs__rosidl_typesupport_fastrtps_c.dir/rosidl_typesupport_fastrtps_c/geometry_msgs/msg/detail/twist_with_covariance_stamped__type_support_c.cpp.o[0m
[48.347s] [ 47%] [32mBuilding CXX object CMakeFiles/geometry_msgs__rosidl_typesupport_fastrtps_c.dir/rosidl_typesupport_fastrtps_c/geometry_msgs/msg/detail/vector3__type_support_c.cpp.o[0m
[48.789s] [ 48%] [32mBuilding CXX object CMakeFiles/geometry_msgs__rosidl_typesupport_fastrtps_c.dir/rosidl_typesupport_fastrtps_c/geometry_msgs/msg/detail/vector3_stamped__type_support_c.cpp.o[0m
[49.235s] [ 48%] [32mBuilding CXX object CMakeFiles/geometry_msgs__rosidl_typesupport_fastrtps_c.dir/rosidl_typesupport_fastrtps_c/geometry_msgs/msg/detail/velocity_stamped__type_support_c.cpp.o[0m
[49.689s] [ 48%] [32mBuilding CXX object CMakeFiles/geometry_msgs__rosidl_typesupport_fastrtps_c.dir/rosidl_typesupport_fastrtps_c/geometry_msgs/msg/detail/wrench__type_support_c.cpp.o[0m
[50.142s] [ 48%] [32mBuilding CXX object CMakeFiles/geometry_msgs__rosidl_typesupport_fastrtps_c.dir/rosidl_typesupport_fastrtps_c/geometry_msgs/msg/detail/wrench_stamped__type_support_c.cpp.o[0m
[50.582s] [ 49%] [32m[1mLinking CXX shared library libgeometry_msgs__rosidl_typesupport_fastrtps_c.so[0m
[50.682s] [ 49%] Built target geometry_msgs__rosidl_typesupport_fastrtps_c
[50.699s] [ 49%] [34m[1mGenerating C introspection for ROS interfaces[0m
[52.668s] [ 49%] [32mBuilding C object CMakeFiles/geometry_msgs__rosidl_typesupport_introspection_c.dir/rosidl_typesupport_introspection_c/geometry_msgs/msg/detail/accel__type_support.c.o[0m
[52.713s] [ 49%] [32mBuilding C object CMakeFiles/geometry_msgs__rosidl_typesupport_introspection_c.dir/rosidl_typesupport_introspection_c/geometry_msgs/msg/detail/accel_stamped__type_support.c.o[0m
[52.762s] [ 50%] [32mBuilding C object CMakeFiles/geometry_msgs__rosidl_typesupport_introspection_c.dir/rosidl_typesupport_introspection_c/geometry_msgs/msg/detail/accel_with_covariance__type_support.c.o[0m
[52.816s] [ 50%] [32mBuilding C object CMakeFiles/geometry_msgs__rosidl_typesupport_introspection_c.dir/rosidl_typesupport_introspection_c/geometry_msgs/msg/detail/accel_with_covariance_stamped__type_support.c.o[0m
[52.869s] [ 50%] [32mBuilding C object CMakeFiles/geometry_msgs__rosidl_typesupport_introspection_c.dir/rosidl_typesupport_introspection_c/geometry_msgs/msg/detail/inertia__type_support.c.o[0m
[52.914s] [ 50%] [32mBuilding C object CMakeFiles/geometry_msgs__rosidl_typesupport_introspection_c.dir/rosidl_typesupport_introspection_c/geometry_msgs/msg/detail/inertia_stamped__type_support.c.o[0m
[52.968s] [ 51%] [32mBuilding C object CMakeFiles/geometry_msgs__rosidl_typesupport_introspection_c.dir/rosidl_typesupport_introspection_c/geometry_msgs/msg/detail/point__type_support.c.o[0m
[53.013s] [ 51%] [32mBuilding C object CMakeFiles/geometry_msgs__rosidl_typesupport_introspection_c.dir/rosidl_typesupport_introspection_c/geometry_msgs/msg/detail/point32__type_support.c.o[0m
[53.058s] [ 51%] [32mBuilding C object CMakeFiles/geometry_msgs__rosidl_typesupport_introspection_c.dir/rosidl_typesupport_introspection_c/geometry_msgs/msg/detail/point_stamped__type_support.c.o[0m
[53.101s] [ 51%] [32mBuilding C object CMakeFiles/geometry_msgs__rosidl_typesupport_introspection_c.dir/rosidl_typesupport_introspection_c/geometry_msgs/msg/detail/polygon__type_support.c.o[0m
[53.149s] [ 52%] [32mBuilding C object CMakeFiles/geometry_msgs__rosidl_typesupport_introspection_c.dir/rosidl_typesupport_introspection_c/geometry_msgs/msg/detail/polygon_instance__type_support.c.o[0m
[53.196s] [ 52%] [32mBuilding C object CMakeFiles/geometry_msgs__rosidl_typesupport_introspection_c.dir/rosidl_typesupport_introspection_c/geometry_msgs/msg/detail/polygon_instance_stamped__type_support.c.o[0m
[53.240s] [ 52%] [32mBuilding C object CMakeFiles/geometry_msgs__rosidl_typesupport_introspection_c.dir/rosidl_typesupport_introspection_c/geometry_msgs/msg/detail/polygon_stamped__type_support.c.o[0m
[53.285s] [ 52%] [32mBuilding C object CMakeFiles/geometry_msgs__rosidl_typesupport_introspection_c.dir/rosidl_typesupport_introspection_c/geometry_msgs/msg/detail/pose__type_support.c.o[0m
[53.331s] [ 53%] [32mBuilding C object CMakeFiles/geometry_msgs__rosidl_typesupport_introspection_c.dir/rosidl_typesupport_introspection_c/geometry_msgs/msg/detail/pose2_d__type_support.c.o[0m
[53.379s] [ 53%] [32mBuilding C object CMakeFiles/geometry_msgs__rosidl_typesupport_introspection_c.dir/rosidl_typesupport_introspection_c/geometry_msgs/msg/detail/pose_array__type_support.c.o[0m
[53.426s] [ 53%] [32mBuilding C object CMakeFiles/geometry_msgs__rosidl_typesupport_introspection_c.dir/rosidl_typesupport_introspection_c/geometry_msgs/msg/detail/pose_stamped__type_support.c.o[0m
[53.470s] [ 53%] [32mBuilding C object CMakeFiles/geometry_msgs__rosidl_typesupport_introspection_c.dir/rosidl_typesupport_introspection_c/geometry_msgs/msg/detail/pose_with_covariance__type_support.c.o[0m
[53.514s] [ 54%] [32mBuilding C object CMakeFiles/geometry_msgs__rosidl_typesupport_introspection_c.dir/rosidl_typesupport_introspection_c/geometry_msgs/msg/detail/pose_with_covariance_stamped__type_support.c.o[0m
[53.560s] [ 54%] [32mBuilding C object CMakeFiles/geometry_msgs__rosidl_typesupport_introspection_c.dir/rosidl_typesupport_introspection_c/geometry_msgs/msg/detail/quaternion__type_support.c.o[0m
[53.602s] [ 54%] [32mBuilding C object CMakeFiles/geometry_msgs__rosidl_typesupport_introspection_c.dir/rosidl_typesupport_introspection_c/geometry_msgs/msg/detail/quaternion_stamped__type_support.c.o[0m
[53.645s] [ 54%] [32mBuilding C object CMakeFiles/geometry_msgs__rosidl_typesupport_introspection_c.dir/rosidl_typesupport_introspection_c/geometry_msgs/msg/detail/transform__type_support.c.o[0m
[53.688s] [ 55%] [32mBuilding C object CMakeFiles/geometry_msgs__rosidl_typesupport_introspection_c.dir/rosidl_typesupport_introspection_c/geometry_msgs/msg/detail/transform_stamped__type_support.c.o[0m
[53.734s] [ 55%] [32mBuilding C object CMakeFiles/geometry_msgs__rosidl_typesupport_introspection_c.dir/rosidl_typesupport_introspection_c/geometry_msgs/msg/detail/twist__type_support.c.o[0m
[53.776s] [ 55%] [32mBuilding C object CMakeFiles/geometry_msgs__rosidl_typesupport_introspection_c.dir/rosidl_typesupport_introspection_c/geometry_msgs/msg/detail/twist_stamped__type_support.c.o[0m
[53.823s] [ 55%] [32mBuilding C object CMakeFiles/geometry_msgs__rosidl_typesupport_introspection_c.dir/rosidl_typesupport_introspection_c/geometry_msgs/msg/detail/twist_with_covariance__type_support.c.o[0m
[53.870s] [ 55%] [32mBuilding C object CMakeFiles/geometry_msgs__rosidl_typesupport_introspection_c.dir/rosidl_typesupport_introspection_c/geometry_msgs/msg/detail/twist_with_covariance_stamped__type_support.c.o[0m
[53.916s] [ 56%] [32mBuilding C object CMakeFiles/geometry_msgs__rosidl_typesupport_introspection_c.dir/rosidl_typesupport_introspection_c/geometry_msgs/msg/detail/vector3__type_support.c.o[0m
[53.957s] [ 56%] [32mBuilding C object CMakeFiles/geometry_msgs__rosidl_typesupport_introspection_c.dir/rosidl_typesupport_introspection_c/geometry_msgs/msg/detail/vector3_stamped__type_support.c.o[0m
[54.002s] [ 56%] [32mBuilding C object CMakeFiles/geometry_msgs__rosidl_typesupport_introspection_c.dir/rosidl_typesupport_introspection_c/geometry_msgs/msg/detail/velocity_stamped__type_support.c.o[0m
[54.050s] [ 56%] [32mBuilding C object CMakeFiles/geometry_msgs__rosidl_typesupport_introspection_c.dir/rosidl_typesupport_introspection_c/geometry_msgs/msg/detail/wrench__type_support.c.o[0m
[54.098s] [ 57%] [32mBuilding C object CMakeFiles/geometry_msgs__rosidl_typesupport_introspection_c.dir/rosidl_typesupport_introspection_c/geometry_msgs/msg/detail/wrench_stamped__type_support.c.o[0m
[54.141s] [ 57%] [32m[1mLinking C shared library libgeometry_msgs__rosidl_typesupport_introspection_c.so[0m
[54.189s] [ 57%] Built target geometry_msgs__rosidl_typesupport_introspection_c
[54.205s] [ 57%] [34m[1mGenerating C type support dispatch for ROS interfaces[0m
[55.508s] [ 57%] [32mBuilding CXX object CMakeFiles/geometry_msgs__rosidl_typesupport_c.dir/rosidl_typesupport_c/geometry_msgs/msg/accel__type_support.cpp.o[0m
[55.558s] [ 58%] [32mBuilding CXX object CMakeFiles/geometry_msgs__rosidl_typesupport_c.dir/rosidl_typesupport_c/geometry_msgs/msg/accel_stamped__type_support.cpp.o[0m
[55.611s] [ 58%] [32mBuilding CXX object CMakeFiles/geometry_msgs__rosidl_typesupport_c.dir/rosidl_typesupport_c/geometry_msgs/msg/accel_with_covariance__type_support.cpp.o[0m
[55.661s] [ 58%] [32mBuilding CXX object CMakeFiles/geometry_msgs__rosidl_typesupport_c.dir/rosidl_typesupport_c/geometry_msgs/msg/accel_with_covariance_stamped__type_support.cpp.o[0m
[55.712s] [ 58%] [32mBuilding CXX object CMakeFiles/geometry_msgs__rosidl_typesupport_c.dir/rosidl_typesupport_c/geometry_msgs/msg/inertia__type_support.cpp.o[0m
[55.763s] [ 59%] [32mBuilding CXX object CMakeFiles/geometry_msgs__rosidl_typesupport_c.dir/rosidl_typesupport_c/geometry_msgs/msg/inertia_stamped__type_support.cpp.o[0m
[55.816s] [ 59%] [32mBuilding CXX object CMakeFiles/geometry_msgs__rosidl_typesupport_c.dir/rosidl_typesupport_c/geometry_msgs/msg/point__type_support.cpp.o[0m
[55.868s] [ 59%] [32mBuilding CXX object CMakeFiles/geometry_msgs__rosidl_typesupport_c.dir/rosidl_typesupport_c/geometry_msgs/msg/point32__type_support.cpp.o[0m
[55.926s] [ 59%] [32mBuilding CXX object CMakeFiles/geometry_msgs__rosidl_typesupport_c.dir/rosidl_typesupport_c/geometry_msgs/msg/point_stamped__type_support.cpp.o[0m
[55.977s] [ 60%] [32mBuilding CXX object CMakeFiles/geometry_msgs__rosidl_typesupport_c.dir/rosidl_typesupport_c/geometry_msgs/msg/polygon__type_support.cpp.o[0m
[56.032s] [ 60%] [32mBuilding CXX object CMakeFiles/geometry_msgs__rosidl_typesupport_c.dir/rosidl_typesupport_c/geometry_msgs/msg/polygon_instance__type_support.cpp.o[0m
[56.089s] [ 60%] [32mBuilding CXX object CMakeFiles/geometry_msgs__rosidl_typesupport_c.dir/rosidl_typesupport_c/geometry_msgs/msg/polygon_instance_stamped__type_support.cpp.o[0m
[56.142s] [ 60%] [32mBuilding CXX object CMakeFiles/geometry_msgs__rosidl_typesupport_c.dir/rosidl_typesupport_c/geometry_msgs/msg/polygon_stamped__type_support.cpp.o[0m
[56.196s] [ 60%] [32mBuilding CXX object CMakeFiles/geometry_msgs__rosidl_typesupport_c.dir/rosidl_typesupport_c/geometry_msgs/msg/pose__type_support.cpp.o[0m
[56.246s] [ 61%] [32mBuilding CXX object CMakeFiles/geometry_msgs__rosidl_typesupport_c.dir/rosidl_typesupport_c/geometry_msgs/msg/pose2_d__type_support.cpp.o[0m
[56.298s] [ 61%] [32mBuilding CXX object CMakeFiles/geometry_msgs__rosidl_typesupport_c.dir/rosidl_typesupport_c/geometry_msgs/msg/pose_array__type_support.cpp.o[0m
[56.350s] [ 61%] [32mBuilding CXX object CMakeFiles/geometry_msgs__rosidl_typesupport_c.dir/rosidl_typesupport_c/geometry_msgs/msg/pose_stamped__type_support.cpp.o[0m
[56.418s] [ 61%] [32mBuilding CXX object CMakeFiles/geometry_msgs__rosidl_typesupport_c.dir/rosidl_typesupport_c/geometry_msgs/msg/pose_with_covariance__type_support.cpp.o[0m
[56.468s] [ 62%] [32mBuilding CXX object CMakeFiles/geometry_msgs__rosidl_typesupport_c.dir/rosidl_typesupport_c/geometry_msgs/msg/pose_with_covariance_stamped__type_support.cpp.o[0m
[56.527s] [ 62%] [32mBuilding CXX object CMakeFiles/geometry_msgs__rosidl_typesupport_c.dir/rosidl_typesupport_c/geometry_msgs/msg/quaternion__type_support.cpp.o[0m
[56.577s] [ 62%] [32mBuilding CXX object CMakeFiles/geometry_msgs__rosidl_typesupport_c.dir/rosidl_typesupport_c/geometry_msgs/msg/quaternion_stamped__type_support.cpp.o[0m
[56.630s] [ 62%] [32mBuilding CXX object CMakeFiles/geometry_msgs__rosidl_typesupport_c.dir/rosidl_typesupport_c/geometry_msgs/msg/transform__type_support.cpp.o[0m
[56.681s] [ 63%] [32mBuilding CXX object CMakeFiles/geometry_msgs__rosidl_typesupport_c.dir/rosidl_typesupport_c/geometry_msgs/msg/transform_stamped__type_support.cpp.o[0m
[56.734s] [ 63%] [32mBuilding CXX object CMakeFiles/geometry_msgs__rosidl_typesupport_c.dir/rosidl_typesupport_c/geometry_msgs/msg/twist__type_support.cpp.o[0m
[56.787s] [ 63%] [32mBuilding CXX object CMakeFiles/geometry_msgs__rosidl_typesupport_c.dir/rosidl_typesupport_c/geometry_msgs/msg/twist_stamped__type_support.cpp.o[0m
[56.840s] [ 63%] [32mBuilding CXX object CMakeFiles/geometry_msgs__rosidl_typesupport_c.dir/rosidl_typesupport_c/geometry_msgs/msg/twist_with_covariance__type_support.cpp.o[0m
[56.891s] [ 64%] [32mBuilding CXX object CMakeFiles/geometry_msgs__rosidl_typesupport_c.dir/rosidl_typesupport_c/geometry_msgs/msg/twist_with_covariance_stamped__type_support.cpp.o[0m
[56.941s] [ 64%] [32mBuilding CXX object CMakeFiles/geometry_msgs__rosidl_typesupport_c.dir/rosidl_typesupport_c/geometry_msgs/msg/vector3__type_support.cpp.o[0m
[56.992s] [ 64%] [32mBuilding CXX object CMakeFiles/geometry_msgs__rosidl_typesupport_c.dir/rosidl_typesupport_c/geometry_msgs/msg/vector3_stamped__type_support.cpp.o[0m
[57.045s] [ 64%] [32mBuilding CXX object CMakeFiles/geometry_msgs__rosidl_typesupport_c.dir/rosidl_typesupport_c/geometry_msgs/msg/velocity_stamped__type_support.cpp.o[0m
[57.106s] [ 65%] [32mBuilding CXX object CMakeFiles/geometry_msgs__rosidl_typesupport_c.dir/rosidl_typesupport_c/geometry_msgs/msg/wrench__type_support.cpp.o[0m
[57.165s] [ 65%] [32mBuilding CXX object CMakeFiles/geometry_msgs__rosidl_typesupport_c.dir/rosidl_typesupport_c/geometry_msgs/msg/wrench_stamped__type_support.cpp.o[0m
[57.222s] [ 65%] [32m[1mLinking CXX shared library libgeometry_msgs__rosidl_typesupport_c.so[0m
[57.290s] [ 65%] Built target geometry_msgs__rosidl_typesupport_c
[57.314s] [ 66%] [34m[1mGenerating C++ type support for eProsima Micro XRCE-DDS[0m
[57.399s] /opt/ros/jazzy/lib/python3.12/site-packages/rosidl_cmake/__init__.py:19: UserWarning: The 'rosidl_cmake' Python module is deprecated. Use 'rosidl_pycommon' instead.
[57.399s]   warnings.warn(
[59.423s] [ 66%] [32mBuilding CXX object CMakeFiles/geometry_msgs__rosidl_typesupport_microxrcedds_cpp.dir/rosidl_typesupport_microxrcedds_cpp/geometry_msgs/msg/detail/microxrcedds/accel__type_support_cpp.cpp.o[0m
[59.720s] [01m[K/home/rasp/ros2_ws/build/geometry_msgs/rosidl_typesupport_microxrcedds_cpp/geometry_msgs/msg/detail/microxrcedds/accel__type_support_cpp.cpp:231:1:[m[K [01;35m[Kwarning: [m[Kmissing initializer for member ‘[01m[Krosidl_message_type_support_t::get_type_hash_func[m[K’ [[01;35m[K]8;;https://gcc.gnu.org/onlinedocs/gcc/Warning-Options.html#index-Wmissing-field-initializers-Wmissing-field-initializers]8;;[m[K]
[59.720s]   231 | [01;35m[K}[m[K;
[59.720s]       | [01;35m[K^[m[K
[59.720s] [01m[K/home/rasp/ros2_ws/build/geometry_msgs/rosidl_typesupport_microxrcedds_cpp/geometry_msgs/msg/detail/microxrcedds/accel__type_support_cpp.cpp:231:1:[m[K [01;35m[Kwarning: [m[Kmissing initializer for member ‘[01m[Krosidl_message_type_support_t::get_type_description_func[m[K’ [[01;35m[K]8;;https://gcc.gnu.org/onlinedocs/gcc/Warning-Options.html#index-Wmissing-field-initializers-Wmissing-field-initializers]8;;[m[K]
[59.720s] [01m[K/home/rasp/ros2_ws/build/geometry_msgs/rosidl_typesupport_microxrcedds_cpp/geometry_msgs/msg/detail/microxrcedds/accel__type_support_cpp.cpp:231:1:[m[K [01;35m[Kwarning: [m[Kmissing initializer for member ‘[01m[Krosidl_message_type_support_t::get_type_description_sources_func[m[K’ [[01;35m[K]8;;https://gcc.gnu.org/onlinedocs/gcc/Warning-Options.html#index-Wmissing-field-initializers-Wmissing-field-initializers]8;;[m[K]
[59.780s] [ 66%] [32mBuilding CXX object CMakeFiles/geometry_msgs__rosidl_typesupport_microxrcedds_cpp.dir/rosidl_typesupport_microxrcedds_cpp/geometry_msgs/msg/detail/microxrcedds/accel_stamped__type_support_cpp.cpp.o[0m
[60.078s] [01m[K/home/rasp/ros2_ws/build/geometry_msgs/rosidl_typesupport_microxrcedds_cpp/geometry_msgs/msg/detail/microxrcedds/accel_stamped__type_support_cpp.cpp:231:1:[m[K [01;35m[Kwarning: [m[Kmissing initializer for member ‘[01m[Krosidl_message_type_support_t::get_type_hash_func[m[K’ [[01;35m[K]8;;https://gcc.gnu.org/onlinedocs/gcc/Warning-Options.html#index-Wmissing-field-initializers-Wmissing-field-initializers]8;;[m[K]
[60.078s]   231 | [01;35m[K}[m[K;
[60.078s]       | [01;35m[K^[m[K
[60.078s] [01m[K/home/rasp/ros2_ws/build/geometry_msgs/rosidl_typesupport_microxrcedds_cpp/geometry_msgs/msg/detail/microxrcedds/accel_stamped__type_support_cpp.cpp:231:1:[m[K [01;35m[Kwarning: [m[Kmissing initializer for member ‘[01m[Krosidl_message_type_support_t::get_type_description_func[m[K’ [[01;35m[K]8;;https://gcc.gnu.org/onlinedocs/gcc/Warning-Options.html#index-Wmissing-field-initializers-Wmissing-field-initializers]8;;[m[K]
[60.078s] [01m[K/home/rasp/ros2_ws/build/geometry_msgs/rosidl_typesupport_microxrcedds_cpp/geometry_msgs/msg/detail/microxrcedds/accel_stamped__type_support_cpp.cpp:231:1:[m[K [01;35m[Kwarning: [m[Kmissing initializer for member ‘[01m[Krosidl_message_type_support_t::get_type_description_sources_func[m[K’ [[01;35m[K]8;;https://gcc.gnu.org/onlinedocs/gcc/Warning-Options.html#index-Wmissing-field-initializers-Wmissing-field-initializers]8;;[m[K]
[60.136s] [ 66%] [32mBuilding CXX object CMakeFiles/geometry_msgs__rosidl_typesupport_microxrcedds_cpp.dir/rosidl_typesupport_microxrcedds_cpp/geometry_msgs/msg/detail/microxrcedds/accel_with_covariance__type_support_cpp.cpp.o[0m
[60.433s] [01m[K/home/rasp/ros2_ws/build/geometry_msgs/rosidl_typesupport_microxrcedds_cpp/geometry_msgs/msg/detail/microxrcedds/accel_with_covariance__type_support_cpp.cpp:210:1:[m[K [01;35m[Kwarning: [m[Kmissing initializer for member ‘[01m[Krosidl_message_type_support_t::get_type_hash_func[m[K’ [[01;35m[K]8;;https://gcc.gnu.org/onlinedocs/gcc/Warning-Options.html#index-Wmissing-field-initializers-Wmissing-field-initializers]8;;[m[K]
[60.433s]   210 | [01;35m[K}[m[K;
[60.433s]       | [01;35m[K^[m[K
[60.433s] [01m[K/home/rasp/ros2_ws/build/geometry_msgs/rosidl_typesupport_microxrcedds_cpp/geometry_msgs/msg/detail/microxrcedds/accel_with_covariance__type_support_cpp.cpp:210:1:[m[K [01;35m[Kwarning: [m[Kmissing initializer for member ‘[01m[Krosidl_message_type_support_t::get_type_description_func[m[K’ [[01;35m[K]8;;https://gcc.gnu.org/onlinedocs/gcc/Warning-Options.html#index-Wmissing-field-initializers-Wmissing-field-initializers]8;;[m[K]
[60.433s] [01m[K/home/rasp/ros2_ws/build/geometry_msgs/rosidl_typesupport_microxrcedds_cpp/geometry_msgs/msg/detail/microxrcedds/accel_with_covariance__type_support_cpp.cpp:210:1:[m[K [01;35m[Kwarning: [m[Kmissing initializer for member ‘[01m[Krosidl_message_type_support_t::get_type_description_sources_func[m[K’ [[01;35m[K]8;;https://gcc.gnu.org/onlinedocs/gcc/Warning-Options.html#index-Wmissing-field-initializers-Wmissing-field-initializers]8;;[m[K]
[60.488s] [ 67%] [32mBuilding CXX object CMakeFiles/geometry_msgs__rosidl_typesupport_microxrcedds_cpp.dir/rosidl_typesupport_microxrcedds_cpp/geometry_msgs/msg/detail/microxrcedds/accel_with_covariance_stamped__type_support_cpp.cpp.o[0m
[60.760s] [01m[K/home/rasp/ros2_ws/build/geometry_msgs/rosidl_typesupport_microxrcedds_cpp/geometry_msgs/msg/detail/microxrcedds/accel_with_covariance_stamped__type_support_cpp.cpp:231:1:[m[K [01;35m[Kwarning: [m[Kmissing initializer for member ‘[01m[Krosidl_message_type_support_t::get_type_hash_func[m[K’ [[01;35m[K]8;;https://gcc.gnu.org/onlinedocs/gcc/Warning-Options.html#index-Wmissing-field-initializers-Wmissing-field-initializers]8;;[m[K]
[60.761s]   231 | [01;35m[K}[m[K;
[60.761s]       | [01;35m[K^[m[K
[60.761s] [01m[K/home/rasp/ros2_ws/build/geometry_msgs/rosidl_typesupport_microxrcedds_cpp/geometry_msgs/msg/detail/microxrcedds/accel_with_covariance_stamped__type_support_cpp.cpp:231:1:[m[K [01;35m[Kwarning: [m[Kmissing initializer for member ‘[01m[Krosidl_message_type_support_t::get_type_description_func[m[K’ [[01;35m[K]8;;https://gcc.gnu.org/onlinedocs/gcc/Warning-Options.html#index-Wmissing-field-initializers-Wmissing-field-initializers]8;;[m[K]
[60.761s] [01m[K/home/rasp/ros2_ws/build/geometry_msgs/rosidl_typesupport_microxrcedds_cpp/geometry_msgs/msg/detail/microxrcedds/accel_with_covariance_stamped__type_support_cpp.cpp:231:1:[m[K [01;35m[Kwarning: [m[Kmissing initializer for member ‘[01m[Krosidl_message_type_support_t::get_type_description_sources_func[m[K’ [[01;35m[K]8;;https://gcc.gnu.org/onlinedocs/gcc/Warning-Options.html#index-Wmissing-field-initializers-Wmissing-field-initializers]8;;[m[K]
[60.816s] [ 67%] [32mBuilding CXX object CMakeFiles/geometry_msgs__rosidl_typesupport_microxrcedds_cpp.dir/rosidl_typesupport_microxrcedds_cpp/geometry_msgs/msg/detail/microxrcedds/inertia__type_support_cpp.cpp.o[0m
[61.097s] [01m[K/home/rasp/ros2_ws/build/geometry_msgs/rosidl_typesupport_microxrcedds_cpp/geometry_msgs/msg/detail/microxrcedds/inertia__type_support_cpp.cpp:266:1:[m[K [01;35m[Kwarning: [m[Kmissing initializer for member ‘[01m[Krosidl_message_type_support_t::get_type_hash_func[m[K’ [[01;35m[K]8;;https://gcc.gnu.org/onlinedocs/gcc/Warning-Options.html#index-Wmissing-field-initializers-Wmissing-field-initializers]8;;[m[K]
[61.097s]   266 | [01;35m[K}[m[K;
[61.097s]       | [01;35m[K^[m[K
[61.099s] [01m[K/home/rasp/ros2_ws/build/geometry_msgs/rosidl_typesupport_microxrcedds_cpp/geometry_msgs/msg/detail/microxrcedds/inertia__type_support_cpp.cpp:266:1:[m[K [01;35m[Kwarning: [m[Kmissing initializer for member ‘[01m[Krosidl_message_type_support_t::get_type_description_func[m[K’ [[01;35m[K]8;;https://gcc.gnu.org/onlinedocs/gcc/Warning-Options.html#index-Wmissing-field-initializers-Wmissing-field-initializers]8;;[m[K]
[61.099s] [01m[K/home/rasp/ros2_ws/build/geometry_msgs/rosidl_typesupport_microxrcedds_cpp/geometry_msgs/msg/detail/microxrcedds/inertia__type_support_cpp.cpp:266:1:[m[K [01;35m[Kwarning: [m[Kmissing initializer for member ‘[01m[Krosidl_message_type_support_t::get_type_description_sources_func[m[K’ [[01;35m[K]8;;https://gcc.gnu.org/onlinedocs/gcc/Warning-Options.html#index-Wmissing-field-initializers-Wmissing-field-initializers]8;;[m[K]
[61.153s] [ 67%] [32mBuilding CXX object CMakeFiles/geometry_msgs__rosidl_typesupport_microxrcedds_cpp.dir/rosidl_typesupport_microxrcedds_cpp/geometry_msgs/msg/detail/microxrcedds/inertia_stamped__type_support_cpp.cpp.o[0m
[61.434s] [01m[K/home/rasp/ros2_ws/build/geometry_msgs/rosidl_typesupport_microxrcedds_cpp/geometry_msgs/msg/detail/microxrcedds/inertia_stamped__type_support_cpp.cpp:231:1:[m[K [01;35m[Kwarning: [m[Kmissing initializer for member ‘[01m[Krosidl_message_type_support_t::get_type_hash_func[m[K’ [[01;35m[K]8;;https://gcc.gnu.org/onlinedocs/gcc/Warning-Options.html#index-Wmissing-field-initializers-Wmissing-field-initializers]8;;[m[K]
[61.434s]   231 | [01;35m[K}[m[K;
[61.434s]       | [01;35m[K^[m[K
[61.435s] [01m[K/home/rasp/ros2_ws/build/geometry_msgs/rosidl_typesupport_microxrcedds_cpp/geometry_msgs/msg/detail/microxrcedds/inertia_stamped__type_support_cpp.cpp:231:1:[m[K [01;35m[Kwarning: [m[Kmissing initializer for member ‘[01m[Krosidl_message_type_support_t::get_type_description_func[m[K’ [[01;35m[K]8;;https://gcc.gnu.org/onlinedocs/gcc/Warning-Options.html#index-Wmissing-field-initializers-Wmissing-field-initializers]8;;[m[K]
[61.436s] [01m[K/home/rasp/ros2_ws/build/geometry_msgs/rosidl_typesupport_microxrcedds_cpp/geometry_msgs/msg/detail/microxrcedds/inertia_stamped__type_support_cpp.cpp:231:1:[m[K [01;35m[Kwarning: [m[Kmissing initializer for member ‘[01m[Krosidl_message_type_support_t::get_type_description_sources_func[m[K’ [[01;35m[K]8;;https://gcc.gnu.org/onlinedocs/gcc/Warning-Options.html#index-Wmissing-field-initializers-Wmissing-field-initializers]8;;[m[K]
[61.489s] [ 67%] [32mBuilding CXX object CMakeFiles/geometry_msgs__rosidl_typesupport_microxrcedds_cpp.dir/rosidl_typesupport_microxrcedds_cpp/geometry_msgs/msg/detail/microxrcedds/point__type_support_cpp.cpp.o[0m
[61.760s] [01m[K/home/rasp/ros2_ws/build/geometry_msgs/rosidl_typesupport_microxrcedds_cpp/geometry_msgs/msg/detail/microxrcedds/point__type_support_cpp.cpp:180:1:[m[K [01;35m[Kwarning: [m[Kmissing initializer for member ‘[01m[Krosidl_message_type_support_t::get_type_hash_func[m[K’ [[01;35m[K]8;;https://gcc.gnu.org/onlinedocs/gcc/Warning-Options.html#index-Wmissing-field-initializers-Wmissing-field-initializers]8;;[m[K]
[61.760s]   180 | [01;35m[K}[m[K;
[61.760s]       | [01;35m[K^[m[K
[61.760s] [01m[K/home/rasp/ros2_ws/build/geometry_msgs/rosidl_typesupport_microxrcedds_cpp/geometry_msgs/msg/detail/microxrcedds/point__type_support_cpp.cpp:180:1:[m[K [01;35m[Kwarning: [m[Kmissing initializer for member ‘[01m[Krosidl_message_type_support_t::get_type_description_func[m[K’ [[01;35m[K]8;;https://gcc.gnu.org/onlinedocs/gcc/Warning-Options.html#index-Wmissing-field-initializers-Wmissing-field-initializers]8;;[m[K]
[61.760s] [01m[K/home/rasp/ros2_ws/build/geometry_msgs/rosidl_typesupport_microxrcedds_cpp/geometry_msgs/msg/detail/microxrcedds/point__type_support_cpp.cpp:180:1:[m[K [01;35m[Kwarning: [m[Kmissing initializer for member ‘[01m[Krosidl_message_type_support_t::get_type_description_sources_func[m[K’ [[01;35m[K]8;;https://gcc.gnu.org/onlinedocs/gcc/Warning-Options.html#index-Wmissing-field-initializers-Wmissing-field-initializers]8;;[m[K]
[61.814s] [ 68%] [32mBuilding CXX object CMakeFiles/geometry_msgs__rosidl_typesupport_microxrcedds_cpp.dir/rosidl_typesupport_microxrcedds_cpp/geometry_msgs/msg/detail/microxrcedds/point32__type_support_cpp.cpp.o[0m
[62.097s] [01m[K/home/rasp/ros2_ws/build/geometry_msgs/rosidl_typesupport_microxrcedds_cpp/geometry_msgs/msg/detail/microxrcedds/point32__type_support_cpp.cpp:180:1:[m[K [01;35m[Kwarning: [m[Kmissing initializer for member ‘[01m[Krosidl_message_type_support_t::get_type_hash_func[m[K’ [[01;35m[K]8;;https://gcc.gnu.org/onlinedocs/gcc/Warning-Options.html#index-Wmissing-field-initializers-Wmissing-field-initializers]8;;[m[K]
[62.098s]   180 | [01;35m[K}[m[K;
[62.098s]       | [01;35m[K^[m[K
[62.098s] [01m[K/home/rasp/ros2_ws/build/geometry_msgs/rosidl_typesupport_microxrcedds_cpp/geometry_msgs/msg/detail/microxrcedds/point32__type_support_cpp.cpp:180:1:[m[K [01;35m[Kwarning: [m[Kmissing initializer for member ‘[01m[Krosidl_message_type_support_t::get_type_description_func[m[K’ [[01;35m[K]8;;https://gcc.gnu.org/onlinedocs/gcc/Warning-Options.html#index-Wmissing-field-initializers-Wmissing-field-initializers]8;;[m[K]
[62.098s] [01m[K/home/rasp/ros2_ws/build/geometry_msgs/rosidl_typesupport_microxrcedds_cpp/geometry_msgs/msg/detail/microxrcedds/point32__type_support_cpp.cpp:180:1:[m[K [01;35m[Kwarning: [m[Kmissing initializer for member ‘[01m[Krosidl_message_type_support_t::get_type_description_sources_func[m[K’ [[01;35m[K]8;;https://gcc.gnu.org/onlinedocs/gcc/Warning-Options.html#index-Wmissing-field-initializers-Wmissing-field-initializers]8;;[m[K]
[62.160s] [ 68%] [32mBuilding CXX object CMakeFiles/geometry_msgs__rosidl_typesupport_microxrcedds_cpp.dir/rosidl_typesupport_microxrcedds_cpp/geometry_msgs/msg/detail/microxrcedds/point_stamped__type_support_cpp.cpp.o[0m
[62.442s] [01m[K/home/rasp/ros2_ws/build/geometry_msgs/rosidl_typesupport_microxrcedds_cpp/geometry_msgs/msg/detail/microxrcedds/point_stamped__type_support_cpp.cpp:231:1:[m[K [01;35m[Kwarning: [m[Kmissing initializer for member ‘[01m[Krosidl_message_type_support_t::get_type_hash_func[m[K’ [[01;35m[K]8;;https://gcc.gnu.org/onlinedocs/gcc/Warning-Options.html#index-Wmissing-field-initializers-Wmissing-field-initializers]8;;[m[K]
[62.444s]   231 | [01;35m[K}[m[K;
[62.444s]       | [01;35m[K^[m[K
[62.444s] [01m[K/home/rasp/ros2_ws/build/geometry_msgs/rosidl_typesupport_microxrcedds_cpp/geometry_msgs/msg/detail/microxrcedds/point_stamped__type_support_cpp.cpp:231:1:[m[K [01;35m[Kwarning: [m[Kmissing initializer for member ‘[01m[Krosidl_message_type_support_t::get_type_description_func[m[K’ [[01;35m[K]8;;https://gcc.gnu.org/onlinedocs/gcc/Warning-Options.html#index-Wmissing-field-initializers-Wmissing-field-initializers]8;;[m[K]
[62.444s] [01m[K/home/rasp/ros2_ws/build/geometry_msgs/rosidl_typesupport_microxrcedds_cpp/geometry_msgs/msg/detail/microxrcedds/point_stamped__type_support_cpp.cpp:231:1:[m[K [01;35m[Kwarning: [m[Kmissing initializer for member ‘[01m[Krosidl_message_type_support_t::get_type_description_sources_func[m[K’ [[01;35m[K]8;;https://gcc.gnu.org/onlinedocs/gcc/Warning-Options.html#index-Wmissing-field-initializers-Wmissing-field-initializers]8;;[m[K]
[62.499s] [ 68%] [32mBuilding CXX object CMakeFiles/geometry_msgs__rosidl_typesupport_microxrcedds_cpp.dir/rosidl_typesupport_microxrcedds_cpp/geometry_msgs/msg/detail/microxrcedds/polygon__type_support_cpp.cpp.o[0m
[62.772s] [01m[K/home/rasp/ros2_ws/build/geometry_msgs/rosidl_typesupport_microxrcedds_cpp/geometry_msgs/msg/detail/microxrcedds/polygon__type_support_cpp.cpp:217:1:[m[K [01;35m[Kwarning: [m[Kmissing initializer for member ‘[01m[Krosidl_message_type_support_t::get_type_hash_func[m[K’ [[01;35m[K]8;;https://gcc.gnu.org/onlinedocs/gcc/Warning-Options.html#index-Wmissing-field-initializers-Wmissing-field-initializers]8;;[m[K]
[62.772s]   217 | [01;35m[K}[m[K;
[62.772s]       | [01;35m[K^[m[K
[62.772s] [01m[K/home/rasp/ros2_ws/build/geometry_msgs/rosidl_typesupport_microxrcedds_cpp/geometry_msgs/msg/detail/microxrcedds/polygon__type_support_cpp.cpp:217:1:[m[K [01;35m[Kwarning: [m[Kmissing initializer for member ‘[01m[Krosidl_message_type_support_t::get_type_description_func[m[K’ [[01;35m[K]8;;https://gcc.gnu.org/onlinedocs/gcc/Warning-Options.html#index-Wmissing-field-initializers-Wmissing-field-initializers]8;;[m[K]
[62.773s] [01m[K/home/rasp/ros2_ws/build/geometry_msgs/rosidl_typesupport_microxrcedds_cpp/geometry_msgs/msg/detail/microxrcedds/polygon__type_support_cpp.cpp:217:1:[m[K [01;35m[Kwarning: [m[Kmissing initializer for member ‘[01m[Krosidl_message_type_support_t::get_type_description_sources_func[m[K’ [[01;35m[K]8;;https://gcc.gnu.org/onlinedocs/gcc/Warning-Options.html#index-Wmissing-field-initializers-Wmissing-field-initializers]8;;[m[K]
[62.850s] [ 68%] [32mBuilding CXX object CMakeFiles/geometry_msgs__rosidl_typesupport_microxrcedds_cpp.dir/rosidl_typesupport_microxrcedds_cpp/geometry_msgs/msg/detail/microxrcedds/polygon_instance__type_support_cpp.cpp.o[0m
[63.130s] [01m[K/home/rasp/ros2_ws/build/geometry_msgs/rosidl_typesupport_microxrcedds_cpp/geometry_msgs/msg/detail/microxrcedds/polygon_instance__type_support_cpp.cpp:200:1:[m[K [01;35m[Kwarning: [m[Kmissing initializer for member ‘[01m[Krosidl_message_type_support_t::get_type_hash_func[m[K’ [[01;35m[K]8;;https://gcc.gnu.org/onlinedocs/gcc/Warning-Options.html#index-Wmissing-field-initializers-Wmissing-field-initializers]8;;[m[K]
[63.133s]   200 | [01;35m[K}[m[K;
[63.133s]       | [01;35m[K^[m[K
[63.133s] [01m[K/home/rasp/ros2_ws/build/geometry_msgs/rosidl_typesupport_microxrcedds_cpp/geometry_msgs/msg/detail/microxrcedds/polygon_instance__type_support_cpp.cpp:200:1:[m[K [01;35m[Kwarning: [m[Kmissing initializer for member ‘[01m[Krosidl_message_type_support_t::get_type_description_func[m[K’ [[01;35m[K]8;;https://gcc.gnu.org/onlinedocs/gcc/Warning-Options.html#index-Wmissing-field-initializers-Wmissing-field-initializers]8;;[m[K]
[63.133s] [01m[K/home/rasp/ros2_ws/build/geometry_msgs/rosidl_typesupport_microxrcedds_cpp/geometry_msgs/msg/detail/microxrcedds/polygon_instance__type_support_cpp.cpp:200:1:[m[K [01;35m[Kwarning: [m[Kmissing initializer for member ‘[01m[Krosidl_message_type_support_t::get_type_description_sources_func[m[K’ [[01;35m[K]8;;https://gcc.gnu.org/onlinedocs/gcc/Warning-Options.html#index-Wmissing-field-initializers-Wmissing-field-initializers]8;;[m[K]
[63.190s] [ 68%] [32mBuilding CXX object CMakeFiles/geometry_msgs__rosidl_typesupport_microxrcedds_cpp.dir/rosidl_typesupport_microxrcedds_cpp/geometry_msgs/msg/detail/microxrcedds/polygon_instance_stamped__type_support_cpp.cpp.o[0m
[63.476s] [01m[K/home/rasp/ros2_ws/build/geometry_msgs/rosidl_typesupport_microxrcedds_cpp/geometry_msgs/msg/detail/microxrcedds/polygon_instance_stamped__type_support_cpp.cpp:231:1:[m[K [01;35m[Kwarning: [m[Kmissing initializer for member ‘[01m[Krosidl_message_type_support_t::get_type_hash_func[m[K’ [[01;35m[K]8;;https://gcc.gnu.org/onlinedocs/gcc/Warning-Options.html#index-Wmissing-field-initializers-Wmissing-field-initializers]8;;[m[K]
[63.476s]   231 | [01;35m[K}[m[K;
[63.476s]       | [01;35m[K^[m[K
[63.477s] [01m[K/home/rasp/ros2_ws/build/geometry_msgs/rosidl_typesupport_microxrcedds_cpp/geometry_msgs/msg/detail/microxrcedds/polygon_instance_stamped__type_support_cpp.cpp:231:1:[m[K [01;35m[Kwarning: [m[Kmissing initializer for member ‘[01m[Krosidl_message_type_support_t::get_type_description_func[m[K’ [[01;35m[K]8;;https://gcc.gnu.org/onlinedocs/gcc/Warning-Options.html#index-Wmissing-field-initializers-Wmissing-field-initializers]8;;[m[K]
[63.477s] [01m[K/home/rasp/ros2_ws/build/geometry_msgs/rosidl_typesupport_microxrcedds_cpp/geometry_msgs/msg/detail/microxrcedds/polygon_instance_stamped__type_support_cpp.cpp:231:1:[m[K [01;35m[Kwarning: [m[Kmissing initializer for member ‘[01m[Krosidl_message_type_support_t::get_type_description_sources_func[m[K’ [[01;35m[K]8;;https://gcc.gnu.org/onlinedocs/gcc/Warning-Options.html#index-Wmissing-field-initializers-Wmissing-field-initializers]8;;[m[K]
[63.530s] [ 69%] [32mBuilding CXX object CMakeFiles/geometry_msgs__rosidl_typesupport_microxrcedds_cpp.dir/rosidl_typesupport_microxrcedds_cpp/geometry_msgs/msg/detail/microxrcedds/polygon_stamped__type_support_cpp.cpp.o[0m
[63.815s] [01m[K/home/rasp/ros2_ws/build/geometry_msgs/rosidl_typesupport_microxrcedds_cpp/geometry_msgs/msg/detail/microxrcedds/polygon_stamped__type_support_cpp.cpp:231:1:[m[K [01;35m[Kwarning: [m[Kmissing initializer for member ‘[01m[Krosidl_message_type_support_t::get_type_hash_func[m[K’ [[01;35m[K]8;;https://gcc.gnu.org/onlinedocs/gcc/Warning-Options.html#index-Wmissing-field-initializers-Wmissing-field-initializers]8;;[m[K]
[63.815s]   231 | [01;35m[K}[m[K;
[63.815s]       | [01;35m[K^[m[K
[63.815s] [01m[K/home/rasp/ros2_ws/build/geometry_msgs/rosidl_typesupport_microxrcedds_cpp/geometry_msgs/msg/detail/microxrcedds/polygon_stamped__type_support_cpp.cpp:231:1:[m[K [01;35m[Kwarning: [m[Kmissing initializer for member ‘[01m[Krosidl_message_type_support_t::get_type_description_func[m[K’ [[01;35m[K]8;;https://gcc.gnu.org/onlinedocs/gcc/Warning-Options.html#index-Wmissing-field-initializers-Wmissing-field-initializers]8;;[m[K]
[63.816s] [01m[K/home/rasp/ros2_ws/build/geometry_msgs/rosidl_typesupport_microxrcedds_cpp/geometry_msgs/msg/detail/microxrcedds/polygon_stamped__type_support_cpp.cpp:231:1:[m[K [01;35m[Kwarning: [m[Kmissing initializer for member ‘[01m[Krosidl_message_type_support_t::get_type_description_sources_func[m[K’ [[01;35m[K]8;;https://gcc.gnu.org/onlinedocs/gcc/Warning-Options.html#index-Wmissing-field-initializers-Wmissing-field-initializers]8;;[m[K]
[63.873s] [ 69%] [32mBuilding CXX object CMakeFiles/geometry_msgs__rosidl_typesupport_microxrcedds_cpp.dir/rosidl_typesupport_microxrcedds_cpp/geometry_msgs/msg/detail/microxrcedds/pose__type_support_cpp.cpp.o[0m
[64.153s] [01m[K/home/rasp/ros2_ws/build/geometry_msgs/rosidl_typesupport_microxrcedds_cpp/geometry_msgs/msg/detail/microxrcedds/pose__type_support_cpp.cpp:231:1:[m[K [01;35m[Kwarning: [m[Kmissing initializer for member ‘[01m[Krosidl_message_type_support_t::get_type_hash_func[m[K’ [[01;35m[K]8;;https://gcc.gnu.org/onlinedocs/gcc/Warning-Options.html#index-Wmissing-field-initializers-Wmissing-field-initializers]8;;[m[K]
[64.154s]   231 | [01;35m[K}[m[K;
[64.154s]       | [01;35m[K^[m[K
[64.154s] [01m[K/home/rasp/ros2_ws/build/geometry_msgs/rosidl_typesupport_microxrcedds_cpp/geometry_msgs/msg/detail/microxrcedds/pose__type_support_cpp.cpp:231:1:[m[K [01;35m[Kwarning: [m[Kmissing initializer for member ‘[01m[Krosidl_message_type_support_t::get_type_description_func[m[K’ [[01;35m[K]8;;https://gcc.gnu.org/onlinedocs/gcc/Warning-Options.html#index-Wmissing-field-initializers-Wmissing-field-initializers]8;;[m[K]
[64.154s] [01m[K/home/rasp/ros2_ws/build/geometry_msgs/rosidl_typesupport_microxrcedds_cpp/geometry_msgs/msg/detail/microxrcedds/pose__type_support_cpp.cpp:231:1:[m[K [01;35m[Kwarning: [m[Kmissing initializer for member ‘[01m[Krosidl_message_type_support_t::get_type_description_sources_func[m[K’ [[01;35m[K]8;;https://gcc.gnu.org/onlinedocs/gcc/Warning-Options.html#index-Wmissing-field-initializers-Wmissing-field-initializers]8;;[m[K]
[64.210s] [ 69%] [32mBuilding CXX object CMakeFiles/geometry_msgs__rosidl_typesupport_microxrcedds_cpp.dir/rosidl_typesupport_microxrcedds_cpp/geometry_msgs/msg/detail/microxrcedds/pose2_d__type_support_cpp.cpp.o[0m
[64.492s] [01m[K/home/rasp/ros2_ws/build/geometry_msgs/rosidl_typesupport_microxrcedds_cpp/geometry_msgs/msg/detail/microxrcedds/pose2_d__type_support_cpp.cpp:180:1:[m[K [01;35m[Kwarning: [m[Kmissing initializer for member ‘[01m[Krosidl_message_type_support_t::get_type_hash_func[m[K’ [[01;35m[K]8;;https://gcc.gnu.org/onlinedocs/gcc/Warning-Options.html#index-Wmissing-field-initializers-Wmissing-field-initializers]8;;[m[K]
[64.492s]   180 | [01;35m[K}[m[K;
[64.492s]       | [01;35m[K^[m[K
[64.492s] [01m[K/home/rasp/ros2_ws/build/geometry_msgs/rosidl_typesupport_microxrcedds_cpp/geometry_msgs/msg/detail/microxrcedds/pose2_d__type_support_cpp.cpp:180:1:[m[K [01;35m[Kwarning: [m[Kmissing initializer for member ‘[01m[Krosidl_message_type_support_t::get_type_description_func[m[K’ [[01;35m[K]8;;https://gcc.gnu.org/onlinedocs/gcc/Warning-Options.html#index-Wmissing-field-initializers-Wmissing-field-initializers]8;;[m[K]
[64.492s] [01m[K/home/rasp/ros2_ws/build/geometry_msgs/rosidl_typesupport_microxrcedds_cpp/geometry_msgs/msg/detail/microxrcedds/pose2_d__type_support_cpp.cpp:180:1:[m[K [01;35m[Kwarning: [m[Kmissing initializer for member ‘[01m[Krosidl_message_type_support_t::get_type_description_sources_func[m[K’ [[01;35m[K]8;;https://gcc.gnu.org/onlinedocs/gcc/Warning-Options.html#index-Wmissing-field-initializers-Wmissing-field-initializers]8;;[m[K]
[64.546s] [ 69%] [32mBuilding CXX object CMakeFiles/geometry_msgs__rosidl_typesupport_microxrcedds_cpp.dir/rosidl_typesupport_microxrcedds_cpp/geometry_msgs/msg/detail/microxrcedds/pose_array__type_support_cpp.cpp.o[0m
[64.830s] [01m[K/home/rasp/ros2_ws/build/geometry_msgs/rosidl_typesupport_microxrcedds_cpp/geometry_msgs/msg/detail/microxrcedds/pose_array__type_support_cpp.cpp:259:1:[m[K [01;35m[Kwarning: [m[Kmissing initializer for member ‘[01m[Krosidl_message_type_support_t::get_type_hash_func[m[K’ [[01;35m[K]8;;https://gcc.gnu.org/onlinedocs/gcc/Warning-Options.html#index-Wmissing-field-initializers-Wmissing-field-initializers]8;;[m[K]
[64.830s]   259 | [01;35m[K}[m[K;
[64.830s]       | [01;35m[K^[m[K
[64.830s] [01m[K/home/rasp/ros2_ws/build/geometry_msgs/rosidl_typesupport_microxrcedds_cpp/geometry_msgs/msg/detail/microxrcedds/pose_array__type_support_cpp.cpp:259:1:[m[K [01;35m[Kwarning: [m[Kmissing initializer for member ‘[01m[Krosidl_message_type_support_t::get_type_description_func[m[K’ [[01;35m[K]8;;https://gcc.gnu.org/onlinedocs/gcc/Warning-Options.html#index-Wmissing-field-initializers-Wmissing-field-initializers]8;;[m[K]
[64.832s] [01m[K/home/rasp/ros2_ws/build/geometry_msgs/rosidl_typesupport_microxrcedds_cpp/geometry_msgs/msg/detail/microxrcedds/pose_array__type_support_cpp.cpp:259:1:[m[K [01;35m[Kwarning: [m[Kmissing initializer for member ‘[01m[Krosidl_message_type_support_t::get_type_description_sources_func[m[K’ [[01;35m[K]8;;https://gcc.gnu.org/onlinedocs/gcc/Warning-Options.html#index-Wmissing-field-initializers-Wmissing-field-initializers]8;;[m[K]
[64.912s] [ 70%] [32mBuilding CXX object CMakeFiles/geometry_msgs__rosidl_typesupport_microxrcedds_cpp.dir/rosidl_typesupport_microxrcedds_cpp/geometry_msgs/msg/detail/microxrcedds/pose_stamped__type_support_cpp.cpp.o[0m
[65.207s] [01m[K/home/rasp/ros2_ws/build/geometry_msgs/rosidl_typesupport_microxrcedds_cpp/geometry_msgs/msg/detail/microxrcedds/pose_stamped__type_support_cpp.cpp:231:1:[m[K [01;35m[Kwarning: [m[Kmissing initializer for member ‘[01m[Krosidl_message_type_support_t::get_type_hash_func[m[K’ [[01;35m[K]8;;https://gcc.gnu.org/onlinedocs/gcc/Warning-Options.html#index-Wmissing-field-initializers-Wmissing-field-initializers]8;;[m[K]
[65.207s]   231 | [01;35m[K}[m[K;
[65.207s]       | [01;35m[K^[m[K
[65.207s] [01m[K/home/rasp/ros2_ws/build/geometry_msgs/rosidl_typesupport_microxrcedds_cpp/geometry_msgs/msg/detail/microxrcedds/pose_stamped__type_support_cpp.cpp:231:1:[m[K [01;35m[Kwarning: [m[Kmissing initializer for member ‘[01m[Krosidl_message_type_support_t::get_type_description_func[m[K’ [[01;35m[K]8;;https://gcc.gnu.org/onlinedocs/gcc/Warning-Options.html#index-Wmissing-field-initializers-Wmissing-field-initializers]8;;[m[K]
[65.208s] [01m[K/home/rasp/ros2_ws/build/geometry_msgs/rosidl_typesupport_microxrcedds_cpp/geometry_msgs/msg/detail/microxrcedds/pose_stamped__type_support_cpp.cpp:231:1:[m[K [01;35m[Kwarning: [m[Kmissing initializer for member ‘[01m[Krosidl_message_type_support_t::get_type_description_sources_func[m[K’ [[01;35m[K]8;;https://gcc.gnu.org/onlinedocs/gcc/Warning-Options.html#index-Wmissing-field-initializers-Wmissing-field-initializers]8;;[m[K]
[65.263s] [ 70%] [32mBuilding CXX object CMakeFiles/geometry_msgs__rosidl_typesupport_microxrcedds_cpp.dir/rosidl_typesupport_microxrcedds_cpp/geometry_msgs/msg/detail/microxrcedds/pose_with_covariance__type_support_cpp.cpp.o[0m
[65.551s] [01m[K/home/rasp/ros2_ws/build/geometry_msgs/rosidl_typesupport_microxrcedds_cpp/geometry_msgs/msg/detail/microxrcedds/pose_with_covariance__type_support_cpp.cpp:210:1:[m[K [01;35m[Kwarning: [m[Kmissing initializer for member ‘[01m[Krosidl_message_type_support_t::get_type_hash_func[m[K’ [[01;35m[K]8;;https://gcc.gnu.org/onlinedocs/gcc/Warning-Options.html#index-Wmissing-field-initializers-Wmissing-field-initializers]8;;[m[K]
[65.551s]   210 | [01;35m[K}[m[K;
[65.551s]       | [01;35m[K^[m[K
[65.552s] [01m[K/home/rasp/ros2_ws/build/geometry_msgs/rosidl_typesupport_microxrcedds_cpp/geometry_msgs/msg/detail/microxrcedds/pose_with_covariance__type_support_cpp.cpp:210:1:[m[K [01;35m[Kwarning: [m[Kmissing initializer for member ‘[01m[Krosidl_message_type_support_t::get_type_description_func[m[K’ [[01;35m[K]8;;https://gcc.gnu.org/onlinedocs/gcc/Warning-Options.html#index-Wmissing-field-initializers-Wmissing-field-initializers]8;;[m[K]
[65.552s] [01m[K/home/rasp/ros2_ws/build/geometry_msgs/rosidl_typesupport_microxrcedds_cpp/geometry_msgs/msg/detail/microxrcedds/pose_with_covariance__type_support_cpp.cpp:210:1:[m[K [01;35m[Kwarning: [m[Kmissing initializer for member ‘[01m[Krosidl_message_type_support_t::get_type_description_sources_func[m[K’ [[01;35m[K]8;;https://gcc.gnu.org/onlinedocs/gcc/Warning-Options.html#index-Wmissing-field-initializers-Wmissing-field-initializers]8;;[m[K]
[65.606s] [ 70%] [32mBuilding CXX object CMakeFiles/geometry_msgs__rosidl_typesupport_microxrcedds_cpp.dir/rosidl_typesupport_microxrcedds_cpp/geometry_msgs/msg/detail/microxrcedds/pose_with_covariance_stamped__type_support_cpp.cpp.o[0m
[65.896s] [01m[K/home/rasp/ros2_ws/build/geometry_msgs/rosidl_typesupport_microxrcedds_cpp/geometry_msgs/msg/detail/microxrcedds/pose_with_covariance_stamped__type_support_cpp.cpp:231:1:[m[K [01;35m[Kwarning: [m[Kmissing initializer for member ‘[01m[Krosidl_message_type_support_t::get_type_hash_func[m[K’ [[01;35m[K]8;;https://gcc.gnu.org/onlinedocs/gcc/Warning-Options.html#index-Wmissing-field-initializers-Wmissing-field-initializers]8;;[m[K]
[65.896s]   231 | [01;35m[K}[m[K;
[65.896s]       | [01;35m[K^[m[K
[65.897s] [01m[K/home/rasp/ros2_ws/build/geometry_msgs/rosidl_typesupport_microxrcedds_cpp/geometry_msgs/msg/detail/microxrcedds/pose_with_covariance_stamped__type_support_cpp.cpp:231:1:[m[K [01;35m[Kwarning: [m[Kmissing initializer for member ‘[01m[Krosidl_message_type_support_t::get_type_description_func[m[K’ [[01;35m[K]8;;https://gcc.gnu.org/onlinedocs/gcc/Warning-Options.html#index-Wmissing-field-initializers-Wmissing-field-initializers]8;;[m[K]
[65.897s] [01m[K/home/rasp/ros2_ws/build/geometry_msgs/rosidl_typesupport_microxrcedds_cpp/geometry_msgs/msg/detail/microxrcedds/pose_with_covariance_stamped__type_support_cpp.cpp:231:1:[m[K [01;35m[Kwarning: [m[Kmissing initializer for member ‘[01m[Krosidl_message_type_support_t::get_type_description_sources_func[m[K’ [[01;35m[K]8;;https://gcc.gnu.org/onlinedocs/gcc/Warning-Options.html#index-Wmissing-field-initializers-Wmissing-field-initializers]8;;[m[K]
[65.949s] [ 70%] [32mBuilding CXX object CMakeFiles/geometry_msgs__rosidl_typesupport_microxrcedds_cpp.dir/rosidl_typesupport_microxrcedds_cpp/geometry_msgs/msg/detail/microxrcedds/quaternion__type_support_cpp.cpp.o[0m
[66.232s] [01m[K/home/rasp/ros2_ws/build/geometry_msgs/rosidl_typesupport_microxrcedds_cpp/geometry_msgs/msg/detail/microxrcedds/quaternion__type_support_cpp.cpp:191:1:[m[K [01;35m[Kwarning: [m[Kmissing initializer for member ‘[01m[Krosidl_message_type_support_t::get_type_hash_func[m[K’ [[01;35m[K]8;;https://gcc.gnu.org/onlinedocs/gcc/Warning-Options.html#index-Wmissing-field-initializers-Wmissing-field-initializers]8;;[m[K]
[66.232s]   191 | [01;35m[K}[m[K;
[66.232s]       | [01;35m[K^[m[K
[66.232s] [01m[K/home/rasp/ros2_ws/build/geometry_msgs/rosidl_typesupport_microxrcedds_cpp/geometry_msgs/msg/detail/microxrcedds/quaternion__type_support_cpp.cpp:191:1:[m[K [01;35m[Kwarning: [m[Kmissing initializer for member ‘[01m[Krosidl_message_type_support_t::get_type_description_func[m[K’ [[01;35m[K]8;;https://gcc.gnu.org/onlinedocs/gcc/Warning-Options.html#index-Wmissing-field-initializers-Wmissing-field-initializers]8;;[m[K]
[66.232s] [01m[K/home/rasp/ros2_ws/build/geometry_msgs/rosidl_typesupport_microxrcedds_cpp/geometry_msgs/msg/detail/microxrcedds/quaternion__type_support_cpp.cpp:191:1:[m[K [01;35m[Kwarning: [m[Kmissing initializer for member ‘[01m[Krosidl_message_type_support_t::get_type_description_sources_func[m[K’ [[01;35m[K]8;;https://gcc.gnu.org/onlinedocs/gcc/Warning-Options.html#index-Wmissing-field-initializers-Wmissing-field-initializers]8;;[m[K]
[66.292s] [ 71%] [32mBuilding CXX object CMakeFiles/geometry_msgs__rosidl_typesupport_microxrcedds_cpp.dir/rosidl_typesupport_microxrcedds_cpp/geometry_msgs/msg/detail/microxrcedds/quaternion_stamped__type_support_cpp.cpp.o[0m
[66.582s] [01m[K/home/rasp/ros2_ws/build/geometry_msgs/rosidl_typesupport_microxrcedds_cpp/geometry_msgs/msg/detail/microxrcedds/quaternion_stamped__type_support_cpp.cpp:231:1:[m[K [01;35m[Kwarning: [m[Kmissing initializer for member ‘[01m[Krosidl_message_type_support_t::get_type_hash_func[m[K’ [[01;35m[K]8;;https://gcc.gnu.org/onlinedocs/gcc/Warning-Options.html#index-Wmissing-field-initializers-Wmissing-field-initializers]8;;[m[K]
[66.582s]   231 | [01;35m[K}[m[K;
[66.582s]       | [01;35m[K^[m[K
[66.585s] [01m[K/home/rasp/ros2_ws/build/geometry_msgs/rosidl_typesupport_microxrcedds_cpp/geometry_msgs/msg/detail/microxrcedds/quaternion_stamped__type_support_cpp.cpp:231:1:[m[K [01;35m[Kwarning: [m[Kmissing initializer for member ‘[01m[Krosidl_message_type_support_t::get_type_description_func[m[K’ [[01;35m[K]8;;https://gcc.gnu.org/onlinedocs/gcc/Warning-Options.html#index-Wmissing-field-initializers-Wmissing-field-initializers]8;;[m[K]
[66.585s] [01m[K/home/rasp/ros2_ws/build/geometry_msgs/rosidl_typesupport_microxrcedds_cpp/geometry_msgs/msg/detail/microxrcedds/quaternion_stamped__type_support_cpp.cpp:231:1:[m[K [01;35m[Kwarning: [m[Kmissing initializer for member ‘[01m[Krosidl_message_type_support_t::get_type_description_sources_func[m[K’ [[01;35m[K]8;;https://gcc.gnu.org/onlinedocs/gcc/Warning-Options.html#index-Wmissing-field-initializers-Wmissing-field-initializers]8;;[m[K]
[66.636s] [ 71%] [32mBuilding CXX object CMakeFiles/geometry_msgs__rosidl_typesupport_microxrcedds_cpp.dir/rosidl_typesupport_microxrcedds_cpp/geometry_msgs/msg/detail/microxrcedds/transform__type_support_cpp.cpp.o[0m
[66.927s] [01m[K/home/rasp/ros2_ws/build/geometry_msgs/rosidl_typesupport_microxrcedds_cpp/geometry_msgs/msg/detail/microxrcedds/transform__type_support_cpp.cpp:231:1:[m[K [01;35m[Kwarning: [m[Kmissing initializer for member ‘[01m[Krosidl_message_type_support_t::get_type_hash_func[m[K’ [[01;35m[K]8;;https://gcc.gnu.org/onlinedocs/gcc/Warning-Options.html#index-Wmissing-field-initializers-Wmissing-field-initializers]8;;[m[K]
[66.927s]   231 | [01;35m[K}[m[K;
[66.928s]       | [01;35m[K^[m[K
[66.928s] [01m[K/home/rasp/ros2_ws/build/geometry_msgs/rosidl_typesupport_microxrcedds_cpp/geometry_msgs/msg/detail/microxrcedds/transform__type_support_cpp.cpp:231:1:[m[K [01;35m[Kwarning: [m[Kmissing initializer for member ‘[01m[Krosidl_message_type_support_t::get_type_description_func[m[K’ [[01;35m[K]8;;https://gcc.gnu.org/onlinedocs/gcc/Warning-Options.html#index-Wmissing-field-initializers-Wmissing-field-initializers]8;;[m[K]
[66.928s] [01m[K/home/rasp/ros2_ws/build/geometry_msgs/rosidl_typesupport_microxrcedds_cpp/geometry_msgs/msg/detail/microxrcedds/transform__type_support_cpp.cpp:231:1:[m[K [01;35m[Kwarning: [m[Kmissing initializer for member ‘[01m[Krosidl_message_type_support_t::get_type_description_sources_func[m[K’ [[01;35m[K]8;;https://gcc.gnu.org/onlinedocs/gcc/Warning-Options.html#index-Wmissing-field-initializers-Wmissing-field-initializers]8;;[m[K]
[66.988s] [ 71%] [32mBuilding CXX object CMakeFiles/geometry_msgs__rosidl_typesupport_microxrcedds_cpp.dir/rosidl_typesupport_microxrcedds_cpp/geometry_msgs/msg/detail/microxrcedds/transform_stamped__type_support_cpp.cpp.o[0m
[67.277s] [01m[K/home/rasp/ros2_ws/build/geometry_msgs/rosidl_typesupport_microxrcedds_cpp/geometry_msgs/msg/detail/microxrcedds/transform_stamped__type_support_cpp.cpp:244:1:[m[K [01;35m[Kwarning: [m[Kmissing initializer for member ‘[01m[Krosidl_message_type_support_t::get_type_hash_func[m[K’ [[01;35m[K]8;;https://gcc.gnu.org/onlinedocs/gcc/Warning-Options.html#index-Wmissing-field-initializers-Wmissing-field-initializers]8;;[m[K]
[67.278s]   244 | [01;35m[K}[m[K;
[67.278s]       | [01;35m[K^[m[K
[67.278s] [01m[K/home/rasp/ros2_ws/build/geometry_msgs/rosidl_typesupport_microxrcedds_cpp/geometry_msgs/msg/detail/microxrcedds/transform_stamped__type_support_cpp.cpp:244:1:[m[K [01;35m[Kwarning: [m[Kmissing initializer for member ‘[01m[Krosidl_message_type_support_t::get_type_description_func[m[K’ [[01;35m[K]8;;https://gcc.gnu.org/onlinedocs/gcc/Warning-Options.html#index-Wmissing-field-initializers-Wmissing-field-initializers]8;;[m[K]
[67.278s] [01m[K/home/rasp/ros2_ws/build/geometry_msgs/rosidl_typesupport_microxrcedds_cpp/geometry_msgs/msg/detail/microxrcedds/transform_stamped__type_support_cpp.cpp:244:1:[m[K [01;35m[Kwarning: [m[Kmissing initializer for member ‘[01m[Krosidl_message_type_support_t::get_type_description_sources_func[m[K’ [[01;35m[K]8;;https://gcc.gnu.org/onlinedocs/gcc/Warning-Options.html#index-Wmissing-field-initializers-Wmissing-field-initializers]8;;[m[K]
[67.340s] [ 71%] [32mBuilding CXX object CMakeFiles/geometry_msgs__rosidl_typesupport_microxrcedds_cpp.dir/rosidl_typesupport_microxrcedds_cpp/geometry_msgs/msg/detail/microxrcedds/twist__type_support_cpp.cpp.o[0m
[67.639s] [01m[K/home/rasp/ros2_ws/build/geometry_msgs/rosidl_typesupport_microxrcedds_cpp/geometry_msgs/msg/detail/microxrcedds/twist__type_support_cpp.cpp:231:1:[m[K [01;35m[Kwarning: [m[Kmissing initializer for member ‘[01m[Krosidl_message_type_support_t::get_type_hash_func[m[K’ [[01;35m[K]8;;https://gcc.gnu.org/onlinedocs/gcc/Warning-Options.html#index-Wmissing-field-initializers-Wmissing-field-initializers]8;;[m[K]
[67.639s]   231 | [01;35m[K}[m[K;
[67.639s]       | [01;35m[K^[m[K
[67.639s] [01m[K/home/rasp/ros2_ws/build/geometry_msgs/rosidl_typesupport_microxrcedds_cpp/geometry_msgs/msg/detail/microxrcedds/twist__type_support_cpp.cpp:231:1:[m[K [01;35m[Kwarning: [m[Kmissing initializer for member ‘[01m[Krosidl_message_type_support_t::get_type_description_func[m[K’ [[01;35m[K]8;;https://gcc.gnu.org/onlinedocs/gcc/Warning-Options.html#index-Wmissing-field-initializers-Wmissing-field-initializers]8;;[m[K]
[67.639s] [01m[K/home/rasp/ros2_ws/build/geometry_msgs/rosidl_typesupport_microxrcedds_cpp/geometry_msgs/msg/detail/microxrcedds/twist__type_support_cpp.cpp:231:1:[m[K [01;35m[Kwarning: [m[Kmissing initializer for member ‘[01m[Krosidl_message_type_support_t::get_type_description_sources_func[m[K’ [[01;35m[K]8;;https://gcc.gnu.org/onlinedocs/gcc/Warning-Options.html#index-Wmissing-field-initializers-Wmissing-field-initializers]8;;[m[K]
[67.699s] [ 72%] [32mBuilding CXX object CMakeFiles/geometry_msgs__rosidl_typesupport_microxrcedds_cpp.dir/rosidl_typesupport_microxrcedds_cpp/geometry_msgs/msg/detail/microxrcedds/twist_stamped__type_support_cpp.cpp.o[0m
[67.991s] [01m[K/home/rasp/ros2_ws/build/geometry_msgs/rosidl_typesupport_microxrcedds_cpp/geometry_msgs/msg/detail/microxrcedds/twist_stamped__type_support_cpp.cpp:231:1:[m[K [01;35m[Kwarning: [m[Kmissing initializer for member ‘[01m[Krosidl_message_type_support_t::get_type_hash_func[m[K’ [[01;35m[K]8;;https://gcc.gnu.org/onlinedocs/gcc/Warning-Options.html#index-Wmissing-field-initializers-Wmissing-field-initializers]8;;[m[K]
[67.991s]   231 | [01;35m[K}[m[K;
[67.991s]       | [01;35m[K^[m[K
[67.992s] [01m[K/home/rasp/ros2_ws/build/geometry_msgs/rosidl_typesupport_microxrcedds_cpp/geometry_msgs/msg/detail/microxrcedds/twist_stamped__type_support_cpp.cpp:231:1:[m[K [01;35m[Kwarning: [m[Kmissing initializer for member ‘[01m[Krosidl_message_type_support_t::get_type_description_func[m[K’ [[01;35m[K]8;;https://gcc.gnu.org/onlinedocs/gcc/Warning-Options.html#index-Wmissing-field-initializers-Wmissing-field-initializers]8;;[m[K]
[67.993s] [01m[K/home/rasp/ros2_ws/build/geometry_msgs/rosidl_typesupport_microxrcedds_cpp/geometry_msgs/msg/detail/microxrcedds/twist_stamped__type_support_cpp.cpp:231:1:[m[K [01;35m[Kwarning: [m[Kmissing initializer for member ‘[01m[Krosidl_message_type_support_t::get_type_description_sources_func[m[K’ [[01;35m[K]8;;https://gcc.gnu.org/onlinedocs/gcc/Warning-Options.html#index-Wmissing-field-initializers-Wmissing-field-initializers]8;;[m[K]
[68.049s] [ 72%] [32mBuilding CXX object CMakeFiles/geometry_msgs__rosidl_typesupport_microxrcedds_cpp.dir/rosidl_typesupport_microxrcedds_cpp/geometry_msgs/msg/detail/microxrcedds/twist_with_covariance__type_support_cpp.cpp.o[0m
[68.353s] [01m[K/home/rasp/ros2_ws/build/geometry_msgs/rosidl_typesupport_microxrcedds_cpp/geometry_msgs/msg/detail/microxrcedds/twist_with_covariance__type_support_cpp.cpp:210:1:[m[K [01;35m[Kwarning: [m[Kmissing initializer for member ‘[01m[Krosidl_message_type_support_t::get_type_hash_func[m[K’ [[01;35m[K]8;;https://gcc.gnu.org/onlinedocs/gcc/Warning-Options.html#index-Wmissing-field-initializers-Wmissing-field-initializers]8;;[m[K]
[68.354s]   210 | [01;35m[K}[m[K;
[68.354s]       | [01;35m[K^[m[K
[68.354s] [01m[K/home/rasp/ros2_ws/build/geometry_msgs/rosidl_typesupport_microxrcedds_cpp/geometry_msgs/msg/detail/microxrcedds/twist_with_covariance__type_support_cpp.cpp:210:1:[m[K [01;35m[Kwarning: [m[Kmissing initializer for member ‘[01m[Krosidl_message_type_support_t::get_type_description_func[m[K’ [[01;35m[K]8;;https://gcc.gnu.org/onlinedocs/gcc/Warning-Options.html#index-Wmissing-field-initializers-Wmissing-field-initializers]8;;[m[K]
[68.356s] [01m[K/home/rasp/ros2_ws/build/geometry_msgs/rosidl_typesupport_microxrcedds_cpp/geometry_msgs/msg/detail/microxrcedds/twist_with_covariance__type_support_cpp.cpp:210:1:[m[K [01;35m[Kwarning: [m[Kmissing initializer for member ‘[01m[Krosidl_message_type_support_t::get_type_description_sources_func[m[K’ [[01;35m[K]8;;https://gcc.gnu.org/onlinedocs/gcc/Warning-Options.html#index-Wmissing-field-initializers-Wmissing-field-initializers]8;;[m[K]
[68.414s] [ 72%] [32mBuilding CXX object CMakeFiles/geometry_msgs__rosidl_typesupport_microxrcedds_cpp.dir/rosidl_typesupport_microxrcedds_cpp/geometry_msgs/msg/detail/microxrcedds/twist_with_covariance_stamped__type_support_cpp.cpp.o[0m
[68.704s] [01m[K/home/rasp/ros2_ws/build/geometry_msgs/rosidl_typesupport_microxrcedds_cpp/geometry_msgs/msg/detail/microxrcedds/twist_with_covariance_stamped__type_support_cpp.cpp:231:1:[m[K [01;35m[Kwarning: [m[Kmissing initializer for member ‘[01m[Krosidl_message_type_support_t::get_type_hash_func[m[K’ [[01;35m[K]8;;https://gcc.gnu.org/onlinedocs/gcc/Warning-Options.html#index-Wmissing-field-initializers-Wmissing-field-initializers]8;;[m[K]
[68.705s]   231 | [01;35m[K}[m[K;
[68.705s]       | [01;35m[K^[m[K
[68.705s] [01m[K/home/rasp/ros2_ws/build/geometry_msgs/rosidl_typesupport_microxrcedds_cpp/geometry_msgs/msg/detail/microxrcedds/twist_with_covariance_stamped__type_support_cpp.cpp:231:1:[m[K [01;35m[Kwarning: [m[Kmissing initializer for member ‘[01m[Krosidl_message_type_support_t::get_type_description_func[m[K’ [[01;35m[K]8;;https://gcc.gnu.org/onlinedocs/gcc/Warning-Options.html#index-Wmissing-field-initializers-Wmissing-field-initializers]8;;[m[K]
[68.705s] [01m[K/home/rasp/ros2_ws/build/geometry_msgs/rosidl_typesupport_microxrcedds_cpp/geometry_msgs/msg/detail/microxrcedds/twist_with_covariance_stamped__type_support_cpp.cpp:231:1:[m[K [01;35m[Kwarning: [m[Kmissing initializer for member ‘[01m[Krosidl_message_type_support_t::get_type_description_sources_func[m[K’ [[01;35m[K]8;;https://gcc.gnu.org/onlinedocs/gcc/Warning-Options.html#index-Wmissing-field-initializers-Wmissing-field-initializers]8;;[m[K]
[68.762s] [ 72%] [32mBuilding CXX object CMakeFiles/geometry_msgs__rosidl_typesupport_microxrcedds_cpp.dir/rosidl_typesupport_microxrcedds_cpp/geometry_msgs/msg/detail/microxrcedds/vector3__type_support_cpp.cpp.o[0m
[69.058s] [01m[K/home/rasp/ros2_ws/build/geometry_msgs/rosidl_typesupport_microxrcedds_cpp/geometry_msgs/msg/detail/microxrcedds/vector3__type_support_cpp.cpp:180:1:[m[K [01;35m[Kwarning: [m[Kmissing initializer for member ‘[01m[Krosidl_message_type_support_t::get_type_hash_func[m[K’ [[01;35m[K]8;;https://gcc.gnu.org/onlinedocs/gcc/Warning-Options.html#index-Wmissing-field-initializers-Wmissing-field-initializers]8;;[m[K]
[69.058s]   180 | [01;35m[K}[m[K;
[69.059s]       | [01;35m[K^[m[K
[69.059s] [01m[K/home/rasp/ros2_ws/build/geometry_msgs/rosidl_typesupport_microxrcedds_cpp/geometry_msgs/msg/detail/microxrcedds/vector3__type_support_cpp.cpp:180:1:[m[K [01;35m[Kwarning: [m[Kmissing initializer for member ‘[01m[Krosidl_message_type_support_t::get_type_description_func[m[K’ [[01;35m[K]8;;https://gcc.gnu.org/onlinedocs/gcc/Warning-Options.html#index-Wmissing-field-initializers-Wmissing-field-initializers]8;;[m[K]
[69.059s] [01m[K/home/rasp/ros2_ws/build/geometry_msgs/rosidl_typesupport_microxrcedds_cpp/geometry_msgs/msg/detail/microxrcedds/vector3__type_support_cpp.cpp:180:1:[m[K [01;35m[Kwarning: [m[Kmissing initializer for member ‘[01m[Krosidl_message_type_support_t::get_type_description_sources_func[m[K’ [[01;35m[K]8;;https://gcc.gnu.org/onlinedocs/gcc/Warning-Options.html#index-Wmissing-field-initializers-Wmissing-field-initializers]8;;[m[K]
[69.118s] [ 73%] [32mBuilding CXX object CMakeFiles/geometry_msgs__rosidl_typesupport_microxrcedds_cpp.dir/rosidl_typesupport_microxrcedds_cpp/geometry_msgs/msg/detail/microxrcedds/vector3_stamped__type_support_cpp.cpp.o[0m
[69.407s] [01m[K/home/rasp/ros2_ws/build/geometry_msgs/rosidl_typesupport_microxrcedds_cpp/geometry_msgs/msg/detail/microxrcedds/vector3_stamped__type_support_cpp.cpp:231:1:[m[K [01;35m[Kwarning: [m[Kmissing initializer for member ‘[01m[Krosidl_message_type_support_t::get_type_hash_func[m[K’ [[01;35m[K]8;;https://gcc.gnu.org/onlinedocs/gcc/Warning-Options.html#index-Wmissing-field-initializers-Wmissing-field-initializers]8;;[m[K]
[69.407s]   231 | [01;35m[K}[m[K;
[69.407s]       | [01;35m[K^[m[K
[69.407s] [01m[K/home/rasp/ros2_ws/build/geometry_msgs/rosidl_typesupport_microxrcedds_cpp/geometry_msgs/msg/detail/microxrcedds/vector3_stamped__type_support_cpp.cpp:231:1:[m[K [01;35m[Kwarning: [m[Kmissing initializer for member ‘[01m[Krosidl_message_type_support_t::get_type_description_func[m[K’ [[01;35m[K]8;;https://gcc.gnu.org/onlinedocs/gcc/Warning-Options.html#index-Wmissing-field-initializers-Wmissing-field-initializers]8;;[m[K]
[69.407s] [01m[K/home/rasp/ros2_ws/build/geometry_msgs/rosidl_typesupport_microxrcedds_cpp/geometry_msgs/msg/detail/microxrcedds/vector3_stamped__type_support_cpp.cpp:231:1:[m[K [01;35m[Kwarning: [m[Kmissing initializer for member ‘[01m[Krosidl_message_type_support_t::get_type_description_sources_func[m[K’ [[01;35m[K]8;;https://gcc.gnu.org/onlinedocs/gcc/Warning-Options.html#index-Wmissing-field-initializers-Wmissing-field-initializers]8;;[m[K]
[69.465s] [ 73%] [32mBuilding CXX object CMakeFiles/geometry_msgs__rosidl_typesupport_microxrcedds_cpp.dir/rosidl_typesupport_microxrcedds_cpp/geometry_msgs/msg/detail/microxrcedds/velocity_stamped__type_support_cpp.cpp.o[0m
[69.759s] [01m[K/home/rasp/ros2_ws/build/geometry_msgs/rosidl_typesupport_microxrcedds_cpp/geometry_msgs/msg/detail/microxrcedds/velocity_stamped__type_support_cpp.cpp:257:1:[m[K [01;35m[Kwarning: [m[Kmissing initializer for member ‘[01m[Krosidl_message_type_support_t::get_type_hash_func[m[K’ [[01;35m[K]8;;https://gcc.gnu.org/onlinedocs/gcc/Warning-Options.html#index-Wmissing-field-initializers-Wmissing-field-initializers]8;;[m[K]
[69.760s]   257 | [01;35m[K}[m[K;
[69.760s]       | [01;35m[K^[m[K
[69.762s] [01m[K/home/rasp/ros2_ws/build/geometry_msgs/rosidl_typesupport_microxrcedds_cpp/geometry_msgs/msg/detail/microxrcedds/velocity_stamped__type_support_cpp.cpp:257:1:[m[K [01;35m[Kwarning: [m[Kmissing initializer for member ‘[01m[Krosidl_message_type_support_t::get_type_description_func[m[K’ [[01;35m[K]8;;https://gcc.gnu.org/onlinedocs/gcc/Warning-Options.html#index-Wmissing-field-initializers-Wmissing-field-initializers]8;;[m[K]
[69.762s] [01m[K/home/rasp/ros2_ws/build/geometry_msgs/rosidl_typesupport_microxrcedds_cpp/geometry_msgs/msg/detail/microxrcedds/velocity_stamped__type_support_cpp.cpp:257:1:[m[K [01;35m[Kwarning: [m[Kmissing initializer for member ‘[01m[Krosidl_message_type_support_t::get_type_description_sources_func[m[K’ [[01;35m[K]8;;https://gcc.gnu.org/onlinedocs/gcc/Warning-Options.html#index-Wmissing-field-initializers-Wmissing-field-initializers]8;;[m[K]
[69.820s] [ 73%] [32mBuilding CXX object CMakeFiles/geometry_msgs__rosidl_typesupport_microxrcedds_cpp.dir/rosidl_typesupport_microxrcedds_cpp/geometry_msgs/msg/detail/microxrcedds/wrench__type_support_cpp.cpp.o[0m
[70.096s] [01m[K/home/rasp/ros2_ws/build/geometry_msgs/rosidl_typesupport_microxrcedds_cpp/geometry_msgs/msg/detail/microxrcedds/wrench__type_support_cpp.cpp:231:1:[m[K [01;35m[Kwarning: [m[Kmissing initializer for member ‘[01m[Krosidl_message_type_support_t::get_type_hash_func[m[K’ [[01;35m[K]8;;https://gcc.gnu.org/onlinedocs/gcc/Warning-Options.html#index-Wmissing-field-initializers-Wmissing-field-initializers]8;;[m[K]
[70.096s]   231 | [01;35m[K}[m[K;
[70.096s]       | [01;35m[K^[m[K
[70.096s] [01m[K/home/rasp/ros2_ws/build/geometry_msgs/rosidl_typesupport_microxrcedds_cpp/geometry_msgs/msg/detail/microxrcedds/wrench__type_support_cpp.cpp:231:1:[m[K [01;35m[Kwarning: [m[Kmissing initializer for member ‘[01m[Krosidl_message_type_support_t::get_type_description_func[m[K’ [[01;35m[K]8;;https://gcc.gnu.org/onlinedocs/gcc/Warning-Options.html#index-Wmissing-field-initializers-Wmissing-field-initializers]8;;[m[K]
[70.097s] [01m[K/home/rasp/ros2_ws/build/geometry_msgs/rosidl_typesupport_microxrcedds_cpp/geometry_msgs/msg/detail/microxrcedds/wrench__type_support_cpp.cpp:231:1:[m[K [01;35m[Kwarning: [m[Kmissing initializer for member ‘[01m[Krosidl_message_type_support_t::get_type_description_sources_func[m[K’ [[01;35m[K]8;;https://gcc.gnu.org/onlinedocs/gcc/Warning-Options.html#index-Wmissing-field-initializers-Wmissing-field-initializers]8;;[m[K]
[70.156s] [ 73%] [32mBuilding CXX object CMakeFiles/geometry_msgs__rosidl_typesupport_microxrcedds_cpp.dir/rosidl_typesupport_microxrcedds_cpp/geometry_msgs/msg/detail/microxrcedds/wrench_stamped__type_support_cpp.cpp.o[0m
[70.445s] [01m[K/home/rasp/ros2_ws/build/geometry_msgs/rosidl_typesupport_microxrcedds_cpp/geometry_msgs/msg/detail/microxrcedds/wrench_stamped__type_support_cpp.cpp:231:1:[m[K [01;35m[Kwarning: [m[Kmissing initializer for member ‘[01m[Krosidl_message_type_support_t::get_type_hash_func[m[K’ [[01;35m[K]8;;https://gcc.gnu.org/onlinedocs/gcc/Warning-Options.html#index-Wmissing-field-initializers-Wmissing-field-initializers]8;;[m[K]
[70.445s]   231 | [01;35m[K}[m[K;
[70.445s]       | [01;35m[K^[m[K
[70.445s] [01m[K/home/rasp/ros2_ws/build/geometry_msgs/rosidl_typesupport_microxrcedds_cpp/geometry_msgs/msg/detail/microxrcedds/wrench_stamped__type_support_cpp.cpp:231:1:[m[K [01;35m[Kwarning: [m[Kmissing initializer for member ‘[01m[Krosidl_message_type_support_t::get_type_description_func[m[K’ [[01;35m[K]8;;https://gcc.gnu.org/onlinedocs/gcc/Warning-Options.html#index-Wmissing-field-initializers-Wmissing-field-initializers]8;;[m[K]
[70.445s] [01m[K/home/rasp/ros2_ws/build/geometry_msgs/rosidl_typesupport_microxrcedds_cpp/geometry_msgs/msg/detail/microxrcedds/wrench_stamped__type_support_cpp.cpp:231:1:[m[K [01;35m[Kwarning: [m[Kmissing initializer for member ‘[01m[Krosidl_message_type_support_t::get_type_description_sources_func[m[K’ [[01;35m[K]8;;https://gcc.gnu.org/onlinedocs/gcc/Warning-Options.html#index-Wmissing-field-initializers-Wmissing-field-initializers]8;;[m[K]
[70.500s] [ 74%] [32m[1mLinking CXX shared library libgeometry_msgs__rosidl_typesupport_microxrcedds_cpp.so[0m
[70.604s] [ 74%] Built target geometry_msgs__rosidl_typesupport_microxrcedds_cpp
[70.623s] [ 74%] [34m[1mGenerating C++ type support for eProsima Fast-RTPS[0m
[72.954s] [ 74%] [32mBuilding CXX object CMakeFiles/geometry_msgs__rosidl_typesupport_fastrtps_cpp.dir/rosidl_typesupport_fastrtps_cpp/geometry_msgs/msg/detail/dds_fastrtps/accel__type_support.cpp.o[0m
[73.410s] [ 74%] [32mBuilding CXX object CMakeFiles/geometry_msgs__rosidl_typesupport_fastrtps_cpp.dir/rosidl_typesupport_fastrtps_cpp/geometry_msgs/msg/detail/dds_fastrtps/accel_stamped__type_support.cpp.o[0m
[73.869s] [ 74%] [32mBuilding CXX object CMakeFiles/geometry_msgs__rosidl_typesupport_fastrtps_cpp.dir/rosidl_typesupport_fastrtps_cpp/geometry_msgs/msg/detail/dds_fastrtps/accel_with_covariance__type_support.cpp.o[0m
[74.377s] [ 75%] [32mBuilding CXX object CMakeFiles/geometry_msgs__rosidl_typesupport_fastrtps_cpp.dir/rosidl_typesupport_fastrtps_cpp/geometry_msgs/msg/detail/dds_fastrtps/accel_with_covariance_stamped__type_support.cpp.o[0m
[74.831s] [ 75%] [32mBuilding CXX object CMakeFiles/geometry_msgs__rosidl_typesupport_fastrtps_cpp.dir/rosidl_typesupport_fastrtps_cpp/geometry_msgs/msg/detail/dds_fastrtps/inertia__type_support.cpp.o[0m
[75.300s] [ 75%] [32mBuilding CXX object CMakeFiles/geometry_msgs__rosidl_typesupport_fastrtps_cpp.dir/rosidl_typesupport_fastrtps_cpp/geometry_msgs/msg/detail/dds_fastrtps/inertia_stamped__type_support.cpp.o[0m
[75.791s] [ 75%] [32mBuilding CXX object CMakeFiles/geometry_msgs__rosidl_typesupport_fastrtps_cpp.dir/rosidl_typesupport_fastrtps_cpp/geometry_msgs/msg/detail/dds_fastrtps/point__type_support.cpp.o[0m
[76.245s] [ 76%] [32mBuilding CXX object CMakeFiles/geometry_msgs__rosidl_typesupport_fastrtps_cpp.dir/rosidl_typesupport_fastrtps_cpp/geometry_msgs/msg/detail/dds_fastrtps/point32__type_support.cpp.o[0m
[76.699s] [ 76%] [32mBuilding CXX object CMakeFiles/geometry_msgs__rosidl_typesupport_fastrtps_cpp.dir/rosidl_typesupport_fastrtps_cpp/geometry_msgs/msg/detail/dds_fastrtps/point_stamped__type_support.cpp.o[0m
[77.146s] [ 76%] [32mBuilding CXX object CMakeFiles/geometry_msgs__rosidl_typesupport_fastrtps_cpp.dir/rosidl_typesupport_fastrtps_cpp/geometry_msgs/msg/detail/dds_fastrtps/polygon__type_support.cpp.o[0m
[77.634s] [ 76%] [32mBuilding CXX object CMakeFiles/geometry_msgs__rosidl_typesupport_fastrtps_cpp.dir/rosidl_typesupport_fastrtps_cpp/geometry_msgs/msg/detail/dds_fastrtps/polygon_instance__type_support.cpp.o[0m
[78.103s] [ 77%] [32mBuilding CXX object CMakeFiles/geometry_msgs__rosidl_typesupport_fastrtps_cpp.dir/rosidl_typesupport_fastrtps_cpp/geometry_msgs/msg/detail/dds_fastrtps/polygon_instance_stamped__type_support.cpp.o[0m
[78.560s] [ 77%] [32mBuilding CXX object CMakeFiles/geometry_msgs__rosidl_typesupport_fastrtps_cpp.dir/rosidl_typesupport_fastrtps_cpp/geometry_msgs/msg/detail/dds_fastrtps/polygon_stamped__type_support.cpp.o[0m
[79.013s] [ 77%] [32mBuilding CXX object CMakeFiles/geometry_msgs__rosidl_typesupport_fastrtps_cpp.dir/rosidl_typesupport_fastrtps_cpp/geometry_msgs/msg/detail/dds_fastrtps/pose__type_support.cpp.o[0m
[79.453s] [ 77%] [32mBuilding CXX object CMakeFiles/geometry_msgs__rosidl_typesupport_fastrtps_cpp.dir/rosidl_typesupport_fastrtps_cpp/geometry_msgs/msg/detail/dds_fastrtps/pose2_d__type_support.cpp.o[0m
[79.898s] [ 78%] [32mBuilding CXX object CMakeFiles/geometry_msgs__rosidl_typesupport_fastrtps_cpp.dir/rosidl_typesupport_fastrtps_cpp/geometry_msgs/msg/detail/dds_fastrtps/pose_array__type_support.cpp.o[0m
[80.387s] [ 78%] [32mBuilding CXX object CMakeFiles/geometry_msgs__rosidl_typesupport_fastrtps_cpp.dir/rosidl_typesupport_fastrtps_cpp/geometry_msgs/msg/detail/dds_fastrtps/pose_stamped__type_support.cpp.o[0m
[80.842s] [ 78%] [32mBuilding CXX object CMakeFiles/geometry_msgs__rosidl_typesupport_fastrtps_cpp.dir/rosidl_typesupport_fastrtps_cpp/geometry_msgs/msg/detail/dds_fastrtps/pose_with_covariance__type_support.cpp.o[0m
[81.303s] [ 78%] [32mBuilding CXX object CMakeFiles/geometry_msgs__rosidl_typesupport_fastrtps_cpp.dir/rosidl_typesupport_fastrtps_cpp/geometry_msgs/msg/detail/dds_fastrtps/pose_with_covariance_stamped__type_support.cpp.o[0m
[81.773s] [ 79%] [32mBuilding CXX object CMakeFiles/geometry_msgs__rosidl_typesupport_fastrtps_cpp.dir/rosidl_typesupport_fastrtps_cpp/geometry_msgs/msg/detail/dds_fastrtps/quaternion__type_support.cpp.o[0m
[82.254s] [ 79%] [32mBuilding CXX object CMakeFiles/geometry_msgs__rosidl_typesupport_fastrtps_cpp.dir/rosidl_typesupport_fastrtps_cpp/geometry_msgs/msg/detail/dds_fastrtps/quaternion_stamped__type_support.cpp.o[0m
[82.721s] [ 79%] [32mBuilding CXX object CMakeFiles/geometry_msgs__rosidl_typesupport_fastrtps_cpp.dir/rosidl_typesupport_fastrtps_cpp/geometry_msgs/msg/detail/dds_fastrtps/transform__type_support.cpp.o[0m
[83.199s] [ 79%] [32mBuilding CXX object CMakeFiles/geometry_msgs__rosidl_typesupport_fastrtps_cpp.dir/rosidl_typesupport_fastrtps_cpp/geometry_msgs/msg/detail/dds_fastrtps/transform_stamped__type_support.cpp.o[0m
[83.683s] [ 80%] [32mBuilding CXX object CMakeFiles/geometry_msgs__rosidl_typesupport_fastrtps_cpp.dir/rosidl_typesupport_fastrtps_cpp/geometry_msgs/msg/detail/dds_fastrtps/twist__type_support.cpp.o[0m
[84.135s] [ 80%] [32mBuilding CXX object CMakeFiles/geometry_msgs__rosidl_typesupport_fastrtps_cpp.dir/rosidl_typesupport_fastrtps_cpp/geometry_msgs/msg/detail/dds_fastrtps/twist_stamped__type_support.cpp.o[0m
[84.600s] [ 80%] [32mBuilding CXX object CMakeFiles/geometry_msgs__rosidl_typesupport_fastrtps_cpp.dir/rosidl_typesupport_fastrtps_cpp/geometry_msgs/msg/detail/dds_fastrtps/twist_with_covariance__type_support.cpp.o[0m
[85.083s] [ 80%] [32mBuilding CXX object CMakeFiles/geometry_msgs__rosidl_typesupport_fastrtps_cpp.dir/rosidl_typesupport_fastrtps_cpp/geometry_msgs/msg/detail/dds_fastrtps/twist_with_covariance_stamped__type_support.cpp.o[0m
[85.550s] [ 81%] [32mBuilding CXX object CMakeFiles/geometry_msgs__rosidl_typesupport_fastrtps_cpp.dir/rosidl_typesupport_fastrtps_cpp/geometry_msgs/msg/detail/dds_fastrtps/vector3__type_support.cpp.o[0m
[86.020s] [ 81%] [32mBuilding CXX object CMakeFiles/geometry_msgs__rosidl_typesupport_fastrtps_cpp.dir/rosidl_typesupport_fastrtps_cpp/geometry_msgs/msg/detail/dds_fastrtps/vector3_stamped__type_support.cpp.o[0m
[86.480s] [ 81%] [32mBuilding CXX object CMakeFiles/geometry_msgs__rosidl_typesupport_fastrtps_cpp.dir/rosidl_typesupport_fastrtps_cpp/geometry_msgs/msg/detail/dds_fastrtps/velocity_stamped__type_support.cpp.o[0m
[86.968s] [ 81%] [32mBuilding CXX object CMakeFiles/geometry_msgs__rosidl_typesupport_fastrtps_cpp.dir/rosidl_typesupport_fastrtps_cpp/geometry_msgs/msg/detail/dds_fastrtps/wrench__type_support.cpp.o[0m
[87.440s] [ 81%] [32mBuilding CXX object CMakeFiles/geometry_msgs__rosidl_typesupport_fastrtps_cpp.dir/rosidl_typesupport_fastrtps_cpp/geometry_msgs/msg/detail/dds_fastrtps/wrench_stamped__type_support.cpp.o[0m
[87.922s] [ 82%] [32m[1mLinking CXX shared library libgeometry_msgs__rosidl_typesupport_fastrtps_cpp.so[0m
[88.033s] [ 82%] Built target geometry_msgs__rosidl_typesupport_fastrtps_cpp
[88.050s] [ 82%] [34m[1mGenerating C++ introspection for ROS interfaces[0m
[89.951s] [ 82%] [32mBuilding CXX object CMakeFiles/geometry_msgs__rosidl_typesupport_introspection_cpp.dir/rosidl_typesupport_introspection_cpp/geometry_msgs/msg/detail/accel__type_support.cpp.o[0m
[90.254s] [ 83%] [32mBuilding CXX object CMakeFiles/geometry_msgs__rosidl_typesupport_introspection_cpp.dir/rosidl_typesupport_introspection_cpp/geometry_msgs/msg/detail/accel_stamped__type_support.cpp.o[0m
[90.559s] [ 83%] [32mBuilding CXX object CMakeFiles/geometry_msgs__rosidl_typesupport_introspection_cpp.dir/rosidl_typesupport_introspection_cpp/geometry_msgs/msg/detail/accel_with_covariance__type_support.cpp.o[0m
[90.864s] [ 83%] [32mBuilding CXX object CMakeFiles/geometry_msgs__rosidl_typesupport_introspection_cpp.dir/rosidl_typesupport_introspection_cpp/geometry_msgs/msg/detail/accel_with_covariance_stamped__type_support.cpp.o[0m
[91.183s] [ 83%] [32mBuilding CXX object CMakeFiles/geometry_msgs__rosidl_typesupport_introspection_cpp.dir/rosidl_typesupport_introspection_cpp/geometry_msgs/msg/detail/inertia__type_support.cpp.o[0m
[91.489s] [ 84%] [32mBuilding CXX object CMakeFiles/geometry_msgs__rosidl_typesupport_introspection_cpp.dir/rosidl_typesupport_introspection_cpp/geometry_msgs/msg/detail/inertia_stamped__type_support.cpp.o[0m
[91.804s] [ 84%] [32mBuilding CXX object CMakeFiles/geometry_msgs__rosidl_typesupport_introspection_cpp.dir/rosidl_typesupport_introspection_cpp/geometry_msgs/msg/detail/point__type_support.cpp.o[0m
[92.115s] [ 84%] [32mBuilding CXX object CMakeFiles/geometry_msgs__rosidl_typesupport_introspection_cpp.dir/rosidl_typesupport_introspection_cpp/geometry_msgs/msg/detail/point32__type_support.cpp.o[0m
[92.424s] [ 84%] [32mBuilding CXX object CMakeFiles/geometry_msgs__rosidl_typesupport_introspection_cpp.dir/rosidl_typesupport_introspection_cpp/geometry_msgs/msg/detail/point_stamped__type_support.cpp.o[0m
[92.756s] [ 85%] [32mBuilding CXX object CMakeFiles/geometry_msgs__rosidl_typesupport_introspection_cpp.dir/rosidl_typesupport_introspection_cpp/geometry_msgs/msg/detail/polygon__type_support.cpp.o[0m
[93.102s] [ 85%] [32mBuilding CXX object CMakeFiles/geometry_msgs__rosidl_typesupport_introspection_cpp.dir/rosidl_typesupport_introspection_cpp/geometry_msgs/msg/detail/polygon_instance__type_support.cpp.o[0m
[93.419s] [ 85%] [32mBuilding CXX object CMakeFiles/geometry_msgs__rosidl_typesupport_introspection_cpp.dir/rosidl_typesupport_introspection_cpp/geometry_msgs/msg/detail/polygon_instance_stamped__type_support.cpp.o[0m
[93.738s] [ 85%] [32mBuilding CXX object CMakeFiles/geometry_msgs__rosidl_typesupport_introspection_cpp.dir/rosidl_typesupport_introspection_cpp/geometry_msgs/msg/detail/polygon_stamped__type_support.cpp.o[0m
[94.052s] [ 86%] [32mBuilding CXX object CMakeFiles/geometry_msgs__rosidl_typesupport_introspection_cpp.dir/rosidl_typesupport_introspection_cpp/geometry_msgs/msg/detail/pose__type_support.cpp.o[0m
[94.354s] [ 86%] [32mBuilding CXX object CMakeFiles/geometry_msgs__rosidl_typesupport_introspection_cpp.dir/rosidl_typesupport_introspection_cpp/geometry_msgs/msg/detail/pose2_d__type_support.cpp.o[0m
[94.653s] [ 86%] [32mBuilding CXX object CMakeFiles/geometry_msgs__rosidl_typesupport_introspection_cpp.dir/rosidl_typesupport_introspection_cpp/geometry_msgs/msg/detail/pose_array__type_support.cpp.o[0m
[94.999s] [ 86%] [32mBuilding CXX object CMakeFiles/geometry_msgs__rosidl_typesupport_introspection_cpp.dir/rosidl_typesupport_introspection_cpp/geometry_msgs/msg/detail/pose_stamped__type_support.cpp.o[0m
[95.309s] [ 87%] [32mBuilding CXX object CMakeFiles/geometry_msgs__rosidl_typesupport_introspection_cpp.dir/rosidl_typesupport_introspection_cpp/geometry_msgs/msg/detail/pose_with_covariance__type_support.cpp.o[0m
[95.624s] [ 87%] [32mBuilding CXX object CMakeFiles/geometry_msgs__rosidl_typesupport_introspection_cpp.dir/rosidl_typesupport_introspection_cpp/geometry_msgs/msg/detail/pose_with_covariance_stamped__type_support.cpp.o[0m
[95.957s] [ 87%] [32mBuilding CXX object CMakeFiles/geometry_msgs__rosidl_typesupport_introspection_cpp.dir/rosidl_typesupport_introspection_cpp/geometry_msgs/msg/detail/quaternion__type_support.cpp.o[0m
[96.271s] [ 87%] [32mBuilding CXX object CMakeFiles/geometry_msgs__rosidl_typesupport_introspection_cpp.dir/rosidl_typesupport_introspection_cpp/geometry_msgs/msg/detail/quaternion_stamped__type_support.cpp.o[0m
[96.581s] [ 87%] [32mBuilding CXX object CMakeFiles/geometry_msgs__rosidl_typesupport_introspection_cpp.dir/rosidl_typesupport_introspection_cpp/geometry_msgs/msg/detail/transform__type_support.cpp.o[0m
[96.886s] [ 88%] [32mBuilding CXX object CMakeFiles/geometry_msgs__rosidl_typesupport_introspection_cpp.dir/rosidl_typesupport_introspection_cpp/geometry_msgs/msg/detail/transform_stamped__type_support.cpp.o[0m
[97.210s] [ 88%] [32mBuilding CXX object CMakeFiles/geometry_msgs__rosidl_typesupport_introspection_cpp.dir/rosidl_typesupport_introspection_cpp/geometry_msgs/msg/detail/twist__type_support.cpp.o[0m
[97.508s] [ 88%] [32mBuilding CXX object CMakeFiles/geometry_msgs__rosidl_typesupport_introspection_cpp.dir/rosidl_typesupport_introspection_cpp/geometry_msgs/msg/detail/twist_stamped__type_support.cpp.o[0m
[97.819s] [ 88%] [32mBuilding CXX object CMakeFiles/geometry_msgs__rosidl_typesupport_introspection_cpp.dir/rosidl_typesupport_introspection_cpp/geometry_msgs/msg/detail/twist_with_covariance__type_support.cpp.o[0m
[98.132s] [ 89%] [32mBuilding CXX object CMakeFiles/geometry_msgs__rosidl_typesupport_introspection_cpp.dir/rosidl_typesupport_introspection_cpp/geometry_msgs/msg/detail/twist_with_covariance_stamped__type_support.cpp.o[0m
[98.455s] [ 89%] [32mBuilding CXX object CMakeFiles/geometry_msgs__rosidl_typesupport_introspection_cpp.dir/rosidl_typesupport_introspection_cpp/geometry_msgs/msg/detail/vector3__type_support.cpp.o[0m
[98.752s] [ 89%] [32mBuilding CXX object CMakeFiles/geometry_msgs__rosidl_typesupport_introspection_cpp.dir/rosidl_typesupport_introspection_cpp/geometry_msgs/msg/detail/vector3_stamped__type_support.cpp.o[0m
[99.074s] [ 89%] [32mBuilding CXX object CMakeFiles/geometry_msgs__rosidl_typesupport_introspection_cpp.dir/rosidl_typesupport_introspection_cpp/geometry_msgs/msg/detail/velocity_stamped__type_support.cpp.o[0m
[99.384s] [ 90%] [32mBuilding CXX object CMakeFiles/geometry_msgs__rosidl_typesupport_introspection_cpp.dir/rosidl_typesupport_introspection_cpp/geometry_msgs/msg/detail/wrench__type_support.cpp.o[0m
[99.691s] [ 90%] [32mBuilding CXX object CMakeFiles/geometry_msgs__rosidl_typesupport_introspection_cpp.dir/rosidl_typesupport_introspection_cpp/geometry_msgs/msg/detail/wrench_stamped__type_support.cpp.o[0m
[100.008s] [ 90%] [32m[1mLinking CXX shared library libgeometry_msgs__rosidl_typesupport_introspection_cpp.so[0m
[100.111s] [ 90%] Built target geometry_msgs__rosidl_typesupport_introspection_cpp
[100.144s] [ 90%] Built target geometry_msgs
[100.178s] [ 90%] [34m[1mGenerating Python code for ROS interfaces[0m
[103.869s] [ 90%] Built target geometry_msgs__py
[103.904s] [ 90%] [32mBuilding C object CMakeFiles/geometry_msgs__rosidl_generator_py.dir/rosidl_generator_py/geometry_msgs/msg/_accel_s.c.o[0m
[104.057s] [ 90%] [32mBuilding C object CMakeFiles/geometry_msgs__rosidl_generator_py.dir/rosidl_generator_py/geometry_msgs/msg/_accel_stamped_s.c.o[0m
[104.205s] [ 90%] [32mBuilding C object CMakeFiles/geometry_msgs__rosidl_generator_py.dir/rosidl_generator_py/geometry_msgs/msg/_accel_with_covariance_s.c.o[0m
[104.347s] [ 91%] [32mBuilding C object CMakeFiles/geometry_msgs__rosidl_generator_py.dir/rosidl_generator_py/geometry_msgs/msg/_accel_with_covariance_stamped_s.c.o[0m
[104.484s] [ 91%] [32mBuilding C object CMakeFiles/geometry_msgs__rosidl_generator_py.dir/rosidl_generator_py/geometry_msgs/msg/_inertia_s.c.o[0m
[104.624s] [ 91%] [32mBuilding C object CMakeFiles/geometry_msgs__rosidl_generator_py.dir/rosidl_generator_py/geometry_msgs/msg/_inertia_stamped_s.c.o[0m
[104.763s] [ 91%] [32mBuilding C object CMakeFiles/geometry_msgs__rosidl_generator_py.dir/rosidl_generator_py/geometry_msgs/msg/_point_s.c.o[0m
[104.909s] [ 92%] [32mBuilding C object CMakeFiles/geometry_msgs__rosidl_generator_py.dir/rosidl_generator_py/geometry_msgs/msg/_point32_s.c.o[0m
[105.053s] [ 92%] [32mBuilding C object CMakeFiles/geometry_msgs__rosidl_generator_py.dir/rosidl_generator_py/geometry_msgs/msg/_point_stamped_s.c.o[0m
[105.193s] [ 92%] [32mBuilding C object CMakeFiles/geometry_msgs__rosidl_generator_py.dir/rosidl_generator_py/geometry_msgs/msg/_polygon_s.c.o[0m
[105.334s] [ 92%] [32mBuilding C object CMakeFiles/geometry_msgs__rosidl_generator_py.dir/rosidl_generator_py/geometry_msgs/msg/_polygon_instance_s.c.o[0m
[105.463s] [ 93%] [32mBuilding C object CMakeFiles/geometry_msgs__rosidl_generator_py.dir/rosidl_generator_py/geometry_msgs/msg/_polygon_instance_stamped_s.c.o[0m
[105.596s] [ 93%] [32mBuilding C object CMakeFiles/geometry_msgs__rosidl_generator_py.dir/rosidl_generator_py/geometry_msgs/msg/_polygon_stamped_s.c.o[0m
[105.734s] [ 93%] [32mBuilding C object CMakeFiles/geometry_msgs__rosidl_generator_py.dir/rosidl_generator_py/geometry_msgs/msg/_pose_s.c.o[0m
[105.871s] [ 93%] [32mBuilding C object CMakeFiles/geometry_msgs__rosidl_generator_py.dir/rosidl_generator_py/geometry_msgs/msg/_pose2_d_s.c.o[0m
[106.002s] [ 94%] [32mBuilding C object CMakeFiles/geometry_msgs__rosidl_generator_py.dir/rosidl_generator_py/geometry_msgs/msg/_pose_array_s.c.o[0m
[106.141s] [ 94%] [32mBuilding C object CMakeFiles/geometry_msgs__rosidl_generator_py.dir/rosidl_generator_py/geometry_msgs/msg/_pose_stamped_s.c.o[0m
[106.280s] [ 94%] [32mBuilding C object CMakeFiles/geometry_msgs__rosidl_generator_py.dir/rosidl_generator_py/geometry_msgs/msg/_pose_with_covariance_s.c.o[0m
[106.417s] [ 94%] [32mBuilding C object CMakeFiles/geometry_msgs__rosidl_generator_py.dir/rosidl_generator_py/geometry_msgs/msg/_pose_with_covariance_stamped_s.c.o[0m
[106.548s] [ 94%] [32mBuilding C object CMakeFiles/geometry_msgs__rosidl_generator_py.dir/rosidl_generator_py/geometry_msgs/msg/_quaternion_s.c.o[0m
[106.682s] [ 95%] [32mBuilding C object CMakeFiles/geometry_msgs__rosidl_generator_py.dir/rosidl_generator_py/geometry_msgs/msg/_quaternion_stamped_s.c.o[0m
[106.811s] [ 95%] [32mBuilding C object CMakeFiles/geometry_msgs__rosidl_generator_py.dir/rosidl_generator_py/geometry_msgs/msg/_transform_s.c.o[0m
[106.940s] [ 95%] [32mBuilding C object CMakeFiles/geometry_msgs__rosidl_generator_py.dir/rosidl_generator_py/geometry_msgs/msg/_transform_stamped_s.c.o[0m
[107.070s] [ 95%] [32mBuilding C object CMakeFiles/geometry_msgs__rosidl_generator_py.dir/rosidl_generator_py/geometry_msgs/msg/_twist_s.c.o[0m
[107.201s] [ 96%] [32mBuilding C object CMakeFiles/geometry_msgs__rosidl_generator_py.dir/rosidl_generator_py/geometry_msgs/msg/_twist_stamped_s.c.o[0m
[107.331s] [ 96%] [32mBuilding C object CMakeFiles/geometry_msgs__rosidl_generator_py.dir/rosidl_generator_py/geometry_msgs/msg/_twist_with_covariance_s.c.o[0m
[107.468s] [ 96%] [32mBuilding C object CMakeFiles/geometry_msgs__rosidl_generator_py.dir/rosidl_generator_py/geometry_msgs/msg/_twist_with_covariance_stamped_s.c.o[0m
[107.603s] [ 96%] [32mBuilding C object CMakeFiles/geometry_msgs__rosidl_generator_py.dir/rosidl_generator_py/geometry_msgs/msg/_vector3_s.c.o[0m
[107.736s] [ 97%] [32mBuilding C object CMakeFiles/geometry_msgs__rosidl_generator_py.dir/rosidl_generator_py/geometry_msgs/msg/_vector3_stamped_s.c.o[0m
[107.867s] [ 97%] [32mBuilding C object CMakeFiles/geometry_msgs__rosidl_generator_py.dir/rosidl_generator_py/geometry_msgs/msg/_velocity_stamped_s.c.o[0m
[108.014s] [ 97%] [32mBuilding C object CMakeFiles/geometry_msgs__rosidl_generator_py.dir/rosidl_generator_py/geometry_msgs/msg/_wrench_s.c.o[0m
[108.148s] [ 97%] [32mBuilding C object CMakeFiles/geometry_msgs__rosidl_generator_py.dir/rosidl_generator_py/geometry_msgs/msg/_wrench_stamped_s.c.o[0m
[108.280s] [ 98%] [32m[1mLinking C shared library libgeometry_msgs__rosidl_generator_py.so[0m
[108.346s] [ 98%] Built target geometry_msgs__rosidl_generator_py
[108.376s] [ 98%] [32mBuilding C object CMakeFiles/geometry_msgs_s__rosidl_typesupport_microxrcedds_c.dir/rosidl_generator_py/geometry_msgs/_geometry_msgs_s.ep.rosidl_typesupport_microxrcedds_c.c.o[0m
[108.579s] [ 99%] [32m[1mLinking C shared module rosidl_generator_py/geometry_msgs/geometry_msgs_s__rosidl_typesupport_microxrcedds_c.so[0m
[108.632s] [ 99%] Built target geometry_msgs_s__rosidl_typesupport_microxrcedds_c
[108.662s] [ 99%] [32mBuilding C object CMakeFiles/geometry_msgs_s__rosidl_typesupport_fastrtps_c.dir/rosidl_generator_py/geometry_msgs/_geometry_msgs_s.ep.rosidl_typesupport_fastrtps_c.c.o[0m
[108.866s] [100%] [32m[1mLinking C shared module rosidl_generator_py/geometry_msgs/geometry_msgs_s__rosidl_typesupport_fastrtps_c.so[0m
[108.917s] [100%] Built target geometry_msgs_s__rosidl_typesupport_fastrtps_c
[108.945s] [100%] [32mBuilding C object CMakeFiles/geometry_msgs_s__rosidl_typesupport_introspection_c.dir/rosidl_generator_py/geometry_msgs/_geometry_msgs_s.ep.rosidl_typesupport_introspection_c.c.o[0m
[109.147s] [100%] [32m[1mLinking C shared module rosidl_generator_py/geometry_msgs/geometry_msgs_s__rosidl_typesupport_introspection_c.so[0m
[109.194s] [100%] Built target geometry_msgs_s__rosidl_typesupport_introspection_c
[109.226s] [100%] [32mBuilding C object CMakeFiles/geometry_msgs_s__rosidl_typesupport_c.dir/rosidl_generator_py/geometry_msgs/_geometry_msgs_s.ep.rosidl_typesupport_c.c.o[0m
[109.421s] [100%] [32m[1mLinking C shared module rosidl_generator_py/geometry_msgs/geometry_msgs_s__rosidl_typesupport_c.so[0m
[109.464s] [100%] Built target geometry_msgs_s__rosidl_typesupport_c
[109.485s] Invoked command in '/home/rasp/ros2_ws/build/geometry_msgs' returned '0': AMENT_PREFIX_PATH=/home/rasp/ros2_ws/install/std_msgs:/home/rasp/ros2_ws/install/builtin_interfaces:${AMENT_PREFIX_PATH} CMAKE_PREFIX_PATH=/home/rasp/ros2_ws/install/std_msgs:/home/rasp/ros2_ws/install/builtin_interfaces:/home/rasp/ros2_ws/install/rosidl_typesupport_microxrcedds_cpp:/home/rasp/ros2_ws/install/rosidl_typesupport_microxrcedds_c:/home/rasp/ros2_ws/install/microcdr:/home/rasp/ros2_ws/install/micro_ros_setup:/opt/ros/jazzy/opt/gz_math_vendor:/opt/ros/jazzy/opt/gz_utils_vendor:/opt/ros/jazzy/opt/gz_cmake_vendor:/opt/ros/jazzy DEBUGINFOD_URLS=https://debuginfod.ubuntu.com LD_LIBRARY_PATH=/home/rasp/ros2_ws/install/std_msgs/lib:/home/rasp/ros2_ws/install/builtin_interfaces/lib:${LD_LIBRARY_PATH} PYTHONPATH=/home/rasp/ros2_ws/install/std_msgs/lib/python3.12/site-packages:/home/rasp/ros2_ws/install/builtin_interfaces/lib/python3.12/site-packages:${PYTHONPATH} /usr/bin/cmake --build /home/rasp/ros2_ws/build/geometry_msgs -- -j2 -l2
[109.486s] Invoking command in '/home/rasp/ros2_ws/build/geometry_msgs': AMENT_PREFIX_PATH=/home/rasp/ros2_ws/install/std_msgs:/home/rasp/ros2_ws/install/builtin_interfaces:${AMENT_PREFIX_PATH} CMAKE_PREFIX_PATH=/home/rasp/ros2_ws/install/std_msgs:/home/rasp/ros2_ws/install/builtin_interfaces:/home/rasp/ros2_ws/install/rosidl_typesupport_microxrcedds_cpp:/home/rasp/ros2_ws/install/rosidl_typesupport_microxrcedds_c:/home/rasp/ros2_ws/install/microcdr:/home/rasp/ros2_ws/install/micro_ros_setup:/opt/ros/jazzy/opt/gz_math_vendor:/opt/ros/jazzy/opt/gz_utils_vendor:/opt/ros/jazzy/opt/gz_cmake_vendor:/opt/ros/jazzy DEBUGINFOD_URLS=https://debuginfod.ubuntu.com LD_LIBRARY_PATH=/home/rasp/ros2_ws/install/std_msgs/lib:/home/rasp/ros2_ws/install/builtin_interfaces/lib:${LD_LIBRARY_PATH} PYTHONPATH=/home/rasp/ros2_ws/install/std_msgs/lib/python3.12/site-packages:/home/rasp/ros2_ws/install/builtin_interfaces/lib/python3.12/site-packages:${PYTHONPATH} /usr/bin/cmake --install /home/rasp/ros2_ws/build/geometry_msgs
[109.499s] -- Install configuration: ""
[109.501s] -- Installing: /home/rasp/ros2_ws/install/geometry_msgs/share/ament_index/resource_index/rosidl_interfaces/geometry_msgs
[109.501s] -- Installing: /home/rasp/ros2_ws/install/geometry_msgs/share/geometry_msgs/msg/Accel.json
[109.501s] -- Installing: /home/rasp/ros2_ws/install/geometry_msgs/share/geometry_msgs/msg/AccelStamped.json
[109.501s] -- Installing: /home/rasp/ros2_ws/install/geometry_msgs/share/geometry_msgs/msg/AccelWithCovariance.json
[109.502s] -- Installing: /home/rasp/ros2_ws/install/geometry_msgs/share/geometry_msgs/msg/AccelWithCovarianceStamped.json
[109.502s] -- Installing: /home/rasp/ros2_ws/install/geometry_msgs/share/geometry_msgs/msg/Inertia.json
[109.502s] -- Installing: /home/rasp/ros2_ws/install/geometry_msgs/share/geometry_msgs/msg/InertiaStamped.json
[109.502s] -- Installing: /home/rasp/ros2_ws/install/geometry_msgs/share/geometry_msgs/msg/Point.json
[109.504s] -- Installing: /home/rasp/ros2_ws/install/geometry_msgs/share/geometry_msgs/msg/Point32.json
[109.504s] -- Installing: /home/rasp/ros2_ws/install/geometry_msgs/share/geometry_msgs/msg/PointStamped.json
[109.504s] -- Installing: /home/rasp/ros2_ws/install/geometry_msgs/share/geometry_msgs/msg/Polygon.json
[109.504s] -- Installing: /home/rasp/ros2_ws/install/geometry_msgs/share/geometry_msgs/msg/PolygonInstance.json
[109.504s] -- Installing: /home/rasp/ros2_ws/install/geometry_msgs/share/geometry_msgs/msg/PolygonInstanceStamped.json
[109.505s] -- Installing: /home/rasp/ros2_ws/install/geometry_msgs/share/geometry_msgs/msg/PolygonStamped.json
[109.505s] -- Installing: /home/rasp/ros2_ws/install/geometry_msgs/share/geometry_msgs/msg/Pose.json
[109.505s] -- Installing: /home/rasp/ros2_ws/install/geometry_msgs/share/geometry_msgs/msg/Pose2D.json
[109.505s] -- Installing: /home/rasp/ros2_ws/install/geometry_msgs/share/geometry_msgs/msg/PoseArray.json
[109.505s] -- Installing: /home/rasp/ros2_ws/install/geometry_msgs/share/geometry_msgs/msg/PoseStamped.json
[109.505s] -- Installing: /home/rasp/ros2_ws/install/geometry_msgs/share/geometry_msgs/msg/PoseWithCovariance.json
[109.505s] -- Installing: /home/rasp/ros2_ws/install/geometry_msgs/share/geometry_msgs/msg/PoseWithCovarianceStamped.json
[109.506s] -- Installing: /home/rasp/ros2_ws/install/geometry_msgs/share/geometry_msgs/msg/Quaternion.json
[109.506s] -- Installing: /home/rasp/ros2_ws/install/geometry_msgs/share/geometry_msgs/msg/QuaternionStamped.json
[109.508s] -- Installing: /home/rasp/ros2_ws/install/geometry_msgs/share/geometry_msgs/msg/Transform.json
[109.508s] -- Installing: /home/rasp/ros2_ws/install/geometry_msgs/share/geometry_msgs/msg/TransformStamped.json
[109.508s] -- Installing: /home/rasp/ros2_ws/install/geometry_msgs/share/geometry_msgs/msg/Twist.json
[109.508s] -- Installing: /home/rasp/ros2_ws/install/geometry_msgs/share/geometry_msgs/msg/TwistStamped.json
[109.509s] -- Installing: /home/rasp/ros2_ws/install/geometry_msgs/share/geometry_msgs/msg/TwistWithCovariance.json
[109.509s] -- Installing: /home/rasp/ros2_ws/install/geometry_msgs/share/geometry_msgs/msg/TwistWithCovarianceStamped.json
[109.509s] -- Installing: /home/rasp/ros2_ws/install/geometry_msgs/share/geometry_msgs/msg/Vector3.json
[109.509s] -- Installing: /home/rasp/ros2_ws/install/geometry_msgs/share/geometry_msgs/msg/Vector3Stamped.json
[109.509s] -- Installing: /home/rasp/ros2_ws/install/geometry_msgs/share/geometry_msgs/msg/VelocityStamped.json
[109.509s] -- Installing: /home/rasp/ros2_ws/install/geometry_msgs/share/geometry_msgs/msg/Wrench.json
[109.509s] -- Installing: /home/rasp/ros2_ws/install/geometry_msgs/share/geometry_msgs/msg/WrenchStamped.json
[109.509s] -- Installing: /home/rasp/ros2_ws/install/geometry_msgs/include/geometry_msgs/geometry_msgs
[109.509s] -- Installing: /home/rasp/ros2_ws/install/geometry_msgs/include/geometry_msgs/geometry_msgs/msg
[109.510s] -- Installing: /home/rasp/ros2_ws/install/geometry_msgs/include/geometry_msgs/geometry_msgs/msg/vector3_stamped.h
[109.510s] -- Installing: /home/rasp/ros2_ws/install/geometry_msgs/include/geometry_msgs/geometry_msgs/msg/point_stamped.h
[109.510s] -- Installing: /home/rasp/ros2_ws/install/geometry_msgs/include/geometry_msgs/geometry_msgs/msg/velocity_stamped.h
[109.512s] -- Installing: /home/rasp/ros2_ws/install/geometry_msgs/include/geometry_msgs/geometry_msgs/msg/polygon.h
[109.512s] -- Installing: /home/rasp/ros2_ws/install/geometry_msgs/include/geometry_msgs/geometry_msgs/msg/detail
[109.512s] -- Installing: /home/rasp/ros2_ws/install/geometry_msgs/include/geometry_msgs/geometry_msgs/msg/detail/pose__functions.c
[109.512s] -- Installing: /home/rasp/ros2_ws/install/geometry_msgs/include/geometry_msgs/geometry_msgs/msg/detail/accel__struct.h
[109.512s] -- Installing: /home/rasp/ros2_ws/install/geometry_msgs/include/geometry_msgs/geometry_msgs/msg/detail/pose_stamped__struct.h
[109.512s] -- Installing: /home/rasp/ros2_ws/install/geometry_msgs/include/geometry_msgs/geometry_msgs/msg/detail/vector3_stamped__functions.c
[109.512s] -- Installing: /home/rasp/ros2_ws/install/geometry_msgs/include/geometry_msgs/geometry_msgs/msg/detail/pose_with_covariance_stamped__type_support.h
[109.513s] -- Installing: /home/rasp/ros2_ws/install/geometry_msgs/include/geometry_msgs/geometry_msgs/msg/detail/inertia__functions.h
[109.513s] -- Installing: /home/rasp/ros2_ws/install/geometry_msgs/include/geometry_msgs/geometry_msgs/msg/detail/accel_stamped__functions.h
[109.513s] -- Installing: /home/rasp/ros2_ws/install/geometry_msgs/include/geometry_msgs/geometry_msgs/msg/detail/quaternion__struct.h
[109.513s] -- Installing: /home/rasp/ros2_ws/install/geometry_msgs/include/geometry_msgs/geometry_msgs/msg/detail/quaternion__description.c
[109.513s] -- Installing: /home/rasp/ros2_ws/install/geometry_msgs/include/geometry_msgs/geometry_msgs/msg/detail/quaternion_stamped__type_support.c
[109.513s] -- Installing: /home/rasp/ros2_ws/install/geometry_msgs/include/geometry_msgs/geometry_msgs/msg/detail/quaternion_stamped__type_support.h
[109.514s] -- Installing: /home/rasp/ros2_ws/install/geometry_msgs/include/geometry_msgs/geometry_msgs/msg/detail/inertia_stamped__functions.h
[109.514s] -- Installing: /home/rasp/ros2_ws/install/geometry_msgs/include/geometry_msgs/geometry_msgs/msg/detail/velocity_stamped__type_support.h
[109.514s] -- Installing: /home/rasp/ros2_ws/install/geometry_msgs/include/geometry_msgs/geometry_msgs/msg/detail/twist_with_covariance__struct.h
[109.516s] -- Installing: /home/rasp/ros2_ws/install/geometry_msgs/include/geometry_msgs/geometry_msgs/msg/detail/accel_with_covariance__description.c
[109.516s] -- Installing: /home/rasp/ros2_ws/install/geometry_msgs/include/geometry_msgs/geometry_msgs/msg/detail/pose2_d__type_support.c
[109.516s] -- Installing: /home/rasp/ros2_ws/install/geometry_msgs/include/geometry_msgs/geometry_msgs/msg/detail/polygon__description.c
[109.516s] -- Installing: /home/rasp/ros2_ws/install/geometry_msgs/include/geometry_msgs/geometry_msgs/msg/detail/accel_stamped__functions.c
[109.516s] -- Installing: /home/rasp/ros2_ws/install/geometry_msgs/include/geometry_msgs/geometry_msgs/msg/detail/twist_stamped__functions.c
[109.516s] -- Installing: /home/rasp/ros2_ws/install/geometry_msgs/include/geometry_msgs/geometry_msgs/msg/detail/pose_stamped__type_support.c
[109.517s] -- Installing: /home/rasp/ros2_ws/install/geometry_msgs/include/geometry_msgs/geometry_msgs/msg/detail/quaternion__type_support.h
[109.517s] -- Installing: /home/rasp/ros2_ws/install/geometry_msgs/include/geometry_msgs/geometry_msgs/msg/detail/pose_array__description.c
[109.517s] -- Installing: /home/rasp/ros2_ws/install/geometry_msgs/include/geometry_msgs/geometry_msgs/msg/detail/point_stamped__functions.c
[109.517s] -- Installing: /home/rasp/ros2_ws/install/geometry_msgs/include/geometry_msgs/geometry_msgs/msg/detail/velocity_stamped__type_support.c
[109.517s] -- Installing: /home/rasp/ros2_ws/install/geometry_msgs/include/geometry_msgs/geometry_msgs/msg/detail/polygon_instance__struct.h
[109.517s] -- Installing: /home/rasp/ros2_ws/install/geometry_msgs/include/geometry_msgs/geometry_msgs/msg/detail/wrench__type_support.h
[109.517s] -- Installing: /home/rasp/ros2_ws/install/geometry_msgs/include/geometry_msgs/geometry_msgs/msg/detail/polygon_stamped__type_support.h
[109.519s] -- Installing: /home/rasp/ros2_ws/install/geometry_msgs/include/geometry_msgs/geometry_msgs/msg/detail/pose_with_covariance_stamped__functions.c
[109.519s] -- Installing: /home/rasp/ros2_ws/install/geometry_msgs/include/geometry_msgs/geometry_msgs/msg/detail/twist_with_covariance__functions.c
[109.519s] -- Installing: /home/rasp/ros2_ws/install/geometry_msgs/include/geometry_msgs/geometry_msgs/msg/detail/transform__type_support.h
[109.519s] -- Installing: /home/rasp/ros2_ws/install/geometry_msgs/include/geometry_msgs/geometry_msgs/msg/detail/point32__type_support.c
[109.519s] -- Installing: /home/rasp/ros2_ws/install/geometry_msgs/include/geometry_msgs/geometry_msgs/msg/detail/vector3__type_support.c
[109.519s] -- Installing: /home/rasp/ros2_ws/install/geometry_msgs/include/geometry_msgs/geometry_msgs/msg/detail/pose_stamped__type_support.h
[109.519s] -- Installing: /home/rasp/ros2_ws/install/geometry_msgs/include/geometry_msgs/geometry_msgs/msg/detail/wrench_stamped__struct.h
[109.520s] -- Installing: /home/rasp/ros2_ws/install/geometry_msgs/include/geometry_msgs/geometry_msgs/msg/detail/pose_array__struct.h
[109.522s] -- Installing: /home/rasp/ros2_ws/install/geometry_msgs/include/geometry_msgs/geometry_msgs/msg/detail/pose_stamped__functions.h
[109.522s] -- Installing: /home/rasp/ros2_ws/install/geometry_msgs/include/geometry_msgs/geometry_msgs/msg/detail/twist_stamped__type_support.h
[109.522s] -- Installing: /home/rasp/ros2_ws/install/geometry_msgs/include/geometry_msgs/geometry_msgs/msg/detail/accel_with_covariance__functions.c
[109.522s] -- Installing: /home/rasp/ros2_ws/install/geometry_msgs/include/geometry_msgs/geometry_msgs/msg/detail/transform__functions.h
[109.522s] -- Installing: /home/rasp/ros2_ws/install/geometry_msgs/include/geometry_msgs/geometry_msgs/msg/detail/accel__description.c
[109.523s] -- Installing: /home/rasp/ros2_ws/install/geometry_msgs/include/geometry_msgs/geometry_msgs/msg/detail/pose2_d__functions.c
[109.523s] -- Installing: /home/rasp/ros2_ws/install/geometry_msgs/include/geometry_msgs/geometry_msgs/msg/detail/accel_with_covariance__type_support.c
[109.523s] -- Installing: /home/rasp/ros2_ws/install/geometry_msgs/include/geometry_msgs/geometry_msgs/msg/detail/pose__description.c
[109.523s] -- Installing: /home/rasp/ros2_ws/install/geometry_msgs/include/geometry_msgs/geometry_msgs/msg/detail/transform_stamped__struct.h
[109.523s] -- Installing: /home/rasp/ros2_ws/install/geometry_msgs/include/geometry_msgs/geometry_msgs/msg/detail/polygon_stamped__type_support.c
[109.523s] -- Installing: /home/rasp/ros2_ws/install/geometry_msgs/include/geometry_msgs/geometry_msgs/msg/detail/wrench_stamped__type_support.c
[109.523s] -- Installing: /home/rasp/ros2_ws/install/geometry_msgs/include/geometry_msgs/geometry_msgs/msg/detail/point__struct.h
[109.523s] -- Installing: /home/rasp/ros2_ws/install/geometry_msgs/include/geometry_msgs/geometry_msgs/msg/detail/vector3_stamped__struct.h
[109.523s] -- Installing: /home/rasp/ros2_ws/install/geometry_msgs/include/geometry_msgs/geometry_msgs/msg/detail/accel__type_support.h
[109.524s] -- Installing: /home/rasp/ros2_ws/install/geometry_msgs/include/geometry_msgs/geometry_msgs/msg/detail/transform_stamped__description.c
[109.526s] -- Installing: /home/rasp/ros2_ws/install/geometry_msgs/include/geometry_msgs/geometry_msgs/msg/detail/pose_stamped__functions.c
[109.526s] -- Installing: /home/rasp/ros2_ws/install/geometry_msgs/include/geometry_msgs/geometry_msgs/msg/detail/pose__functions.h
[109.526s] -- Installing: /home/rasp/ros2_ws/install/geometry_msgs/include/geometry_msgs/geometry_msgs/msg/detail/pose_array__functions.h
[109.526s] -- Installing: /home/rasp/ros2_ws/install/geometry_msgs/include/geometry_msgs/geometry_msgs/msg/detail/point_stamped__type_support.c
[109.526s] -- Installing: /home/rasp/ros2_ws/install/geometry_msgs/include/geometry_msgs/geometry_msgs/msg/detail/point_stamped__functions.h
[109.526s] -- Installing: /home/rasp/ros2_ws/install/geometry_msgs/include/geometry_msgs/geometry_msgs/msg/detail/transform__functions.c
[109.527s] -- Installing: /home/rasp/ros2_ws/install/geometry_msgs/include/geometry_msgs/geometry_msgs/msg/detail/pose_with_covariance__functions.h
[109.527s] -- Installing: /home/rasp/ros2_ws/install/geometry_msgs/include/geometry_msgs/geometry_msgs/msg/detail/pose_with_covariance__description.c
[109.527s] -- Installing: /home/rasp/ros2_ws/install/geometry_msgs/include/geometry_msgs/geometry_msgs/msg/detail/accel_with_covariance_stamped__type_support.h
[109.527s] -- Installing: /home/rasp/ros2_ws/install/geometry_msgs/include/geometry_msgs/geometry_msgs/msg/detail/pose_with_covariance_stamped__description.c
[109.527s] -- Installing: /home/rasp/ros2_ws/install/geometry_msgs/include/geometry_msgs/geometry_msgs/msg/detail/quaternion_stamped__struct.h
[109.527s] -- Installing: /home/rasp/ros2_ws/install/geometry_msgs/include/geometry_msgs/geometry_msgs/msg/detail/accel_with_covariance__struct.h
[109.527s] -- Installing: /home/rasp/ros2_ws/install/geometry_msgs/include/geometry_msgs/geometry_msgs/msg/detail/polygon_stamped__functions.c
[109.527s] -- Installing: /home/rasp/ros2_ws/install/geometry_msgs/include/geometry_msgs/geometry_msgs/msg/detail/accel_with_covariance_stamped__description.c
[109.528s] -- Installing: /home/rasp/ros2_ws/install/geometry_msgs/include/geometry_msgs/geometry_msgs/msg/detail/wrench_stamped__description.c
[109.528s] -- Installing: /home/rasp/ros2_ws/install/geometry_msgs/include/geometry_msgs/geometry_msgs/msg/detail/twist_with_covariance_stamped__type_support.c
[109.528s] -- Installing: /home/rasp/ros2_ws/install/geometry_msgs/include/geometry_msgs/geometry_msgs/msg/detail/wrench__type_support.c
[109.530s] -- Installing: /home/rasp/ros2_ws/install/geometry_msgs/include/geometry_msgs/geometry_msgs/msg/detail/accel_with_covariance_stamped__functions.c
[109.530s] -- Installing: /home/rasp/ros2_ws/install/geometry_msgs/include/geometry_msgs/geometry_msgs/msg/detail/inertia__description.c
[109.530s] -- Installing: /home/rasp/ros2_ws/install/geometry_msgs/include/geometry_msgs/geometry_msgs/msg/detail/polygon_stamped__description.c
[109.530s] -- Installing: /home/rasp/ros2_ws/install/geometry_msgs/include/geometry_msgs/geometry_msgs/msg/detail/polygon__functions.h
[109.530s] -- Installing: /home/rasp/ros2_ws/install/geometry_msgs/include/geometry_msgs/geometry_msgs/msg/detail/wrench__struct.h
[109.531s] -- Installing: /home/rasp/ros2_ws/install/geometry_msgs/include/geometry_msgs/geometry_msgs/msg/detail/twist_with_covariance__type_support.h
[109.531s] -- Installing: /home/rasp/ros2_ws/install/geometry_msgs/include/geometry_msgs/geometry_msgs/msg/detail/twist_stamped__type_support.c
[109.531s] -- Installing: /home/rasp/ros2_ws/install/geometry_msgs/include/geometry_msgs/geometry_msgs/msg/detail/inertia_stamped__functions.c
[109.531s] -- Installing: /home/rasp/ros2_ws/install/geometry_msgs/include/geometry_msgs/geometry_msgs/msg/detail/polygon_instance__type_support.c
[109.531s] -- Installing: /home/rasp/ros2_ws/install/geometry_msgs/include/geometry_msgs/geometry_msgs/msg/detail/twist_with_covariance_stamped__struct.h
[109.531s] -- Installing: /home/rasp/ros2_ws/install/geometry_msgs/include/geometry_msgs/geometry_msgs/msg/detail/velocity_stamped__functions.c
[109.532s] -- Installing: /home/rasp/ros2_ws/install/geometry_msgs/include/geometry_msgs/geometry_msgs/msg/detail/accel_stamped__description.c
[109.532s] -- Installing: /home/rasp/ros2_ws/install/geometry_msgs/include/geometry_msgs/geometry_msgs/msg/detail/vector3__type_support.h
[109.534s] -- Installing: /home/rasp/ros2_ws/install/geometry_msgs/include/geometry_msgs/geometry_msgs/msg/detail/vector3__functions.h
[109.534s] -- Installing: /home/rasp/ros2_ws/install/geometry_msgs/include/geometry_msgs/geometry_msgs/msg/detail/accel_stamped__type_support.h
[109.534s] -- Installing: /home/rasp/ros2_ws/install/geometry_msgs/include/geometry_msgs/geometry_msgs/msg/detail/point_stamped__struct.h
[109.534s] -- Installing: /home/rasp/ros2_ws/install/geometry_msgs/include/geometry_msgs/geometry_msgs/msg/detail/vector3_stamped__type_support.c
[109.534s] -- Installing: /home/rasp/ros2_ws/install/geometry_msgs/include/geometry_msgs/geometry_msgs/msg/detail/quaternion_stamped__description.c
[109.534s] -- Installing: /home/rasp/ros2_ws/install/geometry_msgs/include/geometry_msgs/geometry_msgs/msg/detail/point_stamped__type_support.h
[109.535s] -- Installing: /home/rasp/ros2_ws/install/geometry_msgs/include/geometry_msgs/geometry_msgs/msg/detail/transform_stamped__type_support.h
[109.535s] -- Installing: /home/rasp/ros2_ws/install/geometry_msgs/include/geometry_msgs/geometry_msgs/msg/detail/polygon_stamped__struct.h
[109.535s] -- Installing: /home/rasp/ros2_ws/install/geometry_msgs/include/geometry_msgs/geometry_msgs/msg/detail/accel_with_covariance_stamped__functions.h
[109.535s] -- Installing: /home/rasp/ros2_ws/install/geometry_msgs/include/geometry_msgs/geometry_msgs/msg/detail/pose_with_covariance__type_support.h
[109.535s] -- Installing: /home/rasp/ros2_ws/install/geometry_msgs/include/geometry_msgs/geometry_msgs/msg/detail/polygon__type_support.c
[109.535s] -- Installing: /home/rasp/ros2_ws/install/geometry_msgs/include/geometry_msgs/geometry_msgs/msg/detail/pose_with_covariance__type_support.c
[109.536s] -- Installing: /home/rasp/ros2_ws/install/geometry_msgs/include/geometry_msgs/geometry_msgs/msg/detail/vector3_stamped__functions.h
[109.536s] -- Installing: /home/rasp/ros2_ws/install/geometry_msgs/include/geometry_msgs/geometry_msgs/msg/detail/twist_stamped__struct.h
[109.538s] -- Installing: /home/rasp/ros2_ws/install/geometry_msgs/include/geometry_msgs/geometry_msgs/msg/detail/quaternion__functions.h
[109.538s] -- Installing: /home/rasp/ros2_ws/install/geometry_msgs/include/geometry_msgs/geometry_msgs/msg/detail/twist_with_covariance_stamped__type_support.h
[109.538s] -- Installing: /home/rasp/ros2_ws/install/geometry_msgs/include/geometry_msgs/geometry_msgs/msg/detail/accel_stamped__type_support.c
[109.539s] -- Installing: /home/rasp/ros2_ws/install/geometry_msgs/include/geometry_msgs/geometry_msgs/msg/detail/point__description.c
[109.539s] -- Installing: /home/rasp/ros2_ws/install/geometry_msgs/include/geometry_msgs/geometry_msgs/msg/detail/inertia__functions.c
[109.539s] -- Installing: /home/rasp/ros2_ws/install/geometry_msgs/include/geometry_msgs/geometry_msgs/msg/detail/wrench_stamped__type_support.h
[109.539s] -- Installing: /home/rasp/ros2_ws/install/geometry_msgs/include/geometry_msgs/geometry_msgs/msg/detail/pose_with_covariance_stamped__functions.h
[109.539s] -- Installing: /home/rasp/ros2_ws/install/geometry_msgs/include/geometry_msgs/geometry_msgs/msg/detail/transform__struct.h
[109.539s] -- Installing: /home/rasp/ros2_ws/install/geometry_msgs/include/geometry_msgs/geometry_msgs/msg/detail/accel__functions.c
[109.539s] -- Installing: /home/rasp/ros2_ws/install/geometry_msgs/include/geometry_msgs/geometry_msgs/msg/detail/pose__struct.h
[109.539s] -- Installing: /home/rasp/ros2_ws/install/geometry_msgs/include/geometry_msgs/geometry_msgs/msg/detail/pose__type_support.h
[109.540s] -- Installing: /home/rasp/ros2_ws/install/geometry_msgs/include/geometry_msgs/geometry_msgs/msg/detail/twist__description.c
[109.540s] -- Installing: /home/rasp/ros2_ws/install/geometry_msgs/include/geometry_msgs/geometry_msgs/msg/detail/quaternion_stamped__functions.c
[109.542s] -- Installing: /home/rasp/ros2_ws/install/geometry_msgs/include/geometry_msgs/geometry_msgs/msg/detail/pose_array__type_support.h
[109.542s] -- Installing: /home/rasp/ros2_ws/install/geometry_msgs/include/geometry_msgs/geometry_msgs/msg/detail/vector3__struct.h
[109.542s] -- Installing: /home/rasp/ros2_ws/install/geometry_msgs/include/geometry_msgs/geometry_msgs/msg/detail/point32__functions.h
[109.542s] -- Installing: /home/rasp/ros2_ws/install/geometry_msgs/include/geometry_msgs/geometry_msgs/msg/detail/velocity_stamped__functions.h
[109.543s] -- Installing: /home/rasp/ros2_ws/install/geometry_msgs/include/geometry_msgs/geometry_msgs/msg/detail/wrench__description.c
[109.543s] -- Installing: /home/rasp/ros2_ws/install/geometry_msgs/include/geometry_msgs/geometry_msgs/msg/detail/twist_stamped__description.c
[109.543s] -- Installing: /home/rasp/ros2_ws/install/geometry_msgs/include/geometry_msgs/geometry_msgs/msg/detail/pose2_d__functions.h
[109.543s] -- Installing: /home/rasp/ros2_ws/install/geometry_msgs/include/geometry_msgs/geometry_msgs/msg/detail/point32__type_support.h
[109.543s] -- Installing: /home/rasp/ros2_ws/install/geometry_msgs/include/geometry_msgs/geometry_msgs/msg/detail/polygon_instance__functions.c
[109.543s] -- Installing: /home/rasp/ros2_ws/install/geometry_msgs/include/geometry_msgs/geometry_msgs/msg/detail/inertia__type_support.c
[109.543s] -- Installing: /home/rasp/ros2_ws/install/geometry_msgs/include/geometry_msgs/geometry_msgs/msg/detail/polygon__functions.c
[109.543s] -- Installing: /home/rasp/ros2_ws/install/geometry_msgs/include/geometry_msgs/geometry_msgs/msg/detail/vector3_stamped__description.c
[109.544s] -- Installing: /home/rasp/ros2_ws/install/geometry_msgs/include/geometry_msgs/geometry_msgs/msg/detail/polygon_instance__description.c
[109.544s] -- Installing: /home/rasp/ros2_ws/install/geometry_msgs/include/geometry_msgs/geometry_msgs/msg/detail/pose_with_covariance__functions.c
[109.544s] -- Installing: /home/rasp/ros2_ws/install/geometry_msgs/include/geometry_msgs/geometry_msgs/msg/detail/twist_with_covariance__type_support.c
[109.544s] -- Installing: /home/rasp/ros2_ws/install/geometry_msgs/include/geometry_msgs/geometry_msgs/msg/detail/twist_with_covariance__functions.h
[109.545s] -- Installing: /home/rasp/ros2_ws/install/geometry_msgs/include/geometry_msgs/geometry_msgs/msg/detail/accel__type_support.c
[109.545s] -- Installing: /home/rasp/ros2_ws/install/geometry_msgs/include/geometry_msgs/geometry_msgs/msg/detail/inertia_stamped__description.c
[109.545s] -- Installing: /home/rasp/ros2_ws/install/geometry_msgs/include/geometry_msgs/geometry_msgs/msg/detail/twist_with_covariance_stamped__description.c
[109.546s] -- Installing: /home/rasp/ros2_ws/install/geometry_msgs/include/geometry_msgs/geometry_msgs/msg/detail/accel__functions.h
[109.546s] -- Installing: /home/rasp/ros2_ws/install/geometry_msgs/include/geometry_msgs/geometry_msgs/msg/detail/quaternion_stamped__functions.h
[109.546s] -- Installing: /home/rasp/ros2_ws/install/geometry_msgs/include/geometry_msgs/geometry_msgs/msg/detail/inertia__type_support.h
[109.546s] -- Installing: /home/rasp/ros2_ws/install/geometry_msgs/include/geometry_msgs/geometry_msgs/msg/detail/transform_stamped__functions.h
[109.546s] -- Installing: /home/rasp/ros2_ws/install/geometry_msgs/include/geometry_msgs/geometry_msgs/msg/detail/point__functions.h
[109.546s] -- Installing: /home/rasp/ros2_ws/install/geometry_msgs/include/geometry_msgs/geometry_msgs/msg/detail/polygon_instance_stamped__description.c
[109.546s] -- Installing: /home/rasp/ros2_ws/install/geometry_msgs/include/geometry_msgs/geometry_msgs/msg/detail/accel_stamped__struct.h
[109.546s] -- Installing: /home/rasp/ros2_ws/install/geometry_msgs/include/geometry_msgs/geometry_msgs/msg/detail/transform__type_support.c
[109.547s] -- Installing: /home/rasp/ros2_ws/install/geometry_msgs/include/geometry_msgs/geometry_msgs/msg/detail/point32__struct.h
[109.549s] -- Installing: /home/rasp/ros2_ws/install/geometry_msgs/include/geometry_msgs/geometry_msgs/msg/detail/polygon_instance_stamped__struct.h
[109.549s] -- Installing: /home/rasp/ros2_ws/install/geometry_msgs/include/geometry_msgs/geometry_msgs/msg/detail/point__functions.c
[109.549s] -- Installing: /home/rasp/ros2_ws/install/geometry_msgs/include/geometry_msgs/geometry_msgs/msg/detail/accel_with_covariance_stamped__struct.h
[109.549s] -- Installing: /home/rasp/ros2_ws/install/geometry_msgs/include/geometry_msgs/geometry_msgs/msg/detail/inertia_stamped__type_support.h
[109.549s] -- Installing: /home/rasp/ros2_ws/install/geometry_msgs/include/geometry_msgs/geometry_msgs/msg/detail/transform__description.c
[109.549s] -- Installing: /home/rasp/ros2_ws/install/geometry_msgs/include/geometry_msgs/geometry_msgs/msg/detail/transform_stamped__functions.c
[109.550s] -- Installing: /home/rasp/ros2_ws/install/geometry_msgs/include/geometry_msgs/geometry_msgs/msg/detail/pose_stamped__description.c
[109.550s] -- Installing: /home/rasp/ros2_ws/install/geometry_msgs/include/geometry_msgs/geometry_msgs/msg/detail/pose_array__type_support.c
[109.550s] -- Installing: /home/rasp/ros2_ws/install/geometry_msgs/include/geometry_msgs/geometry_msgs/msg/detail/vector3__functions.c
[109.552s] -- Installing: /home/rasp/ros2_ws/install/geometry_msgs/include/geometry_msgs/geometry_msgs/msg/detail/polygon_instance_stamped__functions.h
[109.552s] -- Installing: /home/rasp/ros2_ws/install/geometry_msgs/include/geometry_msgs/geometry_msgs/msg/detail/wrench_stamped__functions.h
[109.552s] -- Installing: /home/rasp/ros2_ws/install/geometry_msgs/include/geometry_msgs/geometry_msgs/msg/detail/quaternion__type_support.c
[109.552s] -- Installing: /home/rasp/ros2_ws/install/geometry_msgs/include/geometry_msgs/geometry_msgs/msg/detail/pose2_d__description.c
[109.552s] -- Installing: /home/rasp/ros2_ws/install/geometry_msgs/include/geometry_msgs/geometry_msgs/msg/detail/twist__type_support.h
[109.552s] -- Installing: /home/rasp/ros2_ws/install/geometry_msgs/include/geometry_msgs/geometry_msgs/msg/detail/twist_with_covariance__description.c
[109.552s] -- Installing: /home/rasp/ros2_ws/install/geometry_msgs/include/geometry_msgs/geometry_msgs/msg/detail/twist__type_support.c
[109.552s] -- Installing: /home/rasp/ros2_ws/install/geometry_msgs/include/geometry_msgs/geometry_msgs/msg/detail/wrench_stamped__functions.c
[109.553s] -- Installing: /home/rasp/ros2_ws/install/geometry_msgs/include/geometry_msgs/geometry_msgs/msg/detail/twist_with_covariance_stamped__functions.c
[109.553s] -- Installing: /home/rasp/ros2_ws/install/geometry_msgs/include/geometry_msgs/geometry_msgs/msg/detail/polygon__type_support.h
[109.553s] -- Installing: /home/rasp/ros2_ws/install/geometry_msgs/include/geometry_msgs/geometry_msgs/msg/detail/inertia_stamped__type_support.c
[109.553s] -- Installing: /home/rasp/ros2_ws/install/geometry_msgs/include/geometry_msgs/geometry_msgs/msg/detail/twist__functions.h
[109.553s] -- Installing: /home/rasp/ros2_ws/install/geometry_msgs/include/geometry_msgs/geometry_msgs/msg/detail/point__type_support.h
[109.553s] -- Installing: /home/rasp/ros2_ws/install/geometry_msgs/include/geometry_msgs/geometry_msgs/msg/detail/polygon_instance_stamped__type_support.c
[109.555s] -- Installing: /home/rasp/ros2_ws/install/geometry_msgs/include/geometry_msgs/geometry_msgs/msg/detail/pose2_d__struct.h
[109.555s] -- Installing: /home/rasp/ros2_ws/install/geometry_msgs/include/geometry_msgs/geometry_msgs/msg/detail/polygon_instance_stamped__functions.c
[109.555s] -- Installing: /home/rasp/ros2_ws/install/geometry_msgs/include/geometry_msgs/geometry_msgs/msg/detail/wrench__functions.c
[109.555s] -- Installing: /home/rasp/ros2_ws/install/geometry_msgs/include/geometry_msgs/geometry_msgs/msg/detail/pose2_d__type_support.h
[109.555s] -- Installing: /home/rasp/ros2_ws/install/geometry_msgs/include/geometry_msgs/geometry_msgs/msg/detail/velocity_stamped__description.c
[109.555s] -- Installing: /home/rasp/ros2_ws/install/geometry_msgs/include/geometry_msgs/geometry_msgs/msg/detail/pose_with_covariance_stamped__struct.h
[109.555s] -- Installing: /home/rasp/ros2_ws/install/geometry_msgs/include/geometry_msgs/geometry_msgs/msg/detail/inertia_stamped__struct.h
[109.555s] -- Installing: /home/rasp/ros2_ws/install/geometry_msgs/include/geometry_msgs/geometry_msgs/msg/detail/point32__functions.c
[109.556s] -- Installing: /home/rasp/ros2_ws/install/geometry_msgs/include/geometry_msgs/geometry_msgs/msg/detail/pose_with_covariance_stamped__type_support.c
[109.556s] -- Installing: /home/rasp/ros2_ws/install/geometry_msgs/include/geometry_msgs/geometry_msgs/msg/detail/wrench__functions.h
[109.556s] -- Installing: /home/rasp/ros2_ws/install/geometry_msgs/include/geometry_msgs/geometry_msgs/msg/detail/quaternion__functions.c
[109.556s] -- Installing: /home/rasp/ros2_ws/install/geometry_msgs/include/geometry_msgs/geometry_msgs/msg/detail/point_stamped__description.c
[109.558s] -- Installing: /home/rasp/ros2_ws/install/geometry_msgs/include/geometry_msgs/geometry_msgs/msg/detail/vector3_stamped__type_support.h
[109.558s] -- Installing: /home/rasp/ros2_ws/install/geometry_msgs/include/geometry_msgs/geometry_msgs/msg/detail/twist_stamped__functions.h
[109.558s] -- Installing: /home/rasp/ros2_ws/install/geometry_msgs/include/geometry_msgs/geometry_msgs/msg/detail/polygon_instance_stamped__type_support.h
[109.558s] -- Installing: /home/rasp/ros2_ws/install/geometry_msgs/include/geometry_msgs/geometry_msgs/msg/detail/pose_with_covariance__struct.h
[109.558s] -- Installing: /home/rasp/ros2_ws/install/geometry_msgs/include/geometry_msgs/geometry_msgs/msg/detail/point__type_support.c
[109.558s] -- Installing: /home/rasp/ros2_ws/install/geometry_msgs/include/geometry_msgs/geometry_msgs/msg/detail/pose__type_support.c
[109.559s] -- Installing: /home/rasp/ros2_ws/install/geometry_msgs/include/geometry_msgs/geometry_msgs/msg/detail/accel_with_covariance__type_support.h
[109.559s] -- Installing: /home/rasp/ros2_ws/install/geometry_msgs/include/geometry_msgs/geometry_msgs/msg/detail/velocity_stamped__struct.h
[109.559s] -- Installing: /home/rasp/ros2_ws/install/geometry_msgs/include/geometry_msgs/geometry_msgs/msg/detail/transform_stamped__type_support.c
[109.561s] -- Installing: /home/rasp/ros2_ws/install/geometry_msgs/include/geometry_msgs/geometry_msgs/msg/detail/twist_with_covariance_stamped__functions.h
[109.561s] -- Installing: /home/rasp/ros2_ws/install/geometry_msgs/include/geometry_msgs/geometry_msgs/msg/detail/twist__functions.c
[109.561s] -- Installing: /home/rasp/ros2_ws/install/geometry_msgs/include/geometry_msgs/geometry_msgs/msg/detail/polygon_instance__type_support.h
[109.561s] -- Installing: /home/rasp/ros2_ws/install/geometry_msgs/include/geometry_msgs/geometry_msgs/msg/detail/accel_with_covariance__functions.h
[109.561s] -- Installing: /home/rasp/ros2_ws/install/geometry_msgs/include/geometry_msgs/geometry_msgs/msg/detail/accel_with_covariance_stamped__type_support.c
[109.562s] -- Installing: /home/rasp/ros2_ws/install/geometry_msgs/include/geometry_msgs/geometry_msgs/msg/detail/twist__struct.h
[109.562s] -- Installing: /home/rasp/ros2_ws/install/geometry_msgs/include/geometry_msgs/geometry_msgs/msg/detail/point32__description.c
[109.562s] -- Installing: /home/rasp/ros2_ws/install/geometry_msgs/include/geometry_msgs/geometry_msgs/msg/detail/polygon_instance__functions.h
[109.562s] -- Installing: /home/rasp/ros2_ws/install/geometry_msgs/include/geometry_msgs/geometry_msgs/msg/detail/polygon_stamped__functions.h
[109.562s] -- Installing: /home/rasp/ros2_ws/install/geometry_msgs/include/geometry_msgs/geometry_msgs/msg/detail/pose_array__functions.c
[109.562s] -- Installing: /home/rasp/ros2_ws/install/geometry_msgs/include/geometry_msgs/geometry_msgs/msg/detail/inertia__struct.h
[109.562s] -- Installing: /home/rasp/ros2_ws/install/geometry_msgs/include/geometry_msgs/geometry_msgs/msg/detail/polygon__struct.h
[109.562s] -- Installing: /home/rasp/ros2_ws/install/geometry_msgs/include/geometry_msgs/geometry_msgs/msg/detail/vector3__description.c
[109.563s] -- Installing: /home/rasp/ros2_ws/install/geometry_msgs/include/geometry_msgs/geometry_msgs/msg/accel_stamped.h
[109.564s] -- Installing: /home/rasp/ros2_ws/install/geometry_msgs/include/geometry_msgs/geometry_msgs/msg/twist.h
[109.564s] -- Installing: /home/rasp/ros2_ws/install/geometry_msgs/include/geometry_msgs/geometry_msgs/msg/inertia.h
[109.564s] -- Installing: /home/rasp/ros2_ws/install/geometry_msgs/include/geometry_msgs/geometry_msgs/msg/accel_with_covariance_stamped.h
[109.564s] -- Installing: /home/rasp/ros2_ws/install/geometry_msgs/include/geometry_msgs/geometry_msgs/msg/pose_with_covariance_stamped.h
[109.564s] -- Installing: /home/rasp/ros2_ws/install/geometry_msgs/include/geometry_msgs/geometry_msgs/msg/transform_stamped.h
[109.564s] -- Installing: /home/rasp/ros2_ws/install/geometry_msgs/include/geometry_msgs/geometry_msgs/msg/wrench_stamped.h
[109.565s] -- Installing: /home/rasp/ros2_ws/install/geometry_msgs/include/geometry_msgs/geometry_msgs/msg/polygon_instance_stamped.h
[109.567s] -- Installing: /home/rasp/ros2_ws/install/geometry_msgs/include/geometry_msgs/geometry_msgs/msg/pose_array.h
[109.567s] -- Installing: /home/rasp/ros2_ws/install/geometry_msgs/include/geometry_msgs/geometry_msgs/msg/accel_with_covariance.h
[109.567s] -- Installing: /home/rasp/ros2_ws/install/geometry_msgs/include/geometry_msgs/geometry_msgs/msg/wrench.h
[109.567s] -- Installing: /home/rasp/ros2_ws/install/geometry_msgs/include/geometry_msgs/geometry_msgs/msg/rosidl_generator_c__visibility_control.h
[109.567s] -- Installing: /home/rasp/ros2_ws/install/geometry_msgs/include/geometry_msgs/geometry_msgs/msg/twist_stamped.h
[109.567s] -- Installing: /home/rasp/ros2_ws/install/geometry_msgs/include/geometry_msgs/geometry_msgs/msg/vector3.h
[109.567s] -- Installing: /home/rasp/ros2_ws/install/geometry_msgs/include/geometry_msgs/geometry_msgs/msg/point32.h
[109.567s] -- Installing: /home/rasp/ros2_ws/install/geometry_msgs/include/geometry_msgs/geometry_msgs/msg/quaternion.h
[109.568s] -- Installing: /home/rasp/ros2_ws/install/geometry_msgs/include/geometry_msgs/geometry_msgs/msg/pose_stamped.h
[109.568s] -- Installing: /home/rasp/ros2_ws/install/geometry_msgs/include/geometry_msgs/geometry_msgs/msg/point.h
[109.568s] -- Installing: /home/rasp/ros2_ws/install/geometry_msgs/include/geometry_msgs/geometry_msgs/msg/accel.h
[109.568s] -- Installing: /home/rasp/ros2_ws/install/geometry_msgs/include/geometry_msgs/geometry_msgs/msg/quaternion_stamped.h
[109.568s] -- Installing: /home/rasp/ros2_ws/install/geometry_msgs/include/geometry_msgs/geometry_msgs/msg/pose.h
[109.568s] -- Installing: /home/rasp/ros2_ws/install/geometry_msgs/include/geometry_msgs/geometry_msgs/msg/transform.h
[109.568s] -- Installing: /home/rasp/ros2_ws/install/geometry_msgs/include/geometry_msgs/geometry_msgs/msg/polygon_stamped.h
[109.569s] -- Installing: /home/rasp/ros2_ws/install/geometry_msgs/include/geometry_msgs/geometry_msgs/msg/pose_with_covariance.h
[109.569s] -- Installing: /home/rasp/ros2_ws/install/geometry_msgs/include/geometry_msgs/geometry_msgs/msg/inertia_stamped.h
[109.569s] -- Installing: /home/rasp/ros2_ws/install/geometry_msgs/include/geometry_msgs/geometry_msgs/msg/twist_with_covariance_stamped.h
[109.569s] -- Installing: /home/rasp/ros2_ws/install/geometry_msgs/include/geometry_msgs/geometry_msgs/msg/pose2_d.h
[109.571s] -- Installing: /home/rasp/ros2_ws/install/geometry_msgs/include/geometry_msgs/geometry_msgs/msg/twist_with_covariance.h
[109.571s] -- Installing: /home/rasp/ros2_ws/install/geometry_msgs/include/geometry_msgs/geometry_msgs/msg/polygon_instance.h
[109.571s] -- Installing: /home/rasp/ros2_ws/install/geometry_msgs/share/geometry_msgs/environment/library_path.sh
[109.571s] -- Installing: /home/rasp/ros2_ws/install/geometry_msgs/share/geometry_msgs/environment/library_path.dsv
[109.572s] -- Installing: /home/rasp/ros2_ws/install/geometry_msgs/lib/libgeometry_msgs__rosidl_generator_c.so
[109.572s] -- Set non-toolchain portion of runtime path of "/home/rasp/ros2_ws/install/geometry_msgs/lib/libgeometry_msgs__rosidl_generator_c.so" to ""
[109.572s] -- Up-to-date: /home/rasp/ros2_ws/install/geometry_msgs/include/geometry_msgs
[109.572s] -- Installing: /home/rasp/ros2_ws/install/geometry_msgs/include/geometry_msgs/msg
[109.572s] -- Installing: /home/rasp/ros2_ws/install/geometry_msgs/include/geometry_msgs/msg/detail
[109.573s] -- Installing: /home/rasp/ros2_ws/install/geometry_msgs/include/geometry_msgs/msg/detail/twist_with_covariance__rosidl_typesupport_microxrcedds_c.h
[109.573s] -- Installing: /home/rasp/ros2_ws/install/geometry_msgs/include/geometry_msgs/msg/detail/accel__rosidl_typesupport_microxrcedds_c.h
[109.575s] -- Installing: /home/rasp/ros2_ws/install/geometry_msgs/include/geometry_msgs/msg/detail/twist_with_covariance_stamped__rosidl_typesupport_microxrcedds_c.h
[109.575s] -- Installing: /home/rasp/ros2_ws/install/geometry_msgs/include/geometry_msgs/msg/detail/pose_array__rosidl_typesupport_microxrcedds_c.h
[109.575s] -- Installing: /home/rasp/ros2_ws/install/geometry_msgs/include/geometry_msgs/msg/detail/pose_with_covariance__rosidl_typesupport_microxrcedds_c.h
[109.575s] -- Installing: /home/rasp/ros2_ws/install/geometry_msgs/include/geometry_msgs/msg/detail/pose_with_covariance_stamped__rosidl_typesupport_microxrcedds_c.h
[109.575s] -- Installing: /home/rasp/ros2_ws/install/geometry_msgs/include/geometry_msgs/msg/detail/pose__rosidl_typesupport_microxrcedds_c.h
[109.576s] -- Installing: /home/rasp/ros2_ws/install/geometry_msgs/include/geometry_msgs/msg/detail/polygon_instance__rosidl_typesupport_microxrcedds_c.h
[109.576s] -- Installing: /home/rasp/ros2_ws/install/geometry_msgs/include/geometry_msgs/msg/detail/pose2_d__rosidl_typesupport_microxrcedds_c.h
[109.576s] -- Installing: /home/rasp/ros2_ws/install/geometry_msgs/include/geometry_msgs/msg/detail/polygon_instance_stamped__rosidl_typesupport_microxrcedds_c.h
[109.576s] -- Installing: /home/rasp/ros2_ws/install/geometry_msgs/include/geometry_msgs/msg/detail/wrench__rosidl_typesupport_microxrcedds_c.h
[109.576s] -- Installing: /home/rasp/ros2_ws/install/geometry_msgs/include/geometry_msgs/msg/detail/point32__rosidl_typesupport_microxrcedds_c.h
[109.576s] -- Installing: /home/rasp/ros2_ws/install/geometry_msgs/include/geometry_msgs/msg/detail/wrench_stamped__rosidl_typesupport_microxrcedds_c.h
[109.577s] -- Installing: /home/rasp/ros2_ws/install/geometry_msgs/include/geometry_msgs/msg/detail/accel_with_covariance_stamped__rosidl_typesupport_microxrcedds_c.h
[109.577s] -- Installing: /home/rasp/ros2_ws/install/geometry_msgs/include/geometry_msgs/msg/detail/accel_stamped__rosidl_typesupport_microxrcedds_c.h
[109.577s] -- Installing: /home/rasp/ros2_ws/install/geometry_msgs/include/geometry_msgs/msg/detail/velocity_stamped__rosidl_typesupport_microxrcedds_c.h
[109.577s] -- Installing: /home/rasp/ros2_ws/install/geometry_msgs/include/geometry_msgs/msg/detail/quaternion__rosidl_typesupport_microxrcedds_c.h
[109.577s] -- Installing: /home/rasp/ros2_ws/install/geometry_msgs/include/geometry_msgs/msg/detail/vector3_stamped__rosidl_typesupport_microxrcedds_c.h
[109.577s] -- Installing: /home/rasp/ros2_ws/install/geometry_msgs/include/geometry_msgs/msg/detail/inertia__rosidl_typesupport_microxrcedds_c.h
[109.577s] -- Installing: /home/rasp/ros2_ws/install/geometry_msgs/include/geometry_msgs/msg/detail/polygon__rosidl_typesupport_microxrcedds_c.h
[109.579s] -- Installing: /home/rasp/ros2_ws/install/geometry_msgs/include/geometry_msgs/msg/detail/quaternion_stamped__rosidl_typesupport_microxrcedds_c.h
[109.579s] -- Installing: /home/rasp/ros2_ws/install/geometry_msgs/include/geometry_msgs/msg/detail/vector3__rosidl_typesupport_microxrcedds_c.h
[109.579s] -- Installing: /home/rasp/ros2_ws/install/geometry_msgs/include/geometry_msgs/msg/detail/inertia_stamped__rosidl_typesupport_microxrcedds_c.h
[109.580s] -- Installing: /home/rasp/ros2_ws/install/geometry_msgs/include/geometry_msgs/msg/detail/pose_stamped__rosidl_typesupport_microxrcedds_c.h
[109.580s] -- Installing: /home/rasp/ros2_ws/install/geometry_msgs/include/geometry_msgs/msg/detail/twist__rosidl_typesupport_microxrcedds_c.h
[109.580s] -- Installing: /home/rasp/ros2_ws/install/geometry_msgs/include/geometry_msgs/msg/detail/transform__rosidl_typesupport_microxrcedds_c.h
[109.580s] -- Installing: /home/rasp/ros2_ws/install/geometry_msgs/include/geometry_msgs/msg/detail/polygon_stamped__rosidl_typesupport_microxrcedds_c.h
[109.580s] -- Installing: /home/rasp/ros2_ws/install/geometry_msgs/include/geometry_msgs/msg/detail/point_stamped__rosidl_typesupport_microxrcedds_c.h
[109.582s] -- Installing: /home/rasp/ros2_ws/install/geometry_msgs/include/geometry_msgs/msg/detail/accel_with_covariance__rosidl_typesupport_microxrcedds_c.h
[109.582s] -- Installing: /home/rasp/ros2_ws/install/geometry_msgs/include/geometry_msgs/msg/detail/point__rosidl_typesupport_microxrcedds_c.h
[109.582s] -- Installing: /home/rasp/ros2_ws/install/geometry_msgs/include/geometry_msgs/msg/detail/microxrcedds
[109.582s] -- Installing: /home/rasp/ros2_ws/install/geometry_msgs/include/geometry_msgs/msg/detail/twist_stamped__rosidl_typesupport_microxrcedds_c.h
[109.582s] -- Installing: /home/rasp/ros2_ws/install/geometry_msgs/include/geometry_msgs/msg/detail/transform_stamped__rosidl_typesupport_microxrcedds_c.h
[109.582s] -- Installing: /home/rasp/ros2_ws/install/geometry_msgs/include/geometry_msgs/msg/rosidl_typesupport_microxrcedds_c__visibility_control.h
[109.583s] -- Installing: /home/rasp/ros2_ws/install/geometry_msgs/lib/libgeometry_msgs__rosidl_typesupport_microxrcedds_c.so
[109.583s] -- Set non-toolchain portion of runtime path of "/home/rasp/ros2_ws/install/geometry_msgs/lib/libgeometry_msgs__rosidl_typesupport_microxrcedds_c.so" to ""
[109.583s] -- Up-to-date: /home/rasp/ros2_ws/install/geometry_msgs/include/geometry_msgs/geometry_msgs
[109.583s] -- Up-to-date: /home/rasp/ros2_ws/install/geometry_msgs/include/geometry_msgs/geometry_msgs/msg
[109.583s] -- Up-to-date: /home/rasp/ros2_ws/install/geometry_msgs/include/geometry_msgs/geometry_msgs/msg/detail
[109.583s] -- Installing: /home/rasp/ros2_ws/install/geometry_msgs/include/geometry_msgs/geometry_msgs/msg/detail/accel_with_covariance_stamped__rosidl_typesupport_fastrtps_c.h
[109.583s] -- Installing: /home/rasp/ros2_ws/install/geometry_msgs/include/geometry_msgs/geometry_msgs/msg/detail/inertia_stamped__rosidl_typesupport_fastrtps_c.h
[109.583s] -- Installing: /home/rasp/ros2_ws/install/geometry_msgs/include/geometry_msgs/geometry_msgs/msg/detail/polygon__rosidl_typesupport_fastrtps_c.h
[109.586s] -- Installing: /home/rasp/ros2_ws/install/geometry_msgs/include/geometry_msgs/geometry_msgs/msg/detail/point_stamped__rosidl_typesupport_fastrtps_c.h
[109.586s] -- Installing: /home/rasp/ros2_ws/install/geometry_msgs/include/geometry_msgs/geometry_msgs/msg/detail/twist_with_covariance__rosidl_typesupport_fastrtps_c.h
[109.586s] -- Installing: /home/rasp/ros2_ws/install/geometry_msgs/include/geometry_msgs/geometry_msgs/msg/detail/vector3__rosidl_typesupport_fastrtps_c.h
[109.586s] -- Installing: /home/rasp/ros2_ws/install/geometry_msgs/include/geometry_msgs/geometry_msgs/msg/detail/twist_with_covariance_stamped__rosidl_typesupport_fastrtps_c.h
[109.586s] -- Installing: /home/rasp/ros2_ws/install/geometry_msgs/include/geometry_msgs/geometry_msgs/msg/detail/twist_stamped__rosidl_typesupport_fastrtps_c.h
[109.587s] -- Installing: /home/rasp/ros2_ws/install/geometry_msgs/include/geometry_msgs/geometry_msgs/msg/detail/twist__rosidl_typesupport_fastrtps_c.h
[109.587s] -- Installing: /home/rasp/ros2_ws/install/geometry_msgs/include/geometry_msgs/geometry_msgs/msg/detail/accel_stamped__rosidl_typesupport_fastrtps_c.h
[109.587s] -- Installing: /home/rasp/ros2_ws/install/geometry_msgs/include/geometry_msgs/geometry_msgs/msg/detail/pose_stamped__rosidl_typesupport_fastrtps_c.h
[109.587s] -- Installing: /home/rasp/ros2_ws/install/geometry_msgs/include/geometry_msgs/geometry_msgs/msg/detail/quaternion__rosidl_typesupport_fastrtps_c.h
[109.587s] -- Installing: /home/rasp/ros2_ws/install/geometry_msgs/include/geometry_msgs/geometry_msgs/msg/detail/accel_with_covariance__rosidl_typesupport_fastrtps_c.h
[109.587s] -- Installing: /home/rasp/ros2_ws/install/geometry_msgs/include/geometry_msgs/geometry_msgs/msg/detail/polygon_instance_stamped__rosidl_typesupport_fastrtps_c.h
[109.587s] -- Installing: /home/rasp/ros2_ws/install/geometry_msgs/include/geometry_msgs/geometry_msgs/msg/detail/pose_with_covariance__rosidl_typesupport_fastrtps_c.h
[109.588s] -- Installing: /home/rasp/ros2_ws/install/geometry_msgs/include/geometry_msgs/geometry_msgs/msg/detail/polygon_instance__rosidl_typesupport_fastrtps_c.h
[109.588s] -- Installing: /home/rasp/ros2_ws/install/geometry_msgs/include/geometry_msgs/geometry_msgs/msg/detail/accel__rosidl_typesupport_fastrtps_c.h
[109.588s] -- Installing: /home/rasp/ros2_ws/install/geometry_msgs/include/geometry_msgs/geometry_msgs/msg/detail/polygon_stamped__rosidl_typesupport_fastrtps_c.h
[109.588s] -- Installing: /home/rasp/ros2_ws/install/geometry_msgs/include/geometry_msgs/geometry_msgs/msg/detail/pose_array__rosidl_typesupport_fastrtps_c.h
[109.588s] -- Installing: /home/rasp/ros2_ws/install/geometry_msgs/include/geometry_msgs/geometry_msgs/msg/detail/quaternion_stamped__rosidl_typesupport_fastrtps_c.h
[109.590s] -- Installing: /home/rasp/ros2_ws/install/geometry_msgs/include/geometry_msgs/geometry_msgs/msg/detail/wrench__rosidl_typesupport_fastrtps_c.h
[109.590s] -- Installing: /home/rasp/ros2_ws/install/geometry_msgs/include/geometry_msgs/geometry_msgs/msg/detail/pose__rosidl_typesupport_fastrtps_c.h
[109.590s] -- Installing: /home/rasp/ros2_ws/install/geometry_msgs/include/geometry_msgs/geometry_msgs/msg/detail/vector3_stamped__rosidl_typesupport_fastrtps_c.h
[109.590s] -- Installing: /home/rasp/ros2_ws/install/geometry_msgs/include/geometry_msgs/geometry_msgs/msg/detail/inertia__rosidl_typesupport_fastrtps_c.h
[109.590s] -- Installing: /home/rasp/ros2_ws/install/geometry_msgs/include/geometry_msgs/geometry_msgs/msg/detail/pose_with_covariance_stamped__rosidl_typesupport_fastrtps_c.h
[109.591s] -- Installing: /home/rasp/ros2_ws/install/geometry_msgs/include/geometry_msgs/geometry_msgs/msg/detail/transform_stamped__rosidl_typesupport_fastrtps_c.h
[109.591s] -- Installing: /home/rasp/ros2_ws/install/geometry_msgs/include/geometry_msgs/geometry_msgs/msg/detail/transform__rosidl_typesupport_fastrtps_c.h
[109.591s] -- Installing: /home/rasp/ros2_ws/install/geometry_msgs/include/geometry_msgs/geometry_msgs/msg/detail/point__rosidl_typesupport_fastrtps_c.h
[109.591s] -- Installing: /home/rasp/ros2_ws/install/geometry_msgs/include/geometry_msgs/geometry_msgs/msg/detail/pose2_d__rosidl_typesupport_fastrtps_c.h
[109.591s] -- Installing: /home/rasp/ros2_ws/install/geometry_msgs/include/geometry_msgs/geometry_msgs/msg/detail/point32__rosidl_typesupport_fastrtps_c.h
[109.591s] -- Installing: /home/rasp/ros2_ws/install/geometry_msgs/include/geometry_msgs/geometry_msgs/msg/detail/wrench_stamped__rosidl_typesupport_fastrtps_c.h
[109.591s] -- Installing: /home/rasp/ros2_ws/install/geometry_msgs/include/geometry_msgs/geometry_msgs/msg/detail/velocity_stamped__rosidl_typesupport_fastrtps_c.h
[109.591s] -- Installing: /home/rasp/ros2_ws/install/geometry_msgs/include/geometry_msgs/geometry_msgs/msg/rosidl_typesupport_fastrtps_c__visibility_control.h
[109.592s] -- Installing: /home/rasp/ros2_ws/install/geometry_msgs/lib/libgeometry_msgs__rosidl_typesupport_fastrtps_c.so
[109.595s] -- Set non-toolchain portion of runtime path of "/home/rasp/ros2_ws/install/geometry_msgs/lib/libgeometry_msgs__rosidl_typesupport_fastrtps_c.so" to ""
[109.595s] -- Up-to-date: /home/rasp/ros2_ws/install/geometry_msgs/include/geometry_msgs/geometry_msgs
[109.595s] -- Up-to-date: /home/rasp/ros2_ws/install/geometry_msgs/include/geometry_msgs/geometry_msgs/msg
[109.595s] -- Installing: /home/rasp/ros2_ws/install/geometry_msgs/include/geometry_msgs/geometry_msgs/msg/rosidl_typesupport_introspection_c__visibility_control.h
[109.595s] -- Up-to-date: /home/rasp/ros2_ws/install/geometry_msgs/include/geometry_msgs/geometry_msgs/msg/detail
[109.595s] -- Installing: /home/rasp/ros2_ws/install/geometry_msgs/include/geometry_msgs/geometry_msgs/msg/detail/polygon_stamped__rosidl_typesupport_introspection_c.h
[109.596s] -- Installing: /home/rasp/ros2_ws/install/geometry_msgs/include/geometry_msgs/geometry_msgs/msg/detail/vector3_stamped__rosidl_typesupport_introspection_c.h
[109.597s] -- Installing: /home/rasp/ros2_ws/install/geometry_msgs/include/geometry_msgs/geometry_msgs/msg/detail/wrench__rosidl_typesupport_introspection_c.h
[109.597s] -- Installing: /home/rasp/ros2_ws/install/geometry_msgs/include/geometry_msgs/geometry_msgs/msg/detail/quaternion_stamped__type_support.c
[109.597s] -- Installing: /home/rasp/ros2_ws/install/geometry_msgs/include/geometry_msgs/geometry_msgs/msg/detail/pose2_d__type_support.c
[109.597s] -- Installing: /home/rasp/ros2_ws/install/geometry_msgs/include/geometry_msgs/geometry_msgs/msg/detail/pose_stamped__type_support.c
[109.597s] -- Installing: /home/rasp/ros2_ws/install/geometry_msgs/include/geometry_msgs/geometry_msgs/msg/detail/velocity_stamped__type_support.c
[109.598s] -- Installing: /home/rasp/ros2_ws/install/geometry_msgs/include/geometry_msgs/geometry_msgs/msg/detail/polygon_instance_stamped__rosidl_typesupport_introspection_c.h
[109.598s] -- Installing: /home/rasp/ros2_ws/install/geometry_msgs/include/geometry_msgs/geometry_msgs/msg/detail/point32__rosidl_typesupport_introspection_c.h
[109.598s] -- Installing: /home/rasp/ros2_ws/install/geometry_msgs/include/geometry_msgs/geometry_msgs/msg/detail/inertia_stamped__rosidl_typesupport_introspection_c.h
[109.598s] -- Installing: /home/rasp/ros2_ws/install/geometry_msgs/include/geometry_msgs/geometry_msgs/msg/detail/point32__type_support.c
[109.598s] -- Installing: /home/rasp/ros2_ws/install/geometry_msgs/include/geometry_msgs/geometry_msgs/msg/detail/vector3__type_support.c
[109.599s] -- Installing: /home/rasp/ros2_ws/install/geometry_msgs/include/geometry_msgs/geometry_msgs/msg/detail/accel__rosidl_typesupport_introspection_c.h
[109.599s] -- Installing: /home/rasp/ros2_ws/install/geometry_msgs/include/geometry_msgs/geometry_msgs/msg/detail/twist_stamped__rosidl_typesupport_introspection_c.h
[109.599s] -- Installing: /home/rasp/ros2_ws/install/geometry_msgs/include/geometry_msgs/geometry_msgs/msg/detail/accel_with_covariance__type_support.c
[109.600s] -- Installing: /home/rasp/ros2_ws/install/geometry_msgs/include/geometry_msgs/geometry_msgs/msg/detail/point_stamped__rosidl_typesupport_introspection_c.h
[109.600s] -- Installing: /home/rasp/ros2_ws/install/geometry_msgs/include/geometry_msgs/geometry_msgs/msg/detail/polygon_stamped__type_support.c
[109.600s] -- Installing: /home/rasp/ros2_ws/install/geometry_msgs/include/geometry_msgs/geometry_msgs/msg/detail/wrench_stamped__type_support.c
[109.600s] -- Installing: /home/rasp/ros2_ws/install/geometry_msgs/include/geometry_msgs/geometry_msgs/msg/detail/pose__rosidl_typesupport_introspection_c.h
[109.602s] -- Installing: /home/rasp/ros2_ws/install/geometry_msgs/include/geometry_msgs/geometry_msgs/msg/detail/transform_stamped__rosidl_typesupport_introspection_c.h
[109.602s] -- Installing: /home/rasp/ros2_ws/install/geometry_msgs/include/geometry_msgs/geometry_msgs/msg/detail/point_stamped__type_support.c
[109.602s] -- Installing: /home/rasp/ros2_ws/install/geometry_msgs/include/geometry_msgs/geometry_msgs/msg/detail/point__rosidl_typesupport_introspection_c.h
[109.602s] -- Installing: /home/rasp/ros2_ws/install/geometry_msgs/include/geometry_msgs/geometry_msgs/msg/detail/twist_with_covariance_stamped__rosidl_typesupport_introspection_c.h
[109.602s] -- Installing: /home/rasp/ros2_ws/install/geometry_msgs/include/geometry_msgs/geometry_msgs/msg/detail/inertia__rosidl_typesupport_introspection_c.h
[109.602s] -- Installing: /home/rasp/ros2_ws/install/geometry_msgs/include/geometry_msgs/geometry_msgs/msg/detail/pose_with_covariance__rosidl_typesupport_introspection_c.h
[109.603s] -- Installing: /home/rasp/ros2_ws/install/geometry_msgs/include/geometry_msgs/geometry_msgs/msg/detail/twist_with_covariance_stamped__type_support.c
[109.605s] -- Installing: /home/rasp/ros2_ws/install/geometry_msgs/include/geometry_msgs/geometry_msgs/msg/detail/wrench__type_support.c
[109.605s] -- Installing: /home/rasp/ros2_ws/install/geometry_msgs/include/geometry_msgs/geometry_msgs/msg/detail/polygon_instance__rosidl_typesupport_introspection_c.h
[109.605s] -- Installing: /home/rasp/ros2_ws/install/geometry_msgs/include/geometry_msgs/geometry_msgs/msg/detail/twist_stamped__type_support.c
[109.605s] -- Installing: /home/rasp/ros2_ws/install/geometry_msgs/include/geometry_msgs/geometry_msgs/msg/detail/polygon_instance__type_support.c
[109.605s] -- Installing: /home/rasp/ros2_ws/install/geometry_msgs/include/geometry_msgs/geometry_msgs/msg/detail/vector3_stamped__type_support.c
[109.605s] -- Installing: /home/rasp/ros2_ws/install/geometry_msgs/include/geometry_msgs/geometry_msgs/msg/detail/polygon__type_support.c
[109.605s] -- Installing: /home/rasp/ros2_ws/install/geometry_msgs/include/geometry_msgs/geometry_msgs/msg/detail/twist_with_covariance__rosidl_typesupport_introspection_c.h
[109.605s] -- Installing: /home/rasp/ros2_ws/install/geometry_msgs/include/geometry_msgs/geometry_msgs/msg/detail/pose_with_covariance__type_support.c
[109.605s] -- Installing: /home/rasp/ros2_ws/install/geometry_msgs/include/geometry_msgs/geometry_msgs/msg/detail/accel_stamped__type_support.c
[109.606s] -- Installing: /home/rasp/ros2_ws/install/geometry_msgs/include/geometry_msgs/geometry_msgs/msg/detail/polygon__rosidl_typesupport_introspection_c.h
[109.606s] -- Installing: /home/rasp/ros2_ws/install/geometry_msgs/include/geometry_msgs/geometry_msgs/msg/detail/accel_with_covariance__rosidl_typesupport_introspection_c.h
[109.606s] -- Installing: /home/rasp/ros2_ws/install/geometry_msgs/include/geometry_msgs/geometry_msgs/msg/detail/quaternion__rosidl_typesupport_introspection_c.h
[109.606s] -- Installing: /home/rasp/ros2_ws/install/geometry_msgs/include/geometry_msgs/geometry_msgs/msg/detail/pose_array__rosidl_typesupport_introspection_c.h
[109.606s] -- Installing: /home/rasp/ros2_ws/install/geometry_msgs/include/geometry_msgs/geometry_msgs/msg/detail/velocity_stamped__rosidl_typesupport_introspection_c.h
[109.606s] -- Installing: /home/rasp/ros2_ws/install/geometry_msgs/include/geometry_msgs/geometry_msgs/msg/detail/transform__rosidl_typesupport_introspection_c.h
[109.606s] -- Installing: /home/rasp/ros2_ws/install/geometry_msgs/include/geometry_msgs/geometry_msgs/msg/detail/twist__rosidl_typesupport_introspection_c.h
[109.607s] -- Installing: /home/rasp/ros2_ws/install/geometry_msgs/include/geometry_msgs/geometry_msgs/msg/detail/inertia__type_support.c
[109.607s] -- Installing: /home/rasp/ros2_ws/install/geometry_msgs/include/geometry_msgs/geometry_msgs/msg/detail/twist_with_covariance__type_support.c
[109.607s] -- Installing: /home/rasp/ros2_ws/install/geometry_msgs/include/geometry_msgs/geometry_msgs/msg/detail/accel__type_support.c
[109.609s] -- Installing: /home/rasp/ros2_ws/install/geometry_msgs/include/geometry_msgs/geometry_msgs/msg/detail/wrench_stamped__rosidl_typesupport_introspection_c.h
[109.609s] -- Installing: /home/rasp/ros2_ws/install/geometry_msgs/include/geometry_msgs/geometry_msgs/msg/detail/accel_with_covariance_stamped__rosidl_typesupport_introspection_c.h
[109.609s] -- Installing: /home/rasp/ros2_ws/install/geometry_msgs/include/geometry_msgs/geometry_msgs/msg/detail/transform__type_support.c
[109.609s] -- Installing: /home/rasp/ros2_ws/install/geometry_msgs/include/geometry_msgs/geometry_msgs/msg/detail/pose_array__type_support.c
[109.609s] -- Installing: /home/rasp/ros2_ws/install/geometry_msgs/include/geometry_msgs/geometry_msgs/msg/detail/vector3__rosidl_typesupport_introspection_c.h
[109.610s] -- Installing: /home/rasp/ros2_ws/install/geometry_msgs/include/geometry_msgs/geometry_msgs/msg/detail/quaternion__type_support.c
[109.610s] -- Installing: /home/rasp/ros2_ws/install/geometry_msgs/include/geometry_msgs/geometry_msgs/msg/detail/twist__type_support.c
[109.610s] -- Installing: /home/rasp/ros2_ws/install/geometry_msgs/include/geometry_msgs/geometry_msgs/msg/detail/inertia_stamped__type_support.c
[109.610s] -- Installing: /home/rasp/ros2_ws/install/geometry_msgs/include/geometry_msgs/geometry_msgs/msg/detail/polygon_instance_stamped__type_support.c
[109.610s] -- Installing: /home/rasp/ros2_ws/install/geometry_msgs/include/geometry_msgs/geometry_msgs/msg/detail/pose2_d__rosidl_typesupport_introspection_c.h
[109.610s] -- Installing: /home/rasp/ros2_ws/install/geometry_msgs/include/geometry_msgs/geometry_msgs/msg/detail/accel_stamped__rosidl_typesupport_introspection_c.h
[109.612s] -- Installing: /home/rasp/ros2_ws/install/geometry_msgs/include/geometry_msgs/geometry_msgs/msg/detail/quaternion_stamped__rosidl_typesupport_introspection_c.h
[109.612s] -- Installing: /home/rasp/ros2_ws/install/geometry_msgs/include/geometry_msgs/geometry_msgs/msg/detail/pose_with_covariance_stamped__type_support.c
[109.612s] -- Installing: /home/rasp/ros2_ws/install/geometry_msgs/include/geometry_msgs/geometry_msgs/msg/detail/pose_with_covariance_stamped__rosidl_typesupport_introspection_c.h
[109.612s] -- Installing: /home/rasp/ros2_ws/install/geometry_msgs/include/geometry_msgs/geometry_msgs/msg/detail/point__type_support.c
[109.612s] -- Installing: /home/rasp/ros2_ws/install/geometry_msgs/include/geometry_msgs/geometry_msgs/msg/detail/pose__type_support.c
[109.612s] -- Installing: /home/rasp/ros2_ws/install/geometry_msgs/include/geometry_msgs/geometry_msgs/msg/detail/transform_stamped__type_support.c
[109.613s] -- Installing: /home/rasp/ros2_ws/install/geometry_msgs/include/geometry_msgs/geometry_msgs/msg/detail/accel_with_covariance_stamped__type_support.c
[109.613s] -- Installing: /home/rasp/ros2_ws/install/geometry_msgs/include/geometry_msgs/geometry_msgs/msg/detail/pose_stamped__rosidl_typesupport_introspection_c.h
[109.613s] -- Installing: /home/rasp/ros2_ws/install/geometry_msgs/lib/libgeometry_msgs__rosidl_typesupport_introspection_c.so
[109.614s] -- Set non-toolchain portion of runtime path of "/home/rasp/ros2_ws/install/geometry_msgs/lib/libgeometry_msgs__rosidl_typesupport_introspection_c.so" to ""
[109.614s] -- Installing: /home/rasp/ros2_ws/install/geometry_msgs/lib/libgeometry_msgs__rosidl_typesupport_c.so
[109.615s] -- Set non-toolchain portion of runtime path of "/home/rasp/ros2_ws/install/geometry_msgs/lib/libgeometry_msgs__rosidl_typesupport_c.so" to ""
[109.615s] -- Up-to-date: /home/rasp/ros2_ws/install/geometry_msgs/include/geometry_msgs/geometry_msgs
[109.615s] -- Up-to-date: /home/rasp/ros2_ws/install/geometry_msgs/include/geometry_msgs/geometry_msgs/msg
[109.615s] -- Installing: /home/rasp/ros2_ws/install/geometry_msgs/include/geometry_msgs/geometry_msgs/msg/accel_stamped.hpp
[109.616s] -- Installing: /home/rasp/ros2_ws/install/geometry_msgs/include/geometry_msgs/geometry_msgs/msg/point_stamped.hpp
[109.618s] -- Installing: /home/rasp/ros2_ws/install/geometry_msgs/include/geometry_msgs/geometry_msgs/msg/pose_stamped.hpp
[109.618s] -- Installing: /home/rasp/ros2_ws/install/geometry_msgs/include/geometry_msgs/geometry_msgs/msg/vector3.hpp
[109.618s] -- Installing: /home/rasp/ros2_ws/install/geometry_msgs/include/geometry_msgs/geometry_msgs/msg/twist_with_covariance.hpp
[109.619s] -- Installing: /home/rasp/ros2_ws/install/geometry_msgs/include/geometry_msgs/geometry_msgs/msg/transform_stamped.hpp
[109.619s] -- Installing: /home/rasp/ros2_ws/install/geometry_msgs/include/geometry_msgs/geometry_msgs/msg/twist.hpp
[109.619s] -- Installing: /home/rasp/ros2_ws/install/geometry_msgs/include/geometry_msgs/geometry_msgs/msg/accel_with_covariance.hpp
[109.619s] -- Installing: /home/rasp/ros2_ws/install/geometry_msgs/include/geometry_msgs/geometry_msgs/msg/twist_with_covariance_stamped.hpp
[109.619s] -- Up-to-date: /home/rasp/ros2_ws/install/geometry_msgs/include/geometry_msgs/geometry_msgs/msg/detail
[109.619s] -- Installing: /home/rasp/ros2_ws/install/geometry_msgs/include/geometry_msgs/geometry_msgs/msg/detail/twist_with_covariance_stamped__traits.hpp
[109.619s] -- Installing: /home/rasp/ros2_ws/install/geometry_msgs/include/geometry_msgs/geometry_msgs/msg/detail/polygon_stamped__builder.hpp
[109.620s] -- Installing: /home/rasp/ros2_ws/install/geometry_msgs/include/geometry_msgs/geometry_msgs/msg/detail/twist_with_covariance_stamped__builder.hpp
[109.620s] -- Installing: /home/rasp/ros2_ws/install/geometry_msgs/include/geometry_msgs/geometry_msgs/msg/detail/polygon_instance__builder.hpp
[109.620s] -- Installing: /home/rasp/ros2_ws/install/geometry_msgs/include/geometry_msgs/geometry_msgs/msg/detail/point__type_support.hpp
[109.620s] -- Installing: /home/rasp/ros2_ws/install/geometry_msgs/include/geometry_msgs/geometry_msgs/msg/detail/pose_with_covariance_stamped__builder.hpp
[109.620s] -- Installing: /home/rasp/ros2_ws/install/geometry_msgs/include/geometry_msgs/geometry_msgs/msg/detail/twist_with_covariance__traits.hpp
[109.620s] -- Installing: /home/rasp/ros2_ws/install/geometry_msgs/include/geometry_msgs/geometry_msgs/msg/detail/pose2_d__builder.hpp
[109.620s] -- Installing: /home/rasp/ros2_ws/install/geometry_msgs/include/geometry_msgs/geometry_msgs/msg/detail/wrench_stamped__traits.hpp
[109.621s] -- Installing: /home/rasp/ros2_ws/install/geometry_msgs/include/geometry_msgs/geometry_msgs/msg/detail/twist_stamped__builder.hpp
[109.621s] -- Installing: /home/rasp/ros2_ws/install/geometry_msgs/include/geometry_msgs/geometry_msgs/msg/detail/twist__struct.hpp
[109.621s] -- Installing: /home/rasp/ros2_ws/install/geometry_msgs/include/geometry_msgs/geometry_msgs/msg/detail/vector3__type_support.hpp
[109.621s] -- Installing: /home/rasp/ros2_ws/install/geometry_msgs/include/geometry_msgs/geometry_msgs/msg/detail/pose_with_covariance_stamped__struct.hpp
[109.623s] -- Installing: /home/rasp/ros2_ws/install/geometry_msgs/include/geometry_msgs/geometry_msgs/msg/detail/twist_with_covariance__type_support.hpp
[109.623s] -- Installing: /home/rasp/ros2_ws/install/geometry_msgs/include/geometry_msgs/geometry_msgs/msg/detail/polygon_instance_stamped__traits.hpp
[109.623s] -- Installing: /home/rasp/ros2_ws/install/geometry_msgs/include/geometry_msgs/geometry_msgs/msg/detail/twist_with_covariance_stamped__struct.hpp
[109.623s] -- Installing: /home/rasp/ros2_ws/install/geometry_msgs/include/geometry_msgs/geometry_msgs/msg/detail/wrench_stamped__builder.hpp
[109.623s] -- Installing: /home/rasp/ros2_ws/install/geometry_msgs/include/geometry_msgs/geometry_msgs/msg/detail/transform_stamped__builder.hpp
[109.623s] -- Installing: /home/rasp/ros2_ws/install/geometry_msgs/include/geometry_msgs/geometry_msgs/msg/detail/inertia__traits.hpp
[109.624s] -- Installing: /home/rasp/ros2_ws/install/geometry_msgs/include/geometry_msgs/geometry_msgs/msg/detail/inertia_stamped__builder.hpp
[109.624s] -- Installing: /home/rasp/ros2_ws/install/geometry_msgs/include/geometry_msgs/geometry_msgs/msg/detail/twist_with_covariance__builder.hpp
[109.624s] -- Installing: /home/rasp/ros2_ws/install/geometry_msgs/include/geometry_msgs/geometry_msgs/msg/detail/point_stamped__type_support.hpp
[109.624s] -- Installing: /home/rasp/ros2_ws/install/geometry_msgs/include/geometry_msgs/geometry_msgs/msg/detail/point_stamped__traits.hpp
[109.624s] -- Installing: /home/rasp/ros2_ws/install/geometry_msgs/include/geometry_msgs/geometry_msgs/msg/detail/pose_with_covariance__type_support.hpp
[109.625s] -- Installing: /home/rasp/ros2_ws/install/geometry_msgs/include/geometry_msgs/geometry_msgs/msg/detail/inertia__builder.hpp
[109.626s] -- Installing: /home/rasp/ros2_ws/install/geometry_msgs/include/geometry_msgs/geometry_msgs/msg/detail/twist_with_covariance_stamped__type_support.hpp
[109.626s] -- Installing: /home/rasp/ros2_ws/install/geometry_msgs/include/geometry_msgs/geometry_msgs/msg/detail/accel_with_covariance_stamped__struct.hpp
[109.626s] -- Installing: /home/rasp/ros2_ws/install/geometry_msgs/include/geometry_msgs/geometry_msgs/msg/detail/inertia_stamped__struct.hpp
[109.627s] -- Installing: /home/rasp/ros2_ws/install/geometry_msgs/include/geometry_msgs/geometry_msgs/msg/detail/polygon_stamped__struct.hpp
[109.627s] -- Installing: /home/rasp/ros2_ws/install/geometry_msgs/include/geometry_msgs/geometry_msgs/msg/detail/accel_stamped__struct.hpp
[109.627s] -- Installing: /home/rasp/ros2_ws/install/geometry_msgs/include/geometry_msgs/geometry_msgs/msg/detail/pose__builder.hpp
[109.627s] -- Installing: /home/rasp/ros2_ws/install/geometry_msgs/include/geometry_msgs/geometry_msgs/msg/detail/point_stamped__builder.hpp
[109.627s] -- Installing: /home/rasp/ros2_ws/install/geometry_msgs/include/geometry_msgs/geometry_msgs/msg/detail/accel__type_support.hpp
[109.630s] -- Installing: /home/rasp/ros2_ws/install/geometry_msgs/include/geometry_msgs/geometry_msgs/msg/detail/twist_stamped__struct.hpp
[109.630s] -- Installing: /home/rasp/ros2_ws/install/geometry_msgs/include/geometry_msgs/geometry_msgs/msg/detail/pose_with_covariance_stamped__type_support.hpp
[109.630s] -- Installing: /home/rasp/ros2_ws/install/geometry_msgs/include/geometry_msgs/geometry_msgs/msg/detail/velocity_stamped__type_support.hpp
[109.630s] -- Installing: /home/rasp/ros2_ws/install/geometry_msgs/include/geometry_msgs/geometry_msgs/msg/detail/polygon_stamped__traits.hpp
[109.630s] -- Installing: /home/rasp/ros2_ws/install/geometry_msgs/include/geometry_msgs/geometry_msgs/msg/detail/transform_stamped__type_support.hpp
[109.630s] -- Installing: /home/rasp/ros2_ws/install/geometry_msgs/include/geometry_msgs/geometry_msgs/msg/detail/wrench__traits.hpp
[109.630s] -- Installing: /home/rasp/ros2_ws/install/geometry_msgs/include/geometry_msgs/geometry_msgs/msg/detail/accel_with_covariance_stamped__builder.hpp
[109.631s] -- Installing: /home/rasp/ros2_ws/install/geometry_msgs/include/geometry_msgs/geometry_msgs/msg/detail/transform__struct.hpp
[109.631s] -- Installing: /home/rasp/ros2_ws/install/geometry_msgs/include/geometry_msgs/geometry_msgs/msg/detail/accel_stamped__builder.hpp
[109.631s] -- Installing: /home/rasp/ros2_ws/install/geometry_msgs/include/geometry_msgs/geometry_msgs/msg/detail/vector3__builder.hpp
[109.631s] -- Installing: /home/rasp/ros2_ws/install/geometry_msgs/include/geometry_msgs/geometry_msgs/msg/detail/point_stamped__struct.hpp
[109.631s] -- Installing: /home/rasp/ros2_ws/install/geometry_msgs/include/geometry_msgs/geometry_msgs/msg/detail/polygon_instance_stamped__struct.hpp
[109.631s] -- Installing: /home/rasp/ros2_ws/install/geometry_msgs/include/geometry_msgs/geometry_msgs/msg/detail/vector3__traits.hpp
[109.631s] -- Installing: /home/rasp/ros2_ws/install/geometry_msgs/include/geometry_msgs/geometry_msgs/msg/detail/twist__builder.hpp
[109.631s] -- Installing: /home/rasp/ros2_ws/install/geometry_msgs/include/geometry_msgs/geometry_msgs/msg/detail/vector3_stamped__struct.hpp
[109.631s] -- Installing: /home/rasp/ros2_ws/install/geometry_msgs/include/geometry_msgs/geometry_msgs/msg/detail/wrench__type_support.hpp
[109.631s] -- Installing: /home/rasp/ros2_ws/install/geometry_msgs/include/geometry_msgs/geometry_msgs/msg/detail/pose_array__type_support.hpp
[109.631s] -- Installing: /home/rasp/ros2_ws/install/geometry_msgs/include/geometry_msgs/geometry_msgs/msg/detail/vector3_stamped__type_support.hpp
[109.632s] -- Installing: /home/rasp/ros2_ws/install/geometry_msgs/include/geometry_msgs/geometry_msgs/msg/detail/pose_array__traits.hpp
[109.632s] -- Installing: /home/rasp/ros2_ws/install/geometry_msgs/include/geometry_msgs/geometry_msgs/msg/detail/vector3__struct.hpp
[109.632s] -- Installing: /home/rasp/ros2_ws/install/geometry_msgs/include/geometry_msgs/geometry_msgs/msg/detail/velocity_stamped__struct.hpp
[109.632s] -- Installing: /home/rasp/ros2_ws/install/geometry_msgs/include/geometry_msgs/geometry_msgs/msg/detail/polygon_instance_stamped__type_support.hpp
[109.632s] -- Installing: /home/rasp/ros2_ws/install/geometry_msgs/include/geometry_msgs/geometry_msgs/msg/detail/accel_with_covariance__type_support.hpp
[109.632s] -- Installing: /home/rasp/ros2_ws/install/geometry_msgs/include/geometry_msgs/geometry_msgs/msg/detail/polygon_stamped__type_support.hpp
[109.634s] -- Installing: /home/rasp/ros2_ws/install/geometry_msgs/include/geometry_msgs/geometry_msgs/msg/detail/pose__traits.hpp
[109.634s] -- Installing: /home/rasp/ros2_ws/install/geometry_msgs/include/geometry_msgs/geometry_msgs/msg/detail/twist__type_support.hpp
[109.634s] -- Installing: /home/rasp/ros2_ws/install/geometry_msgs/include/geometry_msgs/geometry_msgs/msg/detail/inertia_stamped__type_support.hpp
[109.634s] -- Installing: /home/rasp/ros2_ws/install/geometry_msgs/include/geometry_msgs/geometry_msgs/msg/detail/quaternion_stamped__struct.hpp
[109.634s] -- Installing: /home/rasp/ros2_ws/install/geometry_msgs/include/geometry_msgs/geometry_msgs/msg/detail/twist_stamped__type_support.hpp
[109.635s] -- Installing: /home/rasp/ros2_ws/install/geometry_msgs/include/geometry_msgs/geometry_msgs/msg/detail/accel__struct.hpp
[109.635s] -- Installing: /home/rasp/ros2_ws/install/geometry_msgs/include/geometry_msgs/geometry_msgs/msg/detail/accel_stamped__type_support.hpp
[109.635s] -- Installing: /home/rasp/ros2_ws/install/geometry_msgs/include/geometry_msgs/geometry_msgs/msg/detail/wrench__struct.hpp
[109.635s] -- Installing: /home/rasp/ros2_ws/install/geometry_msgs/include/geometry_msgs/geometry_msgs/msg/detail/twist_with_covariance__struct.hpp
[109.635s] -- Installing: /home/rasp/ros2_ws/install/geometry_msgs/include/geometry_msgs/geometry_msgs/msg/detail/point__traits.hpp
[109.637s] -- Installing: /home/rasp/ros2_ws/install/geometry_msgs/include/geometry_msgs/geometry_msgs/msg/detail/pose2_d__type_support.hpp
[109.637s] -- Installing: /home/rasp/ros2_ws/install/geometry_msgs/include/geometry_msgs/geometry_msgs/msg/detail/pose_stamped__struct.hpp
[109.637s] -- Installing: /home/rasp/ros2_ws/install/geometry_msgs/include/geometry_msgs/geometry_msgs/msg/detail/pose_with_covariance__struct.hpp
[109.637s] -- Installing: /home/rasp/ros2_ws/install/geometry_msgs/include/geometry_msgs/geometry_msgs/msg/detail/vector3_stamped__builder.hpp
[109.637s] -- Installing: /home/rasp/ros2_ws/install/geometry_msgs/include/geometry_msgs/geometry_msgs/msg/detail/accel_with_covariance_stamped__type_support.hpp
[109.637s] -- Installing: /home/rasp/ros2_ws/install/geometry_msgs/include/geometry_msgs/geometry_msgs/msg/detail/accel_with_covariance__traits.hpp
[109.637s] -- Installing: /home/rasp/ros2_ws/install/geometry_msgs/include/geometry_msgs/geometry_msgs/msg/detail/vector3_stamped__traits.hpp
[109.637s] -- Installing: /home/rasp/ros2_ws/install/geometry_msgs/include/geometry_msgs/geometry_msgs/msg/detail/quaternion__type_support.hpp
[109.637s] -- Installing: /home/rasp/ros2_ws/install/geometry_msgs/include/geometry_msgs/geometry_msgs/msg/detail/polygon__traits.hpp
[109.638s] -- Installing: /home/rasp/ros2_ws/install/geometry_msgs/include/geometry_msgs/geometry_msgs/msg/detail/pose__struct.hpp
[109.638s] -- Installing: /home/rasp/ros2_ws/install/geometry_msgs/include/geometry_msgs/geometry_msgs/msg/detail/inertia__type_support.hpp
[109.638s] -- Installing: /home/rasp/ros2_ws/install/geometry_msgs/include/geometry_msgs/geometry_msgs/msg/detail/accel_stamped__traits.hpp
[109.638s] -- Installing: /home/rasp/ros2_ws/install/geometry_msgs/include/geometry_msgs/geometry_msgs/msg/detail/point32__builder.hpp
[109.639s] -- Installing: /home/rasp/ros2_ws/install/geometry_msgs/include/geometry_msgs/geometry_msgs/msg/detail/twist_stamped__traits.hpp
[109.639s] -- Installing: /home/rasp/ros2_ws/install/geometry_msgs/include/geometry_msgs/geometry_msgs/msg/detail/polygon_instance__traits.hpp
[109.639s] -- Installing: /home/rasp/ros2_ws/install/geometry_msgs/include/geometry_msgs/geometry_msgs/msg/detail/transform__traits.hpp
[109.639s] -- Installing: /home/rasp/ros2_ws/install/geometry_msgs/include/geometry_msgs/geometry_msgs/msg/detail/accel_with_covariance__struct.hpp
[109.641s] -- Installing: /home/rasp/ros2_ws/install/geometry_msgs/include/geometry_msgs/geometry_msgs/msg/detail/polygon_instance__struct.hpp
[109.641s] -- Installing: /home/rasp/ros2_ws/install/geometry_msgs/include/geometry_msgs/geometry_msgs/msg/detail/wrench_stamped__type_support.hpp
[109.641s] -- Installing: /home/rasp/ros2_ws/install/geometry_msgs/include/geometry_msgs/geometry_msgs/msg/detail/wrench_stamped__struct.hpp
[109.641s] -- Installing: /home/rasp/ros2_ws/install/geometry_msgs/include/geometry_msgs/geometry_msgs/msg/detail/point__builder.hpp
[109.641s] -- Installing: /home/rasp/ros2_ws/install/geometry_msgs/include/geometry_msgs/geometry_msgs/msg/detail/point__struct.hpp
[109.641s] -- Installing: /home/rasp/ros2_ws/install/geometry_msgs/include/geometry_msgs/geometry_msgs/msg/detail/polygon_instance_stamped__builder.hpp
[109.642s] -- Installing: /home/rasp/ros2_ws/install/geometry_msgs/include/geometry_msgs/geometry_msgs/msg/detail/transform__type_support.hpp
[109.642s] -- Installing: /home/rasp/ros2_ws/install/geometry_msgs/include/geometry_msgs/geometry_msgs/msg/detail/wrench__builder.hpp
[109.642s] -- Installing: /home/rasp/ros2_ws/install/geometry_msgs/include/geometry_msgs/geometry_msgs/msg/detail/accel__builder.hpp
[109.642s] -- Installing: /home/rasp/ros2_ws/install/geometry_msgs/include/geometry_msgs/geometry_msgs/msg/detail/quaternion_stamped__builder.hpp
[109.642s] -- Installing: /home/rasp/ros2_ws/install/geometry_msgs/include/geometry_msgs/geometry_msgs/msg/detail/pose2_d__struct.hpp
[109.642s] -- Installing: /home/rasp/ros2_ws/install/geometry_msgs/include/geometry_msgs/geometry_msgs/msg/detail/inertia_stamped__traits.hpp
[109.644s] -- Installing: /home/rasp/ros2_ws/install/geometry_msgs/include/geometry_msgs/geometry_msgs/msg/detail/pose_stamped__traits.hpp
[109.644s] -- Installing: /home/rasp/ros2_ws/install/geometry_msgs/include/geometry_msgs/geometry_msgs/msg/detail/point32__type_support.hpp
[109.644s] -- Installing: /home/rasp/ros2_ws/install/geometry_msgs/include/geometry_msgs/geometry_msgs/msg/detail/pose_array__struct.hpp
[109.644s] -- Installing: /home/rasp/ros2_ws/install/geometry_msgs/include/geometry_msgs/geometry_msgs/msg/detail/polygon__struct.hpp
[109.644s] -- Installing: /home/rasp/ros2_ws/install/geometry_msgs/include/geometry_msgs/geometry_msgs/msg/detail/polygon__builder.hpp
[109.645s] -- Installing: /home/rasp/ros2_ws/install/geometry_msgs/include/geometry_msgs/geometry_msgs/msg/detail/pose_with_covariance__builder.hpp
[109.645s] -- Installing: /home/rasp/ros2_ws/install/geometry_msgs/include/geometry_msgs/geometry_msgs/msg/detail/transform_stamped__traits.hpp
[109.645s] -- Installing: /home/rasp/ros2_ws/install/geometry_msgs/include/geometry_msgs/geometry_msgs/msg/detail/pose_stamped__builder.hpp
[109.645s] -- Installing: /home/rasp/ros2_ws/install/geometry_msgs/include/geometry_msgs/geometry_msgs/msg/detail/twist__traits.hpp
[109.645s] -- Installing: /home/rasp/ros2_ws/install/geometry_msgs/include/geometry_msgs/geometry_msgs/msg/detail/pose_stamped__type_support.hpp
[109.645s] -- Installing: /home/rasp/ros2_ws/install/geometry_msgs/include/geometry_msgs/geometry_msgs/msg/detail/polygon__type_support.hpp
[109.646s] -- Installing: /home/rasp/ros2_ws/install/geometry_msgs/include/geometry_msgs/geometry_msgs/msg/detail/pose__type_support.hpp
[109.648s] -- Installing: /home/rasp/ros2_ws/install/geometry_msgs/include/geometry_msgs/geometry_msgs/msg/detail/point32__struct.hpp
[109.648s] -- Installing: /home/rasp/ros2_ws/install/geometry_msgs/include/geometry_msgs/geometry_msgs/msg/detail/quaternion_stamped__type_support.hpp
[109.648s] -- Installing: /home/rasp/ros2_ws/install/geometry_msgs/include/geometry_msgs/geometry_msgs/msg/detail/pose_with_covariance__traits.hpp
[109.648s] -- Installing: /home/rasp/ros2_ws/install/geometry_msgs/include/geometry_msgs/geometry_msgs/msg/detail/transform_stamped__struct.hpp
[109.649s] -- Installing: /home/rasp/ros2_ws/install/geometry_msgs/include/geometry_msgs/geometry_msgs/msg/detail/quaternion__builder.hpp
[109.649s] -- Installing: /home/rasp/ros2_ws/install/geometry_msgs/include/geometry_msgs/geometry_msgs/msg/detail/pose_array__builder.hpp
[109.649s] -- Installing: /home/rasp/ros2_ws/install/geometry_msgs/include/geometry_msgs/geometry_msgs/msg/detail/pose2_d__traits.hpp
[109.649s] -- Installing: /home/rasp/ros2_ws/install/geometry_msgs/include/geometry_msgs/geometry_msgs/msg/detail/point32__traits.hpp
[109.649s] -- Installing: /home/rasp/ros2_ws/install/geometry_msgs/include/geometry_msgs/geometry_msgs/msg/detail/accel__traits.hpp
[109.649s] -- Installing: /home/rasp/ros2_ws/install/geometry_msgs/include/geometry_msgs/geometry_msgs/msg/detail/polygon_instance__type_support.hpp
[109.649s] -- Installing: /home/rasp/ros2_ws/install/geometry_msgs/include/geometry_msgs/geometry_msgs/msg/detail/quaternion__traits.hpp
[109.650s] -- Installing: /home/rasp/ros2_ws/install/geometry_msgs/include/geometry_msgs/geometry_msgs/msg/detail/inertia__struct.hpp
[109.650s] -- Installing: /home/rasp/ros2_ws/install/geometry_msgs/include/geometry_msgs/geometry_msgs/msg/detail/accel_with_covariance_stamped__traits.hpp
[109.650s] -- Installing: /home/rasp/ros2_ws/install/geometry_msgs/include/geometry_msgs/geometry_msgs/msg/detail/accel_with_covariance__builder.hpp
[109.650s] -- Installing: /home/rasp/ros2_ws/install/geometry_msgs/include/geometry_msgs/geometry_msgs/msg/detail/quaternion__struct.hpp
[109.650s] -- Installing: /home/rasp/ros2_ws/install/geometry_msgs/include/geometry_msgs/geometry_msgs/msg/detail/velocity_stamped__traits.hpp
[109.651s] -- Installing: /home/rasp/ros2_ws/install/geometry_msgs/include/geometry_msgs/geometry_msgs/msg/detail/velocity_stamped__builder.hpp
[109.651s] -- Installing: /home/rasp/ros2_ws/install/geometry_msgs/include/geometry_msgs/geometry_msgs/msg/detail/quaternion_stamped__traits.hpp
[109.651s] -- Installing: /home/rasp/ros2_ws/install/geometry_msgs/include/geometry_msgs/geometry_msgs/msg/detail/pose_with_covariance_stamped__traits.hpp
[109.652s] -- Installing: /home/rasp/ros2_ws/install/geometry_msgs/include/geometry_msgs/geometry_msgs/msg/detail/transform__builder.hpp
[109.652s] -- Installing: /home/rasp/ros2_ws/install/geometry_msgs/include/geometry_msgs/geometry_msgs/msg/point.hpp
[109.652s] -- Installing: /home/rasp/ros2_ws/install/geometry_msgs/include/geometry_msgs/geometry_msgs/msg/wrench_stamped.hpp
[109.652s] -- Installing: /home/rasp/ros2_ws/install/geometry_msgs/include/geometry_msgs/geometry_msgs/msg/pose2_d.hpp
[109.653s] -- Installing: /home/rasp/ros2_ws/install/geometry_msgs/include/geometry_msgs/geometry_msgs/msg/point32.hpp
[109.654s] -- Installing: /home/rasp/ros2_ws/install/geometry_msgs/include/geometry_msgs/geometry_msgs/msg/pose_with_covariance.hpp
[109.654s] -- Installing: /home/rasp/ros2_ws/install/geometry_msgs/include/geometry_msgs/geometry_msgs/msg/twist_stamped.hpp
[109.654s] -- Installing: /home/rasp/ros2_ws/install/geometry_msgs/include/geometry_msgs/geometry_msgs/msg/accel.hpp
[109.656s] -- Installing: /home/rasp/ros2_ws/install/geometry_msgs/include/geometry_msgs/geometry_msgs/msg/transform.hpp
[109.656s] -- Installing: /home/rasp/ros2_ws/install/geometry_msgs/include/geometry_msgs/geometry_msgs/msg/polygon_instance.hpp
[109.656s] -- Installing: /home/rasp/ros2_ws/install/geometry_msgs/include/geometry_msgs/geometry_msgs/msg/accel_with_covariance_stamped.hpp
[109.656s] -- Installing: /home/rasp/ros2_ws/install/geometry_msgs/include/geometry_msgs/geometry_msgs/msg/pose_with_covariance_stamped.hpp
[109.656s] -- Installing: /home/rasp/ros2_ws/install/geometry_msgs/include/geometry_msgs/geometry_msgs/msg/velocity_stamped.hpp
[109.657s] -- Installing: /home/rasp/ros2_ws/install/geometry_msgs/include/geometry_msgs/geometry_msgs/msg/polygon_instance_stamped.hpp
[109.657s] -- Installing: /home/rasp/ros2_ws/install/geometry_msgs/include/geometry_msgs/geometry_msgs/msg/quaternion_stamped.hpp
[109.657s] -- Installing: /home/rasp/ros2_ws/install/geometry_msgs/include/geometry_msgs/geometry_msgs/msg/pose_array.hpp
[109.657s] -- Installing: /home/rasp/ros2_ws/install/geometry_msgs/include/geometry_msgs/geometry_msgs/msg/vector3_stamped.hpp
[109.657s] -- Installing: /home/rasp/ros2_ws/install/geometry_msgs/include/geometry_msgs/geometry_msgs/msg/polygon_stamped.hpp
[109.657s] -- Installing: /home/rasp/ros2_ws/install/geometry_msgs/include/geometry_msgs/geometry_msgs/msg/quaternion.hpp
[109.657s] -- Installing: /home/rasp/ros2_ws/install/geometry_msgs/include/geometry_msgs/geometry_msgs/msg/inertia.hpp
[109.658s] -- Installing: /home/rasp/ros2_ws/install/geometry_msgs/include/geometry_msgs/geometry_msgs/msg/rosidl_generator_cpp__visibility_control.hpp
[109.658s] -- Installing: /home/rasp/ros2_ws/install/geometry_msgs/include/geometry_msgs/geometry_msgs/msg/pose.hpp
[109.660s] -- Installing: /home/rasp/ros2_ws/install/geometry_msgs/include/geometry_msgs/geometry_msgs/msg/inertia_stamped.hpp
[109.660s] -- Installing: /home/rasp/ros2_ws/install/geometry_msgs/include/geometry_msgs/geometry_msgs/msg/polygon.hpp
[109.660s] -- Installing: /home/rasp/ros2_ws/install/geometry_msgs/include/geometry_msgs/geometry_msgs/msg/wrench.hpp
[109.660s] -- Up-to-date: /home/rasp/ros2_ws/install/geometry_msgs/include/geometry_msgs
[109.660s] -- Up-to-date: /home/rasp/ros2_ws/install/geometry_msgs/include/geometry_msgs/msg
[109.660s] -- Up-to-date: /home/rasp/ros2_ws/install/geometry_msgs/include/geometry_msgs/msg/detail
[109.661s] -- Installing: /home/rasp/ros2_ws/install/geometry_msgs/include/geometry_msgs/msg/detail/point__rosidl_typesupport_microxrcedds_cpp.hpp
[109.661s] -- Installing: /home/rasp/ros2_ws/install/geometry_msgs/include/geometry_msgs/msg/detail/twist__rosidl_typesupport_microxrcedds_cpp.hpp
[109.661s] -- Installing: /home/rasp/ros2_ws/install/geometry_msgs/include/geometry_msgs/msg/detail/wrench__rosidl_typesupport_microxrcedds_cpp.hpp
[109.661s] -- Installing: /home/rasp/ros2_ws/install/geometry_msgs/include/geometry_msgs/msg/detail/inertia_stamped__rosidl_typesupport_microxrcedds_cpp.hpp
[109.661s] -- Installing: /home/rasp/ros2_ws/install/geometry_msgs/include/geometry_msgs/msg/detail/pose_array__rosidl_typesupport_microxrcedds_cpp.hpp
[109.661s] -- Installing: /home/rasp/ros2_ws/install/geometry_msgs/include/geometry_msgs/msg/detail/vector3__rosidl_typesupport_microxrcedds_cpp.hpp
[109.661s] -- Installing: /home/rasp/ros2_ws/install/geometry_msgs/include/geometry_msgs/msg/detail/point32__rosidl_typesupport_microxrcedds_cpp.hpp
[109.661s] -- Installing: /home/rasp/ros2_ws/install/geometry_msgs/include/geometry_msgs/msg/detail/quaternion_stamped__rosidl_typesupport_microxrcedds_cpp.hpp
[109.662s] -- Installing: /home/rasp/ros2_ws/install/geometry_msgs/include/geometry_msgs/msg/detail/twist_with_covariance_stamped__rosidl_typesupport_microxrcedds_cpp.hpp
[109.662s] -- Installing: /home/rasp/ros2_ws/install/geometry_msgs/include/geometry_msgs/msg/detail/twist_stamped__rosidl_typesupport_microxrcedds_cpp.hpp
[109.662s] -- Installing: /home/rasp/ros2_ws/install/geometry_msgs/include/geometry_msgs/msg/detail/accel__rosidl_typesupport_microxrcedds_cpp.hpp
[109.662s] -- Installing: /home/rasp/ros2_ws/install/geometry_msgs/include/geometry_msgs/msg/detail/polygon_stamped__rosidl_typesupport_microxrcedds_cpp.hpp
[109.662s] -- Installing: /home/rasp/ros2_ws/install/geometry_msgs/include/geometry_msgs/msg/detail/polygon_instance_stamped__rosidl_typesupport_microxrcedds_cpp.hpp
[109.662s] -- Installing: /home/rasp/ros2_ws/install/geometry_msgs/include/geometry_msgs/msg/detail/pose2_d__rosidl_typesupport_microxrcedds_cpp.hpp
[109.664s] -- Installing: /home/rasp/ros2_ws/install/geometry_msgs/include/geometry_msgs/msg/detail/pose_with_covariance_stamped__rosidl_typesupport_microxrcedds_cpp.hpp
[109.664s] -- Installing: /home/rasp/ros2_ws/install/geometry_msgs/include/geometry_msgs/msg/detail/pose__rosidl_typesupport_microxrcedds_cpp.hpp
[109.664s] -- Installing: /home/rasp/ros2_ws/install/geometry_msgs/include/geometry_msgs/msg/detail/transform__rosidl_typesupport_microxrcedds_cpp.hpp
[109.664s] -- Installing: /home/rasp/ros2_ws/install/geometry_msgs/include/geometry_msgs/msg/detail/wrench_stamped__rosidl_typesupport_microxrcedds_cpp.hpp
[109.665s] -- Installing: /home/rasp/ros2_ws/install/geometry_msgs/include/geometry_msgs/msg/detail/pose_stamped__rosidl_typesupport_microxrcedds_cpp.hpp
[109.665s] -- Installing: /home/rasp/ros2_ws/install/geometry_msgs/include/geometry_msgs/msg/detail/pose_with_covariance__rosidl_typesupport_microxrcedds_cpp.hpp
[109.665s] -- Installing: /home/rasp/ros2_ws/install/geometry_msgs/include/geometry_msgs/msg/detail/polygon__rosidl_typesupport_microxrcedds_cpp.hpp
[109.665s] -- Installing: /home/rasp/ros2_ws/install/geometry_msgs/include/geometry_msgs/msg/detail/accel_with_covariance__rosidl_typesupport_microxrcedds_cpp.hpp
[109.665s] -- Installing: /home/rasp/ros2_ws/install/geometry_msgs/include/geometry_msgs/msg/detail/transform_stamped__rosidl_typesupport_microxrcedds_cpp.hpp
[109.666s] -- Installing: /home/rasp/ros2_ws/install/geometry_msgs/include/geometry_msgs/msg/detail/polygon_instance__rosidl_typesupport_microxrcedds_cpp.hpp
[109.666s] -- Installing: /home/rasp/ros2_ws/install/geometry_msgs/include/geometry_msgs/msg/detail/inertia__rosidl_typesupport_microxrcedds_cpp.hpp
[109.666s] -- Installing: /home/rasp/ros2_ws/install/geometry_msgs/include/geometry_msgs/msg/detail/twist_with_covariance__rosidl_typesupport_microxrcedds_cpp.hpp
[109.668s] -- Installing: /home/rasp/ros2_ws/install/geometry_msgs/include/geometry_msgs/msg/detail/accel_with_covariance_stamped__rosidl_typesupport_microxrcedds_cpp.hpp
[109.668s] -- Installing: /home/rasp/ros2_ws/install/geometry_msgs/include/geometry_msgs/msg/detail/vector3_stamped__rosidl_typesupport_microxrcedds_cpp.hpp
[109.668s] -- Installing: /home/rasp/ros2_ws/install/geometry_msgs/include/geometry_msgs/msg/detail/point_stamped__rosidl_typesupport_microxrcedds_cpp.hpp
[109.668s] -- Installing: /home/rasp/ros2_ws/install/geometry_msgs/include/geometry_msgs/msg/detail/accel_stamped__rosidl_typesupport_microxrcedds_cpp.hpp
[109.669s] -- Up-to-date: /home/rasp/ros2_ws/install/geometry_msgs/include/geometry_msgs/msg/detail/microxrcedds
[109.669s] -- Installing: /home/rasp/ros2_ws/install/geometry_msgs/include/geometry_msgs/msg/detail/microxrcedds/transform_stamped__type_support_cpp.cpp
[109.669s] -- Installing: /home/rasp/ros2_ws/install/geometry_msgs/include/geometry_msgs/msg/detail/microxrcedds/quaternion__type_support_cpp.cpp
[109.669s] -- Installing: /home/rasp/ros2_ws/install/geometry_msgs/include/geometry_msgs/msg/detail/microxrcedds/accel_with_covariance__type_support_cpp.cpp
[109.669s] -- Installing: /home/rasp/ros2_ws/install/geometry_msgs/include/geometry_msgs/msg/detail/microxrcedds/pose_stamped__type_support_cpp.cpp
[109.669s] -- Installing: /home/rasp/ros2_ws/install/geometry_msgs/include/geometry_msgs/msg/detail/microxrcedds/pose_array__type_support_cpp.cpp
[109.669s] -- Installing: /home/rasp/ros2_ws/install/geometry_msgs/include/geometry_msgs/msg/detail/microxrcedds/transform__type_support_cpp.cpp
[109.669s] -- Installing: /home/rasp/ros2_ws/install/geometry_msgs/include/geometry_msgs/msg/detail/microxrcedds/vector3__type_support_cpp.cpp
[109.670s] -- Installing: /home/rasp/ros2_ws/install/geometry_msgs/include/geometry_msgs/msg/detail/microxrcedds/polygon_stamped__type_support_cpp.cpp
[109.670s] -- Installing: /home/rasp/ros2_ws/install/geometry_msgs/include/geometry_msgs/msg/detail/microxrcedds/polygon_instance_stamped__type_support_cpp.cpp
[109.670s] -- Installing: /home/rasp/ros2_ws/install/geometry_msgs/include/geometry_msgs/msg/detail/microxrcedds/polygon__type_support_cpp.cpp
[109.672s] -- Installing: /home/rasp/ros2_ws/install/geometry_msgs/include/geometry_msgs/msg/detail/microxrcedds/wrench_stamped__type_support_cpp.cpp
[109.672s] -- Installing: /home/rasp/ros2_ws/install/geometry_msgs/include/geometry_msgs/msg/detail/microxrcedds/accel__type_support_cpp.cpp
[109.672s] -- Installing: /home/rasp/ros2_ws/install/geometry_msgs/include/geometry_msgs/msg/detail/microxrcedds/accel_with_covariance_stamped__type_support_cpp.cpp
[109.672s] -- Installing: /home/rasp/ros2_ws/install/geometry_msgs/include/geometry_msgs/msg/detail/microxrcedds/velocity_stamped__type_support_cpp.cpp
[109.673s] -- Installing: /home/rasp/ros2_ws/install/geometry_msgs/include/geometry_msgs/msg/detail/microxrcedds/twist_stamped__type_support_cpp.cpp
[109.673s] -- Installing: /home/rasp/ros2_ws/install/geometry_msgs/include/geometry_msgs/msg/detail/microxrcedds/accel_stamped__type_support_cpp.cpp
[109.673s] -- Installing: /home/rasp/ros2_ws/install/geometry_msgs/include/geometry_msgs/msg/detail/microxrcedds/pose_with_covariance_stamped__type_support_cpp.cpp
[109.673s] -- Installing: /home/rasp/ros2_ws/install/geometry_msgs/include/geometry_msgs/msg/detail/microxrcedds/point_stamped__type_support_cpp.cpp
[109.673s] -- Installing: /home/rasp/ros2_ws/install/geometry_msgs/include/geometry_msgs/msg/detail/microxrcedds/wrench__type_support_cpp.cpp
[109.673s] -- Installing: /home/rasp/ros2_ws/install/geometry_msgs/include/geometry_msgs/msg/detail/microxrcedds/twist_with_covariance__type_support_cpp.cpp
[109.674s] -- Installing: /home/rasp/ros2_ws/install/geometry_msgs/include/geometry_msgs/msg/detail/microxrcedds/pose__type_support_cpp.cpp
[109.674s] -- Installing: /home/rasp/ros2_ws/install/geometry_msgs/include/geometry_msgs/msg/detail/microxrcedds/pose_with_covariance__type_support_cpp.cpp
[109.674s] -- Installing: /home/rasp/ros2_ws/install/geometry_msgs/include/geometry_msgs/msg/detail/microxrcedds/vector3_stamped__type_support_cpp.cpp
[109.674s] -- Installing: /home/rasp/ros2_ws/install/geometry_msgs/include/geometry_msgs/msg/detail/microxrcedds/twist__type_support_cpp.cpp
[109.675s] -- Installing: /home/rasp/ros2_ws/install/geometry_msgs/include/geometry_msgs/msg/detail/microxrcedds/point32__type_support_cpp.cpp
[109.675s] -- Installing: /home/rasp/ros2_ws/install/geometry_msgs/include/geometry_msgs/msg/detail/microxrcedds/pose2_d__type_support_cpp.cpp
[109.677s] -- Installing: /home/rasp/ros2_ws/install/geometry_msgs/include/geometry_msgs/msg/detail/microxrcedds/quaternion_stamped__type_support_cpp.cpp
[109.678s] -- Installing: /home/rasp/ros2_ws/install/geometry_msgs/include/geometry_msgs/msg/detail/microxrcedds/polygon_instance__type_support_cpp.cpp
[109.678s] -- Installing: /home/rasp/ros2_ws/install/geometry_msgs/include/geometry_msgs/msg/detail/microxrcedds/inertia__type_support_cpp.cpp
[109.678s] -- Installing: /home/rasp/ros2_ws/install/geometry_msgs/include/geometry_msgs/msg/detail/microxrcedds/point__type_support_cpp.cpp
[109.678s] -- Installing: /home/rasp/ros2_ws/install/geometry_msgs/include/geometry_msgs/msg/detail/microxrcedds/inertia_stamped__type_support_cpp.cpp
[109.678s] -- Installing: /home/rasp/ros2_ws/install/geometry_msgs/include/geometry_msgs/msg/detail/microxrcedds/twist_with_covariance_stamped__type_support_cpp.cpp
[109.678s] -- Installing: /home/rasp/ros2_ws/install/geometry_msgs/include/geometry_msgs/msg/detail/velocity_stamped__rosidl_typesupport_microxrcedds_cpp.hpp
[109.679s] -- Installing: /home/rasp/ros2_ws/install/geometry_msgs/include/geometry_msgs/msg/detail/quaternion__rosidl_typesupport_microxrcedds_cpp.hpp
[109.679s] -- Installing: /home/rasp/ros2_ws/install/geometry_msgs/include/geometry_msgs/msg/rosidl_typesupport_microxrcedds_cpp__visibility_control.h
[109.679s] -- Installing: /home/rasp/ros2_ws/install/geometry_msgs/lib/libgeometry_msgs__rosidl_typesupport_microxrcedds_cpp.so
[109.679s] -- Set non-toolchain portion of runtime path of "/home/rasp/ros2_ws/install/geometry_msgs/lib/libgeometry_msgs__rosidl_typesupport_microxrcedds_cpp.so" to ""
[109.679s] -- Up-to-date: /home/rasp/ros2_ws/install/geometry_msgs/include/geometry_msgs/geometry_msgs
[109.679s] -- Up-to-date: /home/rasp/ros2_ws/install/geometry_msgs/include/geometry_msgs/geometry_msgs/msg
[109.682s] -- Up-to-date: /home/rasp/ros2_ws/install/geometry_msgs/include/geometry_msgs/geometry_msgs/msg/detail
[109.682s] -- Installing: /home/rasp/ros2_ws/install/geometry_msgs/include/geometry_msgs/geometry_msgs/msg/detail/quaternion__rosidl_typesupport_fastrtps_cpp.hpp
[109.682s] -- Installing: /home/rasp/ros2_ws/install/geometry_msgs/include/geometry_msgs/geometry_msgs/msg/detail/accel_with_covariance__rosidl_typesupport_fastrtps_cpp.hpp
[109.682s] -- Installing: /home/rasp/ros2_ws/install/geometry_msgs/include/geometry_msgs/geometry_msgs/msg/detail/transform__rosidl_typesupport_fastrtps_cpp.hpp
[109.683s] -- Installing: /home/rasp/ros2_ws/install/geometry_msgs/include/geometry_msgs/geometry_msgs/msg/detail/point32__rosidl_typesupport_fastrtps_cpp.hpp
[109.683s] -- Installing: /home/rasp/ros2_ws/install/geometry_msgs/include/geometry_msgs/geometry_msgs/msg/detail/inertia_stamped__rosidl_typesupport_fastrtps_cpp.hpp
[109.683s] -- Installing: /home/rasp/ros2_ws/install/geometry_msgs/include/geometry_msgs/geometry_msgs/msg/detail/twist__rosidl_typesupport_fastrtps_cpp.hpp
[109.683s] -- Installing: /home/rasp/ros2_ws/install/geometry_msgs/include/geometry_msgs/geometry_msgs/msg/detail/polygon_stamped__rosidl_typesupport_fastrtps_cpp.hpp
[109.683s] -- Installing: /home/rasp/ros2_ws/install/geometry_msgs/include/geometry_msgs/geometry_msgs/msg/detail/accel_stamped__rosidl_typesupport_fastrtps_cpp.hpp
[109.683s] -- Installing: /home/rasp/ros2_ws/install/geometry_msgs/include/geometry_msgs/geometry_msgs/msg/detail/velocity_stamped__rosidl_typesupport_fastrtps_cpp.hpp
[109.683s] -- Installing: /home/rasp/ros2_ws/install/geometry_msgs/include/geometry_msgs/geometry_msgs/msg/detail/transform_stamped__rosidl_typesupport_fastrtps_cpp.hpp
[109.684s] -- Installing: /home/rasp/ros2_ws/install/geometry_msgs/include/geometry_msgs/geometry_msgs/msg/detail/pose_stamped__rosidl_typesupport_fastrtps_cpp.hpp
[109.684s] -- Installing: /home/rasp/ros2_ws/install/geometry_msgs/include/geometry_msgs/geometry_msgs/msg/detail/pose__rosidl_typesupport_fastrtps_cpp.hpp
[109.686s] -- Installing: /home/rasp/ros2_ws/install/geometry_msgs/include/geometry_msgs/geometry_msgs/msg/detail/polygon__rosidl_typesupport_fastrtps_cpp.hpp
[109.686s] -- Installing: /home/rasp/ros2_ws/install/geometry_msgs/include/geometry_msgs/geometry_msgs/msg/detail/accel__rosidl_typesupport_fastrtps_cpp.hpp
[109.686s] -- Installing: /home/rasp/ros2_ws/install/geometry_msgs/include/geometry_msgs/geometry_msgs/msg/detail/polygon_instance_stamped__rosidl_typesupport_fastrtps_cpp.hpp
[109.686s] -- Installing: /home/rasp/ros2_ws/install/geometry_msgs/include/geometry_msgs/geometry_msgs/msg/detail/twist_with_covariance_stamped__rosidl_typesupport_fastrtps_cpp.hpp
[109.686s] -- Installing: /home/rasp/ros2_ws/install/geometry_msgs/include/geometry_msgs/geometry_msgs/msg/detail/dds_fastrtps
[109.686s] -- Installing: /home/rasp/ros2_ws/install/geometry_msgs/include/geometry_msgs/geometry_msgs/msg/detail/vector3_stamped__rosidl_typesupport_fastrtps_cpp.hpp
[109.686s] -- Installing: /home/rasp/ros2_ws/install/geometry_msgs/include/geometry_msgs/geometry_msgs/msg/detail/pose_with_covariance__rosidl_typesupport_fastrtps_cpp.hpp
[109.686s] -- Installing: /home/rasp/ros2_ws/install/geometry_msgs/include/geometry_msgs/geometry_msgs/msg/detail/vector3__rosidl_typesupport_fastrtps_cpp.hpp
[109.687s] -- Installing: /home/rasp/ros2_ws/install/geometry_msgs/include/geometry_msgs/geometry_msgs/msg/detail/pose_array__rosidl_typesupport_fastrtps_cpp.hpp
[109.687s] -- Installing: /home/rasp/ros2_ws/install/geometry_msgs/include/geometry_msgs/geometry_msgs/msg/detail/wrench__rosidl_typesupport_fastrtps_cpp.hpp
[109.687s] -- Installing: /home/rasp/ros2_ws/install/geometry_msgs/include/geometry_msgs/geometry_msgs/msg/detail/wrench_stamped__rosidl_typesupport_fastrtps_cpp.hpp
[109.687s] -- Installing: /home/rasp/ros2_ws/install/geometry_msgs/include/geometry_msgs/geometry_msgs/msg/detail/accel_with_covariance_stamped__rosidl_typesupport_fastrtps_cpp.hpp
[109.687s] -- Installing: /home/rasp/ros2_ws/install/geometry_msgs/include/geometry_msgs/geometry_msgs/msg/detail/twist_with_covariance__rosidl_typesupport_fastrtps_cpp.hpp
[109.687s] -- Installing: /home/rasp/ros2_ws/install/geometry_msgs/include/geometry_msgs/geometry_msgs/msg/detail/pose_with_covariance_stamped__rosidl_typesupport_fastrtps_cpp.hpp
[109.687s] -- Installing: /home/rasp/ros2_ws/install/geometry_msgs/include/geometry_msgs/geometry_msgs/msg/detail/inertia__rosidl_typesupport_fastrtps_cpp.hpp
[109.690s] -- Installing: /home/rasp/ros2_ws/install/geometry_msgs/include/geometry_msgs/geometry_msgs/msg/detail/twist_stamped__rosidl_typesupport_fastrtps_cpp.hpp
[109.690s] -- Installing: /home/rasp/ros2_ws/install/geometry_msgs/include/geometry_msgs/geometry_msgs/msg/detail/point_stamped__rosidl_typesupport_fastrtps_cpp.hpp
[109.690s] -- Installing: /home/rasp/ros2_ws/install/geometry_msgs/include/geometry_msgs/geometry_msgs/msg/detail/point__rosidl_typesupport_fastrtps_cpp.hpp
[109.690s] -- Installing: /home/rasp/ros2_ws/install/geometry_msgs/include/geometry_msgs/geometry_msgs/msg/detail/polygon_instance__rosidl_typesupport_fastrtps_cpp.hpp
[109.691s] -- Installing: /home/rasp/ros2_ws/install/geometry_msgs/include/geometry_msgs/geometry_msgs/msg/detail/pose2_d__rosidl_typesupport_fastrtps_cpp.hpp
[109.691s] -- Installing: /home/rasp/ros2_ws/install/geometry_msgs/include/geometry_msgs/geometry_msgs/msg/detail/quaternion_stamped__rosidl_typesupport_fastrtps_cpp.hpp
[109.691s] -- Installing: /home/rasp/ros2_ws/install/geometry_msgs/include/geometry_msgs/geometry_msgs/msg/rosidl_typesupport_fastrtps_cpp__visibility_control.h
[109.691s] -- Installing: /home/rasp/ros2_ws/install/geometry_msgs/lib/libgeometry_msgs__rosidl_typesupport_fastrtps_cpp.so
[109.691s] -- Set non-toolchain portion of runtime path of "/home/rasp/ros2_ws/install/geometry_msgs/lib/libgeometry_msgs__rosidl_typesupport_fastrtps_cpp.so" to ""
[109.691s] -- Up-to-date: /home/rasp/ros2_ws/install/geometry_msgs/include/geometry_msgs/geometry_msgs
[109.691s] -- Up-to-date: /home/rasp/ros2_ws/install/geometry_msgs/include/geometry_msgs/geometry_msgs/msg
[109.691s] -- Up-to-date: /home/rasp/ros2_ws/install/geometry_msgs/include/geometry_msgs/geometry_msgs/msg/detail
[109.692s] -- Installing: /home/rasp/ros2_ws/install/geometry_msgs/include/geometry_msgs/geometry_msgs/msg/detail/pose_array__rosidl_typesupport_introspection_cpp.hpp
[109.692s] -- Installing: /home/rasp/ros2_ws/install/geometry_msgs/include/geometry_msgs/geometry_msgs/msg/detail/pose2_d__rosidl_typesupport_introspection_cpp.hpp
[109.692s] -- Installing: /home/rasp/ros2_ws/install/geometry_msgs/include/geometry_msgs/geometry_msgs/msg/detail/vector3_stamped__type_support.cpp
[109.692s] -- Installing: /home/rasp/ros2_ws/install/geometry_msgs/include/geometry_msgs/geometry_msgs/msg/detail/pose_with_covariance_stamped__type_support.cpp
[109.695s] -- Installing: /home/rasp/ros2_ws/install/geometry_msgs/include/geometry_msgs/geometry_msgs/msg/detail/twist_with_covariance__rosidl_typesupport_introspection_cpp.hpp
[109.696s] -- Installing: /home/rasp/ros2_ws/install/geometry_msgs/include/geometry_msgs/geometry_msgs/msg/detail/point__rosidl_typesupport_introspection_cpp.hpp
[109.696s] -- Installing: /home/rasp/ros2_ws/install/geometry_msgs/include/geometry_msgs/geometry_msgs/msg/detail/quaternion__rosidl_typesupport_introspection_cpp.hpp
[109.696s] -- Installing: /home/rasp/ros2_ws/install/geometry_msgs/include/geometry_msgs/geometry_msgs/msg/detail/wrench__type_support.cpp
[109.696s] -- Installing: /home/rasp/ros2_ws/install/geometry_msgs/include/geometry_msgs/geometry_msgs/msg/detail/transform__type_support.cpp
[109.696s] -- Installing: /home/rasp/ros2_ws/install/geometry_msgs/include/geometry_msgs/geometry_msgs/msg/detail/vector3__rosidl_typesupport_introspection_cpp.hpp
[109.696s] -- Installing: /home/rasp/ros2_ws/install/geometry_msgs/include/geometry_msgs/geometry_msgs/msg/detail/pose_stamped__type_support.cpp
[109.696s] -- Installing: /home/rasp/ros2_ws/install/geometry_msgs/include/geometry_msgs/geometry_msgs/msg/detail/quaternion__type_support.cpp
[109.697s] -- Installing: /home/rasp/ros2_ws/install/geometry_msgs/include/geometry_msgs/geometry_msgs/msg/detail/pose2_d__type_support.cpp
[109.697s] -- Installing: /home/rasp/ros2_ws/install/geometry_msgs/include/geometry_msgs/geometry_msgs/msg/detail/polygon__type_support.cpp
[109.699s] -- Installing: /home/rasp/ros2_ws/install/geometry_msgs/include/geometry_msgs/geometry_msgs/msg/detail/inertia_stamped__rosidl_typesupport_introspection_cpp.hpp
[109.699s] -- Installing: /home/rasp/ros2_ws/install/geometry_msgs/include/geometry_msgs/geometry_msgs/msg/detail/pose_array__type_support.cpp
[109.699s] -- Installing: /home/rasp/ros2_ws/install/geometry_msgs/include/geometry_msgs/geometry_msgs/msg/detail/wrench__rosidl_typesupport_introspection_cpp.hpp
[109.699s] -- Installing: /home/rasp/ros2_ws/install/geometry_msgs/include/geometry_msgs/geometry_msgs/msg/detail/polygon_stamped__type_support.cpp
[109.699s] -- Installing: /home/rasp/ros2_ws/install/geometry_msgs/include/geometry_msgs/geometry_msgs/msg/detail/pose__type_support.cpp
[109.699s] -- Installing: /home/rasp/ros2_ws/install/geometry_msgs/include/geometry_msgs/geometry_msgs/msg/detail/wrench_stamped__type_support.cpp
[109.699s] -- Installing: /home/rasp/ros2_ws/install/geometry_msgs/include/geometry_msgs/geometry_msgs/msg/detail/twist_with_covariance_stamped__rosidl_typesupport_introspection_cpp.hpp
[109.699s] -- Installing: /home/rasp/ros2_ws/install/geometry_msgs/include/geometry_msgs/geometry_msgs/msg/detail/pose_with_covariance__rosidl_typesupport_introspection_cpp.hpp
[109.700s] -- Installing: /home/rasp/ros2_ws/install/geometry_msgs/include/geometry_msgs/geometry_msgs/msg/detail/twist__rosidl_typesupport_introspection_cpp.hpp
[109.700s] -- Installing: /home/rasp/ros2_ws/install/geometry_msgs/include/geometry_msgs/geometry_msgs/msg/detail/polygon_instance__type_support.cpp
[109.703s] -- Installing: /home/rasp/ros2_ws/install/geometry_msgs/include/geometry_msgs/geometry_msgs/msg/detail/velocity_stamped__type_support.cpp
[109.703s] -- Installing: /home/rasp/ros2_ws/install/geometry_msgs/include/geometry_msgs/geometry_msgs/msg/detail/accel__type_support.cpp
[109.703s] -- Installing: /home/rasp/ros2_ws/install/geometry_msgs/include/geometry_msgs/geometry_msgs/msg/detail/twist__type_support.cpp
[109.703s] -- Installing: /home/rasp/ros2_ws/install/geometry_msgs/include/geometry_msgs/geometry_msgs/msg/detail/point32__rosidl_typesupport_introspection_cpp.hpp
[109.703s] -- Installing: /home/rasp/ros2_ws/install/geometry_msgs/include/geometry_msgs/geometry_msgs/msg/detail/pose_with_covariance_stamped__rosidl_typesupport_introspection_cpp.hpp
[109.703s] -- Installing: /home/rasp/ros2_ws/install/geometry_msgs/include/geometry_msgs/geometry_msgs/msg/detail/vector3_stamped__rosidl_typesupport_introspection_cpp.hpp
[109.703s] -- Installing: /home/rasp/ros2_ws/install/geometry_msgs/include/geometry_msgs/geometry_msgs/msg/detail/twist_stamped__rosidl_typesupport_introspection_cpp.hpp
[109.703s] -- Installing: /home/rasp/ros2_ws/install/geometry_msgs/include/geometry_msgs/geometry_msgs/msg/detail/twist_with_covariance_stamped__type_support.cpp
[109.703s] -- Installing: /home/rasp/ros2_ws/install/geometry_msgs/include/geometry_msgs/geometry_msgs/msg/detail/polygon_instance_stamped__rosidl_typesupport_introspection_cpp.hpp
[109.704s] -- Installing: /home/rasp/ros2_ws/install/geometry_msgs/include/geometry_msgs/geometry_msgs/msg/detail/polygon_instance_stamped__type_support.cpp
[109.704s] -- Installing: /home/rasp/ros2_ws/install/geometry_msgs/include/geometry_msgs/geometry_msgs/msg/detail/transform_stamped__rosidl_typesupport_introspection_cpp.hpp
[109.704s] -- Installing: /home/rasp/ros2_ws/install/geometry_msgs/include/geometry_msgs/geometry_msgs/msg/detail/inertia__type_support.cpp
[109.704s] -- Installing: /home/rasp/ros2_ws/install/geometry_msgs/include/geometry_msgs/geometry_msgs/msg/detail/accel_with_covariance__type_support.cpp
[109.704s] -- Installing: /home/rasp/ros2_ws/install/geometry_msgs/include/geometry_msgs/geometry_msgs/msg/detail/wrench_stamped__rosidl_typesupport_introspection_cpp.hpp
[109.706s] -- Installing: /home/rasp/ros2_ws/install/geometry_msgs/include/geometry_msgs/geometry_msgs/msg/detail/pose_stamped__rosidl_typesupport_introspection_cpp.hpp
[109.706s] -- Installing: /home/rasp/ros2_ws/install/geometry_msgs/include/geometry_msgs/geometry_msgs/msg/detail/vector3__type_support.cpp
[109.706s] -- Installing: /home/rasp/ros2_ws/install/geometry_msgs/include/geometry_msgs/geometry_msgs/msg/detail/transform__rosidl_typesupport_introspection_cpp.hpp
[109.706s] -- Installing: /home/rasp/ros2_ws/install/geometry_msgs/include/geometry_msgs/geometry_msgs/msg/detail/quaternion_stamped__type_support.cpp
[109.706s] -- Installing: /home/rasp/ros2_ws/install/geometry_msgs/include/geometry_msgs/geometry_msgs/msg/detail/accel_with_covariance_stamped__type_support.cpp
[109.706s] -- Installing: /home/rasp/ros2_ws/install/geometry_msgs/include/geometry_msgs/geometry_msgs/msg/detail/twist_with_covariance__type_support.cpp
[109.706s] -- Installing: /home/rasp/ros2_ws/install/geometry_msgs/include/geometry_msgs/geometry_msgs/msg/detail/polygon_instance__rosidl_typesupport_introspection_cpp.hpp
[109.707s] -- Installing: /home/rasp/ros2_ws/install/geometry_msgs/include/geometry_msgs/geometry_msgs/msg/detail/point_stamped__rosidl_typesupport_introspection_cpp.hpp
[109.707s] -- Installing: /home/rasp/ros2_ws/install/geometry_msgs/include/geometry_msgs/geometry_msgs/msg/detail/polygon__rosidl_typesupport_introspection_cpp.hpp
[109.707s] -- Installing: /home/rasp/ros2_ws/install/geometry_msgs/include/geometry_msgs/geometry_msgs/msg/detail/pose_with_covariance__type_support.cpp
[109.707s] -- Installing: /home/rasp/ros2_ws/install/geometry_msgs/include/geometry_msgs/geometry_msgs/msg/detail/accel_stamped__type_support.cpp
[109.707s] -- Installing: /home/rasp/ros2_ws/install/geometry_msgs/include/geometry_msgs/geometry_msgs/msg/detail/transform_stamped__type_support.cpp
[109.707s] -- Installing: /home/rasp/ros2_ws/install/geometry_msgs/include/geometry_msgs/geometry_msgs/msg/detail/point__type_support.cpp
[109.707s] -- Installing: /home/rasp/ros2_ws/install/geometry_msgs/include/geometry_msgs/geometry_msgs/msg/detail/point32__type_support.cpp
[109.707s] -- Installing: /home/rasp/ros2_ws/install/geometry_msgs/include/geometry_msgs/geometry_msgs/msg/detail/polygon_stamped__rosidl_typesupport_introspection_cpp.hpp
[109.709s] -- Installing: /home/rasp/ros2_ws/install/geometry_msgs/include/geometry_msgs/geometry_msgs/msg/detail/accel_with_covariance_stamped__rosidl_typesupport_introspection_cpp.hpp
[109.709s] -- Installing: /home/rasp/ros2_ws/install/geometry_msgs/include/geometry_msgs/geometry_msgs/msg/detail/inertia_stamped__type_support.cpp
[109.709s] -- Installing: /home/rasp/ros2_ws/install/geometry_msgs/include/geometry_msgs/geometry_msgs/msg/detail/velocity_stamped__rosidl_typesupport_introspection_cpp.hpp
[109.710s] -- Installing: /home/rasp/ros2_ws/install/geometry_msgs/include/geometry_msgs/geometry_msgs/msg/detail/accel_with_covariance__rosidl_typesupport_introspection_cpp.hpp
[109.710s] -- Installing: /home/rasp/ros2_ws/install/geometry_msgs/include/geometry_msgs/geometry_msgs/msg/detail/accel__rosidl_typesupport_introspection_cpp.hpp
[109.710s] -- Installing: /home/rasp/ros2_ws/install/geometry_msgs/include/geometry_msgs/geometry_msgs/msg/detail/pose__rosidl_typesupport_introspection_cpp.hpp
[109.710s] -- Installing: /home/rasp/ros2_ws/install/geometry_msgs/include/geometry_msgs/geometry_msgs/msg/detail/twist_stamped__type_support.cpp
[109.710s] -- Installing: /home/rasp/ros2_ws/install/geometry_msgs/include/geometry_msgs/geometry_msgs/msg/detail/point_stamped__type_support.cpp
[109.710s] -- Installing: /home/rasp/ros2_ws/install/geometry_msgs/include/geometry_msgs/geometry_msgs/msg/detail/inertia__rosidl_typesupport_introspection_cpp.hpp
[109.712s] -- Installing: /home/rasp/ros2_ws/install/geometry_msgs/include/geometry_msgs/geometry_msgs/msg/detail/accel_stamped__rosidl_typesupport_introspection_cpp.hpp
[109.712s] -- Installing: /home/rasp/ros2_ws/install/geometry_msgs/include/geometry_msgs/geometry_msgs/msg/detail/quaternion_stamped__rosidl_typesupport_introspection_cpp.hpp
[109.712s] -- Installing: /home/rasp/ros2_ws/install/geometry_msgs/lib/libgeometry_msgs__rosidl_typesupport_introspection_cpp.so
[109.713s] -- Set non-toolchain portion of runtime path of "/home/rasp/ros2_ws/install/geometry_msgs/lib/libgeometry_msgs__rosidl_typesupport_introspection_cpp.so" to ""
[109.713s] -- Installing: /home/rasp/ros2_ws/install/geometry_msgs/lib/libgeometry_msgs__rosidl_typesupport_cpp.so
[109.713s] -- Set non-toolchain portion of runtime path of "/home/rasp/ros2_ws/install/geometry_msgs/lib/libgeometry_msgs__rosidl_typesupport_cpp.so" to ""
[109.713s] -- Installing: /home/rasp/ros2_ws/install/geometry_msgs/share/geometry_msgs/environment/pythonpath.sh
[109.714s] -- Installing: /home/rasp/ros2_ws/install/geometry_msgs/share/geometry_msgs/environment/pythonpath.dsv
[109.714s] -- Installing: /home/rasp/ros2_ws/install/geometry_msgs/lib/python3.12/site-packages/geometry_msgs-5.3.6-py3.12.egg-info
[109.714s] -- Installing: /home/rasp/ros2_ws/install/geometry_msgs/lib/python3.12/site-packages/geometry_msgs-5.3.6-py3.12.egg-info/SOURCES.txt
[109.716s] -- Installing: /home/rasp/ros2_ws/install/geometry_msgs/lib/python3.12/site-packages/geometry_msgs-5.3.6-py3.12.egg-info/dependency_links.txt
[109.716s] -- Installing: /home/rasp/ros2_ws/install/geometry_msgs/lib/python3.12/site-packages/geometry_msgs-5.3.6-py3.12.egg-info/PKG-INFO
[109.716s] -- Installing: /home/rasp/ros2_ws/install/geometry_msgs/lib/python3.12/site-packages/geometry_msgs-5.3.6-py3.12.egg-info/top_level.txt
[109.716s] -- Installing: /home/rasp/ros2_ws/install/geometry_msgs/lib/python3.12/site-packages/geometry_msgs
[109.716s] -- Installing: /home/rasp/ros2_ws/install/geometry_msgs/lib/python3.12/site-packages/geometry_msgs/_geometry_msgs_s.ep.rosidl_typesupport_fastrtps_c.c
[109.716s] -- Installing: /home/rasp/ros2_ws/install/geometry_msgs/lib/python3.12/site-packages/geometry_msgs/__init__.py
[109.718s] -- Installing: /home/rasp/ros2_ws/install/geometry_msgs/lib/python3.12/site-packages/geometry_msgs/_geometry_msgs_s.ep.rosidl_typesupport_c.c
[109.718s] -- Installing: /home/rasp/ros2_ws/install/geometry_msgs/lib/python3.12/site-packages/geometry_msgs/_geometry_msgs_s.ep.rosidl_typesupport_introspection_c.c
[109.718s] -- Installing: /home/rasp/ros2_ws/install/geometry_msgs/lib/python3.12/site-packages/geometry_msgs/geometry_msgs_s__rosidl_typesupport_microxrcedds_c.so
[109.718s] -- Installing: /home/rasp/ros2_ws/install/geometry_msgs/lib/python3.12/site-packages/geometry_msgs/_geometry_msgs_s.ep.rosidl_typesupport_microxrcedds_c.c
[109.718s] -- Installing: /home/rasp/ros2_ws/install/geometry_msgs/lib/python3.12/site-packages/geometry_msgs/msg
[109.719s] -- Installing: /home/rasp/ros2_ws/install/geometry_msgs/lib/python3.12/site-packages/geometry_msgs/msg/_pose_with_covariance_stamped_s.c
[109.719s] -- Installing: /home/rasp/ros2_ws/install/geometry_msgs/lib/python3.12/site-packages/geometry_msgs/msg/_point_s.c
[109.719s] -- Installing: /home/rasp/ros2_ws/install/geometry_msgs/lib/python3.12/site-packages/geometry_msgs/msg/_twist_with_covariance_s.c
[109.721s] -- Installing: /home/rasp/ros2_ws/install/geometry_msgs/lib/python3.12/site-packages/geometry_msgs/msg/_accel.py
[109.721s] -- Installing: /home/rasp/ros2_ws/install/geometry_msgs/lib/python3.12/site-packages/geometry_msgs/msg/_pose_stamped.py
[109.721s] -- Installing: /home/rasp/ros2_ws/install/geometry_msgs/lib/python3.12/site-packages/geometry_msgs/msg/_accel_stamped_s.c
[109.721s] -- Installing: /home/rasp/ros2_ws/install/geometry_msgs/lib/python3.12/site-packages/geometry_msgs/msg/__init__.py
[109.721s] -- Installing: /home/rasp/ros2_ws/install/geometry_msgs/lib/python3.12/site-packages/geometry_msgs/msg/_wrench_stamped_s.c
[109.721s] -- Installing: /home/rasp/ros2_ws/install/geometry_msgs/lib/python3.12/site-packages/geometry_msgs/msg/_pose_s.c
[109.721s] -- Installing: /home/rasp/ros2_ws/install/geometry_msgs/lib/python3.12/site-packages/geometry_msgs/msg/_twist_with_covariance.py
[109.722s] -- Installing: /home/rasp/ros2_ws/install/geometry_msgs/lib/python3.12/site-packages/geometry_msgs/msg/_vector3_s.c
[109.722s] -- Installing: /home/rasp/ros2_ws/install/geometry_msgs/lib/python3.12/site-packages/geometry_msgs/msg/_point.py
[109.722s] -- Installing: /home/rasp/ros2_ws/install/geometry_msgs/lib/python3.12/site-packages/geometry_msgs/msg/_pose.py
[109.722s] -- Installing: /home/rasp/ros2_ws/install/geometry_msgs/lib/python3.12/site-packages/geometry_msgs/msg/_transform_s.c
[109.722s] -- Installing: /home/rasp/ros2_ws/install/geometry_msgs/lib/python3.12/site-packages/geometry_msgs/msg/_accel_with_covariance_stamped.py
[109.724s] -- Installing: /home/rasp/ros2_ws/install/geometry_msgs/lib/python3.12/site-packages/geometry_msgs/msg/_twist_stamped.py
[109.724s] -- Installing: /home/rasp/ros2_ws/install/geometry_msgs/lib/python3.12/site-packages/geometry_msgs/msg/_vector3_stamped_s.c
[109.724s] -- Installing: /home/rasp/ros2_ws/install/geometry_msgs/lib/python3.12/site-packages/geometry_msgs/msg/_accel_with_covariance.py
[109.724s] -- Installing: /home/rasp/ros2_ws/install/geometry_msgs/lib/python3.12/site-packages/geometry_msgs/msg/_wrench_stamped.py
[109.724s] -- Installing: /home/rasp/ros2_ws/install/geometry_msgs/lib/python3.12/site-packages/geometry_msgs/msg/_accel_with_covariance_s.c
[109.725s] -- Installing: /home/rasp/ros2_ws/install/geometry_msgs/lib/python3.12/site-packages/geometry_msgs/msg/_velocity_stamped.py
[109.725s] -- Installing: /home/rasp/ros2_ws/install/geometry_msgs/lib/python3.12/site-packages/geometry_msgs/msg/_pose_with_covariance_s.c
[109.725s] -- Installing: /home/rasp/ros2_ws/install/geometry_msgs/lib/python3.12/site-packages/geometry_msgs/msg/_polygon_stamped_s.c
[109.725s] -- Installing: /home/rasp/ros2_ws/install/geometry_msgs/lib/python3.12/site-packages/geometry_msgs/msg/_quaternion_stamped.py
[109.725s] -- Installing: /home/rasp/ros2_ws/install/geometry_msgs/lib/python3.12/site-packages/geometry_msgs/msg/_inertia_s.c
[109.725s] -- Installing: /home/rasp/ros2_ws/install/geometry_msgs/lib/python3.12/site-packages/geometry_msgs/msg/_quaternion.py
[109.725s] -- Installing: /home/rasp/ros2_ws/install/geometry_msgs/lib/python3.12/site-packages/geometry_msgs/msg/_point32_s.c
[109.726s] -- Installing: /home/rasp/ros2_ws/install/geometry_msgs/lib/python3.12/site-packages/geometry_msgs/msg/_twist_with_covariance_stamped.py
[109.726s] -- Installing: /home/rasp/ros2_ws/install/geometry_msgs/lib/python3.12/site-packages/geometry_msgs/msg/_vector3_stamped.py
[109.726s] -- Installing: /home/rasp/ros2_ws/install/geometry_msgs/lib/python3.12/site-packages/geometry_msgs/msg/_quaternion_stamped_s.c
[109.726s] -- Installing: /home/rasp/ros2_ws/install/geometry_msgs/lib/python3.12/site-packages/geometry_msgs/msg/_pose_array.py
[109.726s] -- Installing: /home/rasp/ros2_ws/install/geometry_msgs/lib/python3.12/site-packages/geometry_msgs/msg/_wrench.py
[109.728s] -- Installing: /home/rasp/ros2_ws/install/geometry_msgs/lib/python3.12/site-packages/geometry_msgs/msg/_wrench_s.c
[109.728s] -- Installing: /home/rasp/ros2_ws/install/geometry_msgs/lib/python3.12/site-packages/geometry_msgs/msg/_transform_stamped.py
[109.728s] -- Installing: /home/rasp/ros2_ws/install/geometry_msgs/lib/python3.12/site-packages/geometry_msgs/msg/_accel_s.c
[109.728s] -- Installing: /home/rasp/ros2_ws/install/geometry_msgs/lib/python3.12/site-packages/geometry_msgs/msg/_velocity_stamped_s.c
[109.728s] -- Installing: /home/rasp/ros2_ws/install/geometry_msgs/lib/python3.12/site-packages/geometry_msgs/msg/_polygon_instance_stamped.py
[109.728s] -- Installing: /home/rasp/ros2_ws/install/geometry_msgs/lib/python3.12/site-packages/geometry_msgs/msg/_pose2_d_s.c
[109.728s] -- Installing: /home/rasp/ros2_ws/install/geometry_msgs/lib/python3.12/site-packages/geometry_msgs/msg/_polygon.py
[109.728s] -- Installing: /home/rasp/ros2_ws/install/geometry_msgs/lib/python3.12/site-packages/geometry_msgs/msg/_transform_stamped_s.c
[109.729s] -- Installing: /home/rasp/ros2_ws/install/geometry_msgs/lib/python3.12/site-packages/geometry_msgs/msg/_twist_with_covariance_stamped_s.c
[109.729s] -- Installing: /home/rasp/ros2_ws/install/geometry_msgs/lib/python3.12/site-packages/geometry_msgs/msg/_twist_stamped_s.c
[109.729s] -- Installing: /home/rasp/ros2_ws/install/geometry_msgs/lib/python3.12/site-packages/geometry_msgs/msg/_pose_with_covariance.py
[109.729s] -- Installing: /home/rasp/ros2_ws/install/geometry_msgs/lib/python3.12/site-packages/geometry_msgs/msg/_point_stamped_s.c
[109.731s] -- Installing: /home/rasp/ros2_ws/install/geometry_msgs/lib/python3.12/site-packages/geometry_msgs/msg/_polygon_s.c
[109.731s] -- Installing: /home/rasp/ros2_ws/install/geometry_msgs/lib/python3.12/site-packages/geometry_msgs/msg/_polygon_instance_stamped_s.c
[109.731s] -- Installing: /home/rasp/ros2_ws/install/geometry_msgs/lib/python3.12/site-packages/geometry_msgs/msg/_polygon_instance_s.c
[109.731s] -- Installing: /home/rasp/ros2_ws/install/geometry_msgs/lib/python3.12/site-packages/geometry_msgs/msg/_inertia_stamped_s.c
[109.731s] -- Installing: /home/rasp/ros2_ws/install/geometry_msgs/lib/python3.12/site-packages/geometry_msgs/msg/_inertia.py
[109.731s] -- Installing: /home/rasp/ros2_ws/install/geometry_msgs/lib/python3.12/site-packages/geometry_msgs/msg/_inertia_stamped.py
[109.731s] -- Installing: /home/rasp/ros2_ws/install/geometry_msgs/lib/python3.12/site-packages/geometry_msgs/msg/_point32.py
[109.731s] -- Installing: /home/rasp/ros2_ws/install/geometry_msgs/lib/python3.12/site-packages/geometry_msgs/msg/_point_stamped.py
[109.732s] -- Installing: /home/rasp/ros2_ws/install/geometry_msgs/lib/python3.12/site-packages/geometry_msgs/msg/_pose2_d.py
[109.734s] -- Installing: /home/rasp/ros2_ws/install/geometry_msgs/lib/python3.12/site-packages/geometry_msgs/msg/_polygon_instance.py
[109.734s] -- Installing: /home/rasp/ros2_ws/install/geometry_msgs/lib/python3.12/site-packages/geometry_msgs/msg/_transform.py
[109.734s] -- Installing: /home/rasp/ros2_ws/install/geometry_msgs/lib/python3.12/site-packages/geometry_msgs/msg/_twist_s.c
[109.734s] -- Installing: /home/rasp/ros2_ws/install/geometry_msgs/lib/python3.12/site-packages/geometry_msgs/msg/_twist.py
[109.734s] -- Installing: /home/rasp/ros2_ws/install/geometry_msgs/lib/python3.12/site-packages/geometry_msgs/msg/_pose_with_covariance_stamped.py
[109.734s] -- Installing: /home/rasp/ros2_ws/install/geometry_msgs/lib/python3.12/site-packages/geometry_msgs/msg/_vector3.py
[109.734s] -- Installing: /home/rasp/ros2_ws/install/geometry_msgs/lib/python3.12/site-packages/geometry_msgs/msg/_polygon_stamped.py
[109.735s] -- Installing: /home/rasp/ros2_ws/install/geometry_msgs/lib/python3.12/site-packages/geometry_msgs/msg/_accel_stamped.py
[109.735s] -- Installing: /home/rasp/ros2_ws/install/geometry_msgs/lib/python3.12/site-packages/geometry_msgs/msg/_pose_array_s.c
[109.735s] -- Installing: /home/rasp/ros2_ws/install/geometry_msgs/lib/python3.12/site-packages/geometry_msgs/msg/_accel_with_covariance_stamped_s.c
[109.735s] -- Installing: /home/rasp/ros2_ws/install/geometry_msgs/lib/python3.12/site-packages/geometry_msgs/msg/_pose_stamped_s.c
[109.735s] -- Installing: /home/rasp/ros2_ws/install/geometry_msgs/lib/python3.12/site-packages/geometry_msgs/msg/_quaternion_s.c
[109.736s] -- Installing: /home/rasp/ros2_ws/install/geometry_msgs/lib/python3.12/site-packages/geometry_msgs/geometry_msgs_s__rosidl_typesupport_fastrtps_c.so
[109.736s] -- Installing: /home/rasp/ros2_ws/install/geometry_msgs/lib/python3.12/site-packages/geometry_msgs/geometry_msgs_s__rosidl_typesupport_c.so
[109.738s] -- Installing: /home/rasp/ros2_ws/install/geometry_msgs/lib/python3.12/site-packages/geometry_msgs/geometry_msgs_s__rosidl_typesupport_introspection_c.so
[109.811s] Listing '/home/rasp/ros2_ws/install/geometry_msgs/lib/python3.12/site-packages/geometry_msgs'...
[109.811s] Compiling '/home/rasp/ros2_ws/install/geometry_msgs/lib/python3.12/site-packages/geometry_msgs/__init__.py'...
[109.811s] Listing '/home/rasp/ros2_ws/install/geometry_msgs/lib/python3.12/site-packages/geometry_msgs/msg'...
[109.811s] Compiling '/home/rasp/ros2_ws/install/geometry_msgs/lib/python3.12/site-packages/geometry_msgs/msg/__init__.py'...
[109.811s] Compiling '/home/rasp/ros2_ws/install/geometry_msgs/lib/python3.12/site-packages/geometry_msgs/msg/_accel.py'...
[109.811s] Compiling '/home/rasp/ros2_ws/install/geometry_msgs/lib/python3.12/site-packages/geometry_msgs/msg/_accel_stamped.py'...
[109.811s] Compiling '/home/rasp/ros2_ws/install/geometry_msgs/lib/python3.12/site-packages/geometry_msgs/msg/_accel_with_covariance.py'...
[109.811s] Compiling '/home/rasp/ros2_ws/install/geometry_msgs/lib/python3.12/site-packages/geometry_msgs/msg/_accel_with_covariance_stamped.py'...
[109.813s] Compiling '/home/rasp/ros2_ws/install/geometry_msgs/lib/python3.12/site-packages/geometry_msgs/msg/_inertia.py'...
[109.813s] Compiling '/home/rasp/ros2_ws/install/geometry_msgs/lib/python3.12/site-packages/geometry_msgs/msg/_inertia_stamped.py'...
[109.813s] Compiling '/home/rasp/ros2_ws/install/geometry_msgs/lib/python3.12/site-packages/geometry_msgs/msg/_point.py'...
[109.813s] Compiling '/home/rasp/ros2_ws/install/geometry_msgs/lib/python3.12/site-packages/geometry_msgs/msg/_point32.py'...
[109.813s] Compiling '/home/rasp/ros2_ws/install/geometry_msgs/lib/python3.12/site-packages/geometry_msgs/msg/_point_stamped.py'...
[109.813s] Compiling '/home/rasp/ros2_ws/install/geometry_msgs/lib/python3.12/site-packages/geometry_msgs/msg/_polygon.py'...
[109.813s] Compiling '/home/rasp/ros2_ws/install/geometry_msgs/lib/python3.12/site-packages/geometry_msgs/msg/_polygon_instance.py'...
[109.813s] Compiling '/home/rasp/ros2_ws/install/geometry_msgs/lib/python3.12/site-packages/geometry_msgs/msg/_polygon_instance_stamped.py'...
[109.813s] Compiling '/home/rasp/ros2_ws/install/geometry_msgs/lib/python3.12/site-packages/geometry_msgs/msg/_polygon_stamped.py'...
[109.814s] Compiling '/home/rasp/ros2_ws/install/geometry_msgs/lib/python3.12/site-packages/geometry_msgs/msg/_pose.py'...
[109.814s] Compiling '/home/rasp/ros2_ws/install/geometry_msgs/lib/python3.12/site-packages/geometry_msgs/msg/_pose2_d.py'...
[109.814s] Compiling '/home/rasp/ros2_ws/install/geometry_msgs/lib/python3.12/site-packages/geometry_msgs/msg/_pose_array.py'...
[109.814s] Compiling '/home/rasp/ros2_ws/install/geometry_msgs/lib/python3.12/site-packages/geometry_msgs/msg/_pose_stamped.py'...
[109.814s] Compiling '/home/rasp/ros2_ws/install/geometry_msgs/lib/python3.12/site-packages/geometry_msgs/msg/_pose_with_covariance.py'...
[109.814s] Compiling '/home/rasp/ros2_ws/install/geometry_msgs/lib/python3.12/site-packages/geometry_msgs/msg/_pose_with_covariance_stamped.py'...
[109.814s] Compiling '/home/rasp/ros2_ws/install/geometry_msgs/lib/python3.12/site-packages/geometry_msgs/msg/_quaternion.py'...
[109.814s] Compiling '/home/rasp/ros2_ws/install/geometry_msgs/lib/python3.12/site-packages/geometry_msgs/msg/_quaternion_stamped.py'...
[109.814s] Compiling '/home/rasp/ros2_ws/install/geometry_msgs/lib/python3.12/site-packages/geometry_msgs/msg/_transform.py'...
[109.814s] Compiling '/home/rasp/ros2_ws/install/geometry_msgs/lib/python3.12/site-packages/geometry_msgs/msg/_transform_stamped.py'...
[109.814s] Compiling '/home/rasp/ros2_ws/install/geometry_msgs/lib/python3.12/site-packages/geometry_msgs/msg/_twist.py'...
[109.814s] Compiling '/home/rasp/ros2_ws/install/geometry_msgs/lib/python3.12/site-packages/geometry_msgs/msg/_twist_stamped.py'...
[109.814s] Compiling '/home/rasp/ros2_ws/install/geometry_msgs/lib/python3.12/site-packages/geometry_msgs/msg/_twist_with_covariance.py'...
[109.814s] Compiling '/home/rasp/ros2_ws/install/geometry_msgs/lib/python3.12/site-packages/geometry_msgs/msg/_twist_with_covariance_stamped.py'...
[109.814s] Compiling '/home/rasp/ros2_ws/install/geometry_msgs/lib/python3.12/site-packages/geometry_msgs/msg/_vector3.py'...
[109.814s] Compiling '/home/rasp/ros2_ws/install/geometry_msgs/lib/python3.12/site-packages/geometry_msgs/msg/_vector3_stamped.py'...
[109.815s] Compiling '/home/rasp/ros2_ws/install/geometry_msgs/lib/python3.12/site-packages/geometry_msgs/msg/_velocity_stamped.py'...
[109.815s] Compiling '/home/rasp/ros2_ws/install/geometry_msgs/lib/python3.12/site-packages/geometry_msgs/msg/_wrench.py'...
[109.815s] Compiling '/home/rasp/ros2_ws/install/geometry_msgs/lib/python3.12/site-packages/geometry_msgs/msg/_wrench_stamped.py'...
[109.819s] -- Installing: /home/rasp/ros2_ws/install/geometry_msgs/lib/python3.12/site-packages/geometry_msgs/geometry_msgs_s__rosidl_typesupport_microxrcedds_c.so
[109.819s] -- Set non-toolchain portion of runtime path of "/home/rasp/ros2_ws/install/geometry_msgs/lib/python3.12/site-packages/geometry_msgs/geometry_msgs_s__rosidl_typesupport_microxrcedds_c.so" to ""
[109.819s] -- Installing: /home/rasp/ros2_ws/install/geometry_msgs/lib/python3.12/site-packages/geometry_msgs/geometry_msgs_s__rosidl_typesupport_fastrtps_c.so
[109.819s] -- Set non-toolchain portion of runtime path of "/home/rasp/ros2_ws/install/geometry_msgs/lib/python3.12/site-packages/geometry_msgs/geometry_msgs_s__rosidl_typesupport_fastrtps_c.so" to ""
[109.822s] -- Installing: /home/rasp/ros2_ws/install/geometry_msgs/lib/python3.12/site-packages/geometry_msgs/geometry_msgs_s__rosidl_typesupport_introspection_c.so
[109.822s] -- Set non-toolchain portion of runtime path of "/home/rasp/ros2_ws/install/geometry_msgs/lib/python3.12/site-packages/geometry_msgs/geometry_msgs_s__rosidl_typesupport_introspection_c.so" to ""
[109.822s] -- Installing: /home/rasp/ros2_ws/install/geometry_msgs/lib/python3.12/site-packages/geometry_msgs/geometry_msgs_s__rosidl_typesupport_c.so
[109.822s] -- Set non-toolchain portion of runtime path of "/home/rasp/ros2_ws/install/geometry_msgs/lib/python3.12/site-packages/geometry_msgs/geometry_msgs_s__rosidl_typesupport_c.so" to ""
[109.823s] -- Installing: /home/rasp/ros2_ws/install/geometry_msgs/lib/libgeometry_msgs__rosidl_generator_py.so
[109.823s] -- Set non-toolchain portion of runtime path of "/home/rasp/ros2_ws/install/geometry_msgs/lib/libgeometry_msgs__rosidl_generator_py.so" to ""
[109.823s] -- Installing: /home/rasp/ros2_ws/install/geometry_msgs/share/geometry_msgs/msg/Accel.idl
[109.823s] -- Installing: /home/rasp/ros2_ws/install/geometry_msgs/share/geometry_msgs/msg/AccelStamped.idl
[109.824s] -- Installing: /home/rasp/ros2_ws/install/geometry_msgs/share/geometry_msgs/msg/AccelWithCovariance.idl
[109.824s] -- Installing: /home/rasp/ros2_ws/install/geometry_msgs/share/geometry_msgs/msg/AccelWithCovarianceStamped.idl
[109.824s] -- Installing: /home/rasp/ros2_ws/install/geometry_msgs/share/geometry_msgs/msg/Inertia.idl
[109.825s] -- Installing: /home/rasp/ros2_ws/install/geometry_msgs/share/geometry_msgs/msg/InertiaStamped.idl
[109.825s] -- Installing: /home/rasp/ros2_ws/install/geometry_msgs/share/geometry_msgs/msg/Point.idl
[109.825s] -- Installing: /home/rasp/ros2_ws/install/geometry_msgs/share/geometry_msgs/msg/Point32.idl
[109.827s] -- Installing: /home/rasp/ros2_ws/install/geometry_msgs/share/geometry_msgs/msg/PointStamped.idl
[109.827s] -- Installing: /home/rasp/ros2_ws/install/geometry_msgs/share/geometry_msgs/msg/Polygon.idl
[109.827s] -- Installing: /home/rasp/ros2_ws/install/geometry_msgs/share/geometry_msgs/msg/PolygonInstance.idl
[109.827s] -- Installing: /home/rasp/ros2_ws/install/geometry_msgs/share/geometry_msgs/msg/PolygonInstanceStamped.idl
[109.827s] -- Installing: /home/rasp/ros2_ws/install/geometry_msgs/share/geometry_msgs/msg/PolygonStamped.idl
[109.828s] -- Installing: /home/rasp/ros2_ws/install/geometry_msgs/share/geometry_msgs/msg/Pose.idl
[109.828s] -- Installing: /home/rasp/ros2_ws/install/geometry_msgs/share/geometry_msgs/msg/Pose2D.idl
[109.828s] -- Installing: /home/rasp/ros2_ws/install/geometry_msgs/share/geometry_msgs/msg/PoseArray.idl
[109.829s] -- Installing: /home/rasp/ros2_ws/install/geometry_msgs/share/geometry_msgs/msg/PoseStamped.idl
[109.829s] -- Installing: /home/rasp/ros2_ws/install/geometry_msgs/share/geometry_msgs/msg/PoseWithCovariance.idl
[109.829s] -- Installing: /home/rasp/ros2_ws/install/geometry_msgs/share/geometry_msgs/msg/PoseWithCovarianceStamped.idl
[109.830s] -- Installing: /home/rasp/ros2_ws/install/geometry_msgs/share/geometry_msgs/msg/Quaternion.idl
[109.830s] -- Installing: /home/rasp/ros2_ws/install/geometry_msgs/share/geometry_msgs/msg/QuaternionStamped.idl
[109.830s] -- Installing: /home/rasp/ros2_ws/install/geometry_msgs/share/geometry_msgs/msg/Transform.idl
[109.830s] -- Installing: /home/rasp/ros2_ws/install/geometry_msgs/share/geometry_msgs/msg/TransformStamped.idl
[109.831s] -- Installing: /home/rasp/ros2_ws/install/geometry_msgs/share/geometry_msgs/msg/Twist.idl
[109.831s] -- Installing: /home/rasp/ros2_ws/install/geometry_msgs/share/geometry_msgs/msg/TwistStamped.idl
[109.832s] -- Installing: /home/rasp/ros2_ws/install/geometry_msgs/share/geometry_msgs/msg/TwistWithCovariance.idl
[109.832s] -- Installing: /home/rasp/ros2_ws/install/geometry_msgs/share/geometry_msgs/msg/TwistWithCovarianceStamped.idl
[109.833s] -- Installing: /home/rasp/ros2_ws/install/geometry_msgs/share/geometry_msgs/msg/Vector3.idl
[109.833s] -- Installing: /home/rasp/ros2_ws/install/geometry_msgs/share/geometry_msgs/msg/Vector3Stamped.idl
[109.833s] -- Installing: /home/rasp/ros2_ws/install/geometry_msgs/share/geometry_msgs/msg/VelocityStamped.idl
[109.833s] -- Installing: /home/rasp/ros2_ws/install/geometry_msgs/share/geometry_msgs/msg/Wrench.idl
[109.834s] -- Installing: /home/rasp/ros2_ws/install/geometry_msgs/share/geometry_msgs/msg/WrenchStamped.idl
[109.834s] -- Installing: /home/rasp/ros2_ws/install/geometry_msgs/share/geometry_msgs/msg/Accel.msg
[109.834s] -- Installing: /home/rasp/ros2_ws/install/geometry_msgs/share/geometry_msgs/msg/AccelStamped.msg
[109.834s] -- Installing: /home/rasp/ros2_ws/install/geometry_msgs/share/geometry_msgs/msg/AccelWithCovariance.msg
[109.836s] -- Installing: /home/rasp/ros2_ws/install/geometry_msgs/share/geometry_msgs/msg/AccelWithCovarianceStamped.msg
[109.836s] -- Installing: /home/rasp/ros2_ws/install/geometry_msgs/share/geometry_msgs/msg/Inertia.msg
[109.836s] -- Installing: /home/rasp/ros2_ws/install/geometry_msgs/share/geometry_msgs/msg/InertiaStamped.msg
[109.836s] -- Installing: /home/rasp/ros2_ws/install/geometry_msgs/share/geometry_msgs/msg/Point.msg
[109.836s] -- Installing: /home/rasp/ros2_ws/install/geometry_msgs/share/geometry_msgs/msg/Point32.msg
[109.836s] -- Installing: /home/rasp/ros2_ws/install/geometry_msgs/share/geometry_msgs/msg/PointStamped.msg
[109.838s] -- Installing: /home/rasp/ros2_ws/install/geometry_msgs/share/geometry_msgs/msg/Polygon.msg
[109.838s] -- Installing: /home/rasp/ros2_ws/install/geometry_msgs/share/geometry_msgs/msg/PolygonInstance.msg
[109.838s] -- Installing: /home/rasp/ros2_ws/install/geometry_msgs/share/geometry_msgs/msg/PolygonInstanceStamped.msg
[109.839s] -- Installing: /home/rasp/ros2_ws/install/geometry_msgs/share/geometry_msgs/msg/PolygonStamped.msg
[109.839s] -- Installing: /home/rasp/ros2_ws/install/geometry_msgs/share/geometry_msgs/msg/Pose.msg
[109.839s] -- Installing: /home/rasp/ros2_ws/install/geometry_msgs/share/geometry_msgs/msg/Pose2D.msg
[109.839s] -- Installing: /home/rasp/ros2_ws/install/geometry_msgs/share/geometry_msgs/msg/PoseArray.msg
[109.841s] -- Installing: /home/rasp/ros2_ws/install/geometry_msgs/share/geometry_msgs/msg/PoseStamped.msg
[109.841s] -- Installing: /home/rasp/ros2_ws/install/geometry_msgs/share/geometry_msgs/msg/PoseWithCovariance.msg
[109.841s] -- Installing: /home/rasp/ros2_ws/install/geometry_msgs/share/geometry_msgs/msg/PoseWithCovarianceStamped.msg
[109.841s] -- Installing: /home/rasp/ros2_ws/install/geometry_msgs/share/geometry_msgs/msg/Quaternion.msg
[109.841s] -- Installing: /home/rasp/ros2_ws/install/geometry_msgs/share/geometry_msgs/msg/QuaternionStamped.msg
[109.841s] -- Installing: /home/rasp/ros2_ws/install/geometry_msgs/share/geometry_msgs/msg/Transform.msg
[109.842s] -- Installing: /home/rasp/ros2_ws/install/geometry_msgs/share/geometry_msgs/msg/TransformStamped.msg
[109.842s] -- Installing: /home/rasp/ros2_ws/install/geometry_msgs/share/geometry_msgs/msg/Twist.msg
[109.844s] -- Installing: /home/rasp/ros2_ws/install/geometry_msgs/share/geometry_msgs/msg/TwistStamped.msg
[109.844s] -- Installing: /home/rasp/ros2_ws/install/geometry_msgs/share/geometry_msgs/msg/TwistWithCovariance.msg
[109.844s] -- Installing: /home/rasp/ros2_ws/install/geometry_msgs/share/geometry_msgs/msg/TwistWithCovarianceStamped.msg
[109.844s] -- Installing: /home/rasp/ros2_ws/install/geometry_msgs/share/geometry_msgs/msg/Vector3.msg
[109.844s] -- Installing: /home/rasp/ros2_ws/install/geometry_msgs/share/geometry_msgs/msg/Vector3Stamped.msg
[109.844s] -- Installing: /home/rasp/ros2_ws/install/geometry_msgs/share/geometry_msgs/msg/VelocityStamped.msg
[109.844s] -- Installing: /home/rasp/ros2_ws/install/geometry_msgs/share/geometry_msgs/msg/Wrench.msg
[109.845s] -- Installing: /home/rasp/ros2_ws/install/geometry_msgs/share/geometry_msgs/msg/WrenchStamped.msg
[109.845s] -- Installing: /home/rasp/ros2_ws/install/geometry_msgs/share/ament_index/resource_index/package_run_dependencies/geometry_msgs
[109.846s] -- Installing: /home/rasp/ros2_ws/install/geometry_msgs/share/ament_index/resource_index/parent_prefix_path/geometry_msgs
[109.846s] -- Installing: /home/rasp/ros2_ws/install/geometry_msgs/share/geometry_msgs/environment/ament_prefix_path.sh
[109.846s] -- Installing: /home/rasp/ros2_ws/install/geometry_msgs/share/geometry_msgs/environment/ament_prefix_path.dsv
[109.847s] -- Installing: /home/rasp/ros2_ws/install/geometry_msgs/share/geometry_msgs/environment/path.sh
[109.847s] -- Installing: /home/rasp/ros2_ws/install/geometry_msgs/share/geometry_msgs/environment/path.dsv
[109.847s] -- Installing: /home/rasp/ros2_ws/install/geometry_msgs/share/geometry_msgs/local_setup.bash
[109.847s] -- Installing: /home/rasp/ros2_ws/install/geometry_msgs/share/geometry_msgs/local_setup.sh
[109.848s] -- Installing: /home/rasp/ros2_ws/install/geometry_msgs/share/geometry_msgs/local_setup.zsh
[109.848s] -- Installing: /home/rasp/ros2_ws/install/geometry_msgs/share/geometry_msgs/local_setup.dsv
[109.849s] -- Installing: /home/rasp/ros2_ws/install/geometry_msgs/share/geometry_msgs/package.dsv
[109.849s] -- Installing: /home/rasp/ros2_ws/install/geometry_msgs/share/ament_index/resource_index/packages/geometry_msgs
[109.849s] -- Installing: /home/rasp/ros2_ws/install/geometry_msgs/share/geometry_msgs/cmake/export_geometry_msgs__rosidl_generator_cExport.cmake
[109.850s] -- Installing: /home/rasp/ros2_ws/install/geometry_msgs/share/geometry_msgs/cmake/export_geometry_msgs__rosidl_generator_cExport-noconfig.cmake
[109.850s] -- Installing: /home/rasp/ros2_ws/install/geometry_msgs/share/geometry_msgs/cmake/export_geometry_msgs__rosidl_typesupport_fastrtps_cExport.cmake
[109.850s] -- Installing: /home/rasp/ros2_ws/install/geometry_msgs/share/geometry_msgs/cmake/export_geometry_msgs__rosidl_typesupport_fastrtps_cExport-noconfig.cmake
[109.850s] -- Installing: /home/rasp/ros2_ws/install/geometry_msgs/share/geometry_msgs/cmake/geometry_msgs__rosidl_typesupport_introspection_cExport.cmake
[109.852s] -- Installing: /home/rasp/ros2_ws/install/geometry_msgs/share/geometry_msgs/cmake/geometry_msgs__rosidl_typesupport_introspection_cExport-noconfig.cmake
[109.852s] -- Installing: /home/rasp/ros2_ws/install/geometry_msgs/share/geometry_msgs/cmake/geometry_msgs__rosidl_typesupport_cExport.cmake
[109.852s] -- Installing: /home/rasp/ros2_ws/install/geometry_msgs/share/geometry_msgs/cmake/geometry_msgs__rosidl_typesupport_cExport-noconfig.cmake
[109.852s] -- Installing: /home/rasp/ros2_ws/install/geometry_msgs/share/geometry_msgs/cmake/export_geometry_msgs__rosidl_generator_cppExport.cmake
[109.852s] -- Installing: /home/rasp/ros2_ws/install/geometry_msgs/share/geometry_msgs/cmake/export_geometry_msgs__rosidl_typesupport_fastrtps_cppExport.cmake
[109.853s] -- Installing: /home/rasp/ros2_ws/install/geometry_msgs/share/geometry_msgs/cmake/export_geometry_msgs__rosidl_typesupport_fastrtps_cppExport-noconfig.cmake
[109.853s] -- Installing: /home/rasp/ros2_ws/install/geometry_msgs/share/geometry_msgs/cmake/geometry_msgs__rosidl_typesupport_introspection_cppExport.cmake
[109.854s] -- Installing: /home/rasp/ros2_ws/install/geometry_msgs/share/geometry_msgs/cmake/geometry_msgs__rosidl_typesupport_introspection_cppExport-noconfig.cmake
[109.854s] -- Installing: /home/rasp/ros2_ws/install/geometry_msgs/share/geometry_msgs/cmake/geometry_msgs__rosidl_typesupport_cppExport.cmake
[109.854s] -- Installing: /home/rasp/ros2_ws/install/geometry_msgs/share/geometry_msgs/cmake/geometry_msgs__rosidl_typesupport_cppExport-noconfig.cmake
[109.855s] -- Installing: /home/rasp/ros2_ws/install/geometry_msgs/share/geometry_msgs/cmake/export_geometry_msgs__rosidl_generator_pyExport.cmake
[109.855s] -- Installing: /home/rasp/ros2_ws/install/geometry_msgs/share/geometry_msgs/cmake/export_geometry_msgs__rosidl_generator_pyExport-noconfig.cmake
[109.855s] -- Installing: /home/rasp/ros2_ws/install/geometry_msgs/share/geometry_msgs/cmake/rosidl_cmake-extras.cmake
[109.857s] -- Installing: /home/rasp/ros2_ws/install/geometry_msgs/share/geometry_msgs/cmake/ament_cmake_export_dependencies-extras.cmake
[109.857s] -- Installing: /home/rasp/ros2_ws/install/geometry_msgs/share/geometry_msgs/cmake/ament_cmake_export_include_directories-extras.cmake
[109.857s] -- Installing: /home/rasp/ros2_ws/install/geometry_msgs/share/geometry_msgs/cmake/ament_cmake_export_libraries-extras.cmake
[109.857s] -- Installing: /home/rasp/ros2_ws/install/geometry_msgs/share/geometry_msgs/cmake/ament_cmake_export_targets-extras.cmake
[109.857s] -- Installing: /home/rasp/ros2_ws/install/geometry_msgs/share/geometry_msgs/cmake/rosidl_cmake_export_typesupport_targets-extras.cmake
[109.858s] -- Installing: /home/rasp/ros2_ws/install/geometry_msgs/share/geometry_msgs/cmake/rosidl_cmake_export_typesupport_libraries-extras.cmake
[109.858s] -- Installing: /home/rasp/ros2_ws/install/geometry_msgs/share/geometry_msgs/cmake/geometry_msgsConfig.cmake
[109.858s] -- Installing: /home/rasp/ros2_ws/install/geometry_msgs/share/geometry_msgs/cmake/geometry_msgsConfig-version.cmake
[109.859s] -- Installing: /home/rasp/ros2_ws/install/geometry_msgs/share/geometry_msgs/package.xml
[109.864s] Invoked command in '/home/rasp/ros2_ws/build/geometry_msgs' returned '0': AMENT_PREFIX_PATH=/home/rasp/ros2_ws/install/std_msgs:/home/rasp/ros2_ws/install/builtin_interfaces:${AMENT_PREFIX_PATH} CMAKE_PREFIX_PATH=/home/rasp/ros2_ws/install/std_msgs:/home/rasp/ros2_ws/install/builtin_interfaces:/home/rasp/ros2_ws/install/rosidl_typesupport_microxrcedds_cpp:/home/rasp/ros2_ws/install/rosidl_typesupport_microxrcedds_c:/home/rasp/ros2_ws/install/microcdr:/home/rasp/ros2_ws/install/micro_ros_setup:/opt/ros/jazzy/opt/gz_math_vendor:/opt/ros/jazzy/opt/gz_utils_vendor:/opt/ros/jazzy/opt/gz_cmake_vendor:/opt/ros/jazzy DEBUGINFOD_URLS=https://debuginfod.ubuntu.com LD_LIBRARY_PATH=/home/rasp/ros2_ws/install/std_msgs/lib:/home/rasp/ros2_ws/install/builtin_interfaces/lib:${LD_LIBRARY_PATH} PYTHONPATH=/home/rasp/ros2_ws/install/std_msgs/lib/python3.12/site-packages:/home/rasp/ros2_ws/install/builtin_interfaces/lib/python3.12/site-packages:${PYTHONPATH} /usr/bin/cmake --install /home/rasp/ros2_ws/build/geometry_msgs
