[0.032s] Invoking command in '/home/rasp/ros2_ws/build/sensor_msgs': AMENT_PREFIX_PATH=/home/rasp/ros2_ws/install/geometry_msgs:/home/rasp/ros2_ws/install/std_msgs:/home/rasp/ros2_ws/install/builtin_interfaces:${AMENT_PREFIX_PATH} CMAKE_PREFIX_PATH=/home/rasp/ros2_ws/install/geometry_msgs:/home/rasp/ros2_ws/install/std_msgs:/home/rasp/ros2_ws/install/builtin_interfaces:/home/rasp/ros2_ws/install/rosidl_typesupport_microxrcedds_cpp:/home/rasp/ros2_ws/install/rosidl_typesupport_microxrcedds_c:/home/rasp/ros2_ws/install/microcdr:/home/rasp/ros2_ws/install/micro_ros_setup:/opt/ros/jazzy/opt/gz_math_vendor:/opt/ros/jazzy/opt/gz_utils_vendor:/opt/ros/jazzy/opt/gz_cmake_vendor:/opt/ros/jazzy DEBUGINFOD_URLS=https://debuginfod.ubuntu.com LD_LIBRARY_PATH=/home/rasp/ros2_ws/install/geometry_msgs/lib:/home/rasp/ros2_ws/install/std_msgs/lib:/home/rasp/ros2_ws/install/builtin_interfaces/lib:${LD_LIBRARY_PATH} PYTHONPATH=/home/rasp/ros2_ws/install/geometry_msgs/lib/python3.12/site-packages:/home/rasp/ros2_ws/install/std_msgs/lib/python3.12/site-packages:/home/rasp/ros2_ws/install/builtin_interfaces/lib/python3.12/site-packages:${PYTHONPATH} /usr/bin/cmake /home/rasp/ros2_ws/src/ros2/common_interfaces/sensor_msgs -DBUILD_TESTING=OFF -DBUILD_SHARED_LIBS=ON -DCMAKE_INSTALL_PREFIX=/home/rasp/ros2_ws/install/sensor_msgs
[0.099s] -- The C compiler identification is GNU 13.3.0
[0.163s] -- The CXX compiler identification is GNU 13.3.0
[0.185s] -- Detecting C compiler ABI info
[0.301s] -- Detecting C compiler ABI info - done
[0.308s] -- Check for working C compiler: /usr/bin/cc - skipped
[0.308s] -- Detecting C compile features
[0.309s] -- Detecting C compile features - done
[0.326s] -- Detecting CXX compiler ABI info
[0.454s] -- Detecting CXX compiler ABI info - done
[0.463s] -- Check for working CXX compiler: /usr/bin/c++ - skipped
[0.463s] -- Detecting CXX compile features
[0.463s] -- Detecting CXX compile features - done
[0.467s] -- Found ament_cmake: 2.5.3 (/opt/ros/jazzy/share/ament_cmake/cmake)
[0.632s] -- Found Python3: /usr/bin/python3 (found version "3.12.3") found components: Interpreter 
[0.740s] -- Found builtin_interfaces: 2.0.2 (/home/rasp/ros2_ws/install/builtin_interfaces/share/builtin_interfaces/cmake)
[0.784s] -- Found rosidl_generator_c: 4.6.5 (/opt/ros/jazzy/share/rosidl_generator_c/cmake)
[0.797s] -- Found rosidl_generator_cpp: 4.6.5 (/opt/ros/jazzy/share/rosidl_generator_cpp/cmake)
[0.816s] -- Using all available rosidl_typesupport_c: rosidl_typesupport_microxrcedds_c;rosidl_typesupport_fastrtps_c;rosidl_typesupport_introspection_c
[0.825s] -- Found rosidl_adapter: 4.6.5 (/opt/ros/jazzy/share/rosidl_adapter/cmake)
[0.848s] -- Using all available rosidl_typesupport_cpp: rosidl_typesupport_microxrcedds_cpp;rosidl_typesupport_fastrtps_cpp;rosidl_typesupport_introspection_cpp
[0.869s] -- Found geometry_msgs: 5.3.6 (/home/rasp/ros2_ws/install/geometry_msgs/share/geometry_msgs/cmake)
[0.905s] -- Found rosidl_default_generators: 1.6.0 (/opt/ros/jazzy/share/rosidl_default_generators/cmake)
[1.774s] -- Found ament_cmake_ros: 0.12.0 (/opt/ros/jazzy/share/ament_cmake_ros/cmake)
[2.915s] -- Using all available rosidl_typesupport_c: rosidl_typesupport_microxrcedds_c;rosidl_typesupport_fastrtps_c;rosidl_typesupport_introspection_c
[3.477s] -- Using all available rosidl_typesupport_cpp: rosidl_typesupport_microxrcedds_cpp;rosidl_typesupport_fastrtps_cpp;rosidl_typesupport_introspection_cpp
[3.480s] -- Found python_cmake_module: 0.11.1 (/opt/ros/jazzy/share/python_cmake_module/cmake)
[3.643s] -- Found PythonExtra: /usr/bin/python3  
[4.143s] -- Found Python3: /usr/bin/python3 (found version "3.12.3") found components: Interpreter Development NumPy Development.Module Development.Embed 
[4.235s] -- Configuring done (4.2s)
[4.375s] -- Generating done (0.1s)
[4.394s] -- Build files have been written to: /home/rasp/ros2_ws/build/sensor_msgs
[4.409s] Invoked command in '/home/rasp/ros2_ws/build/sensor_msgs' returned '0': AMENT_PREFIX_PATH=/home/rasp/ros2_ws/install/geometry_msgs:/home/rasp/ros2_ws/install/std_msgs:/home/rasp/ros2_ws/install/builtin_interfaces:${AMENT_PREFIX_PATH} CMAKE_PREFIX_PATH=/home/rasp/ros2_ws/install/geometry_msgs:/home/rasp/ros2_ws/install/std_msgs:/home/rasp/ros2_ws/install/builtin_interfaces:/home/rasp/ros2_ws/install/rosidl_typesupport_microxrcedds_cpp:/home/rasp/ros2_ws/install/rosidl_typesupport_microxrcedds_c:/home/rasp/ros2_ws/install/microcdr:/home/rasp/ros2_ws/install/micro_ros_setup:/opt/ros/jazzy/opt/gz_math_vendor:/opt/ros/jazzy/opt/gz_utils_vendor:/opt/ros/jazzy/opt/gz_cmake_vendor:/opt/ros/jazzy DEBUGINFOD_URLS=https://debuginfod.ubuntu.com LD_LIBRARY_PATH=/home/rasp/ros2_ws/install/geometry_msgs/lib:/home/rasp/ros2_ws/install/std_msgs/lib:/home/rasp/ros2_ws/install/builtin_interfaces/lib:${LD_LIBRARY_PATH} PYTHONPATH=/home/rasp/ros2_ws/install/geometry_msgs/lib/python3.12/site-packages:/home/rasp/ros2_ws/install/std_msgs/lib/python3.12/site-packages:/home/rasp/ros2_ws/install/builtin_interfaces/lib/python3.12/site-packages:${PYTHONPATH} /usr/bin/cmake /home/rasp/ros2_ws/src/ros2/common_interfaces/sensor_msgs -DBUILD_TESTING=OFF -DBUILD_SHARED_LIBS=ON -DCMAKE_INSTALL_PREFIX=/home/rasp/ros2_ws/install/sensor_msgs
[4.410s] Invoking command in '/home/rasp/ros2_ws/build/sensor_msgs': AMENT_PREFIX_PATH=/home/rasp/ros2_ws/install/geometry_msgs:/home/rasp/ros2_ws/install/std_msgs:/home/rasp/ros2_ws/install/builtin_interfaces:${AMENT_PREFIX_PATH} CMAKE_PREFIX_PATH=/home/rasp/ros2_ws/install/geometry_msgs:/home/rasp/ros2_ws/install/std_msgs:/home/rasp/ros2_ws/install/builtin_interfaces:/home/rasp/ros2_ws/install/rosidl_typesupport_microxrcedds_cpp:/home/rasp/ros2_ws/install/rosidl_typesupport_microxrcedds_c:/home/rasp/ros2_ws/install/microcdr:/home/rasp/ros2_ws/install/micro_ros_setup:/opt/ros/jazzy/opt/gz_math_vendor:/opt/ros/jazzy/opt/gz_utils_vendor:/opt/ros/jazzy/opt/gz_cmake_vendor:/opt/ros/jazzy DEBUGINFOD_URLS=https://debuginfod.ubuntu.com LD_LIBRARY_PATH=/home/rasp/ros2_ws/install/geometry_msgs/lib:/home/rasp/ros2_ws/install/std_msgs/lib:/home/rasp/ros2_ws/install/builtin_interfaces/lib:${LD_LIBRARY_PATH} PYTHONPATH=/home/rasp/ros2_ws/install/geometry_msgs/lib/python3.12/site-packages:/home/rasp/ros2_ws/install/std_msgs/lib/python3.12/site-packages:/home/rasp/ros2_ws/install/builtin_interfaces/lib/python3.12/site-packages:${PYTHONPATH} /usr/bin/cmake --build /home/rasp/ros2_ws/build/sensor_msgs -- -j2 -l2
[4.508s] [  1%] [34m[1mGenerating type hashes for ROS interfaces[0m
[7.277s] [  1%] Built target sensor_msgs__rosidl_generator_type_description
[7.332s] [  1%] Built target ament_cmake_python_copy_sensor_msgs
[7.378s] [  1%] [34m[1mGenerating C++ code for ROS interfaces[0m
[12.464s] [  1%] Built target sensor_msgs__cpp
[12.486s] [  1%] [34m[1mGenerating C code for ROS interfaces[0m
[18.236s] [  2%] [32mBuilding C object CMakeFiles/sensor_msgs__rosidl_generator_c.dir/rosidl_generator_c/sensor_msgs/msg/detail/battery_state__description.c.o[0m
[18.286s] [  2%] [32mBuilding C object CMakeFiles/sensor_msgs__rosidl_generator_c.dir/rosidl_generator_c/sensor_msgs/msg/detail/battery_state__functions.c.o[0m
[18.347s] [  2%] [32mBuilding C object CMakeFiles/sensor_msgs__rosidl_generator_c.dir/rosidl_generator_c/sensor_msgs/msg/detail/battery_state__type_support.c.o[0m
[18.394s] [  2%] [32mBuilding C object CMakeFiles/sensor_msgs__rosidl_generator_c.dir/rosidl_generator_c/sensor_msgs/msg/detail/camera_info__description.c.o[0m
[18.445s] [  3%] [32mBuilding C object CMakeFiles/sensor_msgs__rosidl_generator_c.dir/rosidl_generator_c/sensor_msgs/msg/detail/camera_info__functions.c.o[0m
[18.508s] [  3%] [32mBuilding C object CMakeFiles/sensor_msgs__rosidl_generator_c.dir/rosidl_generator_c/sensor_msgs/msg/detail/camera_info__type_support.c.o[0m
[18.549s] [  3%] [32mBuilding C object CMakeFiles/sensor_msgs__rosidl_generator_c.dir/rosidl_generator_c/sensor_msgs/msg/detail/channel_float32__description.c.o[0m
[18.598s] [  4%] [32mBuilding C object CMakeFiles/sensor_msgs__rosidl_generator_c.dir/rosidl_generator_c/sensor_msgs/msg/detail/channel_float32__functions.c.o[0m
[18.657s] [  4%] [32mBuilding C object CMakeFiles/sensor_msgs__rosidl_generator_c.dir/rosidl_generator_c/sensor_msgs/msg/detail/channel_float32__type_support.c.o[0m
[18.697s] [  4%] [32mBuilding C object CMakeFiles/sensor_msgs__rosidl_generator_c.dir/rosidl_generator_c/sensor_msgs/msg/detail/compressed_image__description.c.o[0m
[18.748s] [  4%] [32mBuilding C object CMakeFiles/sensor_msgs__rosidl_generator_c.dir/rosidl_generator_c/sensor_msgs/msg/detail/compressed_image__functions.c.o[0m
[18.807s] [  5%] [32mBuilding C object CMakeFiles/sensor_msgs__rosidl_generator_c.dir/rosidl_generator_c/sensor_msgs/msg/detail/compressed_image__type_support.c.o[0m
[18.846s] [  5%] [32mBuilding C object CMakeFiles/sensor_msgs__rosidl_generator_c.dir/rosidl_generator_c/sensor_msgs/msg/detail/fluid_pressure__description.c.o[0m
[18.899s] [  5%] [32mBuilding C object CMakeFiles/sensor_msgs__rosidl_generator_c.dir/rosidl_generator_c/sensor_msgs/msg/detail/fluid_pressure__functions.c.o[0m
[18.955s] [  5%] [32mBuilding C object CMakeFiles/sensor_msgs__rosidl_generator_c.dir/rosidl_generator_c/sensor_msgs/msg/detail/fluid_pressure__type_support.c.o[0m
[18.997s] [  6%] [32mBuilding C object CMakeFiles/sensor_msgs__rosidl_generator_c.dir/rosidl_generator_c/sensor_msgs/msg/detail/illuminance__description.c.o[0m
[19.046s] [  6%] [32mBuilding C object CMakeFiles/sensor_msgs__rosidl_generator_c.dir/rosidl_generator_c/sensor_msgs/msg/detail/illuminance__functions.c.o[0m
[19.107s] [  6%] [32mBuilding C object CMakeFiles/sensor_msgs__rosidl_generator_c.dir/rosidl_generator_c/sensor_msgs/msg/detail/illuminance__type_support.c.o[0m
[19.144s] [  7%] [32mBuilding C object CMakeFiles/sensor_msgs__rosidl_generator_c.dir/rosidl_generator_c/sensor_msgs/msg/detail/image__description.c.o[0m
[19.195s] [  7%] [32mBuilding C object CMakeFiles/sensor_msgs__rosidl_generator_c.dir/rosidl_generator_c/sensor_msgs/msg/detail/image__functions.c.o[0m
[19.257s] [  7%] [32mBuilding C object CMakeFiles/sensor_msgs__rosidl_generator_c.dir/rosidl_generator_c/sensor_msgs/msg/detail/image__type_support.c.o[0m
[19.301s] [  7%] [32mBuilding C object CMakeFiles/sensor_msgs__rosidl_generator_c.dir/rosidl_generator_c/sensor_msgs/msg/detail/imu__description.c.o[0m
[19.355s] [  8%] [32mBuilding C object CMakeFiles/sensor_msgs__rosidl_generator_c.dir/rosidl_generator_c/sensor_msgs/msg/detail/imu__functions.c.o[0m
[19.421s] [  8%] [32mBuilding C object CMakeFiles/sensor_msgs__rosidl_generator_c.dir/rosidl_generator_c/sensor_msgs/msg/detail/imu__type_support.c.o[0m
[19.465s] [  8%] [32mBuilding C object CMakeFiles/sensor_msgs__rosidl_generator_c.dir/rosidl_generator_c/sensor_msgs/msg/detail/joint_state__description.c.o[0m
[19.520s] [  8%] [32mBuilding C object CMakeFiles/sensor_msgs__rosidl_generator_c.dir/rosidl_generator_c/sensor_msgs/msg/detail/joint_state__functions.c.o[0m
[19.578s] [  9%] [32mBuilding C object CMakeFiles/sensor_msgs__rosidl_generator_c.dir/rosidl_generator_c/sensor_msgs/msg/detail/joint_state__type_support.c.o[0m
[19.620s] [  9%] [32mBuilding C object CMakeFiles/sensor_msgs__rosidl_generator_c.dir/rosidl_generator_c/sensor_msgs/msg/detail/joy__description.c.o[0m
[19.677s] [  9%] [32mBuilding C object CMakeFiles/sensor_msgs__rosidl_generator_c.dir/rosidl_generator_c/sensor_msgs/msg/detail/joy__functions.c.o[0m
[19.739s] [ 10%] [32mBuilding C object CMakeFiles/sensor_msgs__rosidl_generator_c.dir/rosidl_generator_c/sensor_msgs/msg/detail/joy__type_support.c.o[0m
[19.781s] [ 10%] [32mBuilding C object CMakeFiles/sensor_msgs__rosidl_generator_c.dir/rosidl_generator_c/sensor_msgs/msg/detail/joy_feedback__description.c.o[0m
[19.826s] [ 10%] [32mBuilding C object CMakeFiles/sensor_msgs__rosidl_generator_c.dir/rosidl_generator_c/sensor_msgs/msg/detail/joy_feedback__functions.c.o[0m
[19.881s] [ 10%] [32mBuilding C object CMakeFiles/sensor_msgs__rosidl_generator_c.dir/rosidl_generator_c/sensor_msgs/msg/detail/joy_feedback__type_support.c.o[0m
[19.922s] [ 11%] [32mBuilding C object CMakeFiles/sensor_msgs__rosidl_generator_c.dir/rosidl_generator_c/sensor_msgs/msg/detail/joy_feedback_array__description.c.o[0m
[19.971s] [ 11%] [32mBuilding C object CMakeFiles/sensor_msgs__rosidl_generator_c.dir/rosidl_generator_c/sensor_msgs/msg/detail/joy_feedback_array__functions.c.o[0m
[20.025s] [ 11%] [32mBuilding C object CMakeFiles/sensor_msgs__rosidl_generator_c.dir/rosidl_generator_c/sensor_msgs/msg/detail/joy_feedback_array__type_support.c.o[0m
[20.066s] [ 11%] [32mBuilding C object CMakeFiles/sensor_msgs__rosidl_generator_c.dir/rosidl_generator_c/sensor_msgs/msg/detail/laser_echo__description.c.o[0m
[20.114s] [ 12%] [32mBuilding C object CMakeFiles/sensor_msgs__rosidl_generator_c.dir/rosidl_generator_c/sensor_msgs/msg/detail/laser_echo__functions.c.o[0m
[20.177s] [ 12%] [32mBuilding C object CMakeFiles/sensor_msgs__rosidl_generator_c.dir/rosidl_generator_c/sensor_msgs/msg/detail/laser_echo__type_support.c.o[0m
[20.216s] [ 12%] [32mBuilding C object CMakeFiles/sensor_msgs__rosidl_generator_c.dir/rosidl_generator_c/sensor_msgs/msg/detail/laser_scan__description.c.o[0m
[20.268s] [ 13%] [32mBuilding C object CMakeFiles/sensor_msgs__rosidl_generator_c.dir/rosidl_generator_c/sensor_msgs/msg/detail/laser_scan__functions.c.o[0m
[20.328s] [ 13%] [32mBuilding C object CMakeFiles/sensor_msgs__rosidl_generator_c.dir/rosidl_generator_c/sensor_msgs/msg/detail/laser_scan__type_support.c.o[0m
[20.369s] [ 13%] [32mBuilding C object CMakeFiles/sensor_msgs__rosidl_generator_c.dir/rosidl_generator_c/sensor_msgs/msg/detail/magnetic_field__description.c.o[0m
[20.420s] [ 13%] [32mBuilding C object CMakeFiles/sensor_msgs__rosidl_generator_c.dir/rosidl_generator_c/sensor_msgs/msg/detail/magnetic_field__functions.c.o[0m
[20.478s] [ 14%] [32mBuilding C object CMakeFiles/sensor_msgs__rosidl_generator_c.dir/rosidl_generator_c/sensor_msgs/msg/detail/magnetic_field__type_support.c.o[0m
[20.517s] [ 14%] [32mBuilding C object CMakeFiles/sensor_msgs__rosidl_generator_c.dir/rosidl_generator_c/sensor_msgs/msg/detail/multi_dof_joint_state__description.c.o[0m
[20.569s] [ 14%] [32mBuilding C object CMakeFiles/sensor_msgs__rosidl_generator_c.dir/rosidl_generator_c/sensor_msgs/msg/detail/multi_dof_joint_state__functions.c.o[0m
[20.631s] [ 14%] [32mBuilding C object CMakeFiles/sensor_msgs__rosidl_generator_c.dir/rosidl_generator_c/sensor_msgs/msg/detail/multi_dof_joint_state__type_support.c.o[0m
[20.674s] [ 15%] [32mBuilding C object CMakeFiles/sensor_msgs__rosidl_generator_c.dir/rosidl_generator_c/sensor_msgs/msg/detail/multi_echo_laser_scan__description.c.o[0m
[20.723s] [ 15%] [32mBuilding C object CMakeFiles/sensor_msgs__rosidl_generator_c.dir/rosidl_generator_c/sensor_msgs/msg/detail/multi_echo_laser_scan__functions.c.o[0m
[20.782s] [ 15%] [32mBuilding C object CMakeFiles/sensor_msgs__rosidl_generator_c.dir/rosidl_generator_c/sensor_msgs/msg/detail/multi_echo_laser_scan__type_support.c.o[0m
[20.821s] [ 16%] [32mBuilding C object CMakeFiles/sensor_msgs__rosidl_generator_c.dir/rosidl_generator_c/sensor_msgs/msg/detail/nav_sat_fix__description.c.o[0m
[20.870s] [ 16%] [32mBuilding C object CMakeFiles/sensor_msgs__rosidl_generator_c.dir/rosidl_generator_c/sensor_msgs/msg/detail/nav_sat_fix__functions.c.o[0m
[20.928s] [ 16%] [32mBuilding C object CMakeFiles/sensor_msgs__rosidl_generator_c.dir/rosidl_generator_c/sensor_msgs/msg/detail/nav_sat_fix__type_support.c.o[0m
[20.964s] [ 16%] [32mBuilding C object CMakeFiles/sensor_msgs__rosidl_generator_c.dir/rosidl_generator_c/sensor_msgs/msg/detail/nav_sat_status__description.c.o[0m
[21.009s] [ 17%] [32mBuilding C object CMakeFiles/sensor_msgs__rosidl_generator_c.dir/rosidl_generator_c/sensor_msgs/msg/detail/nav_sat_status__functions.c.o[0m
[21.064s] [ 17%] [32mBuilding C object CMakeFiles/sensor_msgs__rosidl_generator_c.dir/rosidl_generator_c/sensor_msgs/msg/detail/nav_sat_status__type_support.c.o[0m
[21.106s] [ 17%] [32mBuilding C object CMakeFiles/sensor_msgs__rosidl_generator_c.dir/rosidl_generator_c/sensor_msgs/msg/detail/point_cloud__description.c.o[0m
[21.157s] [ 17%] [32mBuilding C object CMakeFiles/sensor_msgs__rosidl_generator_c.dir/rosidl_generator_c/sensor_msgs/msg/detail/point_cloud__functions.c.o[0m
[21.214s] [ 18%] [32mBuilding C object CMakeFiles/sensor_msgs__rosidl_generator_c.dir/rosidl_generator_c/sensor_msgs/msg/detail/point_cloud__type_support.c.o[0m
[21.253s] [ 18%] [32mBuilding C object CMakeFiles/sensor_msgs__rosidl_generator_c.dir/rosidl_generator_c/sensor_msgs/msg/detail/point_cloud2__description.c.o[0m
[21.303s] [ 18%] [32mBuilding C object CMakeFiles/sensor_msgs__rosidl_generator_c.dir/rosidl_generator_c/sensor_msgs/msg/detail/point_cloud2__functions.c.o[0m
[21.362s] [ 19%] [32mBuilding C object CMakeFiles/sensor_msgs__rosidl_generator_c.dir/rosidl_generator_c/sensor_msgs/msg/detail/point_cloud2__type_support.c.o[0m
[21.404s] [ 19%] [32mBuilding C object CMakeFiles/sensor_msgs__rosidl_generator_c.dir/rosidl_generator_c/sensor_msgs/msg/detail/point_field__description.c.o[0m
[21.450s] [ 19%] [32mBuilding C object CMakeFiles/sensor_msgs__rosidl_generator_c.dir/rosidl_generator_c/sensor_msgs/msg/detail/point_field__functions.c.o[0m
[21.510s] [ 19%] [32mBuilding C object CMakeFiles/sensor_msgs__rosidl_generator_c.dir/rosidl_generator_c/sensor_msgs/msg/detail/point_field__type_support.c.o[0m
[21.549s] [ 20%] [32mBuilding C object CMakeFiles/sensor_msgs__rosidl_generator_c.dir/rosidl_generator_c/sensor_msgs/msg/detail/range__description.c.o[0m
[21.594s] [ 20%] [32mBuilding C object CMakeFiles/sensor_msgs__rosidl_generator_c.dir/rosidl_generator_c/sensor_msgs/msg/detail/range__functions.c.o[0m
[21.652s] [ 20%] [32mBuilding C object CMakeFiles/sensor_msgs__rosidl_generator_c.dir/rosidl_generator_c/sensor_msgs/msg/detail/range__type_support.c.o[0m
[21.692s] [ 20%] [32mBuilding C object CMakeFiles/sensor_msgs__rosidl_generator_c.dir/rosidl_generator_c/sensor_msgs/msg/detail/region_of_interest__description.c.o[0m
[21.738s] [ 21%] [32mBuilding C object CMakeFiles/sensor_msgs__rosidl_generator_c.dir/rosidl_generator_c/sensor_msgs/msg/detail/region_of_interest__functions.c.o[0m
[21.792s] [ 21%] [32mBuilding C object CMakeFiles/sensor_msgs__rosidl_generator_c.dir/rosidl_generator_c/sensor_msgs/msg/detail/region_of_interest__type_support.c.o[0m
[21.832s] [ 21%] [32mBuilding C object CMakeFiles/sensor_msgs__rosidl_generator_c.dir/rosidl_generator_c/sensor_msgs/msg/detail/relative_humidity__description.c.o[0m
[21.880s] [ 22%] [32mBuilding C object CMakeFiles/sensor_msgs__rosidl_generator_c.dir/rosidl_generator_c/sensor_msgs/msg/detail/relative_humidity__functions.c.o[0m
[21.937s] [ 22%] [32mBuilding C object CMakeFiles/sensor_msgs__rosidl_generator_c.dir/rosidl_generator_c/sensor_msgs/msg/detail/relative_humidity__type_support.c.o[0m
[21.978s] [ 22%] [32mBuilding C object CMakeFiles/sensor_msgs__rosidl_generator_c.dir/rosidl_generator_c/sensor_msgs/msg/detail/temperature__description.c.o[0m
[22.025s] [ 22%] [32mBuilding C object CMakeFiles/sensor_msgs__rosidl_generator_c.dir/rosidl_generator_c/sensor_msgs/msg/detail/temperature__functions.c.o[0m
[22.082s] [ 23%] [32mBuilding C object CMakeFiles/sensor_msgs__rosidl_generator_c.dir/rosidl_generator_c/sensor_msgs/msg/detail/temperature__type_support.c.o[0m
[22.122s] [ 23%] [32mBuilding C object CMakeFiles/sensor_msgs__rosidl_generator_c.dir/rosidl_generator_c/sensor_msgs/msg/detail/time_reference__description.c.o[0m
[22.171s] [ 23%] [32mBuilding C object CMakeFiles/sensor_msgs__rosidl_generator_c.dir/rosidl_generator_c/sensor_msgs/msg/detail/time_reference__functions.c.o[0m
[22.229s] [ 23%] [32mBuilding C object CMakeFiles/sensor_msgs__rosidl_generator_c.dir/rosidl_generator_c/sensor_msgs/msg/detail/time_reference__type_support.c.o[0m
[22.269s] [ 24%] [32mBuilding C object CMakeFiles/sensor_msgs__rosidl_generator_c.dir/rosidl_generator_c/sensor_msgs/srv/detail/set_camera_info__description.c.o[0m
[22.328s] [ 24%] [32mBuilding C object CMakeFiles/sensor_msgs__rosidl_generator_c.dir/rosidl_generator_c/sensor_msgs/srv/detail/set_camera_info__functions.c.o[0m
[22.408s] [ 24%] [32mBuilding C object CMakeFiles/sensor_msgs__rosidl_generator_c.dir/rosidl_generator_c/sensor_msgs/srv/detail/set_camera_info__type_support.c.o[0m
[22.454s] [ 25%] [32m[1mLinking C shared library libsensor_msgs__rosidl_generator_c.so[0m
[22.524s] [ 25%] Built target sensor_msgs__rosidl_generator_c
[22.765s] running egg_info
[22.766s] creating sensor_msgs.egg-info
[22.801s] writing sensor_msgs.egg-info/PKG-INFO
[22.802s] writing dependency_links to sensor_msgs.egg-info/dependency_links.txt
[22.802s] writing top-level names to sensor_msgs.egg-info/top_level.txt
[22.804s] writing manifest file 'sensor_msgs.egg-info/SOURCES.txt'
[22.887s] reading manifest file 'sensor_msgs.egg-info/SOURCES.txt'
[22.889s] writing manifest file 'sensor_msgs.egg-info/SOURCES.txt'
[22.924s] [ 25%] Built target ament_cmake_python_build_sensor_msgs_egg
[22.939s] [ 25%] [34m[1mGenerating C++ type support dispatch for ROS interfaces[0m
[25.800s] [ 25%] [32mBuilding CXX object CMakeFiles/sensor_msgs__rosidl_typesupport_cpp.dir/rosidl_typesupport_cpp/sensor_msgs/msg/battery_state__type_support.cpp.o[0m
[26.121s] [ 26%] [32mBuilding CXX object CMakeFiles/sensor_msgs__rosidl_typesupport_cpp.dir/rosidl_typesupport_cpp/sensor_msgs/msg/camera_info__type_support.cpp.o[0m
[26.441s] [ 26%] [32mBuilding CXX object CMakeFiles/sensor_msgs__rosidl_typesupport_cpp.dir/rosidl_typesupport_cpp/sensor_msgs/msg/channel_float32__type_support.cpp.o[0m
[26.754s] [ 26%] [32mBuilding CXX object CMakeFiles/sensor_msgs__rosidl_typesupport_cpp.dir/rosidl_typesupport_cpp/sensor_msgs/msg/compressed_image__type_support.cpp.o[0m
[27.071s] [ 27%] [32mBuilding CXX object CMakeFiles/sensor_msgs__rosidl_typesupport_cpp.dir/rosidl_typesupport_cpp/sensor_msgs/msg/fluid_pressure__type_support.cpp.o[0m
[27.384s] [ 27%] [32mBuilding CXX object CMakeFiles/sensor_msgs__rosidl_typesupport_cpp.dir/rosidl_typesupport_cpp/sensor_msgs/msg/illuminance__type_support.cpp.o[0m
[27.697s] [ 27%] [32mBuilding CXX object CMakeFiles/sensor_msgs__rosidl_typesupport_cpp.dir/rosidl_typesupport_cpp/sensor_msgs/msg/image__type_support.cpp.o[0m
[28.002s] [ 27%] [32mBuilding CXX object CMakeFiles/sensor_msgs__rosidl_typesupport_cpp.dir/rosidl_typesupport_cpp/sensor_msgs/msg/imu__type_support.cpp.o[0m
[28.336s] [ 28%] [32mBuilding CXX object CMakeFiles/sensor_msgs__rosidl_typesupport_cpp.dir/rosidl_typesupport_cpp/sensor_msgs/msg/joint_state__type_support.cpp.o[0m
[28.650s] [ 28%] [32mBuilding CXX object CMakeFiles/sensor_msgs__rosidl_typesupport_cpp.dir/rosidl_typesupport_cpp/sensor_msgs/msg/joy__type_support.cpp.o[0m
[28.978s] [ 28%] [32mBuilding CXX object CMakeFiles/sensor_msgs__rosidl_typesupport_cpp.dir/rosidl_typesupport_cpp/sensor_msgs/msg/joy_feedback__type_support.cpp.o[0m
[29.297s] [ 28%] [32mBuilding CXX object CMakeFiles/sensor_msgs__rosidl_typesupport_cpp.dir/rosidl_typesupport_cpp/sensor_msgs/msg/joy_feedback_array__type_support.cpp.o[0m
[29.607s] [ 29%] [32mBuilding CXX object CMakeFiles/sensor_msgs__rosidl_typesupport_cpp.dir/rosidl_typesupport_cpp/sensor_msgs/msg/laser_echo__type_support.cpp.o[0m
[29.931s] [ 29%] [32mBuilding CXX object CMakeFiles/sensor_msgs__rosidl_typesupport_cpp.dir/rosidl_typesupport_cpp/sensor_msgs/msg/laser_scan__type_support.cpp.o[0m
[30.256s] [ 29%] [32mBuilding CXX object CMakeFiles/sensor_msgs__rosidl_typesupport_cpp.dir/rosidl_typesupport_cpp/sensor_msgs/msg/magnetic_field__type_support.cpp.o[0m
[30.586s] [ 30%] [32mBuilding CXX object CMakeFiles/sensor_msgs__rosidl_typesupport_cpp.dir/rosidl_typesupport_cpp/sensor_msgs/msg/multi_dof_joint_state__type_support.cpp.o[0m
[30.918s] [ 30%] [32mBuilding CXX object CMakeFiles/sensor_msgs__rosidl_typesupport_cpp.dir/rosidl_typesupport_cpp/sensor_msgs/msg/multi_echo_laser_scan__type_support.cpp.o[0m
[31.232s] [ 30%] [32mBuilding CXX object CMakeFiles/sensor_msgs__rosidl_typesupport_cpp.dir/rosidl_typesupport_cpp/sensor_msgs/msg/nav_sat_fix__type_support.cpp.o[0m
[31.551s] [ 30%] [32mBuilding CXX object CMakeFiles/sensor_msgs__rosidl_typesupport_cpp.dir/rosidl_typesupport_cpp/sensor_msgs/msg/nav_sat_status__type_support.cpp.o[0m
[31.867s] [ 31%] [32mBuilding CXX object CMakeFiles/sensor_msgs__rosidl_typesupport_cpp.dir/rosidl_typesupport_cpp/sensor_msgs/msg/point_cloud__type_support.cpp.o[0m
[32.201s] [ 31%] [32mBuilding CXX object CMakeFiles/sensor_msgs__rosidl_typesupport_cpp.dir/rosidl_typesupport_cpp/sensor_msgs/msg/point_cloud2__type_support.cpp.o[0m
[32.526s] [ 31%] [32mBuilding CXX object CMakeFiles/sensor_msgs__rosidl_typesupport_cpp.dir/rosidl_typesupport_cpp/sensor_msgs/msg/point_field__type_support.cpp.o[0m
[32.855s] [ 31%] [32mBuilding CXX object CMakeFiles/sensor_msgs__rosidl_typesupport_cpp.dir/rosidl_typesupport_cpp/sensor_msgs/msg/range__type_support.cpp.o[0m
[33.174s] [ 32%] [32mBuilding CXX object CMakeFiles/sensor_msgs__rosidl_typesupport_cpp.dir/rosidl_typesupport_cpp/sensor_msgs/msg/region_of_interest__type_support.cpp.o[0m
[33.534s] [ 32%] [32mBuilding CXX object CMakeFiles/sensor_msgs__rosidl_typesupport_cpp.dir/rosidl_typesupport_cpp/sensor_msgs/msg/relative_humidity__type_support.cpp.o[0m
[33.858s] [ 32%] [32mBuilding CXX object CMakeFiles/sensor_msgs__rosidl_typesupport_cpp.dir/rosidl_typesupport_cpp/sensor_msgs/msg/temperature__type_support.cpp.o[0m
[34.182s] [ 33%] [32mBuilding CXX object CMakeFiles/sensor_msgs__rosidl_typesupport_cpp.dir/rosidl_typesupport_cpp/sensor_msgs/msg/time_reference__type_support.cpp.o[0m
[34.506s] [ 33%] [32mBuilding CXX object CMakeFiles/sensor_msgs__rosidl_typesupport_cpp.dir/rosidl_typesupport_cpp/sensor_msgs/srv/set_camera_info__type_support.cpp.o[0m
[34.962s] [ 33%] [32m[1mLinking CXX shared library libsensor_msgs__rosidl_typesupport_cpp.so[0m
[35.067s] [ 33%] Built target sensor_msgs__rosidl_typesupport_cpp
[35.085s] [ 33%] [34m[1mGenerating C type support for eProsima Fast-RTPS[0m
[39.114s] [ 34%] [32mBuilding CXX object CMakeFiles/sensor_msgs__rosidl_typesupport_fastrtps_c.dir/rosidl_typesupport_fastrtps_c/sensor_msgs/msg/detail/battery_state__type_support_c.cpp.o[0m
[39.619s] [ 34%] [32mBuilding CXX object CMakeFiles/sensor_msgs__rosidl_typesupport_fastrtps_c.dir/rosidl_typesupport_fastrtps_c/sensor_msgs/msg/detail/camera_info__type_support_c.cpp.o[0m
[40.105s] [ 34%] [32mBuilding CXX object CMakeFiles/sensor_msgs__rosidl_typesupport_fastrtps_c.dir/rosidl_typesupport_fastrtps_c/sensor_msgs/msg/detail/channel_float32__type_support_c.cpp.o[0m
[40.577s] [ 35%] [32mBuilding CXX object CMakeFiles/sensor_msgs__rosidl_typesupport_fastrtps_c.dir/rosidl_typesupport_fastrtps_c/sensor_msgs/msg/detail/compressed_image__type_support_c.cpp.o[0m
[41.056s] [ 35%] [32mBuilding CXX object CMakeFiles/sensor_msgs__rosidl_typesupport_fastrtps_c.dir/rosidl_typesupport_fastrtps_c/sensor_msgs/msg/detail/fluid_pressure__type_support_c.cpp.o[0m
[41.530s] [ 35%] [32mBuilding CXX object CMakeFiles/sensor_msgs__rosidl_typesupport_fastrtps_c.dir/rosidl_typesupport_fastrtps_c/sensor_msgs/msg/detail/illuminance__type_support_c.cpp.o[0m
[41.998s] [ 35%] [32mBuilding CXX object CMakeFiles/sensor_msgs__rosidl_typesupport_fastrtps_c.dir/rosidl_typesupport_fastrtps_c/sensor_msgs/msg/detail/image__type_support_c.cpp.o[0m
[42.465s] [ 36%] [32mBuilding CXX object CMakeFiles/sensor_msgs__rosidl_typesupport_fastrtps_c.dir/rosidl_typesupport_fastrtps_c/sensor_msgs/msg/detail/imu__type_support_c.cpp.o[0m
[42.929s] [ 36%] [32mBuilding CXX object CMakeFiles/sensor_msgs__rosidl_typesupport_fastrtps_c.dir/rosidl_typesupport_fastrtps_c/sensor_msgs/msg/detail/joint_state__type_support_c.cpp.o[0m
[43.406s] [ 36%] [32mBuilding CXX object CMakeFiles/sensor_msgs__rosidl_typesupport_fastrtps_c.dir/rosidl_typesupport_fastrtps_c/sensor_msgs/msg/detail/joy__type_support_c.cpp.o[0m
[43.903s] [ 36%] [32mBuilding CXX object CMakeFiles/sensor_msgs__rosidl_typesupport_fastrtps_c.dir/rosidl_typesupport_fastrtps_c/sensor_msgs/msg/detail/joy_feedback__type_support_c.cpp.o[0m
[44.358s] [ 37%] [32mBuilding CXX object CMakeFiles/sensor_msgs__rosidl_typesupport_fastrtps_c.dir/rosidl_typesupport_fastrtps_c/sensor_msgs/msg/detail/joy_feedback_array__type_support_c.cpp.o[0m
[44.809s] [ 37%] [32mBuilding CXX object CMakeFiles/sensor_msgs__rosidl_typesupport_fastrtps_c.dir/rosidl_typesupport_fastrtps_c/sensor_msgs/msg/detail/laser_echo__type_support_c.cpp.o[0m
[45.254s] [ 37%] [32mBuilding CXX object CMakeFiles/sensor_msgs__rosidl_typesupport_fastrtps_c.dir/rosidl_typesupport_fastrtps_c/sensor_msgs/msg/detail/laser_scan__type_support_c.cpp.o[0m
[45.720s] [ 38%] [32mBuilding CXX object CMakeFiles/sensor_msgs__rosidl_typesupport_fastrtps_c.dir/rosidl_typesupport_fastrtps_c/sensor_msgs/msg/detail/magnetic_field__type_support_c.cpp.o[0m
[46.183s] [ 38%] [32mBuilding CXX object CMakeFiles/sensor_msgs__rosidl_typesupport_fastrtps_c.dir/rosidl_typesupport_fastrtps_c/sensor_msgs/msg/detail/multi_dof_joint_state__type_support_c.cpp.o[0m
[46.652s] [ 38%] [32mBuilding CXX object CMakeFiles/sensor_msgs__rosidl_typesupport_fastrtps_c.dir/rosidl_typesupport_fastrtps_c/sensor_msgs/msg/detail/multi_echo_laser_scan__type_support_c.cpp.o[0m
[47.113s] [ 38%] [32mBuilding CXX object CMakeFiles/sensor_msgs__rosidl_typesupport_fastrtps_c.dir/rosidl_typesupport_fastrtps_c/sensor_msgs/msg/detail/nav_sat_fix__type_support_c.cpp.o[0m
[47.572s] [ 39%] [32mBuilding CXX object CMakeFiles/sensor_msgs__rosidl_typesupport_fastrtps_c.dir/rosidl_typesupport_fastrtps_c/sensor_msgs/msg/detail/nav_sat_status__type_support_c.cpp.o[0m
[48.028s] [ 39%] [32mBuilding CXX object CMakeFiles/sensor_msgs__rosidl_typesupport_fastrtps_c.dir/rosidl_typesupport_fastrtps_c/sensor_msgs/msg/detail/point_cloud__type_support_c.cpp.o[0m
[48.513s] [ 39%] [32mBuilding CXX object CMakeFiles/sensor_msgs__rosidl_typesupport_fastrtps_c.dir/rosidl_typesupport_fastrtps_c/sensor_msgs/msg/detail/point_cloud2__type_support_c.cpp.o[0m
[48.981s] [ 39%] [32mBuilding CXX object CMakeFiles/sensor_msgs__rosidl_typesupport_fastrtps_c.dir/rosidl_typesupport_fastrtps_c/sensor_msgs/msg/detail/point_field__type_support_c.cpp.o[0m
[49.439s] [ 40%] [32mBuilding CXX object CMakeFiles/sensor_msgs__rosidl_typesupport_fastrtps_c.dir/rosidl_typesupport_fastrtps_c/sensor_msgs/msg/detail/range__type_support_c.cpp.o[0m
[49.886s] [ 40%] [32mBuilding CXX object CMakeFiles/sensor_msgs__rosidl_typesupport_fastrtps_c.dir/rosidl_typesupport_fastrtps_c/sensor_msgs/msg/detail/region_of_interest__type_support_c.cpp.o[0m
[50.342s] [ 40%] [32mBuilding CXX object CMakeFiles/sensor_msgs__rosidl_typesupport_fastrtps_c.dir/rosidl_typesupport_fastrtps_c/sensor_msgs/msg/detail/relative_humidity__type_support_c.cpp.o[0m
[50.798s] [ 41%] [32mBuilding CXX object CMakeFiles/sensor_msgs__rosidl_typesupport_fastrtps_c.dir/rosidl_typesupport_fastrtps_c/sensor_msgs/msg/detail/temperature__type_support_c.cpp.o[0m
[51.260s] [ 41%] [32mBuilding CXX object CMakeFiles/sensor_msgs__rosidl_typesupport_fastrtps_c.dir/rosidl_typesupport_fastrtps_c/sensor_msgs/msg/detail/time_reference__type_support_c.cpp.o[0m
[51.731s] [ 41%] [32mBuilding CXX object CMakeFiles/sensor_msgs__rosidl_typesupport_fastrtps_c.dir/rosidl_typesupport_fastrtps_c/sensor_msgs/srv/detail/set_camera_info__type_support_c.cpp.o[0m
[52.238s] [ 41%] [32m[1mLinking CXX shared library libsensor_msgs__rosidl_typesupport_fastrtps_c.so[0m
[52.345s] [ 41%] Built target sensor_msgs__rosidl_typesupport_fastrtps_c
[52.361s] [ 42%] [34m[1mGenerating C++ type support for eProsima Fast-RTPS[0m
[56.271s] [ 42%] [32mBuilding CXX object CMakeFiles/sensor_msgs__rosidl_typesupport_fastrtps_cpp.dir/rosidl_typesupport_fastrtps_cpp/sensor_msgs/msg/detail/dds_fastrtps/battery_state__type_support.cpp.o[0m
[56.788s] [ 42%] [32mBuilding CXX object CMakeFiles/sensor_msgs__rosidl_typesupport_fastrtps_cpp.dir/rosidl_typesupport_fastrtps_cpp/sensor_msgs/msg/detail/dds_fastrtps/camera_info__type_support.cpp.o[0m
[57.305s] [ 42%] [32mBuilding CXX object CMakeFiles/sensor_msgs__rosidl_typesupport_fastrtps_cpp.dir/rosidl_typesupport_fastrtps_cpp/sensor_msgs/msg/detail/dds_fastrtps/channel_float32__type_support.cpp.o[0m
[57.802s] [ 43%] [32mBuilding CXX object CMakeFiles/sensor_msgs__rosidl_typesupport_fastrtps_cpp.dir/rosidl_typesupport_fastrtps_cpp/sensor_msgs/msg/detail/dds_fastrtps/compressed_image__type_support.cpp.o[0m
[58.303s] [ 43%] [32mBuilding CXX object CMakeFiles/sensor_msgs__rosidl_typesupport_fastrtps_cpp.dir/rosidl_typesupport_fastrtps_cpp/sensor_msgs/msg/detail/dds_fastrtps/fluid_pressure__type_support.cpp.o[0m
[58.757s] [ 43%] [32mBuilding CXX object CMakeFiles/sensor_msgs__rosidl_typesupport_fastrtps_cpp.dir/rosidl_typesupport_fastrtps_cpp/sensor_msgs/msg/detail/dds_fastrtps/illuminance__type_support.cpp.o[0m
[59.225s] [ 44%] [32mBuilding CXX object CMakeFiles/sensor_msgs__rosidl_typesupport_fastrtps_cpp.dir/rosidl_typesupport_fastrtps_cpp/sensor_msgs/msg/detail/dds_fastrtps/image__type_support.cpp.o[0m
[59.722s] [ 44%] [32mBuilding CXX object CMakeFiles/sensor_msgs__rosidl_typesupport_fastrtps_cpp.dir/rosidl_typesupport_fastrtps_cpp/sensor_msgs/msg/detail/dds_fastrtps/imu__type_support.cpp.o[0m
[60.224s] [ 44%] [32mBuilding CXX object CMakeFiles/sensor_msgs__rosidl_typesupport_fastrtps_cpp.dir/rosidl_typesupport_fastrtps_cpp/sensor_msgs/msg/detail/dds_fastrtps/joint_state__type_support.cpp.o[0m
[60.758s] [ 44%] [32mBuilding CXX object CMakeFiles/sensor_msgs__rosidl_typesupport_fastrtps_cpp.dir/rosidl_typesupport_fastrtps_cpp/sensor_msgs/msg/detail/dds_fastrtps/joy__type_support.cpp.o[0m
[61.273s] [ 45%] [32mBuilding CXX object CMakeFiles/sensor_msgs__rosidl_typesupport_fastrtps_cpp.dir/rosidl_typesupport_fastrtps_cpp/sensor_msgs/msg/detail/dds_fastrtps/joy_feedback__type_support.cpp.o[0m
[61.731s] [ 45%] [32mBuilding CXX object CMakeFiles/sensor_msgs__rosidl_typesupport_fastrtps_cpp.dir/rosidl_typesupport_fastrtps_cpp/sensor_msgs/msg/detail/dds_fastrtps/joy_feedback_array__type_support.cpp.o[0m
[62.200s] [ 45%] [32mBuilding CXX object CMakeFiles/sensor_msgs__rosidl_typesupport_fastrtps_cpp.dir/rosidl_typesupport_fastrtps_cpp/sensor_msgs/msg/detail/dds_fastrtps/laser_echo__type_support.cpp.o[0m
[62.681s] [ 45%] [32mBuilding CXX object CMakeFiles/sensor_msgs__rosidl_typesupport_fastrtps_cpp.dir/rosidl_typesupport_fastrtps_cpp/sensor_msgs/msg/detail/dds_fastrtps/laser_scan__type_support.cpp.o[0m
[63.185s] [ 46%] [32mBuilding CXX object CMakeFiles/sensor_msgs__rosidl_typesupport_fastrtps_cpp.dir/rosidl_typesupport_fastrtps_cpp/sensor_msgs/msg/detail/dds_fastrtps/magnetic_field__type_support.cpp.o[0m
[63.655s] [ 46%] [32mBuilding CXX object CMakeFiles/sensor_msgs__rosidl_typesupport_fastrtps_cpp.dir/rosidl_typesupport_fastrtps_cpp/sensor_msgs/msg/detail/dds_fastrtps/multi_dof_joint_state__type_support.cpp.o[0m
[64.248s] [ 46%] [32mBuilding CXX object CMakeFiles/sensor_msgs__rosidl_typesupport_fastrtps_cpp.dir/rosidl_typesupport_fastrtps_cpp/sensor_msgs/msg/detail/dds_fastrtps/multi_echo_laser_scan__type_support.cpp.o[0m
[64.763s] [ 47%] [32mBuilding CXX object CMakeFiles/sensor_msgs__rosidl_typesupport_fastrtps_cpp.dir/rosidl_typesupport_fastrtps_cpp/sensor_msgs/msg/detail/dds_fastrtps/nav_sat_fix__type_support.cpp.o[0m
[65.268s] [ 47%] [32mBuilding CXX object CMakeFiles/sensor_msgs__rosidl_typesupport_fastrtps_cpp.dir/rosidl_typesupport_fastrtps_cpp/sensor_msgs/msg/detail/dds_fastrtps/nav_sat_status__type_support.cpp.o[0m
[65.726s] [ 47%] [32mBuilding CXX object CMakeFiles/sensor_msgs__rosidl_typesupport_fastrtps_cpp.dir/rosidl_typesupport_fastrtps_cpp/sensor_msgs/msg/detail/dds_fastrtps/point_cloud__type_support.cpp.o[0m
[66.275s] [ 47%] [32mBuilding CXX object CMakeFiles/sensor_msgs__rosidl_typesupport_fastrtps_cpp.dir/rosidl_typesupport_fastrtps_cpp/sensor_msgs/msg/detail/dds_fastrtps/point_cloud2__type_support.cpp.o[0m
[66.799s] [ 48%] [32mBuilding CXX object CMakeFiles/sensor_msgs__rosidl_typesupport_fastrtps_cpp.dir/rosidl_typesupport_fastrtps_cpp/sensor_msgs/msg/detail/dds_fastrtps/point_field__type_support.cpp.o[0m
[67.275s] [ 48%] [32mBuilding CXX object CMakeFiles/sensor_msgs__rosidl_typesupport_fastrtps_cpp.dir/rosidl_typesupport_fastrtps_cpp/sensor_msgs/msg/detail/dds_fastrtps/range__type_support.cpp.o[0m
[67.761s] [ 48%] [32mBuilding CXX object CMakeFiles/sensor_msgs__rosidl_typesupport_fastrtps_cpp.dir/rosidl_typesupport_fastrtps_cpp/sensor_msgs/msg/detail/dds_fastrtps/region_of_interest__type_support.cpp.o[0m
[68.239s] [ 48%] [32mBuilding CXX object CMakeFiles/sensor_msgs__rosidl_typesupport_fastrtps_cpp.dir/rosidl_typesupport_fastrtps_cpp/sensor_msgs/msg/detail/dds_fastrtps/relative_humidity__type_support.cpp.o[0m
[68.709s] [ 49%] [32mBuilding CXX object CMakeFiles/sensor_msgs__rosidl_typesupport_fastrtps_cpp.dir/rosidl_typesupport_fastrtps_cpp/sensor_msgs/msg/detail/dds_fastrtps/temperature__type_support.cpp.o[0m
[69.200s] [ 49%] [32mBuilding CXX object CMakeFiles/sensor_msgs__rosidl_typesupport_fastrtps_cpp.dir/rosidl_typesupport_fastrtps_cpp/sensor_msgs/msg/detail/dds_fastrtps/time_reference__type_support.cpp.o[0m
[69.663s] [ 49%] [32mBuilding CXX object CMakeFiles/sensor_msgs__rosidl_typesupport_fastrtps_cpp.dir/rosidl_typesupport_fastrtps_cpp/sensor_msgs/srv/detail/dds_fastrtps/set_camera_info__type_support.cpp.o[0m
[70.287s] [ 50%] [32m[1mLinking CXX shared library libsensor_msgs__rosidl_typesupport_fastrtps_cpp.so[0m
[70.402s] [ 50%] Built target sensor_msgs__rosidl_typesupport_fastrtps_cpp
[70.422s] [ 50%] [34m[1mGenerating C type support for eProsima Micro XRCE-DDS[0m
[70.492s] /opt/ros/jazzy/lib/python3.12/site-packages/rosidl_cmake/__init__.py:19: UserWarning: The 'rosidl_cmake' Python module is deprecated. Use 'rosidl_pycommon' instead.
[70.492s]   warnings.warn(
[73.891s] [ 50%] [32mBuilding C object CMakeFiles/sensor_msgs__rosidl_typesupport_microxrcedds_c.dir/rosidl_typesupport_microxrcedds_c/sensor_msgs/msg/detail/microxrcedds/battery_state__type_support_c.c.o[0m
[73.962s] [ 51%] [32mBuilding C object CMakeFiles/sensor_msgs__rosidl_typesupport_microxrcedds_c.dir/rosidl_typesupport_microxrcedds_c/sensor_msgs/msg/detail/microxrcedds/camera_info__type_support_c.c.o[0m
[74.028s] [ 51%] [32mBuilding C object CMakeFiles/sensor_msgs__rosidl_typesupport_microxrcedds_c.dir/rosidl_typesupport_microxrcedds_c/sensor_msgs/msg/detail/microxrcedds/channel_float32__type_support_c.c.o[0m
[74.095s] [ 51%] [32mBuilding C object CMakeFiles/sensor_msgs__rosidl_typesupport_microxrcedds_c.dir/rosidl_typesupport_microxrcedds_c/sensor_msgs/msg/detail/microxrcedds/compressed_image__type_support_c.c.o[0m
[74.166s] [ 52%] [32mBuilding C object CMakeFiles/sensor_msgs__rosidl_typesupport_microxrcedds_c.dir/rosidl_typesupport_microxrcedds_c/sensor_msgs/msg/detail/microxrcedds/fluid_pressure__type_support_c.c.o[0m
[74.227s] [ 52%] [32mBuilding C object CMakeFiles/sensor_msgs__rosidl_typesupport_microxrcedds_c.dir/rosidl_typesupport_microxrcedds_c/sensor_msgs/msg/detail/microxrcedds/illuminance__type_support_c.c.o[0m
[74.292s] [ 52%] [32mBuilding C object CMakeFiles/sensor_msgs__rosidl_typesupport_microxrcedds_c.dir/rosidl_typesupport_microxrcedds_c/sensor_msgs/msg/detail/microxrcedds/image__type_support_c.c.o[0m
[74.368s] [ 52%] [32mBuilding C object CMakeFiles/sensor_msgs__rosidl_typesupport_microxrcedds_c.dir/rosidl_typesupport_microxrcedds_c/sensor_msgs/msg/detail/microxrcedds/imu__type_support_c.c.o[0m
[74.429s] [ 53%] [32mBuilding C object CMakeFiles/sensor_msgs__rosidl_typesupport_microxrcedds_c.dir/rosidl_typesupport_microxrcedds_c/sensor_msgs/msg/detail/microxrcedds/joint_state__type_support_c.c.o[0m
[74.500s] [ 53%] [32mBuilding C object CMakeFiles/sensor_msgs__rosidl_typesupport_microxrcedds_c.dir/rosidl_typesupport_microxrcedds_c/sensor_msgs/msg/detail/microxrcedds/joy__type_support_c.c.o[0m
[74.567s] [ 53%] [32mBuilding C object CMakeFiles/sensor_msgs__rosidl_typesupport_microxrcedds_c.dir/rosidl_typesupport_microxrcedds_c/sensor_msgs/msg/detail/microxrcedds/joy_feedback__type_support_c.c.o[0m
[74.626s] [ 53%] [32mBuilding C object CMakeFiles/sensor_msgs__rosidl_typesupport_microxrcedds_c.dir/rosidl_typesupport_microxrcedds_c/sensor_msgs/msg/detail/microxrcedds/joy_feedback_array__type_support_c.c.o[0m
[74.695s] [ 54%] [32mBuilding C object CMakeFiles/sensor_msgs__rosidl_typesupport_microxrcedds_c.dir/rosidl_typesupport_microxrcedds_c/sensor_msgs/msg/detail/microxrcedds/laser_echo__type_support_c.c.o[0m
[74.761s] [ 54%] [32mBuilding C object CMakeFiles/sensor_msgs__rosidl_typesupport_microxrcedds_c.dir/rosidl_typesupport_microxrcedds_c/sensor_msgs/msg/detail/microxrcedds/laser_scan__type_support_c.c.o[0m
[74.828s] [ 54%] [32mBuilding C object CMakeFiles/sensor_msgs__rosidl_typesupport_microxrcedds_c.dir/rosidl_typesupport_microxrcedds_c/sensor_msgs/msg/detail/microxrcedds/magnetic_field__type_support_c.c.o[0m
[74.891s] [ 55%] [32mBuilding C object CMakeFiles/sensor_msgs__rosidl_typesupport_microxrcedds_c.dir/rosidl_typesupport_microxrcedds_c/sensor_msgs/msg/detail/microxrcedds/multi_dof_joint_state__type_support_c.c.o[0m
[74.963s] [ 55%] [32mBuilding C object CMakeFiles/sensor_msgs__rosidl_typesupport_microxrcedds_c.dir/rosidl_typesupport_microxrcedds_c/sensor_msgs/msg/detail/microxrcedds/multi_echo_laser_scan__type_support_c.c.o[0m
[75.030s] [ 55%] [32mBuilding C object CMakeFiles/sensor_msgs__rosidl_typesupport_microxrcedds_c.dir/rosidl_typesupport_microxrcedds_c/sensor_msgs/msg/detail/microxrcedds/nav_sat_fix__type_support_c.c.o[0m
[75.097s] [ 55%] [32mBuilding C object CMakeFiles/sensor_msgs__rosidl_typesupport_microxrcedds_c.dir/rosidl_typesupport_microxrcedds_c/sensor_msgs/msg/detail/microxrcedds/nav_sat_status__type_support_c.c.o[0m
[75.165s] [ 56%] [32mBuilding C object CMakeFiles/sensor_msgs__rosidl_typesupport_microxrcedds_c.dir/rosidl_typesupport_microxrcedds_c/sensor_msgs/msg/detail/microxrcedds/point_cloud__type_support_c.c.o[0m
[75.228s] [ 56%] [32mBuilding C object CMakeFiles/sensor_msgs__rosidl_typesupport_microxrcedds_c.dir/rosidl_typesupport_microxrcedds_c/sensor_msgs/msg/detail/microxrcedds/point_cloud2__type_support_c.c.o[0m
[75.298s] [ 56%] [32mBuilding C object CMakeFiles/sensor_msgs__rosidl_typesupport_microxrcedds_c.dir/rosidl_typesupport_microxrcedds_c/sensor_msgs/msg/detail/microxrcedds/point_field__type_support_c.c.o[0m
[75.362s] [ 56%] [32mBuilding C object CMakeFiles/sensor_msgs__rosidl_typesupport_microxrcedds_c.dir/rosidl_typesupport_microxrcedds_c/sensor_msgs/msg/detail/microxrcedds/range__type_support_c.c.o[0m
[75.422s] [ 57%] [32mBuilding C object CMakeFiles/sensor_msgs__rosidl_typesupport_microxrcedds_c.dir/rosidl_typesupport_microxrcedds_c/sensor_msgs/msg/detail/microxrcedds/region_of_interest__type_support_c.c.o[0m
[75.483s] [ 57%] [32mBuilding C object CMakeFiles/sensor_msgs__rosidl_typesupport_microxrcedds_c.dir/rosidl_typesupport_microxrcedds_c/sensor_msgs/msg/detail/microxrcedds/relative_humidity__type_support_c.c.o[0m
[75.542s] [ 57%] [32mBuilding C object CMakeFiles/sensor_msgs__rosidl_typesupport_microxrcedds_c.dir/rosidl_typesupport_microxrcedds_c/sensor_msgs/msg/detail/microxrcedds/temperature__type_support_c.c.o[0m
[75.607s] [ 58%] [32mBuilding C object CMakeFiles/sensor_msgs__rosidl_typesupport_microxrcedds_c.dir/rosidl_typesupport_microxrcedds_c/sensor_msgs/msg/detail/microxrcedds/time_reference__type_support_c.c.o[0m
[75.682s] [ 58%] [32mBuilding C object CMakeFiles/sensor_msgs__rosidl_typesupport_microxrcedds_c.dir/rosidl_typesupport_microxrcedds_c/sensor_msgs/srv/detail/microxrcedds/set_camera_info__type_support_c.c.o[0m
[75.773s] [ 58%] [32m[1mLinking C shared library libsensor_msgs__rosidl_typesupport_microxrcedds_c.so[0m
[75.837s] [ 58%] Built target sensor_msgs__rosidl_typesupport_microxrcedds_c
[75.855s] [ 58%] [34m[1mGenerating C introspection for ROS interfaces[0m
[79.331s] [ 58%] [32mBuilding C object CMakeFiles/sensor_msgs__rosidl_typesupport_introspection_c.dir/rosidl_typesupport_introspection_c/sensor_msgs/msg/detail/battery_state__type_support.c.o[0m
[79.386s] [ 58%] [32mBuilding C object CMakeFiles/sensor_msgs__rosidl_typesupport_introspection_c.dir/rosidl_typesupport_introspection_c/sensor_msgs/msg/detail/camera_info__type_support.c.o[0m
[79.444s] [ 59%] [32mBuilding C object CMakeFiles/sensor_msgs__rosidl_typesupport_introspection_c.dir/rosidl_typesupport_introspection_c/sensor_msgs/msg/detail/channel_float32__type_support.c.o[0m
[79.491s] [ 59%] [32mBuilding C object CMakeFiles/sensor_msgs__rosidl_typesupport_introspection_c.dir/rosidl_typesupport_introspection_c/sensor_msgs/msg/detail/compressed_image__type_support.c.o[0m
[79.544s] [ 59%] [32mBuilding C object CMakeFiles/sensor_msgs__rosidl_typesupport_introspection_c.dir/rosidl_typesupport_introspection_c/sensor_msgs/msg/detail/fluid_pressure__type_support.c.o[0m
[79.589s] [ 59%] [32mBuilding C object CMakeFiles/sensor_msgs__rosidl_typesupport_introspection_c.dir/rosidl_typesupport_introspection_c/sensor_msgs/msg/detail/illuminance__type_support.c.o[0m
[79.639s] [ 60%] [32mBuilding C object CMakeFiles/sensor_msgs__rosidl_typesupport_introspection_c.dir/rosidl_typesupport_introspection_c/sensor_msgs/msg/detail/image__type_support.c.o[0m
[79.687s] [ 60%] [32mBuilding C object CMakeFiles/sensor_msgs__rosidl_typesupport_introspection_c.dir/rosidl_typesupport_introspection_c/sensor_msgs/msg/detail/imu__type_support.c.o[0m
[79.744s] [ 60%] [32mBuilding C object CMakeFiles/sensor_msgs__rosidl_typesupport_introspection_c.dir/rosidl_typesupport_introspection_c/sensor_msgs/msg/detail/joint_state__type_support.c.o[0m
[79.801s] [ 61%] [32mBuilding C object CMakeFiles/sensor_msgs__rosidl_typesupport_introspection_c.dir/rosidl_typesupport_introspection_c/sensor_msgs/msg/detail/joy__type_support.c.o[0m
[79.855s] [ 61%] [32mBuilding C object CMakeFiles/sensor_msgs__rosidl_typesupport_introspection_c.dir/rosidl_typesupport_introspection_c/sensor_msgs/msg/detail/joy_feedback__type_support.c.o[0m
[79.900s] [ 61%] [32mBuilding C object CMakeFiles/sensor_msgs__rosidl_typesupport_introspection_c.dir/rosidl_typesupport_introspection_c/sensor_msgs/msg/detail/joy_feedback_array__type_support.c.o[0m
[79.953s] [ 61%] [32mBuilding C object CMakeFiles/sensor_msgs__rosidl_typesupport_introspection_c.dir/rosidl_typesupport_introspection_c/sensor_msgs/msg/detail/laser_echo__type_support.c.o[0m
[79.999s] [ 62%] [32mBuilding C object CMakeFiles/sensor_msgs__rosidl_typesupport_introspection_c.dir/rosidl_typesupport_introspection_c/sensor_msgs/msg/detail/laser_scan__type_support.c.o[0m
[80.052s] [ 62%] [32mBuilding C object CMakeFiles/sensor_msgs__rosidl_typesupport_introspection_c.dir/rosidl_typesupport_introspection_c/sensor_msgs/msg/detail/magnetic_field__type_support.c.o[0m
[80.100s] [ 62%] [32mBuilding C object CMakeFiles/sensor_msgs__rosidl_typesupport_introspection_c.dir/rosidl_typesupport_introspection_c/sensor_msgs/msg/detail/multi_dof_joint_state__type_support.c.o[0m
[80.164s] [ 62%] [32mBuilding C object CMakeFiles/sensor_msgs__rosidl_typesupport_introspection_c.dir/rosidl_typesupport_introspection_c/sensor_msgs/msg/detail/multi_echo_laser_scan__type_support.c.o[0m
[80.216s] [ 63%] [32mBuilding C object CMakeFiles/sensor_msgs__rosidl_typesupport_introspection_c.dir/rosidl_typesupport_introspection_c/sensor_msgs/msg/detail/nav_sat_fix__type_support.c.o[0m
[80.264s] [ 63%] [32mBuilding C object CMakeFiles/sensor_msgs__rosidl_typesupport_introspection_c.dir/rosidl_typesupport_introspection_c/sensor_msgs/msg/detail/nav_sat_status__type_support.c.o[0m
[80.310s] [ 63%] [32mBuilding C object CMakeFiles/sensor_msgs__rosidl_typesupport_introspection_c.dir/rosidl_typesupport_introspection_c/sensor_msgs/msg/detail/point_cloud__type_support.c.o[0m
[80.363s] [ 64%] [32mBuilding C object CMakeFiles/sensor_msgs__rosidl_typesupport_introspection_c.dir/rosidl_typesupport_introspection_c/sensor_msgs/msg/detail/point_cloud2__type_support.c.o[0m
[80.417s] [ 64%] [32mBuilding C object CMakeFiles/sensor_msgs__rosidl_typesupport_introspection_c.dir/rosidl_typesupport_introspection_c/sensor_msgs/msg/detail/point_field__type_support.c.o[0m
[80.460s] [ 64%] [32mBuilding C object CMakeFiles/sensor_msgs__rosidl_typesupport_introspection_c.dir/rosidl_typesupport_introspection_c/sensor_msgs/msg/detail/range__type_support.c.o[0m
[80.505s] [ 64%] [32mBuilding C object CMakeFiles/sensor_msgs__rosidl_typesupport_introspection_c.dir/rosidl_typesupport_introspection_c/sensor_msgs/msg/detail/region_of_interest__type_support.c.o[0m
[80.553s] [ 65%] [32mBuilding C object CMakeFiles/sensor_msgs__rosidl_typesupport_introspection_c.dir/rosidl_typesupport_introspection_c/sensor_msgs/msg/detail/relative_humidity__type_support.c.o[0m
[80.599s] [ 65%] [32mBuilding C object CMakeFiles/sensor_msgs__rosidl_typesupport_introspection_c.dir/rosidl_typesupport_introspection_c/sensor_msgs/msg/detail/temperature__type_support.c.o[0m
[80.647s] [ 65%] [32mBuilding C object CMakeFiles/sensor_msgs__rosidl_typesupport_introspection_c.dir/rosidl_typesupport_introspection_c/sensor_msgs/msg/detail/time_reference__type_support.c.o[0m
[80.693s] [ 65%] [32mBuilding C object CMakeFiles/sensor_msgs__rosidl_typesupport_introspection_c.dir/rosidl_typesupport_introspection_c/sensor_msgs/srv/detail/set_camera_info__type_support.c.o[0m
[80.755s] [ 66%] [32m[1mLinking C shared library libsensor_msgs__rosidl_typesupport_introspection_c.so[0m
[80.801s] [ 66%] Built target sensor_msgs__rosidl_typesupport_introspection_c
[80.821s] [ 66%] [34m[1mGenerating C type support dispatch for ROS interfaces[0m
[83.706s] [ 66%] [32mBuilding CXX object CMakeFiles/sensor_msgs__rosidl_typesupport_c.dir/rosidl_typesupport_c/sensor_msgs/msg/battery_state__type_support.cpp.o[0m
[83.764s] [ 67%] [32mBuilding CXX object CMakeFiles/sensor_msgs__rosidl_typesupport_c.dir/rosidl_typesupport_c/sensor_msgs/msg/camera_info__type_support.cpp.o[0m
[83.817s] [ 67%] [32mBuilding CXX object CMakeFiles/sensor_msgs__rosidl_typesupport_c.dir/rosidl_typesupport_c/sensor_msgs/msg/channel_float32__type_support.cpp.o[0m
[83.871s] [ 67%] [32mBuilding CXX object CMakeFiles/sensor_msgs__rosidl_typesupport_c.dir/rosidl_typesupport_c/sensor_msgs/msg/compressed_image__type_support.cpp.o[0m
[83.920s] [ 67%] [32mBuilding CXX object CMakeFiles/sensor_msgs__rosidl_typesupport_c.dir/rosidl_typesupport_c/sensor_msgs/msg/fluid_pressure__type_support.cpp.o[0m
[83.976s] [ 68%] [32mBuilding CXX object CMakeFiles/sensor_msgs__rosidl_typesupport_c.dir/rosidl_typesupport_c/sensor_msgs/msg/illuminance__type_support.cpp.o[0m
[84.028s] [ 68%] [32mBuilding CXX object CMakeFiles/sensor_msgs__rosidl_typesupport_c.dir/rosidl_typesupport_c/sensor_msgs/msg/image__type_support.cpp.o[0m
[84.088s] [ 68%] [32mBuilding CXX object CMakeFiles/sensor_msgs__rosidl_typesupport_c.dir/rosidl_typesupport_c/sensor_msgs/msg/imu__type_support.cpp.o[0m
[84.142s] [ 68%] [32mBuilding CXX object CMakeFiles/sensor_msgs__rosidl_typesupport_c.dir/rosidl_typesupport_c/sensor_msgs/msg/joint_state__type_support.cpp.o[0m
[84.195s] [ 69%] [32mBuilding CXX object CMakeFiles/sensor_msgs__rosidl_typesupport_c.dir/rosidl_typesupport_c/sensor_msgs/msg/joy__type_support.cpp.o[0m
[84.251s] [ 69%] [32mBuilding CXX object CMakeFiles/sensor_msgs__rosidl_typesupport_c.dir/rosidl_typesupport_c/sensor_msgs/msg/joy_feedback__type_support.cpp.o[0m
[84.302s] [ 69%] [32mBuilding CXX object CMakeFiles/sensor_msgs__rosidl_typesupport_c.dir/rosidl_typesupport_c/sensor_msgs/msg/joy_feedback_array__type_support.cpp.o[0m
[84.365s] [ 70%] [32mBuilding CXX object CMakeFiles/sensor_msgs__rosidl_typesupport_c.dir/rosidl_typesupport_c/sensor_msgs/msg/laser_echo__type_support.cpp.o[0m
[84.421s] [ 70%] [32mBuilding CXX object CMakeFiles/sensor_msgs__rosidl_typesupport_c.dir/rosidl_typesupport_c/sensor_msgs/msg/laser_scan__type_support.cpp.o[0m
[84.482s] [ 70%] [32mBuilding CXX object CMakeFiles/sensor_msgs__rosidl_typesupport_c.dir/rosidl_typesupport_c/sensor_msgs/msg/magnetic_field__type_support.cpp.o[0m
[84.528s] [ 70%] [32mBuilding CXX object CMakeFiles/sensor_msgs__rosidl_typesupport_c.dir/rosidl_typesupport_c/sensor_msgs/msg/multi_dof_joint_state__type_support.cpp.o[0m
[84.588s] [ 71%] [32mBuilding CXX object CMakeFiles/sensor_msgs__rosidl_typesupport_c.dir/rosidl_typesupport_c/sensor_msgs/msg/multi_echo_laser_scan__type_support.cpp.o[0m
[84.646s] [ 71%] [32mBuilding CXX object CMakeFiles/sensor_msgs__rosidl_typesupport_c.dir/rosidl_typesupport_c/sensor_msgs/msg/nav_sat_fix__type_support.cpp.o[0m
[84.700s] [ 71%] [32mBuilding CXX object CMakeFiles/sensor_msgs__rosidl_typesupport_c.dir/rosidl_typesupport_c/sensor_msgs/msg/nav_sat_status__type_support.cpp.o[0m
[84.760s] [ 71%] [32mBuilding CXX object CMakeFiles/sensor_msgs__rosidl_typesupport_c.dir/rosidl_typesupport_c/sensor_msgs/msg/point_cloud__type_support.cpp.o[0m
[84.816s] [ 72%] [32mBuilding CXX object CMakeFiles/sensor_msgs__rosidl_typesupport_c.dir/rosidl_typesupport_c/sensor_msgs/msg/point_cloud2__type_support.cpp.o[0m
[84.875s] [ 72%] [32mBuilding CXX object CMakeFiles/sensor_msgs__rosidl_typesupport_c.dir/rosidl_typesupport_c/sensor_msgs/msg/point_field__type_support.cpp.o[0m
[84.929s] [ 72%] [32mBuilding CXX object CMakeFiles/sensor_msgs__rosidl_typesupport_c.dir/rosidl_typesupport_c/sensor_msgs/msg/range__type_support.cpp.o[0m
[84.991s] [ 73%] [32mBuilding CXX object CMakeFiles/sensor_msgs__rosidl_typesupport_c.dir/rosidl_typesupport_c/sensor_msgs/msg/region_of_interest__type_support.cpp.o[0m
[85.050s] [ 73%] [32mBuilding CXX object CMakeFiles/sensor_msgs__rosidl_typesupport_c.dir/rosidl_typesupport_c/sensor_msgs/msg/relative_humidity__type_support.cpp.o[0m
[85.109s] [ 73%] [32mBuilding CXX object CMakeFiles/sensor_msgs__rosidl_typesupport_c.dir/rosidl_typesupport_c/sensor_msgs/msg/temperature__type_support.cpp.o[0m
[85.165s] [ 73%] [32mBuilding CXX object CMakeFiles/sensor_msgs__rosidl_typesupport_c.dir/rosidl_typesupport_c/sensor_msgs/msg/time_reference__type_support.cpp.o[0m
[85.216s] [ 74%] [32mBuilding CXX object CMakeFiles/sensor_msgs__rosidl_typesupport_c.dir/rosidl_typesupport_c/sensor_msgs/srv/set_camera_info__type_support.cpp.o[0m
[85.277s] [ 74%] [32m[1mLinking CXX shared library libsensor_msgs__rosidl_typesupport_c.so[0m
[85.333s] [ 74%] Built target sensor_msgs__rosidl_typesupport_c
[85.352s] [ 74%] [34m[1mGenerating C++ type support for eProsima Micro XRCE-DDS[0m
[85.425s] /opt/ros/jazzy/lib/python3.12/site-packages/rosidl_cmake/__init__.py:19: UserWarning: The 'rosidl_cmake' Python module is deprecated. Use 'rosidl_pycommon' instead.
[85.428s]   warnings.warn(
[88.892s] [ 75%] [32mBuilding CXX object CMakeFiles/sensor_msgs__rosidl_typesupport_microxrcedds_cpp.dir/rosidl_typesupport_microxrcedds_cpp/sensor_msgs/msg/detail/microxrcedds/battery_state__type_support_cpp.cpp.o[0m
[89.191s] [01m[K/home/rasp/ros2_ws/build/sensor_msgs/rosidl_typesupport_microxrcedds_cpp/sensor_msgs/msg/detail/microxrcedds/battery_state__type_support_cpp.cpp:390:1:[m[K [01;35m[Kwarning: [m[Kmissing initializer for member ‘[01m[Krosidl_message_type_support_t::get_type_hash_func[m[K’ [[01;35m[K]8;;https://gcc.gnu.org/onlinedocs/gcc/Warning-Options.html#index-Wmissing-field-initializers-Wmissing-field-initializers]8;;[m[K]
[89.191s]   390 | [01;35m[K}[m[K;
[89.191s]       | [01;35m[K^[m[K
[89.191s] [01m[K/home/rasp/ros2_ws/build/sensor_msgs/rosidl_typesupport_microxrcedds_cpp/sensor_msgs/msg/detail/microxrcedds/battery_state__type_support_cpp.cpp:390:1:[m[K [01;35m[Kwarning: [m[Kmissing initializer for member ‘[01m[Krosidl_message_type_support_t::get_type_description_func[m[K’ [[01;35m[K]8;;https://gcc.gnu.org/onlinedocs/gcc/Warning-Options.html#index-Wmissing-field-initializers-Wmissing-field-initializers]8;;[m[K]
[89.191s] [01m[K/home/rasp/ros2_ws/build/sensor_msgs/rosidl_typesupport_microxrcedds_cpp/sensor_msgs/msg/detail/microxrcedds/battery_state__type_support_cpp.cpp:390:1:[m[K [01;35m[Kwarning: [m[Kmissing initializer for member ‘[01m[Krosidl_message_type_support_t::get_type_description_sources_func[m[K’ [[01;35m[K]8;;https://gcc.gnu.org/onlinedocs/gcc/Warning-Options.html#index-Wmissing-field-initializers-Wmissing-field-initializers]8;;[m[K]
[89.270s] [ 75%] [32mBuilding CXX object CMakeFiles/sensor_msgs__rosidl_typesupport_microxrcedds_cpp.dir/rosidl_typesupport_microxrcedds_cpp/sensor_msgs/msg/detail/microxrcedds/camera_info__type_support_cpp.cpp.o[0m
[89.573s] [01m[K/home/rasp/ros2_ws/build/sensor_msgs/rosidl_typesupport_microxrcedds_cpp/sensor_msgs/msg/detail/microxrcedds/camera_info__type_support_cpp.cpp:378:1:[m[K [01;35m[Kwarning: [m[Kmissing initializer for member ‘[01m[Krosidl_message_type_support_t::get_type_hash_func[m[K’ [[01;35m[K]8;;https://gcc.gnu.org/onlinedocs/gcc/Warning-Options.html#index-Wmissing-field-initializers-Wmissing-field-initializers]8;;[m[K]
[89.573s]   378 | [01;35m[K}[m[K;
[89.573s]       | [01;35m[K^[m[K
[89.574s] [01m[K/home/rasp/ros2_ws/build/sensor_msgs/rosidl_typesupport_microxrcedds_cpp/sensor_msgs/msg/detail/microxrcedds/camera_info__type_support_cpp.cpp:378:1:[m[K [01;35m[Kwarning: [m[Kmissing initializer for member ‘[01m[Krosidl_message_type_support_t::get_type_description_func[m[K’ [[01;35m[K]8;;https://gcc.gnu.org/onlinedocs/gcc/Warning-Options.html#index-Wmissing-field-initializers-Wmissing-field-initializers]8;;[m[K]
[89.576s] [01m[K/home/rasp/ros2_ws/build/sensor_msgs/rosidl_typesupport_microxrcedds_cpp/sensor_msgs/msg/detail/microxrcedds/camera_info__type_support_cpp.cpp:378:1:[m[K [01;35m[Kwarning: [m[Kmissing initializer for member ‘[01m[Krosidl_message_type_support_t::get_type_description_sources_func[m[K’ [[01;35m[K]8;;https://gcc.gnu.org/onlinedocs/gcc/Warning-Options.html#index-Wmissing-field-initializers-Wmissing-field-initializers]8;;[m[K]
[89.656s] [ 75%] [32mBuilding CXX object CMakeFiles/sensor_msgs__rosidl_typesupport_microxrcedds_cpp.dir/rosidl_typesupport_microxrcedds_cpp/sensor_msgs/msg/detail/microxrcedds/channel_float32__type_support_cpp.cpp.o[0m
[89.950s] [01m[K/home/rasp/ros2_ws/build/sensor_msgs/rosidl_typesupport_microxrcedds_cpp/sensor_msgs/msg/detail/microxrcedds/channel_float32__type_support_cpp.cpp:187:1:[m[K [01;35m[Kwarning: [m[Kmissing initializer for member ‘[01m[Krosidl_message_type_support_t::get_type_hash_func[m[K’ [[01;35m[K]8;;https://gcc.gnu.org/onlinedocs/gcc/Warning-Options.html#index-Wmissing-field-initializers-Wmissing-field-initializers]8;;[m[K]
[89.950s]   187 | [01;35m[K}[m[K;
[89.950s]       | [01;35m[K^[m[K
[89.950s] [01m[K/home/rasp/ros2_ws/build/sensor_msgs/rosidl_typesupport_microxrcedds_cpp/sensor_msgs/msg/detail/microxrcedds/channel_float32__type_support_cpp.cpp:187:1:[m[K [01;35m[Kwarning: [m[Kmissing initializer for member ‘[01m[Krosidl_message_type_support_t::get_type_description_func[m[K’ [[01;35m[K]8;;https://gcc.gnu.org/onlinedocs/gcc/Warning-Options.html#index-Wmissing-field-initializers-Wmissing-field-initializers]8;;[m[K]
[89.950s] [01m[K/home/rasp/ros2_ws/build/sensor_msgs/rosidl_typesupport_microxrcedds_cpp/sensor_msgs/msg/detail/microxrcedds/channel_float32__type_support_cpp.cpp:187:1:[m[K [01;35m[Kwarning: [m[Kmissing initializer for member ‘[01m[Krosidl_message_type_support_t::get_type_description_sources_func[m[K’ [[01;35m[K]8;;https://gcc.gnu.org/onlinedocs/gcc/Warning-Options.html#index-Wmissing-field-initializers-Wmissing-field-initializers]8;;[m[K]
[90.027s] [ 75%] [32mBuilding CXX object CMakeFiles/sensor_msgs__rosidl_typesupport_microxrcedds_cpp.dir/rosidl_typesupport_microxrcedds_cpp/sensor_msgs/msg/detail/microxrcedds/compressed_image__type_support_cpp.cpp.o[0m
[90.323s] [01m[K/home/rasp/ros2_ws/build/sensor_msgs/rosidl_typesupport_microxrcedds_cpp/sensor_msgs/msg/detail/microxrcedds/compressed_image__type_support_cpp.cpp:229:1:[m[K [01;35m[Kwarning: [m[Kmissing initializer for member ‘[01m[Krosidl_message_type_support_t::get_type_hash_func[m[K’ [[01;35m[K]8;;https://gcc.gnu.org/onlinedocs/gcc/Warning-Options.html#index-Wmissing-field-initializers-Wmissing-field-initializers]8;;[m[K]
[90.325s]   229 | [01;35m[K}[m[K;
[90.325s]       | [01;35m[K^[m[K
[90.325s] [01m[K/home/rasp/ros2_ws/build/sensor_msgs/rosidl_typesupport_microxrcedds_cpp/sensor_msgs/msg/detail/microxrcedds/compressed_image__type_support_cpp.cpp:229:1:[m[K [01;35m[Kwarning: [m[Kmissing initializer for member ‘[01m[Krosidl_message_type_support_t::get_type_description_func[m[K’ [[01;35m[K]8;;https://gcc.gnu.org/onlinedocs/gcc/Warning-Options.html#index-Wmissing-field-initializers-Wmissing-field-initializers]8;;[m[K]
[90.325s] [01m[K/home/rasp/ros2_ws/build/sensor_msgs/rosidl_typesupport_microxrcedds_cpp/sensor_msgs/msg/detail/microxrcedds/compressed_image__type_support_cpp.cpp:229:1:[m[K [01;35m[Kwarning: [m[Kmissing initializer for member ‘[01m[Krosidl_message_type_support_t::get_type_description_sources_func[m[K’ [[01;35m[K]8;;https://gcc.gnu.org/onlinedocs/gcc/Warning-Options.html#index-Wmissing-field-initializers-Wmissing-field-initializers]8;;[m[K]
[90.406s] [ 76%] [32mBuilding CXX object CMakeFiles/sensor_msgs__rosidl_typesupport_microxrcedds_cpp.dir/rosidl_typesupport_microxrcedds_cpp/sensor_msgs/msg/detail/microxrcedds/fluid_pressure__type_support_cpp.cpp.o[0m
[90.701s] [01m[K/home/rasp/ros2_ws/build/sensor_msgs/rosidl_typesupport_microxrcedds_cpp/sensor_msgs/msg/detail/microxrcedds/fluid_pressure__type_support_cpp.cpp:211:1:[m[K [01;35m[Kwarning: [m[Kmissing initializer for member ‘[01m[Krosidl_message_type_support_t::get_type_hash_func[m[K’ [[01;35m[K]8;;https://gcc.gnu.org/onlinedocs/gcc/Warning-Options.html#index-Wmissing-field-initializers-Wmissing-field-initializers]8;;[m[K]
[90.703s]   211 | [01;35m[K}[m[K;
[90.703s]       | [01;35m[K^[m[K
[90.703s] [01m[K/home/rasp/ros2_ws/build/sensor_msgs/rosidl_typesupport_microxrcedds_cpp/sensor_msgs/msg/detail/microxrcedds/fluid_pressure__type_support_cpp.cpp:211:1:[m[K [01;35m[Kwarning: [m[Kmissing initializer for member ‘[01m[Krosidl_message_type_support_t::get_type_description_func[m[K’ [[01;35m[K]8;;https://gcc.gnu.org/onlinedocs/gcc/Warning-Options.html#index-Wmissing-field-initializers-Wmissing-field-initializers]8;;[m[K]
[90.703s] [01m[K/home/rasp/ros2_ws/build/sensor_msgs/rosidl_typesupport_microxrcedds_cpp/sensor_msgs/msg/detail/microxrcedds/fluid_pressure__type_support_cpp.cpp:211:1:[m[K [01;35m[Kwarning: [m[Kmissing initializer for member ‘[01m[Krosidl_message_type_support_t::get_type_description_sources_func[m[K’ [[01;35m[K]8;;https://gcc.gnu.org/onlinedocs/gcc/Warning-Options.html#index-Wmissing-field-initializers-Wmissing-field-initializers]8;;[m[K]
[90.758s] [ 76%] [32mBuilding CXX object CMakeFiles/sensor_msgs__rosidl_typesupport_microxrcedds_cpp.dir/rosidl_typesupport_microxrcedds_cpp/sensor_msgs/msg/detail/microxrcedds/illuminance__type_support_cpp.cpp.o[0m
[91.049s] [01m[K/home/rasp/ros2_ws/build/sensor_msgs/rosidl_typesupport_microxrcedds_cpp/sensor_msgs/msg/detail/microxrcedds/illuminance__type_support_cpp.cpp:211:1:[m[K [01;35m[Kwarning: [m[Kmissing initializer for member ‘[01m[Krosidl_message_type_support_t::get_type_hash_func[m[K’ [[01;35m[K]8;;https://gcc.gnu.org/onlinedocs/gcc/Warning-Options.html#index-Wmissing-field-initializers-Wmissing-field-initializers]8;;[m[K]
[91.049s]   211 | [01;35m[K}[m[K;
[91.049s]       | [01;35m[K^[m[K
[91.049s] [01m[K/home/rasp/ros2_ws/build/sensor_msgs/rosidl_typesupport_microxrcedds_cpp/sensor_msgs/msg/detail/microxrcedds/illuminance__type_support_cpp.cpp:211:1:[m[K [01;35m[Kwarning: [m[Kmissing initializer for member ‘[01m[Krosidl_message_type_support_t::get_type_description_func[m[K’ [[01;35m[K]8;;https://gcc.gnu.org/onlinedocs/gcc/Warning-Options.html#index-Wmissing-field-initializers-Wmissing-field-initializers]8;;[m[K]
[91.049s] [01m[K/home/rasp/ros2_ws/build/sensor_msgs/rosidl_typesupport_microxrcedds_cpp/sensor_msgs/msg/detail/microxrcedds/illuminance__type_support_cpp.cpp:211:1:[m[K [01;35m[Kwarning: [m[Kmissing initializer for member ‘[01m[Krosidl_message_type_support_t::get_type_description_sources_func[m[K’ [[01;35m[K]8;;https://gcc.gnu.org/onlinedocs/gcc/Warning-Options.html#index-Wmissing-field-initializers-Wmissing-field-initializers]8;;[m[K]
[91.106s] [ 76%] [32mBuilding CXX object CMakeFiles/sensor_msgs__rosidl_typesupport_microxrcedds_cpp.dir/rosidl_typesupport_microxrcedds_cpp/sensor_msgs/msg/detail/microxrcedds/image__type_support_cpp.cpp.o[0m
[91.398s] [01m[K/home/rasp/ros2_ws/build/sensor_msgs/rosidl_typesupport_microxrcedds_cpp/sensor_msgs/msg/detail/microxrcedds/image__type_support_cpp.cpp:273:1:[m[K [01;35m[Kwarning: [m[Kmissing initializer for member ‘[01m[Krosidl_message_type_support_t::get_type_hash_func[m[K’ [[01;35m[K]8;;https://gcc.gnu.org/onlinedocs/gcc/Warning-Options.html#index-Wmissing-field-initializers-Wmissing-field-initializers]8;;[m[K]
[91.398s]   273 | [01;35m[K}[m[K;
[91.398s]       | [01;35m[K^[m[K
[91.398s] [01m[K/home/rasp/ros2_ws/build/sensor_msgs/rosidl_typesupport_microxrcedds_cpp/sensor_msgs/msg/detail/microxrcedds/image__type_support_cpp.cpp:273:1:[m[K [01;35m[Kwarning: [m[Kmissing initializer for member ‘[01m[Krosidl_message_type_support_t::get_type_description_func[m[K’ [[01;35m[K]8;;https://gcc.gnu.org/onlinedocs/gcc/Warning-Options.html#index-Wmissing-field-initializers-Wmissing-field-initializers]8;;[m[K]
[91.399s] [01m[K/home/rasp/ros2_ws/build/sensor_msgs/rosidl_typesupport_microxrcedds_cpp/sensor_msgs/msg/detail/microxrcedds/image__type_support_cpp.cpp:273:1:[m[K [01;35m[Kwarning: [m[Kmissing initializer for member ‘[01m[Krosidl_message_type_support_t::get_type_description_sources_func[m[K’ [[01;35m[K]8;;https://gcc.gnu.org/onlinedocs/gcc/Warning-Options.html#index-Wmissing-field-initializers-Wmissing-field-initializers]8;;[m[K]
[91.479s] [ 77%] [32mBuilding CXX object CMakeFiles/sensor_msgs__rosidl_typesupport_microxrcedds_cpp.dir/rosidl_typesupport_microxrcedds_cpp/sensor_msgs/msg/detail/microxrcedds/imu__type_support_cpp.cpp.o[0m
[91.770s] [01m[K/home/rasp/ros2_ws/build/sensor_msgs/rosidl_typesupport_microxrcedds_cpp/sensor_msgs/msg/detail/microxrcedds/imu__type_support_cpp.cpp:378:1:[m[K [01;35m[Kwarning: [m[Kmissing initializer for member ‘[01m[Krosidl_message_type_support_t::get_type_hash_func[m[K’ [[01;35m[K]8;;https://gcc.gnu.org/onlinedocs/gcc/Warning-Options.html#index-Wmissing-field-initializers-Wmissing-field-initializers]8;;[m[K]
[91.770s]   378 | [01;35m[K}[m[K;
[91.771s]       | [01;35m[K^[m[K
[91.771s] [01m[K/home/rasp/ros2_ws/build/sensor_msgs/rosidl_typesupport_microxrcedds_cpp/sensor_msgs/msg/detail/microxrcedds/imu__type_support_cpp.cpp:378:1:[m[K [01;35m[Kwarning: [m[Kmissing initializer for member ‘[01m[Krosidl_message_type_support_t::get_type_description_func[m[K’ [[01;35m[K]8;;https://gcc.gnu.org/onlinedocs/gcc/Warning-Options.html#index-Wmissing-field-initializers-Wmissing-field-initializers]8;;[m[K]
[91.772s] [01m[K/home/rasp/ros2_ws/build/sensor_msgs/rosidl_typesupport_microxrcedds_cpp/sensor_msgs/msg/detail/microxrcedds/imu__type_support_cpp.cpp:378:1:[m[K [01;35m[Kwarning: [m[Kmissing initializer for member ‘[01m[Krosidl_message_type_support_t::get_type_description_sources_func[m[K’ [[01;35m[K]8;;https://gcc.gnu.org/onlinedocs/gcc/Warning-Options.html#index-Wmissing-field-initializers-Wmissing-field-initializers]8;;[m[K]
[91.830s] [ 77%] [32mBuilding CXX object CMakeFiles/sensor_msgs__rosidl_typesupport_microxrcedds_cpp.dir/rosidl_typesupport_microxrcedds_cpp/sensor_msgs/msg/detail/microxrcedds/joint_state__type_support_cpp.cpp.o[0m
[92.126s] [01m[K/home/rasp/ros2_ws/build/sensor_msgs/rosidl_typesupport_microxrcedds_cpp/sensor_msgs/msg/detail/microxrcedds/joint_state__type_support_cpp.cpp:316:1:[m[K [01;35m[Kwarning: [m[Kmissing initializer for member ‘[01m[Krosidl_message_type_support_t::get_type_hash_func[m[K’ [[01;35m[K]8;;https://gcc.gnu.org/onlinedocs/gcc/Warning-Options.html#index-Wmissing-field-initializers-Wmissing-field-initializers]8;;[m[K]
[92.126s]   316 | [01;35m[K}[m[K;
[92.126s]       | [01;35m[K^[m[K
[92.127s] [01m[K/home/rasp/ros2_ws/build/sensor_msgs/rosidl_typesupport_microxrcedds_cpp/sensor_msgs/msg/detail/microxrcedds/joint_state__type_support_cpp.cpp:316:1:[m[K [01;35m[Kwarning: [m[Kmissing initializer for member ‘[01m[Krosidl_message_type_support_t::get_type_description_func[m[K’ [[01;35m[K]8;;https://gcc.gnu.org/onlinedocs/gcc/Warning-Options.html#index-Wmissing-field-initializers-Wmissing-field-initializers]8;;[m[K]
[92.127s] [01m[K/home/rasp/ros2_ws/build/sensor_msgs/rosidl_typesupport_microxrcedds_cpp/sensor_msgs/msg/detail/microxrcedds/joint_state__type_support_cpp.cpp:316:1:[m[K [01;35m[Kwarning: [m[Kmissing initializer for member ‘[01m[Krosidl_message_type_support_t::get_type_description_sources_func[m[K’ [[01;35m[K]8;;https://gcc.gnu.org/onlinedocs/gcc/Warning-Options.html#index-Wmissing-field-initializers-Wmissing-field-initializers]8;;[m[K]
[92.239s] [ 77%] [32mBuilding CXX object CMakeFiles/sensor_msgs__rosidl_typesupport_microxrcedds_cpp.dir/rosidl_typesupport_microxrcedds_cpp/sensor_msgs/msg/detail/microxrcedds/joy__type_support_cpp.cpp.o[0m
[92.535s] [01m[K/home/rasp/ros2_ws/build/sensor_msgs/rosidl_typesupport_microxrcedds_cpp/sensor_msgs/msg/detail/microxrcedds/joy__type_support_cpp.cpp:243:1:[m[K [01;35m[Kwarning: [m[Kmissing initializer for member ‘[01m[Krosidl_message_type_support_t::get_type_hash_func[m[K’ [[01;35m[K]8;;https://gcc.gnu.org/onlinedocs/gcc/Warning-Options.html#index-Wmissing-field-initializers-Wmissing-field-initializers]8;;[m[K]
[92.535s]   243 | [01;35m[K}[m[K;
[92.535s]       | [01;35m[K^[m[K
[92.535s] [01m[K/home/rasp/ros2_ws/build/sensor_msgs/rosidl_typesupport_microxrcedds_cpp/sensor_msgs/msg/detail/microxrcedds/joy__type_support_cpp.cpp:243:1:[m[K [01;35m[Kwarning: [m[Kmissing initializer for member ‘[01m[Krosidl_message_type_support_t::get_type_description_func[m[K’ [[01;35m[K]8;;https://gcc.gnu.org/onlinedocs/gcc/Warning-Options.html#index-Wmissing-field-initializers-Wmissing-field-initializers]8;;[m[K]
[92.535s] [01m[K/home/rasp/ros2_ws/build/sensor_msgs/rosidl_typesupport_microxrcedds_cpp/sensor_msgs/msg/detail/microxrcedds/joy__type_support_cpp.cpp:243:1:[m[K [01;35m[Kwarning: [m[Kmissing initializer for member ‘[01m[Krosidl_message_type_support_t::get_type_description_sources_func[m[K’ [[01;35m[K]8;;https://gcc.gnu.org/onlinedocs/gcc/Warning-Options.html#index-Wmissing-field-initializers-Wmissing-field-initializers]8;;[m[K]
[92.627s] [ 77%] [32mBuilding CXX object CMakeFiles/sensor_msgs__rosidl_typesupport_microxrcedds_cpp.dir/rosidl_typesupport_microxrcedds_cpp/sensor_msgs/msg/detail/microxrcedds/joy_feedback__type_support_cpp.cpp.o[0m
[92.919s] [01m[K/home/rasp/ros2_ws/build/sensor_msgs/rosidl_typesupport_microxrcedds_cpp/sensor_msgs/msg/detail/microxrcedds/joy_feedback__type_support_cpp.cpp:180:1:[m[K [01;35m[Kwarning: [m[Kmissing initializer for member ‘[01m[Krosidl_message_type_support_t::get_type_hash_func[m[K’ [[01;35m[K]8;;https://gcc.gnu.org/onlinedocs/gcc/Warning-Options.html#index-Wmissing-field-initializers-Wmissing-field-initializers]8;;[m[K]
[92.921s]   180 | [01;35m[K}[m[K;
[92.921s]       | [01;35m[K^[m[K
[92.921s] [01m[K/home/rasp/ros2_ws/build/sensor_msgs/rosidl_typesupport_microxrcedds_cpp/sensor_msgs/msg/detail/microxrcedds/joy_feedback__type_support_cpp.cpp:180:1:[m[K [01;35m[Kwarning: [m[Kmissing initializer for member ‘[01m[Krosidl_message_type_support_t::get_type_description_func[m[K’ [[01;35m[K]8;;https://gcc.gnu.org/onlinedocs/gcc/Warning-Options.html#index-Wmissing-field-initializers-Wmissing-field-initializers]8;;[m[K]
[92.921s] [01m[K/home/rasp/ros2_ws/build/sensor_msgs/rosidl_typesupport_microxrcedds_cpp/sensor_msgs/msg/detail/microxrcedds/joy_feedback__type_support_cpp.cpp:180:1:[m[K [01;35m[Kwarning: [m[Kmissing initializer for member ‘[01m[Krosidl_message_type_support_t::get_type_description_sources_func[m[K’ [[01;35m[K]8;;https://gcc.gnu.org/onlinedocs/gcc/Warning-Options.html#index-Wmissing-field-initializers-Wmissing-field-initializers]8;;[m[K]
[92.977s] [ 78%] [32mBuilding CXX object CMakeFiles/sensor_msgs__rosidl_typesupport_microxrcedds_cpp.dir/rosidl_typesupport_microxrcedds_cpp/sensor_msgs/msg/detail/microxrcedds/joy_feedback_array__type_support_cpp.cpp.o[0m
[93.265s] [01m[K/home/rasp/ros2_ws/build/sensor_msgs/rosidl_typesupport_microxrcedds_cpp/sensor_msgs/msg/detail/microxrcedds/joy_feedback_array__type_support_cpp.cpp:217:1:[m[K [01;35m[Kwarning: [m[Kmissing initializer for member ‘[01m[Krosidl_message_type_support_t::get_type_hash_func[m[K’ [[01;35m[K]8;;https://gcc.gnu.org/onlinedocs/gcc/Warning-Options.html#index-Wmissing-field-initializers-Wmissing-field-initializers]8;;[m[K]
[93.265s]   217 | [01;35m[K}[m[K;
[93.265s]       | [01;35m[K^[m[K
[93.265s] [01m[K/home/rasp/ros2_ws/build/sensor_msgs/rosidl_typesupport_microxrcedds_cpp/sensor_msgs/msg/detail/microxrcedds/joy_feedback_array__type_support_cpp.cpp:217:1:[m[K [01;35m[Kwarning: [m[Kmissing initializer for member ‘[01m[Krosidl_message_type_support_t::get_type_description_func[m[K’ [[01;35m[K]8;;https://gcc.gnu.org/onlinedocs/gcc/Warning-Options.html#index-Wmissing-field-initializers-Wmissing-field-initializers]8;;[m[K]
[93.266s] [01m[K/home/rasp/ros2_ws/build/sensor_msgs/rosidl_typesupport_microxrcedds_cpp/sensor_msgs/msg/detail/microxrcedds/joy_feedback_array__type_support_cpp.cpp:217:1:[m[K [01;35m[Kwarning: [m[Kmissing initializer for member ‘[01m[Krosidl_message_type_support_t::get_type_description_sources_func[m[K’ [[01;35m[K]8;;https://gcc.gnu.org/onlinedocs/gcc/Warning-Options.html#index-Wmissing-field-initializers-Wmissing-field-initializers]8;;[m[K]
[93.345s] [ 78%] [32mBuilding CXX object CMakeFiles/sensor_msgs__rosidl_typesupport_microxrcedds_cpp.dir/rosidl_typesupport_microxrcedds_cpp/sensor_msgs/msg/detail/microxrcedds/laser_echo__type_support_cpp.cpp.o[0m
[93.652s] [01m[K/home/rasp/ros2_ws/build/sensor_msgs/rosidl_typesupport_microxrcedds_cpp/sensor_msgs/msg/detail/microxrcedds/laser_echo__type_support_cpp.cpp:174:1:[m[K [01;35m[Kwarning: [m[Kmissing initializer for member ‘[01m[Krosidl_message_type_support_t::get_type_hash_func[m[K’ [[01;35m[K]8;;https://gcc.gnu.org/onlinedocs/gcc/Warning-Options.html#index-Wmissing-field-initializers-Wmissing-field-initializers]8;;[m[K]
[93.653s]   174 | [01;35m[K}[m[K;
[93.653s]       | [01;35m[K^[m[K
[93.653s] [01m[K/home/rasp/ros2_ws/build/sensor_msgs/rosidl_typesupport_microxrcedds_cpp/sensor_msgs/msg/detail/microxrcedds/laser_echo__type_support_cpp.cpp:174:1:[m[K [01;35m[Kwarning: [m[Kmissing initializer for member ‘[01m[Krosidl_message_type_support_t::get_type_description_func[m[K’ [[01;35m[K]8;;https://gcc.gnu.org/onlinedocs/gcc/Warning-Options.html#index-Wmissing-field-initializers-Wmissing-field-initializers]8;;[m[K]
[93.653s] [01m[K/home/rasp/ros2_ws/build/sensor_msgs/rosidl_typesupport_microxrcedds_cpp/sensor_msgs/msg/detail/microxrcedds/laser_echo__type_support_cpp.cpp:174:1:[m[K [01;35m[Kwarning: [m[Kmissing initializer for member ‘[01m[Krosidl_message_type_support_t::get_type_description_sources_func[m[K’ [[01;35m[K]8;;https://gcc.gnu.org/onlinedocs/gcc/Warning-Options.html#index-Wmissing-field-initializers-Wmissing-field-initializers]8;;[m[K]
[93.735s] [ 78%] [32mBuilding CXX object CMakeFiles/sensor_msgs__rosidl_typesupport_microxrcedds_cpp.dir/rosidl_typesupport_microxrcedds_cpp/sensor_msgs/msg/detail/microxrcedds/laser_scan__type_support_cpp.cpp.o[0m
[94.030s] [01m[K/home/rasp/ros2_ws/build/sensor_msgs/rosidl_typesupport_microxrcedds_cpp/sensor_msgs/msg/detail/microxrcedds/laser_scan__type_support_cpp.cpp:320:1:[m[K [01;35m[Kwarning: [m[Kmissing initializer for member ‘[01m[Krosidl_message_type_support_t::get_type_hash_func[m[K’ [[01;35m[K]8;;https://gcc.gnu.org/onlinedocs/gcc/Warning-Options.html#index-Wmissing-field-initializers-Wmissing-field-initializers]8;;[m[K]
[94.030s]   320 | [01;35m[K}[m[K;
[94.030s]       | [01;35m[K^[m[K
[94.030s] [01m[K/home/rasp/ros2_ws/build/sensor_msgs/rosidl_typesupport_microxrcedds_cpp/sensor_msgs/msg/detail/microxrcedds/laser_scan__type_support_cpp.cpp:320:1:[m[K [01;35m[Kwarning: [m[Kmissing initializer for member ‘[01m[Krosidl_message_type_support_t::get_type_description_func[m[K’ [[01;35m[K]8;;https://gcc.gnu.org/onlinedocs/gcc/Warning-Options.html#index-Wmissing-field-initializers-Wmissing-field-initializers]8;;[m[K]
[94.030s] [01m[K/home/rasp/ros2_ws/build/sensor_msgs/rosidl_typesupport_microxrcedds_cpp/sensor_msgs/msg/detail/microxrcedds/laser_scan__type_support_cpp.cpp:320:1:[m[K [01;35m[Kwarning: [m[Kmissing initializer for member ‘[01m[Krosidl_message_type_support_t::get_type_description_sources_func[m[K’ [[01;35m[K]8;;https://gcc.gnu.org/onlinedocs/gcc/Warning-Options.html#index-Wmissing-field-initializers-Wmissing-field-initializers]8;;[m[K]
[94.106s] [ 78%] [32mBuilding CXX object CMakeFiles/sensor_msgs__rosidl_typesupport_microxrcedds_cpp.dir/rosidl_typesupport_microxrcedds_cpp/sensor_msgs/msg/detail/microxrcedds/magnetic_field__type_support_cpp.cpp.o[0m
[94.392s] [01m[K/home/rasp/ros2_ws/build/sensor_msgs/rosidl_typesupport_microxrcedds_cpp/sensor_msgs/msg/detail/microxrcedds/magnetic_field__type_support_cpp.cpp:252:1:[m[K [01;35m[Kwarning: [m[Kmissing initializer for member ‘[01m[Krosidl_message_type_support_t::get_type_hash_func[m[K’ [[01;35m[K]8;;https://gcc.gnu.org/onlinedocs/gcc/Warning-Options.html#index-Wmissing-field-initializers-Wmissing-field-initializers]8;;[m[K]
[94.392s]   252 | [01;35m[K}[m[K;
[94.392s]       | [01;35m[K^[m[K
[94.392s] [01m[K/home/rasp/ros2_ws/build/sensor_msgs/rosidl_typesupport_microxrcedds_cpp/sensor_msgs/msg/detail/microxrcedds/magnetic_field__type_support_cpp.cpp:252:1:[m[K [01;35m[Kwarning: [m[Kmissing initializer for member ‘[01m[Krosidl_message_type_support_t::get_type_description_func[m[K’ [[01;35m[K]8;;https://gcc.gnu.org/onlinedocs/gcc/Warning-Options.html#index-Wmissing-field-initializers-Wmissing-field-initializers]8;;[m[K]
[94.392s] [01m[K/home/rasp/ros2_ws/build/sensor_msgs/rosidl_typesupport_microxrcedds_cpp/sensor_msgs/msg/detail/microxrcedds/magnetic_field__type_support_cpp.cpp:252:1:[m[K [01;35m[Kwarning: [m[Kmissing initializer for member ‘[01m[Krosidl_message_type_support_t::get_type_description_sources_func[m[K’ [[01;35m[K]8;;https://gcc.gnu.org/onlinedocs/gcc/Warning-Options.html#index-Wmissing-field-initializers-Wmissing-field-initializers]8;;[m[K]
[94.452s] [ 79%] [32mBuilding CXX object CMakeFiles/sensor_msgs__rosidl_typesupport_microxrcedds_cpp.dir/rosidl_typesupport_microxrcedds_cpp/sensor_msgs/msg/detail/microxrcedds/multi_dof_joint_state__type_support_cpp.cpp.o[0m
[94.750s] [01m[K/home/rasp/ros2_ws/build/sensor_msgs/rosidl_typesupport_microxrcedds_cpp/sensor_msgs/msg/detail/microxrcedds/multi_dof_joint_state__type_support_cpp.cpp:445:1:[m[K [01;35m[Kwarning: [m[Kmissing initializer for member ‘[01m[Krosidl_message_type_support_t::get_type_hash_func[m[K’ [[01;35m[K]8;;https://gcc.gnu.org/onlinedocs/gcc/Warning-Options.html#index-Wmissing-field-initializers-Wmissing-field-initializers]8;;[m[K]
[94.750s]   445 | [01;35m[K}[m[K;
[94.750s]       | [01;35m[K^[m[K
[94.750s] [01m[K/home/rasp/ros2_ws/build/sensor_msgs/rosidl_typesupport_microxrcedds_cpp/sensor_msgs/msg/detail/microxrcedds/multi_dof_joint_state__type_support_cpp.cpp:445:1:[m[K [01;35m[Kwarning: [m[Kmissing initializer for member ‘[01m[Krosidl_message_type_support_t::get_type_description_func[m[K’ [[01;35m[K]8;;https://gcc.gnu.org/onlinedocs/gcc/Warning-Options.html#index-Wmissing-field-initializers-Wmissing-field-initializers]8;;[m[K]
[94.750s] [01m[K/home/rasp/ros2_ws/build/sensor_msgs/rosidl_typesupport_microxrcedds_cpp/sensor_msgs/msg/detail/microxrcedds/multi_dof_joint_state__type_support_cpp.cpp:445:1:[m[K [01;35m[Kwarning: [m[Kmissing initializer for member ‘[01m[Krosidl_message_type_support_t::get_type_description_sources_func[m[K’ [[01;35m[K]8;;https://gcc.gnu.org/onlinedocs/gcc/Warning-Options.html#index-Wmissing-field-initializers-Wmissing-field-initializers]8;;[m[K]
[94.900s] [ 79%] [32mBuilding CXX object CMakeFiles/sensor_msgs__rosidl_typesupport_microxrcedds_cpp.dir/rosidl_typesupport_microxrcedds_cpp/sensor_msgs/msg/detail/microxrcedds/multi_echo_laser_scan__type_support_cpp.cpp.o[0m
[95.189s] [01m[K/home/rasp/ros2_ws/build/sensor_msgs/rosidl_typesupport_microxrcedds_cpp/sensor_msgs/msg/detail/microxrcedds/multi_echo_laser_scan__type_support_cpp.cpp:406:1:[m[K [01;35m[Kwarning: [m[Kmissing initializer for member ‘[01m[Krosidl_message_type_support_t::get_type_hash_func[m[K’ [[01;35m[K]8;;https://gcc.gnu.org/onlinedocs/gcc/Warning-Options.html#index-Wmissing-field-initializers-Wmissing-field-initializers]8;;[m[K]
[95.189s]   406 | [01;35m[K}[m[K;
[95.189s]       | [01;35m[K^[m[K
[95.190s] [01m[K/home/rasp/ros2_ws/build/sensor_msgs/rosidl_typesupport_microxrcedds_cpp/sensor_msgs/msg/detail/microxrcedds/multi_echo_laser_scan__type_support_cpp.cpp:406:1:[m[K [01;35m[Kwarning: [m[Kmissing initializer for member ‘[01m[Krosidl_message_type_support_t::get_type_description_func[m[K’ [[01;35m[K]8;;https://gcc.gnu.org/onlinedocs/gcc/Warning-Options.html#index-Wmissing-field-initializers-Wmissing-field-initializers]8;;[m[K]
[95.191s] [01m[K/home/rasp/ros2_ws/build/sensor_msgs/rosidl_typesupport_microxrcedds_cpp/sensor_msgs/msg/detail/microxrcedds/multi_echo_laser_scan__type_support_cpp.cpp:406:1:[m[K [01;35m[Kwarning: [m[Kmissing initializer for member ‘[01m[Krosidl_message_type_support_t::get_type_description_sources_func[m[K’ [[01;35m[K]8;;https://gcc.gnu.org/onlinedocs/gcc/Warning-Options.html#index-Wmissing-field-initializers-Wmissing-field-initializers]8;;[m[K]
[95.286s] [ 79%] [32mBuilding CXX object CMakeFiles/sensor_msgs__rosidl_typesupport_microxrcedds_cpp.dir/rosidl_typesupport_microxrcedds_cpp/sensor_msgs/msg/detail/microxrcedds/nav_sat_fix__type_support_cpp.cpp.o[0m
[95.575s] [01m[K/home/rasp/ros2_ws/build/sensor_msgs/rosidl_typesupport_microxrcedds_cpp/sensor_msgs/msg/detail/microxrcedds/nav_sat_fix__type_support_cpp.cpp:296:1:[m[K [01;35m[Kwarning: [m[Kmissing initializer for member ‘[01m[Krosidl_message_type_support_t::get_type_hash_func[m[K’ [[01;35m[K]8;;https://gcc.gnu.org/onlinedocs/gcc/Warning-Options.html#index-Wmissing-field-initializers-Wmissing-field-initializers]8;;[m[K]
[95.575s]   296 | [01;35m[K}[m[K;
[95.575s]       | [01;35m[K^[m[K
[95.575s] [01m[K/home/rasp/ros2_ws/build/sensor_msgs/rosidl_typesupport_microxrcedds_cpp/sensor_msgs/msg/detail/microxrcedds/nav_sat_fix__type_support_cpp.cpp:296:1:[m[K [01;35m[Kwarning: [m[Kmissing initializer for member ‘[01m[Krosidl_message_type_support_t::get_type_description_func[m[K’ [[01;35m[K]8;;https://gcc.gnu.org/onlinedocs/gcc/Warning-Options.html#index-Wmissing-field-initializers-Wmissing-field-initializers]8;;[m[K]
[95.575s] [01m[K/home/rasp/ros2_ws/build/sensor_msgs/rosidl_typesupport_microxrcedds_cpp/sensor_msgs/msg/detail/microxrcedds/nav_sat_fix__type_support_cpp.cpp:296:1:[m[K [01;35m[Kwarning: [m[Kmissing initializer for member ‘[01m[Krosidl_message_type_support_t::get_type_description_sources_func[m[K’ [[01;35m[K]8;;https://gcc.gnu.org/onlinedocs/gcc/Warning-Options.html#index-Wmissing-field-initializers-Wmissing-field-initializers]8;;[m[K]
[95.629s] [ 80%] [32mBuilding CXX object CMakeFiles/sensor_msgs__rosidl_typesupport_microxrcedds_cpp.dir/rosidl_typesupport_microxrcedds_cpp/sensor_msgs/msg/detail/microxrcedds/nav_sat_status__type_support_cpp.cpp.o[0m
[95.908s] [01m[K/home/rasp/ros2_ws/build/sensor_msgs/rosidl_typesupport_microxrcedds_cpp/sensor_msgs/msg/detail/microxrcedds/nav_sat_status__type_support_cpp.cpp:169:1:[m[K [01;35m[Kwarning: [m[Kmissing initializer for member ‘[01m[Krosidl_message_type_support_t::get_type_hash_func[m[K’ [[01;35m[K]8;;https://gcc.gnu.org/onlinedocs/gcc/Warning-Options.html#index-Wmissing-field-initializers-Wmissing-field-initializers]8;;[m[K]
[95.908s]   169 | [01;35m[K}[m[K;
[95.910s]       | [01;35m[K^[m[K
[95.910s] [01m[K/home/rasp/ros2_ws/build/sensor_msgs/rosidl_typesupport_microxrcedds_cpp/sensor_msgs/msg/detail/microxrcedds/nav_sat_status__type_support_cpp.cpp:169:1:[m[K [01;35m[Kwarning: [m[Kmissing initializer for member ‘[01m[Krosidl_message_type_support_t::get_type_description_func[m[K’ [[01;35m[K]8;;https://gcc.gnu.org/onlinedocs/gcc/Warning-Options.html#index-Wmissing-field-initializers-Wmissing-field-initializers]8;;[m[K]
[95.910s] [01m[K/home/rasp/ros2_ws/build/sensor_msgs/rosidl_typesupport_microxrcedds_cpp/sensor_msgs/msg/detail/microxrcedds/nav_sat_status__type_support_cpp.cpp:169:1:[m[K [01;35m[Kwarning: [m[Kmissing initializer for member ‘[01m[Krosidl_message_type_support_t::get_type_description_sources_func[m[K’ [[01;35m[K]8;;https://gcc.gnu.org/onlinedocs/gcc/Warning-Options.html#index-Wmissing-field-initializers-Wmissing-field-initializers]8;;[m[K]
[95.964s] [ 80%] [32mBuilding CXX object CMakeFiles/sensor_msgs__rosidl_typesupport_microxrcedds_cpp.dir/rosidl_typesupport_microxrcedds_cpp/sensor_msgs/msg/detail/microxrcedds/point_cloud__type_support_cpp.cpp.o[0m
[96.252s] [01m[K/home/rasp/ros2_ws/build/sensor_msgs/rosidl_typesupport_microxrcedds_cpp/sensor_msgs/msg/detail/microxrcedds/point_cloud__type_support_cpp.cpp:329:1:[m[K [01;35m[Kwarning: [m[Kmissing initializer for member ‘[01m[Krosidl_message_type_support_t::get_type_hash_func[m[K’ [[01;35m[K]8;;https://gcc.gnu.org/onlinedocs/gcc/Warning-Options.html#index-Wmissing-field-initializers-Wmissing-field-initializers]8;;[m[K]
[96.252s]   329 | [01;35m[K}[m[K;
[96.252s]       | [01;35m[K^[m[K
[96.252s] [01m[K/home/rasp/ros2_ws/build/sensor_msgs/rosidl_typesupport_microxrcedds_cpp/sensor_msgs/msg/detail/microxrcedds/point_cloud__type_support_cpp.cpp:329:1:[m[K [01;35m[Kwarning: [m[Kmissing initializer for member ‘[01m[Krosidl_message_type_support_t::get_type_description_func[m[K’ [[01;35m[K]8;;https://gcc.gnu.org/onlinedocs/gcc/Warning-Options.html#index-Wmissing-field-initializers-Wmissing-field-initializers]8;;[m[K]
[96.252s] [01m[K/home/rasp/ros2_ws/build/sensor_msgs/rosidl_typesupport_microxrcedds_cpp/sensor_msgs/msg/detail/microxrcedds/point_cloud__type_support_cpp.cpp:329:1:[m[K [01;35m[Kwarning: [m[Kmissing initializer for member ‘[01m[Krosidl_message_type_support_t::get_type_description_sources_func[m[K’ [[01;35m[K]8;;https://gcc.gnu.org/onlinedocs/gcc/Warning-Options.html#index-Wmissing-field-initializers-Wmissing-field-initializers]8;;[m[K]
[96.362s] [ 80%] [32mBuilding CXX object CMakeFiles/sensor_msgs__rosidl_typesupport_microxrcedds_cpp.dir/rosidl_typesupport_microxrcedds_cpp/sensor_msgs/msg/detail/microxrcedds/point_cloud2__type_support_cpp.cpp.o[0m
[96.647s] [01m[K/home/rasp/ros2_ws/build/sensor_msgs/rosidl_typesupport_microxrcedds_cpp/sensor_msgs/msg/detail/microxrcedds/point_cloud2__type_support_cpp.cpp:352:1:[m[K [01;35m[Kwarning: [m[Kmissing initializer for member ‘[01m[Krosidl_message_type_support_t::get_type_hash_func[m[K’ [[01;35m[K]8;;https://gcc.gnu.org/onlinedocs/gcc/Warning-Options.html#index-Wmissing-field-initializers-Wmissing-field-initializers]8;;[m[K]
[96.648s]   352 | [01;35m[K}[m[K;
[96.648s]       | [01;35m[K^[m[K
[96.649s] [01m[K/home/rasp/ros2_ws/build/sensor_msgs/rosidl_typesupport_microxrcedds_cpp/sensor_msgs/msg/detail/microxrcedds/point_cloud2__type_support_cpp.cpp:352:1:[m[K [01;35m[Kwarning: [m[Kmissing initializer for member ‘[01m[Krosidl_message_type_support_t::get_type_description_func[m[K’ [[01;35m[K]8;;https://gcc.gnu.org/onlinedocs/gcc/Warning-Options.html#index-Wmissing-field-initializers-Wmissing-field-initializers]8;;[m[K]
[96.649s] [01m[K/home/rasp/ros2_ws/build/sensor_msgs/rosidl_typesupport_microxrcedds_cpp/sensor_msgs/msg/detail/microxrcedds/point_cloud2__type_support_cpp.cpp:352:1:[m[K [01;35m[Kwarning: [m[Kmissing initializer for member ‘[01m[Krosidl_message_type_support_t::get_type_description_sources_func[m[K’ [[01;35m[K]8;;https://gcc.gnu.org/onlinedocs/gcc/Warning-Options.html#index-Wmissing-field-initializers-Wmissing-field-initializers]8;;[m[K]
[96.762s] [ 80%] [32mBuilding CXX object CMakeFiles/sensor_msgs__rosidl_typesupport_microxrcedds_cpp.dir/rosidl_typesupport_microxrcedds_cpp/sensor_msgs/msg/detail/microxrcedds/point_field__type_support_cpp.cpp.o[0m
[97.047s] [01m[K/home/rasp/ros2_ws/build/sensor_msgs/rosidl_typesupport_microxrcedds_cpp/sensor_msgs/msg/detail/microxrcedds/point_field__type_support_cpp.cpp:193:1:[m[K [01;35m[Kwarning: [m[Kmissing initializer for member ‘[01m[Krosidl_message_type_support_t::get_type_hash_func[m[K’ [[01;35m[K]8;;https://gcc.gnu.org/onlinedocs/gcc/Warning-Options.html#index-Wmissing-field-initializers-Wmissing-field-initializers]8;;[m[K]
[97.047s]   193 | [01;35m[K}[m[K;
[97.048s]       | [01;35m[K^[m[K
[97.048s] [01m[K/home/rasp/ros2_ws/build/sensor_msgs/rosidl_typesupport_microxrcedds_cpp/sensor_msgs/msg/detail/microxrcedds/point_field__type_support_cpp.cpp:193:1:[m[K [01;35m[Kwarning: [m[Kmissing initializer for member ‘[01m[Krosidl_message_type_support_t::get_type_description_func[m[K’ [[01;35m[K]8;;https://gcc.gnu.org/onlinedocs/gcc/Warning-Options.html#index-Wmissing-field-initializers-Wmissing-field-initializers]8;;[m[K]
[97.048s] [01m[K/home/rasp/ros2_ws/build/sensor_msgs/rosidl_typesupport_microxrcedds_cpp/sensor_msgs/msg/detail/microxrcedds/point_field__type_support_cpp.cpp:193:1:[m[K [01;35m[Kwarning: [m[Kmissing initializer for member ‘[01m[Krosidl_message_type_support_t::get_type_description_sources_func[m[K’ [[01;35m[K]8;;https://gcc.gnu.org/onlinedocs/gcc/Warning-Options.html#index-Wmissing-field-initializers-Wmissing-field-initializers]8;;[m[K]
[97.105s] [ 81%] [32mBuilding CXX object CMakeFiles/sensor_msgs__rosidl_typesupport_microxrcedds_cpp.dir/rosidl_typesupport_microxrcedds_cpp/sensor_msgs/msg/detail/microxrcedds/range__type_support_cpp.cpp.o[0m
[97.389s] [01m[K/home/rasp/ros2_ws/build/sensor_msgs/rosidl_typesupport_microxrcedds_cpp/sensor_msgs/msg/detail/microxrcedds/range__type_support_cpp.cpp:255:1:[m[K [01;35m[Kwarning: [m[Kmissing initializer for member ‘[01m[Krosidl_message_type_support_t::get_type_hash_func[m[K’ [[01;35m[K]8;;https://gcc.gnu.org/onlinedocs/gcc/Warning-Options.html#index-Wmissing-field-initializers-Wmissing-field-initializers]8;;[m[K]
[97.389s]   255 | [01;35m[K}[m[K;
[97.390s]       | [01;35m[K^[m[K
[97.390s] [01m[K/home/rasp/ros2_ws/build/sensor_msgs/rosidl_typesupport_microxrcedds_cpp/sensor_msgs/msg/detail/microxrcedds/range__type_support_cpp.cpp:255:1:[m[K [01;35m[Kwarning: [m[Kmissing initializer for member ‘[01m[Krosidl_message_type_support_t::get_type_description_func[m[K’ [[01;35m[K]8;;https://gcc.gnu.org/onlinedocs/gcc/Warning-Options.html#index-Wmissing-field-initializers-Wmissing-field-initializers]8;;[m[K]
[97.390s] [01m[K/home/rasp/ros2_ws/build/sensor_msgs/rosidl_typesupport_microxrcedds_cpp/sensor_msgs/msg/detail/microxrcedds/range__type_support_cpp.cpp:255:1:[m[K [01;35m[Kwarning: [m[Kmissing initializer for member ‘[01m[Krosidl_message_type_support_t::get_type_description_sources_func[m[K’ [[01;35m[K]8;;https://gcc.gnu.org/onlinedocs/gcc/Warning-Options.html#index-Wmissing-field-initializers-Wmissing-field-initializers]8;;[m[K]
[97.443s] [ 81%] [32mBuilding CXX object CMakeFiles/sensor_msgs__rosidl_typesupport_microxrcedds_cpp.dir/rosidl_typesupport_microxrcedds_cpp/sensor_msgs/msg/detail/microxrcedds/region_of_interest__type_support_cpp.cpp.o[0m
[97.731s] [01m[K/home/rasp/ros2_ws/build/sensor_msgs/rosidl_typesupport_microxrcedds_cpp/sensor_msgs/msg/detail/microxrcedds/region_of_interest__type_support_cpp.cpp:202:1:[m[K [01;35m[Kwarning: [m[Kmissing initializer for member ‘[01m[Krosidl_message_type_support_t::get_type_hash_func[m[K’ [[01;35m[K]8;;https://gcc.gnu.org/onlinedocs/gcc/Warning-Options.html#index-Wmissing-field-initializers-Wmissing-field-initializers]8;;[m[K]
[97.731s]   202 | [01;35m[K}[m[K;
[97.731s]       | [01;35m[K^[m[K
[97.733s] [01m[K/home/rasp/ros2_ws/build/sensor_msgs/rosidl_typesupport_microxrcedds_cpp/sensor_msgs/msg/detail/microxrcedds/region_of_interest__type_support_cpp.cpp:202:1:[m[K [01;35m[Kwarning: [m[Kmissing initializer for member ‘[01m[Krosidl_message_type_support_t::get_type_description_func[m[K’ [[01;35m[K]8;;https://gcc.gnu.org/onlinedocs/gcc/Warning-Options.html#index-Wmissing-field-initializers-Wmissing-field-initializers]8;;[m[K]
[97.733s] [01m[K/home/rasp/ros2_ws/build/sensor_msgs/rosidl_typesupport_microxrcedds_cpp/sensor_msgs/msg/detail/microxrcedds/region_of_interest__type_support_cpp.cpp:202:1:[m[K [01;35m[Kwarning: [m[Kmissing initializer for member ‘[01m[Krosidl_message_type_support_t::get_type_description_sources_func[m[K’ [[01;35m[K]8;;https://gcc.gnu.org/onlinedocs/gcc/Warning-Options.html#index-Wmissing-field-initializers-Wmissing-field-initializers]8;;[m[K]
[97.789s] [ 81%] [32mBuilding CXX object CMakeFiles/sensor_msgs__rosidl_typesupport_microxrcedds_cpp.dir/rosidl_typesupport_microxrcedds_cpp/sensor_msgs/msg/detail/microxrcedds/relative_humidity__type_support_cpp.cpp.o[0m
[98.076s] [01m[K/home/rasp/ros2_ws/build/sensor_msgs/rosidl_typesupport_microxrcedds_cpp/sensor_msgs/msg/detail/microxrcedds/relative_humidity__type_support_cpp.cpp:211:1:[m[K [01;35m[Kwarning: [m[Kmissing initializer for member ‘[01m[Krosidl_message_type_support_t::get_type_hash_func[m[K’ [[01;35m[K]8;;https://gcc.gnu.org/onlinedocs/gcc/Warning-Options.html#index-Wmissing-field-initializers-Wmissing-field-initializers]8;;[m[K]
[98.076s]   211 | [01;35m[K}[m[K;
[98.076s]       | [01;35m[K^[m[K
[98.079s] [01m[K/home/rasp/ros2_ws/build/sensor_msgs/rosidl_typesupport_microxrcedds_cpp/sensor_msgs/msg/detail/microxrcedds/relative_humidity__type_support_cpp.cpp:211:1:[m[K [01;35m[Kwarning: [m[Kmissing initializer for member ‘[01m[Krosidl_message_type_support_t::get_type_description_func[m[K’ [[01;35m[K]8;;https://gcc.gnu.org/onlinedocs/gcc/Warning-Options.html#index-Wmissing-field-initializers-Wmissing-field-initializers]8;;[m[K]
[98.079s] [01m[K/home/rasp/ros2_ws/build/sensor_msgs/rosidl_typesupport_microxrcedds_cpp/sensor_msgs/msg/detail/microxrcedds/relative_humidity__type_support_cpp.cpp:211:1:[m[K [01;35m[Kwarning: [m[Kmissing initializer for member ‘[01m[Krosidl_message_type_support_t::get_type_description_sources_func[m[K’ [[01;35m[K]8;;https://gcc.gnu.org/onlinedocs/gcc/Warning-Options.html#index-Wmissing-field-initializers-Wmissing-field-initializers]8;;[m[K]
[98.130s] [ 81%] [32mBuilding CXX object CMakeFiles/sensor_msgs__rosidl_typesupport_microxrcedds_cpp.dir/rosidl_typesupport_microxrcedds_cpp/sensor_msgs/msg/detail/microxrcedds/temperature__type_support_cpp.cpp.o[0m
[98.409s] [01m[K/home/rasp/ros2_ws/build/sensor_msgs/rosidl_typesupport_microxrcedds_cpp/sensor_msgs/msg/detail/microxrcedds/temperature__type_support_cpp.cpp:211:1:[m[K [01;35m[Kwarning: [m[Kmissing initializer for member ‘[01m[Krosidl_message_type_support_t::get_type_hash_func[m[K’ [[01;35m[K]8;;https://gcc.gnu.org/onlinedocs/gcc/Warning-Options.html#index-Wmissing-field-initializers-Wmissing-field-initializers]8;;[m[K]
[98.409s]   211 | [01;35m[K}[m[K;
[98.409s]       | [01;35m[K^[m[K
[98.409s] [01m[K/home/rasp/ros2_ws/build/sensor_msgs/rosidl_typesupport_microxrcedds_cpp/sensor_msgs/msg/detail/microxrcedds/temperature__type_support_cpp.cpp:211:1:[m[K [01;35m[Kwarning: [m[Kmissing initializer for member ‘[01m[Krosidl_message_type_support_t::get_type_description_func[m[K’ [[01;35m[K]8;;https://gcc.gnu.org/onlinedocs/gcc/Warning-Options.html#index-Wmissing-field-initializers-Wmissing-field-initializers]8;;[m[K]
[98.409s] [01m[K/home/rasp/ros2_ws/build/sensor_msgs/rosidl_typesupport_microxrcedds_cpp/sensor_msgs/msg/detail/microxrcedds/temperature__type_support_cpp.cpp:211:1:[m[K [01;35m[Kwarning: [m[Kmissing initializer for member ‘[01m[Krosidl_message_type_support_t::get_type_description_sources_func[m[K’ [[01;35m[K]8;;https://gcc.gnu.org/onlinedocs/gcc/Warning-Options.html#index-Wmissing-field-initializers-Wmissing-field-initializers]8;;[m[K]
[98.462s] [ 82%] [32mBuilding CXX object CMakeFiles/sensor_msgs__rosidl_typesupport_microxrcedds_cpp.dir/rosidl_typesupport_microxrcedds_cpp/sensor_msgs/msg/detail/microxrcedds/time_reference__type_support_cpp.cpp.o[0m
[98.746s] [01m[K/home/rasp/ros2_ws/build/sensor_msgs/rosidl_typesupport_microxrcedds_cpp/sensor_msgs/msg/detail/microxrcedds/time_reference__type_support_cpp.cpp:244:1:[m[K [01;35m[Kwarning: [m[Kmissing initializer for member ‘[01m[Krosidl_message_type_support_t::get_type_hash_func[m[K’ [[01;35m[K]8;;https://gcc.gnu.org/onlinedocs/gcc/Warning-Options.html#index-Wmissing-field-initializers-Wmissing-field-initializers]8;;[m[K]
[98.746s]   244 | [01;35m[K}[m[K;
[98.746s]       | [01;35m[K^[m[K
[98.746s] [01m[K/home/rasp/ros2_ws/build/sensor_msgs/rosidl_typesupport_microxrcedds_cpp/sensor_msgs/msg/detail/microxrcedds/time_reference__type_support_cpp.cpp:244:1:[m[K [01;35m[Kwarning: [m[Kmissing initializer for member ‘[01m[Krosidl_message_type_support_t::get_type_description_func[m[K’ [[01;35m[K]8;;https://gcc.gnu.org/onlinedocs/gcc/Warning-Options.html#index-Wmissing-field-initializers-Wmissing-field-initializers]8;;[m[K]
[98.746s] [01m[K/home/rasp/ros2_ws/build/sensor_msgs/rosidl_typesupport_microxrcedds_cpp/sensor_msgs/msg/detail/microxrcedds/time_reference__type_support_cpp.cpp:244:1:[m[K [01;35m[Kwarning: [m[Kmissing initializer for member ‘[01m[Krosidl_message_type_support_t::get_type_description_sources_func[m[K’ [[01;35m[K]8;;https://gcc.gnu.org/onlinedocs/gcc/Warning-Options.html#index-Wmissing-field-initializers-Wmissing-field-initializers]8;;[m[K]
[98.801s] [ 82%] [32mBuilding CXX object CMakeFiles/sensor_msgs__rosidl_typesupport_microxrcedds_cpp.dir/rosidl_typesupport_microxrcedds_cpp/sensor_msgs/srv/detail/microxrcedds/set_camera_info__type_support_cpp.cpp.o[0m
[99.101s] [01m[K/home/rasp/ros2_ws/build/sensor_msgs/rosidl_typesupport_microxrcedds_cpp/sensor_msgs/srv/detail/microxrcedds/set_camera_info__type_support_cpp.cpp:189:1:[m[K [01;35m[Kwarning: [m[Kmissing initializer for member ‘[01m[Krosidl_message_type_support_t::get_type_hash_func[m[K’ [[01;35m[K]8;;https://gcc.gnu.org/onlinedocs/gcc/Warning-Options.html#index-Wmissing-field-initializers-Wmissing-field-initializers]8;;[m[K]
[99.101s]   189 | [01;35m[K}[m[K;
[99.101s]       | [01;35m[K^[m[K
[99.101s] [01m[K/home/rasp/ros2_ws/build/sensor_msgs/rosidl_typesupport_microxrcedds_cpp/sensor_msgs/srv/detail/microxrcedds/set_camera_info__type_support_cpp.cpp:189:1:[m[K [01;35m[Kwarning: [m[Kmissing initializer for member ‘[01m[Krosidl_message_type_support_t::get_type_description_func[m[K’ [[01;35m[K]8;;https://gcc.gnu.org/onlinedocs/gcc/Warning-Options.html#index-Wmissing-field-initializers-Wmissing-field-initializers]8;;[m[K]
[99.101s] [01m[K/home/rasp/ros2_ws/build/sensor_msgs/rosidl_typesupport_microxrcedds_cpp/sensor_msgs/srv/detail/microxrcedds/set_camera_info__type_support_cpp.cpp:189:1:[m[K [01;35m[Kwarning: [m[Kmissing initializer for member ‘[01m[Krosidl_message_type_support_t::get_type_description_sources_func[m[K’ [[01;35m[K]8;;https://gcc.gnu.org/onlinedocs/gcc/Warning-Options.html#index-Wmissing-field-initializers-Wmissing-field-initializers]8;;[m[K]
[99.102s] [01m[K/home/rasp/ros2_ws/build/sensor_msgs/rosidl_typesupport_microxrcedds_cpp/sensor_msgs/srv/detail/microxrcedds/set_camera_info__type_support_cpp.cpp:398:1:[m[K [01;35m[Kwarning: [m[Kmissing initializer for member ‘[01m[Krosidl_message_type_support_t::get_type_hash_func[m[K’ [[01;35m[K]8;;https://gcc.gnu.org/onlinedocs/gcc/Warning-Options.html#index-Wmissing-field-initializers-Wmissing-field-initializers]8;;[m[K]
[99.102s]   398 | [01;35m[K}[m[K;
[99.102s]       | [01;35m[K^[m[K
[99.102s] [01m[K/home/rasp/ros2_ws/build/sensor_msgs/rosidl_typesupport_microxrcedds_cpp/sensor_msgs/srv/detail/microxrcedds/set_camera_info__type_support_cpp.cpp:398:1:[m[K [01;35m[Kwarning: [m[Kmissing initializer for member ‘[01m[Krosidl_message_type_support_t::get_type_description_func[m[K’ [[01;35m[K]8;;https://gcc.gnu.org/onlinedocs/gcc/Warning-Options.html#index-Wmissing-field-initializers-Wmissing-field-initializers]8;;[m[K]
[99.103s] [01m[K/home/rasp/ros2_ws/build/sensor_msgs/rosidl_typesupport_microxrcedds_cpp/sensor_msgs/srv/detail/microxrcedds/set_camera_info__type_support_cpp.cpp:398:1:[m[K [01;35m[Kwarning: [m[Kmissing initializer for member ‘[01m[Krosidl_message_type_support_t::get_type_description_sources_func[m[K’ [[01;35m[K]8;;https://gcc.gnu.org/onlinedocs/gcc/Warning-Options.html#index-Wmissing-field-initializers-Wmissing-field-initializers]8;;[m[K]
[99.103s] [01m[K/home/rasp/ros2_ws/build/sensor_msgs/rosidl_typesupport_microxrcedds_cpp/sensor_msgs/srv/detail/microxrcedds/set_camera_info__type_support_cpp.cpp:459:1:[m[K [01;35m[Kwarning: [m[Kmissing initializer for member ‘[01m[Krosidl_service_type_support_t::request_typesupport[m[K’ [[01;35m[K]8;;https://gcc.gnu.org/onlinedocs/gcc/Warning-Options.html#index-Wmissing-field-initializers-Wmissing-field-initializers]8;;[m[K]
[99.103s]   459 | [01;35m[K}[m[K;
[99.103s]       | [01;35m[K^[m[K
[99.103s] [01m[K/home/rasp/ros2_ws/build/sensor_msgs/rosidl_typesupport_microxrcedds_cpp/sensor_msgs/srv/detail/microxrcedds/set_camera_info__type_support_cpp.cpp:459:1:[m[K [01;35m[Kwarning: [m[Kmissing initializer for member ‘[01m[Krosidl_service_type_support_t::response_typesupport[m[K’ [[01;35m[K]8;;https://gcc.gnu.org/onlinedocs/gcc/Warning-Options.html#index-Wmissing-field-initializers-Wmissing-field-initializers]8;;[m[K]
[99.103s] [01m[K/home/rasp/ros2_ws/build/sensor_msgs/rosidl_typesupport_microxrcedds_cpp/sensor_msgs/srv/detail/microxrcedds/set_camera_info__type_support_cpp.cpp:459:1:[m[K [01;35m[Kwarning: [m[Kmissing initializer for member ‘[01m[Krosidl_service_type_support_t::event_typesupport[m[K’ [[01;35m[K]8;;https://gcc.gnu.org/onlinedocs/gcc/Warning-Options.html#index-Wmissing-field-initializers-Wmissing-field-initializers]8;;[m[K]
[99.104s] [01m[K/home/rasp/ros2_ws/build/sensor_msgs/rosidl_typesupport_microxrcedds_cpp/sensor_msgs/srv/detail/microxrcedds/set_camera_info__type_support_cpp.cpp:459:1:[m[K [01;35m[Kwarning: [m[Kmissing initializer for member ‘[01m[Krosidl_service_type_support_t::event_message_create_handle_function[m[K’ [[01;35m[K]8;;https://gcc.gnu.org/onlinedocs/gcc/Warning-Options.html#index-Wmissing-field-initializers-Wmissing-field-initializers]8;;[m[K]
[99.104s] [01m[K/home/rasp/ros2_ws/build/sensor_msgs/rosidl_typesupport_microxrcedds_cpp/sensor_msgs/srv/detail/microxrcedds/set_camera_info__type_support_cpp.cpp:459:1:[m[K [01;35m[Kwarning: [m[Kmissing initializer for member ‘[01m[Krosidl_service_type_support_t::event_message_destroy_handle_function[m[K’ [[01;35m[K]8;;https://gcc.gnu.org/onlinedocs/gcc/Warning-Options.html#index-Wmissing-field-initializers-Wmissing-field-initializers]8;;[m[K]
[99.105s] [01m[K/home/rasp/ros2_ws/build/sensor_msgs/rosidl_typesupport_microxrcedds_cpp/sensor_msgs/srv/detail/microxrcedds/set_camera_info__type_support_cpp.cpp:459:1:[m[K [01;35m[Kwarning: [m[Kmissing initializer for member ‘[01m[Krosidl_service_type_support_t::get_type_hash_func[m[K’ [[01;35m[K]8;;https://gcc.gnu.org/onlinedocs/gcc/Warning-Options.html#index-Wmissing-field-initializers-Wmissing-field-initializers]8;;[m[K]
[99.105s] [01m[K/home/rasp/ros2_ws/build/sensor_msgs/rosidl_typesupport_microxrcedds_cpp/sensor_msgs/srv/detail/microxrcedds/set_camera_info__type_support_cpp.cpp:459:1:[m[K [01;35m[Kwarning: [m[Kmissing initializer for member ‘[01m[Krosidl_service_type_support_t::get_type_description_func[m[K’ [[01;35m[K]8;;https://gcc.gnu.org/onlinedocs/gcc/Warning-Options.html#index-Wmissing-field-initializers-Wmissing-field-initializers]8;;[m[K]
[99.105s] [01m[K/home/rasp/ros2_ws/build/sensor_msgs/rosidl_typesupport_microxrcedds_cpp/sensor_msgs/srv/detail/microxrcedds/set_camera_info__type_support_cpp.cpp:459:1:[m[K [01;35m[Kwarning: [m[Kmissing initializer for member ‘[01m[Krosidl_service_type_support_t::get_type_description_sources_func[m[K’ [[01;35m[K]8;;https://gcc.gnu.org/onlinedocs/gcc/Warning-Options.html#index-Wmissing-field-initializers-Wmissing-field-initializers]8;;[m[K]
[99.162s] [ 82%] [32m[1mLinking CXX shared library libsensor_msgs__rosidl_typesupport_microxrcedds_cpp.so[0m
[99.276s] [ 82%] Built target sensor_msgs__rosidl_typesupport_microxrcedds_cpp
[99.295s] [ 82%] [34m[1mGenerating C++ introspection for ROS interfaces[0m
[102.692s] [ 82%] [32mBuilding CXX object CMakeFiles/sensor_msgs__rosidl_typesupport_introspection_cpp.dir/rosidl_typesupport_introspection_cpp/sensor_msgs/msg/detail/battery_state__type_support.cpp.o[0m
[103.058s] [ 83%] [32mBuilding CXX object CMakeFiles/sensor_msgs__rosidl_typesupport_introspection_cpp.dir/rosidl_typesupport_introspection_cpp/sensor_msgs/msg/detail/camera_info__type_support.cpp.o[0m
[103.414s] [ 83%] [32mBuilding CXX object CMakeFiles/sensor_msgs__rosidl_typesupport_introspection_cpp.dir/rosidl_typesupport_introspection_cpp/sensor_msgs/msg/detail/channel_float32__type_support.cpp.o[0m
[103.752s] [ 83%] [32mBuilding CXX object CMakeFiles/sensor_msgs__rosidl_typesupport_introspection_cpp.dir/rosidl_typesupport_introspection_cpp/sensor_msgs/msg/detail/compressed_image__type_support.cpp.o[0m
[104.094s] [ 83%] [32mBuilding CXX object CMakeFiles/sensor_msgs__rosidl_typesupport_introspection_cpp.dir/rosidl_typesupport_introspection_cpp/sensor_msgs/msg/detail/fluid_pressure__type_support.cpp.o[0m
[104.412s] [ 84%] [32mBuilding CXX object CMakeFiles/sensor_msgs__rosidl_typesupport_introspection_cpp.dir/rosidl_typesupport_introspection_cpp/sensor_msgs/msg/detail/illuminance__type_support.cpp.o[0m
[104.728s] [ 84%] [32mBuilding CXX object CMakeFiles/sensor_msgs__rosidl_typesupport_introspection_cpp.dir/rosidl_typesupport_introspection_cpp/sensor_msgs/msg/detail/image__type_support.cpp.o[0m
[105.066s] [ 84%] [32mBuilding CXX object CMakeFiles/sensor_msgs__rosidl_typesupport_introspection_cpp.dir/rosidl_typesupport_introspection_cpp/sensor_msgs/msg/detail/imu__type_support.cpp.o[0m
[105.389s] [ 84%] [32mBuilding CXX object CMakeFiles/sensor_msgs__rosidl_typesupport_introspection_cpp.dir/rosidl_typesupport_introspection_cpp/sensor_msgs/msg/detail/joint_state__type_support.cpp.o[0m
[105.762s] [ 85%] [32mBuilding CXX object CMakeFiles/sensor_msgs__rosidl_typesupport_introspection_cpp.dir/rosidl_typesupport_introspection_cpp/sensor_msgs/msg/detail/joy__type_support.cpp.o[0m
[106.139s] [ 85%] [32mBuilding CXX object CMakeFiles/sensor_msgs__rosidl_typesupport_introspection_cpp.dir/rosidl_typesupport_introspection_cpp/sensor_msgs/msg/detail/joy_feedback__type_support.cpp.o[0m
[106.448s] [ 85%] [32mBuilding CXX object CMakeFiles/sensor_msgs__rosidl_typesupport_introspection_cpp.dir/rosidl_typesupport_introspection_cpp/sensor_msgs/msg/detail/joy_feedback_array__type_support.cpp.o[0m
[106.788s] [ 86%] [32mBuilding CXX object CMakeFiles/sensor_msgs__rosidl_typesupport_introspection_cpp.dir/rosidl_typesupport_introspection_cpp/sensor_msgs/msg/detail/laser_echo__type_support.cpp.o[0m
[107.113s] [ 86%] [32mBuilding CXX object CMakeFiles/sensor_msgs__rosidl_typesupport_introspection_cpp.dir/rosidl_typesupport_introspection_cpp/sensor_msgs/msg/detail/laser_scan__type_support.cpp.o[0m
[107.455s] [ 86%] [32mBuilding CXX object CMakeFiles/sensor_msgs__rosidl_typesupport_introspection_cpp.dir/rosidl_typesupport_introspection_cpp/sensor_msgs/msg/detail/magnetic_field__type_support.cpp.o[0m
[107.772s] [ 86%] [32mBuilding CXX object CMakeFiles/sensor_msgs__rosidl_typesupport_introspection_cpp.dir/rosidl_typesupport_introspection_cpp/sensor_msgs/msg/detail/multi_dof_joint_state__type_support.cpp.o[0m
[108.205s] [ 87%] [32mBuilding CXX object CMakeFiles/sensor_msgs__rosidl_typesupport_introspection_cpp.dir/rosidl_typesupport_introspection_cpp/sensor_msgs/msg/detail/multi_echo_laser_scan__type_support.cpp.o[0m
[108.585s] [ 87%] [32mBuilding CXX object CMakeFiles/sensor_msgs__rosidl_typesupport_introspection_cpp.dir/rosidl_typesupport_introspection_cpp/sensor_msgs/msg/detail/nav_sat_fix__type_support.cpp.o[0m
[108.897s] [ 87%] [32mBuilding CXX object CMakeFiles/sensor_msgs__rosidl_typesupport_introspection_cpp.dir/rosidl_typesupport_introspection_cpp/sensor_msgs/msg/detail/nav_sat_status__type_support.cpp.o[0m
[109.211s] [ 87%] [32mBuilding CXX object CMakeFiles/sensor_msgs__rosidl_typesupport_introspection_cpp.dir/rosidl_typesupport_introspection_cpp/sensor_msgs/msg/detail/point_cloud__type_support.cpp.o[0m
[109.633s] [ 88%] [32mBuilding CXX object CMakeFiles/sensor_msgs__rosidl_typesupport_introspection_cpp.dir/rosidl_typesupport_introspection_cpp/sensor_msgs/msg/detail/point_cloud2__type_support.cpp.o[0m
[110.008s] [ 88%] [32mBuilding CXX object CMakeFiles/sensor_msgs__rosidl_typesupport_introspection_cpp.dir/rosidl_typesupport_introspection_cpp/sensor_msgs/msg/detail/point_field__type_support.cpp.o[0m
[110.379s] [ 88%] [32mBuilding CXX object CMakeFiles/sensor_msgs__rosidl_typesupport_introspection_cpp.dir/rosidl_typesupport_introspection_cpp/sensor_msgs/msg/detail/range__type_support.cpp.o[0m
[110.730s] [ 89%] [32mBuilding CXX object CMakeFiles/sensor_msgs__rosidl_typesupport_introspection_cpp.dir/rosidl_typesupport_introspection_cpp/sensor_msgs/msg/detail/region_of_interest__type_support.cpp.o[0m
[111.049s] [ 89%] [32mBuilding CXX object CMakeFiles/sensor_msgs__rosidl_typesupport_introspection_cpp.dir/rosidl_typesupport_introspection_cpp/sensor_msgs/msg/detail/relative_humidity__type_support.cpp.o[0m
[111.370s] [ 89%] [32mBuilding CXX object CMakeFiles/sensor_msgs__rosidl_typesupport_introspection_cpp.dir/rosidl_typesupport_introspection_cpp/sensor_msgs/msg/detail/temperature__type_support.cpp.o[0m
[111.685s] [ 89%] [32mBuilding CXX object CMakeFiles/sensor_msgs__rosidl_typesupport_introspection_cpp.dir/rosidl_typesupport_introspection_cpp/sensor_msgs/msg/detail/time_reference__type_support.cpp.o[0m
[112.000s] [ 90%] [32mBuilding CXX object CMakeFiles/sensor_msgs__rosidl_typesupport_introspection_cpp.dir/rosidl_typesupport_introspection_cpp/sensor_msgs/srv/detail/set_camera_info__type_support.cpp.o[0m
[112.486s] [ 90%] [32m[1mLinking CXX shared library libsensor_msgs__rosidl_typesupport_introspection_cpp.so[0m
[112.599s] [ 90%] Built target sensor_msgs__rosidl_typesupport_introspection_cpp
[112.638s] [ 90%] Built target sensor_msgs
[112.670s] [ 90%] [34m[1mGenerating Python code for ROS interfaces[0m
[119.346s] [ 90%] Built target sensor_msgs__py
[119.376s] [ 90%] [32mBuilding C object CMakeFiles/sensor_msgs__rosidl_generator_py.dir/rosidl_generator_py/sensor_msgs/msg/_battery_state_s.c.o[0m
[119.567s] [ 90%] [32mBuilding C object CMakeFiles/sensor_msgs__rosidl_generator_py.dir/rosidl_generator_py/sensor_msgs/msg/_camera_info_s.c.o[0m
[119.743s] [ 90%] [32mBuilding C object CMakeFiles/sensor_msgs__rosidl_generator_py.dir/rosidl_generator_py/sensor_msgs/msg/_channel_float32_s.c.o[0m
[119.918s] [ 91%] [32mBuilding C object CMakeFiles/sensor_msgs__rosidl_generator_py.dir/rosidl_generator_py/sensor_msgs/msg/_compressed_image_s.c.o[0m
[120.066s] [ 91%] [32mBuilding C object CMakeFiles/sensor_msgs__rosidl_generator_py.dir/rosidl_generator_py/sensor_msgs/msg/_fluid_pressure_s.c.o[0m
[120.206s] [ 91%] [32mBuilding C object CMakeFiles/sensor_msgs__rosidl_generator_py.dir/rosidl_generator_py/sensor_msgs/msg/_illuminance_s.c.o[0m
[120.347s] [ 91%] [32mBuilding C object CMakeFiles/sensor_msgs__rosidl_generator_py.dir/rosidl_generator_py/sensor_msgs/msg/_image_s.c.o[0m
[120.500s] [ 92%] [32mBuilding C object CMakeFiles/sensor_msgs__rosidl_generator_py.dir/rosidl_generator_py/sensor_msgs/msg/_imu_s.c.o[0m
[120.649s] [ 92%] [32mBuilding C object CMakeFiles/sensor_msgs__rosidl_generator_py.dir/rosidl_generator_py/sensor_msgs/msg/_joint_state_s.c.o[0m
[120.819s] [ 92%] [32mBuilding C object CMakeFiles/sensor_msgs__rosidl_generator_py.dir/rosidl_generator_py/sensor_msgs/msg/_joy_s.c.o[0m
[120.981s] [ 93%] [32mBuilding C object CMakeFiles/sensor_msgs__rosidl_generator_py.dir/rosidl_generator_py/sensor_msgs/msg/_joy_feedback_s.c.o[0m
[121.129s] [ 93%] [32mBuilding C object CMakeFiles/sensor_msgs__rosidl_generator_py.dir/rosidl_generator_py/sensor_msgs/msg/_joy_feedback_array_s.c.o[0m
[121.276s] [ 93%] [32mBuilding C object CMakeFiles/sensor_msgs__rosidl_generator_py.dir/rosidl_generator_py/sensor_msgs/msg/_laser_echo_s.c.o[0m
[121.432s] [ 93%] [32mBuilding C object CMakeFiles/sensor_msgs__rosidl_generator_py.dir/rosidl_generator_py/sensor_msgs/msg/_laser_scan_s.c.o[0m
[121.596s] [ 94%] [32mBuilding C object CMakeFiles/sensor_msgs__rosidl_generator_py.dir/rosidl_generator_py/sensor_msgs/msg/_magnetic_field_s.c.o[0m
[121.743s] [ 94%] [32mBuilding C object CMakeFiles/sensor_msgs__rosidl_generator_py.dir/rosidl_generator_py/sensor_msgs/msg/_multi_dof_joint_state_s.c.o[0m
[121.899s] [ 94%] [32mBuilding C object CMakeFiles/sensor_msgs__rosidl_generator_py.dir/rosidl_generator_py/sensor_msgs/msg/_multi_echo_laser_scan_s.c.o[0m
[122.065s] [ 94%] [32mBuilding C object CMakeFiles/sensor_msgs__rosidl_generator_py.dir/rosidl_generator_py/sensor_msgs/msg/_nav_sat_fix_s.c.o[0m
[122.217s] [ 95%] [32mBuilding C object CMakeFiles/sensor_msgs__rosidl_generator_py.dir/rosidl_generator_py/sensor_msgs/msg/_nav_sat_status_s.c.o[0m
[122.352s] [ 95%] [32mBuilding C object CMakeFiles/sensor_msgs__rosidl_generator_py.dir/rosidl_generator_py/sensor_msgs/msg/_point_cloud_s.c.o[0m
[122.500s] [ 95%] [32mBuilding C object CMakeFiles/sensor_msgs__rosidl_generator_py.dir/rosidl_generator_py/sensor_msgs/msg/_point_cloud2_s.c.o[0m
[122.656s] [ 96%] [32mBuilding C object CMakeFiles/sensor_msgs__rosidl_generator_py.dir/rosidl_generator_py/sensor_msgs/msg/_point_field_s.c.o[0m
[122.795s] [ 96%] [32mBuilding C object CMakeFiles/sensor_msgs__rosidl_generator_py.dir/rosidl_generator_py/sensor_msgs/msg/_range_s.c.o[0m
[122.940s] [ 96%] [32mBuilding C object CMakeFiles/sensor_msgs__rosidl_generator_py.dir/rosidl_generator_py/sensor_msgs/msg/_region_of_interest_s.c.o[0m
[123.075s] [ 96%] [32mBuilding C object CMakeFiles/sensor_msgs__rosidl_generator_py.dir/rosidl_generator_py/sensor_msgs/msg/_relative_humidity_s.c.o[0m
[123.210s] [ 97%] [32mBuilding C object CMakeFiles/sensor_msgs__rosidl_generator_py.dir/rosidl_generator_py/sensor_msgs/msg/_temperature_s.c.o[0m
[123.349s] [ 97%] [32mBuilding C object CMakeFiles/sensor_msgs__rosidl_generator_py.dir/rosidl_generator_py/sensor_msgs/msg/_time_reference_s.c.o[0m
[123.484s] [ 97%] [32mBuilding C object CMakeFiles/sensor_msgs__rosidl_generator_py.dir/rosidl_generator_py/sensor_msgs/srv/_set_camera_info_s.c.o[0m
[123.642s] [ 97%] [32m[1mLinking C shared library libsensor_msgs__rosidl_generator_py.so[0m
[123.707s] [ 97%] Built target sensor_msgs__rosidl_generator_py
[123.737s] [ 97%] [32mBuilding C object CMakeFiles/sensor_msgs_s__rosidl_typesupport_microxrcedds_c.dir/rosidl_generator_py/sensor_msgs/_sensor_msgs_s.ep.rosidl_typesupport_microxrcedds_c.c.o[0m
[123.941s] [ 98%] [32m[1mLinking C shared module rosidl_generator_py/sensor_msgs/sensor_msgs_s__rosidl_typesupport_microxrcedds_c.so[0m
[123.997s] [ 98%] Built target sensor_msgs_s__rosidl_typesupport_microxrcedds_c
[124.027s] [ 98%] [32mBuilding C object CMakeFiles/sensor_msgs_s__rosidl_typesupport_fastrtps_c.dir/rosidl_generator_py/sensor_msgs/_sensor_msgs_s.ep.rosidl_typesupport_fastrtps_c.c.o[0m
[124.220s] [ 98%] [32m[1mLinking C shared module rosidl_generator_py/sensor_msgs/sensor_msgs_s__rosidl_typesupport_fastrtps_c.so[0m
[124.267s] [ 98%] Built target sensor_msgs_s__rosidl_typesupport_fastrtps_c
[124.301s] [ 99%] [32mBuilding C object CMakeFiles/sensor_msgs_s__rosidl_typesupport_introspection_c.dir/rosidl_generator_py/sensor_msgs/_sensor_msgs_s.ep.rosidl_typesupport_introspection_c.c.o[0m
[124.495s] [ 99%] [32m[1mLinking C shared module rosidl_generator_py/sensor_msgs/sensor_msgs_s__rosidl_typesupport_introspection_c.so[0m
[124.544s] [ 99%] Built target sensor_msgs_s__rosidl_typesupport_introspection_c
[124.574s] [100%] [32mBuilding C object CMakeFiles/sensor_msgs_s__rosidl_typesupport_c.dir/rosidl_generator_py/sensor_msgs/_sensor_msgs_s.ep.rosidl_typesupport_c.c.o[0m
[124.763s] [100%] [32m[1mLinking C shared module rosidl_generator_py/sensor_msgs/sensor_msgs_s__rosidl_typesupport_c.so[0m
[124.806s] [100%] Built target sensor_msgs_s__rosidl_typesupport_c
[124.825s] Invoked command in '/home/rasp/ros2_ws/build/sensor_msgs' returned '0': AMENT_PREFIX_PATH=/home/rasp/ros2_ws/install/geometry_msgs:/home/rasp/ros2_ws/install/std_msgs:/home/rasp/ros2_ws/install/builtin_interfaces:${AMENT_PREFIX_PATH} CMAKE_PREFIX_PATH=/home/rasp/ros2_ws/install/geometry_msgs:/home/rasp/ros2_ws/install/std_msgs:/home/rasp/ros2_ws/install/builtin_interfaces:/home/rasp/ros2_ws/install/rosidl_typesupport_microxrcedds_cpp:/home/rasp/ros2_ws/install/rosidl_typesupport_microxrcedds_c:/home/rasp/ros2_ws/install/microcdr:/home/rasp/ros2_ws/install/micro_ros_setup:/opt/ros/jazzy/opt/gz_math_vendor:/opt/ros/jazzy/opt/gz_utils_vendor:/opt/ros/jazzy/opt/gz_cmake_vendor:/opt/ros/jazzy DEBUGINFOD_URLS=https://debuginfod.ubuntu.com LD_LIBRARY_PATH=/home/rasp/ros2_ws/install/geometry_msgs/lib:/home/rasp/ros2_ws/install/std_msgs/lib:/home/rasp/ros2_ws/install/builtin_interfaces/lib:${LD_LIBRARY_PATH} PYTHONPATH=/home/rasp/ros2_ws/install/geometry_msgs/lib/python3.12/site-packages:/home/rasp/ros2_ws/install/std_msgs/lib/python3.12/site-packages:/home/rasp/ros2_ws/install/builtin_interfaces/lib/python3.12/site-packages:${PYTHONPATH} /usr/bin/cmake --build /home/rasp/ros2_ws/build/sensor_msgs -- -j2 -l2
[124.826s] Invoking command in '/home/rasp/ros2_ws/build/sensor_msgs': AMENT_PREFIX_PATH=/home/rasp/ros2_ws/install/geometry_msgs:/home/rasp/ros2_ws/install/std_msgs:/home/rasp/ros2_ws/install/builtin_interfaces:${AMENT_PREFIX_PATH} CMAKE_PREFIX_PATH=/home/rasp/ros2_ws/install/geometry_msgs:/home/rasp/ros2_ws/install/std_msgs:/home/rasp/ros2_ws/install/builtin_interfaces:/home/rasp/ros2_ws/install/rosidl_typesupport_microxrcedds_cpp:/home/rasp/ros2_ws/install/rosidl_typesupport_microxrcedds_c:/home/rasp/ros2_ws/install/microcdr:/home/rasp/ros2_ws/install/micro_ros_setup:/opt/ros/jazzy/opt/gz_math_vendor:/opt/ros/jazzy/opt/gz_utils_vendor:/opt/ros/jazzy/opt/gz_cmake_vendor:/opt/ros/jazzy DEBUGINFOD_URLS=https://debuginfod.ubuntu.com LD_LIBRARY_PATH=/home/rasp/ros2_ws/install/geometry_msgs/lib:/home/rasp/ros2_ws/install/std_msgs/lib:/home/rasp/ros2_ws/install/builtin_interfaces/lib:${LD_LIBRARY_PATH} PYTHONPATH=/home/rasp/ros2_ws/install/geometry_msgs/lib/python3.12/site-packages:/home/rasp/ros2_ws/install/std_msgs/lib/python3.12/site-packages:/home/rasp/ros2_ws/install/builtin_interfaces/lib/python3.12/site-packages:${PYTHONPATH} /usr/bin/cmake --install /home/rasp/ros2_ws/build/sensor_msgs
[124.839s] -- Install configuration: ""
[124.839s] -- Installing: /home/rasp/ros2_ws/install/sensor_msgs/share/ament_index/resource_index/rosidl_interfaces/sensor_msgs
[124.840s] -- Installing: /home/rasp/ros2_ws/install/sensor_msgs/share/sensor_msgs/msg/BatteryState.json
[124.840s] -- Installing: /home/rasp/ros2_ws/install/sensor_msgs/share/sensor_msgs/msg/CameraInfo.json
[124.840s] -- Installing: /home/rasp/ros2_ws/install/sensor_msgs/share/sensor_msgs/msg/ChannelFloat32.json
[124.842s] -- Installing: /home/rasp/ros2_ws/install/sensor_msgs/share/sensor_msgs/msg/CompressedImage.json
[124.842s] -- Installing: /home/rasp/ros2_ws/install/sensor_msgs/share/sensor_msgs/msg/FluidPressure.json
[124.842s] -- Installing: /home/rasp/ros2_ws/install/sensor_msgs/share/sensor_msgs/msg/Illuminance.json
[124.842s] -- Installing: /home/rasp/ros2_ws/install/sensor_msgs/share/sensor_msgs/msg/Image.json
[124.842s] -- Installing: /home/rasp/ros2_ws/install/sensor_msgs/share/sensor_msgs/msg/Imu.json
[124.842s] -- Installing: /home/rasp/ros2_ws/install/sensor_msgs/share/sensor_msgs/msg/JointState.json
[124.842s] -- Installing: /home/rasp/ros2_ws/install/sensor_msgs/share/sensor_msgs/msg/Joy.json
[124.842s] -- Installing: /home/rasp/ros2_ws/install/sensor_msgs/share/sensor_msgs/msg/JoyFeedback.json
[124.842s] -- Installing: /home/rasp/ros2_ws/install/sensor_msgs/share/sensor_msgs/msg/JoyFeedbackArray.json
[124.843s] -- Installing: /home/rasp/ros2_ws/install/sensor_msgs/share/sensor_msgs/msg/LaserEcho.json
[124.843s] -- Installing: /home/rasp/ros2_ws/install/sensor_msgs/share/sensor_msgs/msg/LaserScan.json
[124.843s] -- Installing: /home/rasp/ros2_ws/install/sensor_msgs/share/sensor_msgs/msg/MagneticField.json
[124.843s] -- Installing: /home/rasp/ros2_ws/install/sensor_msgs/share/sensor_msgs/msg/MultiDOFJointState.json
[124.843s] -- Installing: /home/rasp/ros2_ws/install/sensor_msgs/share/sensor_msgs/msg/MultiEchoLaserScan.json
[124.844s] -- Installing: /home/rasp/ros2_ws/install/sensor_msgs/share/sensor_msgs/msg/NavSatFix.json
[124.845s] -- Installing: /home/rasp/ros2_ws/install/sensor_msgs/share/sensor_msgs/msg/NavSatStatus.json
[124.845s] -- Installing: /home/rasp/ros2_ws/install/sensor_msgs/share/sensor_msgs/msg/PointCloud.json
[124.845s] -- Installing: /home/rasp/ros2_ws/install/sensor_msgs/share/sensor_msgs/msg/PointCloud2.json
[124.845s] -- Installing: /home/rasp/ros2_ws/install/sensor_msgs/share/sensor_msgs/msg/PointField.json
[124.845s] -- Installing: /home/rasp/ros2_ws/install/sensor_msgs/share/sensor_msgs/msg/Range.json
[124.845s] -- Installing: /home/rasp/ros2_ws/install/sensor_msgs/share/sensor_msgs/msg/RegionOfInterest.json
[124.847s] -- Installing: /home/rasp/ros2_ws/install/sensor_msgs/share/sensor_msgs/msg/RelativeHumidity.json
[124.847s] -- Installing: /home/rasp/ros2_ws/install/sensor_msgs/share/sensor_msgs/msg/Temperature.json
[124.847s] -- Installing: /home/rasp/ros2_ws/install/sensor_msgs/share/sensor_msgs/msg/TimeReference.json
[124.848s] -- Installing: /home/rasp/ros2_ws/install/sensor_msgs/share/sensor_msgs/srv/SetCameraInfo.json
[124.848s] -- Installing: /home/rasp/ros2_ws/install/sensor_msgs/include/sensor_msgs/sensor_msgs
[124.848s] -- Installing: /home/rasp/ros2_ws/install/sensor_msgs/include/sensor_msgs/sensor_msgs/msg
[124.848s] -- Installing: /home/rasp/ros2_ws/install/sensor_msgs/include/sensor_msgs/sensor_msgs/msg/imu.h
[124.848s] -- Installing: /home/rasp/ros2_ws/install/sensor_msgs/include/sensor_msgs/sensor_msgs/msg/joy_feedback.h
[124.848s] -- Installing: /home/rasp/ros2_ws/install/sensor_msgs/include/sensor_msgs/sensor_msgs/msg/time_reference.h
[124.848s] -- Installing: /home/rasp/ros2_ws/install/sensor_msgs/include/sensor_msgs/sensor_msgs/msg/magnetic_field.h
[124.849s] -- Installing: /home/rasp/ros2_ws/install/sensor_msgs/include/sensor_msgs/sensor_msgs/msg/point_field.h
[124.849s] -- Installing: /home/rasp/ros2_ws/install/sensor_msgs/include/sensor_msgs/sensor_msgs/msg/fluid_pressure.h
[124.849s] -- Installing: /home/rasp/ros2_ws/install/sensor_msgs/include/sensor_msgs/sensor_msgs/msg/detail
[124.849s] -- Installing: /home/rasp/ros2_ws/install/sensor_msgs/include/sensor_msgs/sensor_msgs/msg/detail/multi_echo_laser_scan__description.c
[124.849s] -- Installing: /home/rasp/ros2_ws/install/sensor_msgs/include/sensor_msgs/sensor_msgs/msg/detail/point_cloud__functions.h
[124.851s] -- Installing: /home/rasp/ros2_ws/install/sensor_msgs/include/sensor_msgs/sensor_msgs/msg/detail/laser_scan__type_support.c
[124.852s] -- Installing: /home/rasp/ros2_ws/install/sensor_msgs/include/sensor_msgs/sensor_msgs/msg/detail/point_cloud2__description.c
[124.852s] -- Installing: /home/rasp/ros2_ws/install/sensor_msgs/include/sensor_msgs/sensor_msgs/msg/detail/point_cloud__description.c
[124.852s] -- Installing: /home/rasp/ros2_ws/install/sensor_msgs/include/sensor_msgs/sensor_msgs/msg/detail/joy_feedback_array__functions.c
[124.852s] -- Installing: /home/rasp/ros2_ws/install/sensor_msgs/include/sensor_msgs/sensor_msgs/msg/detail/multi_dof_joint_state__type_support.c
[124.852s] -- Installing: /home/rasp/ros2_ws/install/sensor_msgs/include/sensor_msgs/sensor_msgs/msg/detail/compressed_image__functions.c
[124.852s] -- Installing: /home/rasp/ros2_ws/install/sensor_msgs/include/sensor_msgs/sensor_msgs/msg/detail/magnetic_field__functions.h
[124.852s] -- Installing: /home/rasp/ros2_ws/install/sensor_msgs/include/sensor_msgs/sensor_msgs/msg/detail/range__functions.c
[124.852s] -- Installing: /home/rasp/ros2_ws/install/sensor_msgs/include/sensor_msgs/sensor_msgs/msg/detail/imu__functions.c
[124.853s] -- Installing: /home/rasp/ros2_ws/install/sensor_msgs/include/sensor_msgs/sensor_msgs/msg/detail/point_cloud2__functions.c
[124.853s] -- Installing: /home/rasp/ros2_ws/install/sensor_msgs/include/sensor_msgs/sensor_msgs/msg/detail/magnetic_field__type_support.h
[124.853s] -- Installing: /home/rasp/ros2_ws/install/sensor_msgs/include/sensor_msgs/sensor_msgs/msg/detail/illuminance__struct.h
[124.853s] -- Installing: /home/rasp/ros2_ws/install/sensor_msgs/include/sensor_msgs/sensor_msgs/msg/detail/image__functions.h
[124.853s] -- Installing: /home/rasp/ros2_ws/install/sensor_msgs/include/sensor_msgs/sensor_msgs/msg/detail/fluid_pressure__struct.h
[124.853s] -- Installing: /home/rasp/ros2_ws/install/sensor_msgs/include/sensor_msgs/sensor_msgs/msg/detail/multi_echo_laser_scan__type_support.h
[124.853s] -- Installing: /home/rasp/ros2_ws/install/sensor_msgs/include/sensor_msgs/sensor_msgs/msg/detail/battery_state__description.c
[124.856s] -- Installing: /home/rasp/ros2_ws/install/sensor_msgs/include/sensor_msgs/sensor_msgs/msg/detail/joy__functions.c
[124.856s] -- Installing: /home/rasp/ros2_ws/install/sensor_msgs/include/sensor_msgs/sensor_msgs/msg/detail/camera_info__type_support.h
[124.856s] -- Installing: /home/rasp/ros2_ws/install/sensor_msgs/include/sensor_msgs/sensor_msgs/msg/detail/region_of_interest__functions.h
[124.856s] -- Installing: /home/rasp/ros2_ws/install/sensor_msgs/include/sensor_msgs/sensor_msgs/msg/detail/compressed_image__struct.h
[124.856s] -- Installing: /home/rasp/ros2_ws/install/sensor_msgs/include/sensor_msgs/sensor_msgs/msg/detail/illuminance__description.c
[124.856s] -- Installing: /home/rasp/ros2_ws/install/sensor_msgs/include/sensor_msgs/sensor_msgs/msg/detail/relative_humidity__type_support.h
[124.856s] -- Installing: /home/rasp/ros2_ws/install/sensor_msgs/include/sensor_msgs/sensor_msgs/msg/detail/channel_float32__functions.h
[124.856s] -- Installing: /home/rasp/ros2_ws/install/sensor_msgs/include/sensor_msgs/sensor_msgs/msg/detail/range__description.c
[124.856s] -- Installing: /home/rasp/ros2_ws/install/sensor_msgs/include/sensor_msgs/sensor_msgs/msg/detail/nav_sat_fix__functions.c
[124.856s] -- Installing: /home/rasp/ros2_ws/install/sensor_msgs/include/sensor_msgs/sensor_msgs/msg/detail/battery_state__type_support.h
[124.857s] -- Installing: /home/rasp/ros2_ws/install/sensor_msgs/include/sensor_msgs/sensor_msgs/msg/detail/magnetic_field__functions.c
[124.857s] -- Installing: /home/rasp/ros2_ws/install/sensor_msgs/include/sensor_msgs/sensor_msgs/msg/detail/joy_feedback_array__description.c
[124.857s] -- Installing: /home/rasp/ros2_ws/install/sensor_msgs/include/sensor_msgs/sensor_msgs/msg/detail/joint_state__type_support.h
[124.857s] -- Installing: /home/rasp/ros2_ws/install/sensor_msgs/include/sensor_msgs/sensor_msgs/msg/detail/point_field__struct.h
[124.857s] -- Installing: /home/rasp/ros2_ws/install/sensor_msgs/include/sensor_msgs/sensor_msgs/msg/detail/time_reference__struct.h
[124.857s] -- Installing: /home/rasp/ros2_ws/install/sensor_msgs/include/sensor_msgs/sensor_msgs/msg/detail/multi_echo_laser_scan__functions.h
[124.858s] -- Installing: /home/rasp/ros2_ws/install/sensor_msgs/include/sensor_msgs/sensor_msgs/msg/detail/relative_humidity__functions.h
[124.858s] -- Installing: /home/rasp/ros2_ws/install/sensor_msgs/include/sensor_msgs/sensor_msgs/msg/detail/fluid_pressure__type_support.c
[124.858s] -- Installing: /home/rasp/ros2_ws/install/sensor_msgs/include/sensor_msgs/sensor_msgs/msg/detail/nav_sat_status__description.c
[124.859s] -- Installing: /home/rasp/ros2_ws/install/sensor_msgs/include/sensor_msgs/sensor_msgs/msg/detail/range__struct.h
[124.860s] -- Installing: /home/rasp/ros2_ws/install/sensor_msgs/include/sensor_msgs/sensor_msgs/msg/detail/laser_scan__struct.h
[124.860s] -- Installing: /home/rasp/ros2_ws/install/sensor_msgs/include/sensor_msgs/sensor_msgs/msg/detail/multi_echo_laser_scan__struct.h
[124.860s] -- Installing: /home/rasp/ros2_ws/install/sensor_msgs/include/sensor_msgs/sensor_msgs/msg/detail/fluid_pressure__functions.c
[124.860s] -- Installing: /home/rasp/ros2_ws/install/sensor_msgs/include/sensor_msgs/sensor_msgs/msg/detail/battery_state__functions.c
[124.860s] -- Installing: /home/rasp/ros2_ws/install/sensor_msgs/include/sensor_msgs/sensor_msgs/msg/detail/joy_feedback_array__type_support.c
[124.860s] -- Installing: /home/rasp/ros2_ws/install/sensor_msgs/include/sensor_msgs/sensor_msgs/msg/detail/point_cloud__functions.c
[124.861s] -- Installing: /home/rasp/ros2_ws/install/sensor_msgs/include/sensor_msgs/sensor_msgs/msg/detail/multi_echo_laser_scan__type_support.c
[124.861s] -- Installing: /home/rasp/ros2_ws/install/sensor_msgs/include/sensor_msgs/sensor_msgs/msg/detail/nav_sat_fix__description.c
[124.861s] -- Installing: /home/rasp/ros2_ws/install/sensor_msgs/include/sensor_msgs/sensor_msgs/msg/detail/fluid_pressure__functions.h
[124.863s] -- Installing: /home/rasp/ros2_ws/install/sensor_msgs/include/sensor_msgs/sensor_msgs/msg/detail/point_cloud2__struct.h
[124.863s] -- Installing: /home/rasp/ros2_ws/install/sensor_msgs/include/sensor_msgs/sensor_msgs/msg/detail/multi_dof_joint_state__functions.c
[124.863s] -- Installing: /home/rasp/ros2_ws/install/sensor_msgs/include/sensor_msgs/sensor_msgs/msg/detail/temperature__functions.c
[124.863s] -- Installing: /home/rasp/ros2_ws/install/sensor_msgs/include/sensor_msgs/sensor_msgs/msg/detail/point_field__type_support.h
[124.863s] -- Installing: /home/rasp/ros2_ws/install/sensor_msgs/include/sensor_msgs/sensor_msgs/msg/detail/range__functions.h
[124.863s] -- Installing: /home/rasp/ros2_ws/install/sensor_msgs/include/sensor_msgs/sensor_msgs/msg/detail/camera_info__functions.h
[124.863s] -- Installing: /home/rasp/ros2_ws/install/sensor_msgs/include/sensor_msgs/sensor_msgs/msg/detail/image__description.c
[124.863s] -- Installing: /home/rasp/ros2_ws/install/sensor_msgs/include/sensor_msgs/sensor_msgs/msg/detail/nav_sat_status__type_support.h
[124.863s] -- Installing: /home/rasp/ros2_ws/install/sensor_msgs/include/sensor_msgs/sensor_msgs/msg/detail/laser_echo__functions.c
[124.864s] -- Installing: /home/rasp/ros2_ws/install/sensor_msgs/include/sensor_msgs/sensor_msgs/msg/detail/illuminance__type_support.c
[124.864s] -- Installing: /home/rasp/ros2_ws/install/sensor_msgs/include/sensor_msgs/sensor_msgs/msg/detail/imu__functions.h
[124.864s] -- Installing: /home/rasp/ros2_ws/install/sensor_msgs/include/sensor_msgs/sensor_msgs/msg/detail/illuminance__functions.h
[124.866s] -- Installing: /home/rasp/ros2_ws/install/sensor_msgs/include/sensor_msgs/sensor_msgs/msg/detail/camera_info__functions.c
[124.866s] -- Installing: /home/rasp/ros2_ws/install/sensor_msgs/include/sensor_msgs/sensor_msgs/msg/detail/region_of_interest__functions.c
[124.866s] -- Installing: /home/rasp/ros2_ws/install/sensor_msgs/include/sensor_msgs/sensor_msgs/msg/detail/magnetic_field__type_support.c
[124.866s] -- Installing: /home/rasp/ros2_ws/install/sensor_msgs/include/sensor_msgs/sensor_msgs/msg/detail/compressed_image__type_support.h
[124.866s] -- Installing: /home/rasp/ros2_ws/install/sensor_msgs/include/sensor_msgs/sensor_msgs/msg/detail/illuminance__functions.c
[124.866s] -- Installing: /home/rasp/ros2_ws/install/sensor_msgs/include/sensor_msgs/sensor_msgs/msg/detail/time_reference__functions.c
[124.866s] -- Installing: /home/rasp/ros2_ws/install/sensor_msgs/include/sensor_msgs/sensor_msgs/msg/detail/multi_dof_joint_state__description.c
[124.866s] -- Installing: /home/rasp/ros2_ws/install/sensor_msgs/include/sensor_msgs/sensor_msgs/msg/detail/laser_scan__functions.c
[124.866s] -- Installing: /home/rasp/ros2_ws/install/sensor_msgs/include/sensor_msgs/sensor_msgs/msg/detail/point_cloud2__type_support.h
[124.867s] -- Installing: /home/rasp/ros2_ws/install/sensor_msgs/include/sensor_msgs/sensor_msgs/msg/detail/joint_state__functions.h
[124.867s] -- Installing: /home/rasp/ros2_ws/install/sensor_msgs/include/sensor_msgs/sensor_msgs/msg/detail/range__type_support.c
[124.867s] -- Installing: /home/rasp/ros2_ws/install/sensor_msgs/include/sensor_msgs/sensor_msgs/msg/detail/image__functions.c
[124.869s] -- Installing: /home/rasp/ros2_ws/install/sensor_msgs/include/sensor_msgs/sensor_msgs/msg/detail/image__type_support.c
[124.869s] -- Installing: /home/rasp/ros2_ws/install/sensor_msgs/include/sensor_msgs/sensor_msgs/msg/detail/time_reference__type_support.c
[124.869s] -- Installing: /home/rasp/ros2_ws/install/sensor_msgs/include/sensor_msgs/sensor_msgs/msg/detail/multi_echo_laser_scan__functions.c
[124.869s] -- Installing: /home/rasp/ros2_ws/install/sensor_msgs/include/sensor_msgs/sensor_msgs/msg/detail/relative_humidity__type_support.c
[124.869s] -- Installing: /home/rasp/ros2_ws/install/sensor_msgs/include/sensor_msgs/sensor_msgs/msg/detail/relative_humidity__functions.c
[124.869s] -- Installing: /home/rasp/ros2_ws/install/sensor_msgs/include/sensor_msgs/sensor_msgs/msg/detail/fluid_pressure__description.c
[124.869s] -- Installing: /home/rasp/ros2_ws/install/sensor_msgs/include/sensor_msgs/sensor_msgs/msg/detail/nav_sat_fix__type_support.c
[124.870s] -- Installing: /home/rasp/ros2_ws/install/sensor_msgs/include/sensor_msgs/sensor_msgs/msg/detail/relative_humidity__struct.h
[124.870s] -- Installing: /home/rasp/ros2_ws/install/sensor_msgs/include/sensor_msgs/sensor_msgs/msg/detail/joy__type_support.c
[124.870s] -- Installing: /home/rasp/ros2_ws/install/sensor_msgs/include/sensor_msgs/sensor_msgs/msg/detail/channel_float32__struct.h
[124.872s] -- Installing: /home/rasp/ros2_ws/install/sensor_msgs/include/sensor_msgs/sensor_msgs/msg/detail/relative_humidity__description.c
[124.872s] -- Installing: /home/rasp/ros2_ws/install/sensor_msgs/include/sensor_msgs/sensor_msgs/msg/detail/time_reference__description.c
[124.872s] -- Installing: /home/rasp/ros2_ws/install/sensor_msgs/include/sensor_msgs/sensor_msgs/msg/detail/temperature__struct.h
[124.872s] -- Installing: /home/rasp/ros2_ws/install/sensor_msgs/include/sensor_msgs/sensor_msgs/msg/detail/joy__description.c
[124.872s] -- Installing: /home/rasp/ros2_ws/install/sensor_msgs/include/sensor_msgs/sensor_msgs/msg/detail/point_cloud__type_support.c
[124.872s] -- Installing: /home/rasp/ros2_ws/install/sensor_msgs/include/sensor_msgs/sensor_msgs/msg/detail/nav_sat_status__type_support.c
[124.872s] -- Installing: /home/rasp/ros2_ws/install/sensor_msgs/include/sensor_msgs/sensor_msgs/msg/detail/point_field__description.c
[124.872s] -- Installing: /home/rasp/ros2_ws/install/sensor_msgs/include/sensor_msgs/sensor_msgs/msg/detail/joy__functions.h
[124.873s] -- Installing: /home/rasp/ros2_ws/install/sensor_msgs/include/sensor_msgs/sensor_msgs/msg/detail/nav_sat_fix__struct.h
[124.873s] -- Installing: /home/rasp/ros2_ws/install/sensor_msgs/include/sensor_msgs/sensor_msgs/msg/detail/imu__description.c
[124.873s] -- Installing: /home/rasp/ros2_ws/install/sensor_msgs/include/sensor_msgs/sensor_msgs/msg/detail/point_field__type_support.c
[124.873s] -- Installing: /home/rasp/ros2_ws/install/sensor_msgs/include/sensor_msgs/sensor_msgs/msg/detail/nav_sat_status__functions.c
[124.873s] -- Installing: /home/rasp/ros2_ws/install/sensor_msgs/include/sensor_msgs/sensor_msgs/msg/detail/region_of_interest__type_support.h
[124.873s] -- Installing: /home/rasp/ros2_ws/install/sensor_msgs/include/sensor_msgs/sensor_msgs/msg/detail/channel_float32__description.c
[124.875s] -- Installing: /home/rasp/ros2_ws/install/sensor_msgs/include/sensor_msgs/sensor_msgs/msg/detail/time_reference__type_support.h
[124.875s] -- Installing: /home/rasp/ros2_ws/install/sensor_msgs/include/sensor_msgs/sensor_msgs/msg/detail/battery_state__struct.h
[124.876s] -- Installing: /home/rasp/ros2_ws/install/sensor_msgs/include/sensor_msgs/sensor_msgs/msg/detail/laser_echo__type_support.h
[124.876s] -- Installing: /home/rasp/ros2_ws/install/sensor_msgs/include/sensor_msgs/sensor_msgs/msg/detail/compressed_image__functions.h
[124.876s] -- Installing: /home/rasp/ros2_ws/install/sensor_msgs/include/sensor_msgs/sensor_msgs/msg/detail/joy_feedback_array__struct.h
[124.876s] -- Installing: /home/rasp/ros2_ws/install/sensor_msgs/include/sensor_msgs/sensor_msgs/msg/detail/battery_state__functions.h
[124.876s] -- Installing: /home/rasp/ros2_ws/install/sensor_msgs/include/sensor_msgs/sensor_msgs/msg/detail/compressed_image__description.c
[124.876s] -- Installing: /home/rasp/ros2_ws/install/sensor_msgs/include/sensor_msgs/sensor_msgs/msg/detail/temperature__functions.h
[124.876s] -- Installing: /home/rasp/ros2_ws/install/sensor_msgs/include/sensor_msgs/sensor_msgs/msg/detail/battery_state__type_support.c
[124.877s] -- Installing: /home/rasp/ros2_ws/install/sensor_msgs/include/sensor_msgs/sensor_msgs/msg/detail/joy__type_support.h
[124.877s] -- Installing: /home/rasp/ros2_ws/install/sensor_msgs/include/sensor_msgs/sensor_msgs/msg/detail/channel_float32__type_support.c
[124.877s] -- Installing: /home/rasp/ros2_ws/install/sensor_msgs/include/sensor_msgs/sensor_msgs/msg/detail/laser_scan__type_support.h
[124.877s] -- Installing: /home/rasp/ros2_ws/install/sensor_msgs/include/sensor_msgs/sensor_msgs/msg/detail/imu__type_support.c
[124.877s] -- Installing: /home/rasp/ros2_ws/install/sensor_msgs/include/sensor_msgs/sensor_msgs/msg/detail/time_reference__functions.h
[124.877s] -- Installing: /home/rasp/ros2_ws/install/sensor_msgs/include/sensor_msgs/sensor_msgs/msg/detail/joy_feedback__struct.h
[124.879s] -- Installing: /home/rasp/ros2_ws/install/sensor_msgs/include/sensor_msgs/sensor_msgs/msg/detail/temperature__type_support.c
[124.880s] -- Installing: /home/rasp/ros2_ws/install/sensor_msgs/include/sensor_msgs/sensor_msgs/msg/detail/laser_echo__struct.h
[124.880s] -- Installing: /home/rasp/ros2_ws/install/sensor_msgs/include/sensor_msgs/sensor_msgs/msg/detail/imu__type_support.h
[124.880s] -- Installing: /home/rasp/ros2_ws/install/sensor_msgs/include/sensor_msgs/sensor_msgs/msg/detail/camera_info__type_support.c
[124.880s] -- Installing: /home/rasp/ros2_ws/install/sensor_msgs/include/sensor_msgs/sensor_msgs/msg/detail/nav_sat_status__functions.h
[124.880s] -- Installing: /home/rasp/ros2_ws/install/sensor_msgs/include/sensor_msgs/sensor_msgs/msg/detail/magnetic_field__struct.h
[124.880s] -- Installing: /home/rasp/ros2_ws/install/sensor_msgs/include/sensor_msgs/sensor_msgs/msg/detail/imu__struct.h
[124.880s] -- Installing: /home/rasp/ros2_ws/install/sensor_msgs/include/sensor_msgs/sensor_msgs/msg/detail/multi_dof_joint_state__type_support.h
[124.880s] -- Installing: /home/rasp/ros2_ws/install/sensor_msgs/include/sensor_msgs/sensor_msgs/msg/detail/point_cloud2__functions.h
[124.880s] -- Installing: /home/rasp/ros2_ws/install/sensor_msgs/include/sensor_msgs/sensor_msgs/msg/detail/nav_sat_fix__type_support.h
[124.881s] -- Installing: /home/rasp/ros2_ws/install/sensor_msgs/include/sensor_msgs/sensor_msgs/msg/detail/nav_sat_status__struct.h
[124.881s] -- Installing: /home/rasp/ros2_ws/install/sensor_msgs/include/sensor_msgs/sensor_msgs/msg/detail/laser_scan__functions.h
[124.881s] -- Installing: /home/rasp/ros2_ws/install/sensor_msgs/include/sensor_msgs/sensor_msgs/msg/detail/camera_info__struct.h
[124.881s] -- Installing: /home/rasp/ros2_ws/install/sensor_msgs/include/sensor_msgs/sensor_msgs/msg/detail/joy_feedback__functions.c
[124.881s] -- Installing: /home/rasp/ros2_ws/install/sensor_msgs/include/sensor_msgs/sensor_msgs/msg/detail/joint_state__type_support.c
[124.883s] -- Installing: /home/rasp/ros2_ws/install/sensor_msgs/include/sensor_msgs/sensor_msgs/msg/detail/laser_echo__functions.h
[124.884s] -- Installing: /home/rasp/ros2_ws/install/sensor_msgs/include/sensor_msgs/sensor_msgs/msg/detail/joy_feedback__description.c
[124.884s] -- Installing: /home/rasp/ros2_ws/install/sensor_msgs/include/sensor_msgs/sensor_msgs/msg/detail/compressed_image__type_support.c
[124.884s] -- Installing: /home/rasp/ros2_ws/install/sensor_msgs/include/sensor_msgs/sensor_msgs/msg/detail/temperature__description.c
[124.884s] -- Installing: /home/rasp/ros2_ws/install/sensor_msgs/include/sensor_msgs/sensor_msgs/msg/detail/multi_dof_joint_state__struct.h
[124.884s] -- Installing: /home/rasp/ros2_ws/install/sensor_msgs/include/sensor_msgs/sensor_msgs/msg/detail/channel_float32__functions.c
[124.884s] -- Installing: /home/rasp/ros2_ws/install/sensor_msgs/include/sensor_msgs/sensor_msgs/msg/detail/laser_scan__description.c
[124.884s] -- Installing: /home/rasp/ros2_ws/install/sensor_msgs/include/sensor_msgs/sensor_msgs/msg/detail/joy_feedback__functions.h
[124.885s] -- Installing: /home/rasp/ros2_ws/install/sensor_msgs/include/sensor_msgs/sensor_msgs/msg/detail/joy_feedback_array__functions.h
[124.885s] -- Installing: /home/rasp/ros2_ws/install/sensor_msgs/include/sensor_msgs/sensor_msgs/msg/detail/region_of_interest__struct.h
[124.885s] -- Installing: /home/rasp/ros2_ws/install/sensor_msgs/include/sensor_msgs/sensor_msgs/msg/detail/laser_echo__type_support.c
[124.885s] -- Installing: /home/rasp/ros2_ws/install/sensor_msgs/include/sensor_msgs/sensor_msgs/msg/detail/image__struct.h
[124.885s] -- Installing: /home/rasp/ros2_ws/install/sensor_msgs/include/sensor_msgs/sensor_msgs/msg/detail/point_cloud2__type_support.c
[124.885s] -- Installing: /home/rasp/ros2_ws/install/sensor_msgs/include/sensor_msgs/sensor_msgs/msg/detail/multi_dof_joint_state__functions.h
[124.885s] -- Installing: /home/rasp/ros2_ws/install/sensor_msgs/include/sensor_msgs/sensor_msgs/msg/detail/joint_state__functions.c
[124.885s] -- Installing: /home/rasp/ros2_ws/install/sensor_msgs/include/sensor_msgs/sensor_msgs/msg/detail/channel_float32__type_support.h
[124.886s] -- Installing: /home/rasp/ros2_ws/install/sensor_msgs/include/sensor_msgs/sensor_msgs/msg/detail/fluid_pressure__type_support.h
[124.886s] -- Installing: /home/rasp/ros2_ws/install/sensor_msgs/include/sensor_msgs/sensor_msgs/msg/detail/illuminance__type_support.h
[124.887s] -- Installing: /home/rasp/ros2_ws/install/sensor_msgs/include/sensor_msgs/sensor_msgs/msg/detail/laser_echo__description.c
[124.887s] -- Installing: /home/rasp/ros2_ws/install/sensor_msgs/include/sensor_msgs/sensor_msgs/msg/detail/range__type_support.h
[124.888s] -- Installing: /home/rasp/ros2_ws/install/sensor_msgs/include/sensor_msgs/sensor_msgs/msg/detail/point_field__functions.c
[124.888s] -- Installing: /home/rasp/ros2_ws/install/sensor_msgs/include/sensor_msgs/sensor_msgs/msg/detail/joint_state__struct.h
[124.888s] -- Installing: /home/rasp/ros2_ws/install/sensor_msgs/include/sensor_msgs/sensor_msgs/msg/detail/joy_feedback__type_support.c
[124.888s] -- Installing: /home/rasp/ros2_ws/install/sensor_msgs/include/sensor_msgs/sensor_msgs/msg/detail/magnetic_field__description.c
[124.888s] -- Installing: /home/rasp/ros2_ws/install/sensor_msgs/include/sensor_msgs/sensor_msgs/msg/detail/joy_feedback_array__type_support.h
[124.888s] -- Installing: /home/rasp/ros2_ws/install/sensor_msgs/include/sensor_msgs/sensor_msgs/msg/detail/camera_info__description.c
[124.888s] -- Installing: /home/rasp/ros2_ws/install/sensor_msgs/include/sensor_msgs/sensor_msgs/msg/detail/point_cloud__type_support.h
[124.889s] -- Installing: /home/rasp/ros2_ws/install/sensor_msgs/include/sensor_msgs/sensor_msgs/msg/detail/image__type_support.h
[124.889s] -- Installing: /home/rasp/ros2_ws/install/sensor_msgs/include/sensor_msgs/sensor_msgs/msg/detail/joint_state__description.c
[124.889s] -- Installing: /home/rasp/ros2_ws/install/sensor_msgs/include/sensor_msgs/sensor_msgs/msg/detail/nav_sat_fix__functions.h
[124.890s] -- Installing: /home/rasp/ros2_ws/install/sensor_msgs/include/sensor_msgs/sensor_msgs/msg/detail/joy__struct.h
[124.890s] -- Installing: /home/rasp/ros2_ws/install/sensor_msgs/include/sensor_msgs/sensor_msgs/msg/detail/region_of_interest__description.c
[124.890s] -- Installing: /home/rasp/ros2_ws/install/sensor_msgs/include/sensor_msgs/sensor_msgs/msg/detail/point_field__functions.h
[124.891s] -- Installing: /home/rasp/ros2_ws/install/sensor_msgs/include/sensor_msgs/sensor_msgs/msg/detail/temperature__type_support.h
[124.891s] -- Installing: /home/rasp/ros2_ws/install/sensor_msgs/include/sensor_msgs/sensor_msgs/msg/detail/point_cloud__struct.h
[124.891s] -- Installing: /home/rasp/ros2_ws/install/sensor_msgs/include/sensor_msgs/sensor_msgs/msg/detail/region_of_interest__type_support.c
[124.892s] -- Installing: /home/rasp/ros2_ws/install/sensor_msgs/include/sensor_msgs/sensor_msgs/msg/detail/joy_feedback__type_support.h
[124.892s] -- Installing: /home/rasp/ros2_ws/install/sensor_msgs/include/sensor_msgs/sensor_msgs/msg/nav_sat_fix.h
[124.893s] -- Installing: /home/rasp/ros2_ws/install/sensor_msgs/include/sensor_msgs/sensor_msgs/msg/camera_info.h
[124.893s] -- Installing: /home/rasp/ros2_ws/install/sensor_msgs/include/sensor_msgs/sensor_msgs/msg/illuminance.h
[124.893s] -- Installing: /home/rasp/ros2_ws/install/sensor_msgs/include/sensor_msgs/sensor_msgs/msg/laser_scan.h
[124.893s] -- Installing: /home/rasp/ros2_ws/install/sensor_msgs/include/sensor_msgs/sensor_msgs/msg/multi_echo_laser_scan.h
[124.894s] -- Installing: /home/rasp/ros2_ws/install/sensor_msgs/include/sensor_msgs/sensor_msgs/msg/rosidl_generator_c__visibility_control.h
[124.894s] -- Installing: /home/rasp/ros2_ws/install/sensor_msgs/include/sensor_msgs/sensor_msgs/msg/range.h
[124.894s] -- Installing: /home/rasp/ros2_ws/install/sensor_msgs/include/sensor_msgs/sensor_msgs/msg/joint_state.h
[124.894s] -- Installing: /home/rasp/ros2_ws/install/sensor_msgs/include/sensor_msgs/sensor_msgs/msg/battery_state.h
[124.895s] -- Installing: /home/rasp/ros2_ws/install/sensor_msgs/include/sensor_msgs/sensor_msgs/msg/point_cloud2.h
[124.895s] -- Installing: /home/rasp/ros2_ws/install/sensor_msgs/include/sensor_msgs/sensor_msgs/msg/point_cloud.h
[124.895s] -- Installing: /home/rasp/ros2_ws/install/sensor_msgs/include/sensor_msgs/sensor_msgs/msg/channel_float32.h
[124.895s] -- Installing: /home/rasp/ros2_ws/install/sensor_msgs/include/sensor_msgs/sensor_msgs/msg/image.h
[124.896s] -- Installing: /home/rasp/ros2_ws/install/sensor_msgs/include/sensor_msgs/sensor_msgs/msg/multi_dof_joint_state.h
[124.896s] -- Installing: /home/rasp/ros2_ws/install/sensor_msgs/include/sensor_msgs/sensor_msgs/msg/region_of_interest.h
[124.896s] -- Installing: /home/rasp/ros2_ws/install/sensor_msgs/include/sensor_msgs/sensor_msgs/msg/laser_echo.h
[124.897s] -- Installing: /home/rasp/ros2_ws/install/sensor_msgs/include/sensor_msgs/sensor_msgs/msg/temperature.h
[124.897s] -- Installing: /home/rasp/ros2_ws/install/sensor_msgs/include/sensor_msgs/sensor_msgs/msg/nav_sat_status.h
[124.897s] -- Installing: /home/rasp/ros2_ws/install/sensor_msgs/include/sensor_msgs/sensor_msgs/msg/joy.h
[124.898s] -- Installing: /home/rasp/ros2_ws/install/sensor_msgs/include/sensor_msgs/sensor_msgs/msg/compressed_image.h
[124.898s] -- Installing: /home/rasp/ros2_ws/install/sensor_msgs/include/sensor_msgs/sensor_msgs/msg/relative_humidity.h
[124.898s] -- Installing: /home/rasp/ros2_ws/install/sensor_msgs/include/sensor_msgs/sensor_msgs/msg/joy_feedback_array.h
[124.899s] -- Installing: /home/rasp/ros2_ws/install/sensor_msgs/include/sensor_msgs/sensor_msgs/srv
[124.899s] -- Installing: /home/rasp/ros2_ws/install/sensor_msgs/include/sensor_msgs/sensor_msgs/srv/detail
[124.899s] -- Installing: /home/rasp/ros2_ws/install/sensor_msgs/include/sensor_msgs/sensor_msgs/srv/detail/set_camera_info__functions.c
[124.899s] -- Installing: /home/rasp/ros2_ws/install/sensor_msgs/include/sensor_msgs/sensor_msgs/srv/detail/set_camera_info__description.c
[124.900s] -- Installing: /home/rasp/ros2_ws/install/sensor_msgs/include/sensor_msgs/sensor_msgs/srv/detail/set_camera_info__type_support.c
[124.900s] -- Installing: /home/rasp/ros2_ws/install/sensor_msgs/include/sensor_msgs/sensor_msgs/srv/detail/set_camera_info__struct.h
[124.900s] -- Installing: /home/rasp/ros2_ws/install/sensor_msgs/include/sensor_msgs/sensor_msgs/srv/detail/set_camera_info__type_support.h
[124.901s] -- Installing: /home/rasp/ros2_ws/install/sensor_msgs/include/sensor_msgs/sensor_msgs/srv/detail/set_camera_info__functions.h
[124.901s] -- Installing: /home/rasp/ros2_ws/install/sensor_msgs/include/sensor_msgs/sensor_msgs/srv/set_camera_info.h
[124.901s] -- Installing: /home/rasp/ros2_ws/install/sensor_msgs/share/sensor_msgs/environment/library_path.sh
[124.902s] -- Installing: /home/rasp/ros2_ws/install/sensor_msgs/share/sensor_msgs/environment/library_path.dsv
[124.902s] -- Installing: /home/rasp/ros2_ws/install/sensor_msgs/lib/libsensor_msgs__rosidl_generator_c.so
[124.903s] -- Set non-toolchain portion of runtime path of "/home/rasp/ros2_ws/install/sensor_msgs/lib/libsensor_msgs__rosidl_generator_c.so" to ""
[124.903s] -- Up-to-date: /home/rasp/ros2_ws/install/sensor_msgs/include/sensor_msgs/sensor_msgs
[124.906s] -- Up-to-date: /home/rasp/ros2_ws/install/sensor_msgs/include/sensor_msgs/sensor_msgs/msg
[124.906s] -- Up-to-date: /home/rasp/ros2_ws/install/sensor_msgs/include/sensor_msgs/sensor_msgs/msg/detail
[124.906s] -- Installing: /home/rasp/ros2_ws/install/sensor_msgs/include/sensor_msgs/sensor_msgs/msg/detail/image__rosidl_typesupport_fastrtps_c.h
[124.906s] -- Installing: /home/rasp/ros2_ws/install/sensor_msgs/include/sensor_msgs/sensor_msgs/msg/detail/nav_sat_status__rosidl_typesupport_fastrtps_c.h
[124.906s] -- Installing: /home/rasp/ros2_ws/install/sensor_msgs/include/sensor_msgs/sensor_msgs/msg/detail/joy_feedback_array__rosidl_typesupport_fastrtps_c.h
[124.906s] -- Installing: /home/rasp/ros2_ws/install/sensor_msgs/include/sensor_msgs/sensor_msgs/msg/detail/relative_humidity__rosidl_typesupport_fastrtps_c.h
[124.906s] -- Installing: /home/rasp/ros2_ws/install/sensor_msgs/include/sensor_msgs/sensor_msgs/msg/detail/joy__rosidl_typesupport_fastrtps_c.h
[124.906s] -- Installing: /home/rasp/ros2_ws/install/sensor_msgs/include/sensor_msgs/sensor_msgs/msg/detail/fluid_pressure__rosidl_typesupport_fastrtps_c.h
[124.906s] -- Installing: /home/rasp/ros2_ws/install/sensor_msgs/include/sensor_msgs/sensor_msgs/msg/detail/compressed_image__rosidl_typesupport_fastrtps_c.h
[124.906s] -- Installing: /home/rasp/ros2_ws/install/sensor_msgs/include/sensor_msgs/sensor_msgs/msg/detail/range__rosidl_typesupport_fastrtps_c.h
[124.906s] -- Installing: /home/rasp/ros2_ws/install/sensor_msgs/include/sensor_msgs/sensor_msgs/msg/detail/camera_info__rosidl_typesupport_fastrtps_c.h
[124.906s] -- Installing: /home/rasp/ros2_ws/install/sensor_msgs/include/sensor_msgs/sensor_msgs/msg/detail/time_reference__rosidl_typesupport_fastrtps_c.h
[124.907s] -- Installing: /home/rasp/ros2_ws/install/sensor_msgs/include/sensor_msgs/sensor_msgs/msg/detail/imu__rosidl_typesupport_fastrtps_c.h
[124.907s] -- Installing: /home/rasp/ros2_ws/install/sensor_msgs/include/sensor_msgs/sensor_msgs/msg/detail/channel_float32__rosidl_typesupport_fastrtps_c.h
[124.907s] -- Installing: /home/rasp/ros2_ws/install/sensor_msgs/include/sensor_msgs/sensor_msgs/msg/detail/point_cloud__rosidl_typesupport_fastrtps_c.h
[124.907s] -- Installing: /home/rasp/ros2_ws/install/sensor_msgs/include/sensor_msgs/sensor_msgs/msg/detail/point_field__rosidl_typesupport_fastrtps_c.h
[124.908s] -- Installing: /home/rasp/ros2_ws/install/sensor_msgs/include/sensor_msgs/sensor_msgs/msg/detail/point_cloud2__rosidl_typesupport_fastrtps_c.h
[124.908s] -- Installing: /home/rasp/ros2_ws/install/sensor_msgs/include/sensor_msgs/sensor_msgs/msg/detail/magnetic_field__rosidl_typesupport_fastrtps_c.h
[124.908s] -- Installing: /home/rasp/ros2_ws/install/sensor_msgs/include/sensor_msgs/sensor_msgs/msg/detail/nav_sat_fix__rosidl_typesupport_fastrtps_c.h
[124.908s] -- Installing: /home/rasp/ros2_ws/install/sensor_msgs/include/sensor_msgs/sensor_msgs/msg/detail/joint_state__rosidl_typesupport_fastrtps_c.h
[124.908s] -- Installing: /home/rasp/ros2_ws/install/sensor_msgs/include/sensor_msgs/sensor_msgs/msg/detail/illuminance__rosidl_typesupport_fastrtps_c.h
[124.908s] -- Installing: /home/rasp/ros2_ws/install/sensor_msgs/include/sensor_msgs/sensor_msgs/msg/detail/battery_state__rosidl_typesupport_fastrtps_c.h
[124.909s] -- Installing: /home/rasp/ros2_ws/install/sensor_msgs/include/sensor_msgs/sensor_msgs/msg/detail/temperature__rosidl_typesupport_fastrtps_c.h
[124.909s] -- Installing: /home/rasp/ros2_ws/install/sensor_msgs/include/sensor_msgs/sensor_msgs/msg/detail/laser_echo__rosidl_typesupport_fastrtps_c.h
[124.909s] -- Installing: /home/rasp/ros2_ws/install/sensor_msgs/include/sensor_msgs/sensor_msgs/msg/detail/multi_dof_joint_state__rosidl_typesupport_fastrtps_c.h
[124.910s] -- Installing: /home/rasp/ros2_ws/install/sensor_msgs/include/sensor_msgs/sensor_msgs/msg/detail/joy_feedback__rosidl_typesupport_fastrtps_c.h
[124.910s] -- Installing: /home/rasp/ros2_ws/install/sensor_msgs/include/sensor_msgs/sensor_msgs/msg/detail/laser_scan__rosidl_typesupport_fastrtps_c.h
[124.910s] -- Installing: /home/rasp/ros2_ws/install/sensor_msgs/include/sensor_msgs/sensor_msgs/msg/detail/multi_echo_laser_scan__rosidl_typesupport_fastrtps_c.h
[124.911s] -- Installing: /home/rasp/ros2_ws/install/sensor_msgs/include/sensor_msgs/sensor_msgs/msg/detail/region_of_interest__rosidl_typesupport_fastrtps_c.h
[124.911s] -- Installing: /home/rasp/ros2_ws/install/sensor_msgs/include/sensor_msgs/sensor_msgs/msg/rosidl_typesupport_fastrtps_c__visibility_control.h
[124.911s] -- Up-to-date: /home/rasp/ros2_ws/install/sensor_msgs/include/sensor_msgs/sensor_msgs/srv
[124.911s] -- Up-to-date: /home/rasp/ros2_ws/install/sensor_msgs/include/sensor_msgs/sensor_msgs/srv/detail
[124.912s] -- Installing: /home/rasp/ros2_ws/install/sensor_msgs/include/sensor_msgs/sensor_msgs/srv/detail/set_camera_info__rosidl_typesupport_fastrtps_c.h
[124.912s] -- Installing: /home/rasp/ros2_ws/install/sensor_msgs/lib/libsensor_msgs__rosidl_typesupport_fastrtps_c.so
[124.913s] -- Set non-toolchain portion of runtime path of "/home/rasp/ros2_ws/install/sensor_msgs/lib/libsensor_msgs__rosidl_typesupport_fastrtps_c.so" to ""
[124.913s] -- Up-to-date: /home/rasp/ros2_ws/install/sensor_msgs/include/sensor_msgs/sensor_msgs
[124.913s] -- Up-to-date: /home/rasp/ros2_ws/install/sensor_msgs/include/sensor_msgs/sensor_msgs/msg
[124.913s] -- Installing: /home/rasp/ros2_ws/install/sensor_msgs/include/sensor_msgs/sensor_msgs/msg/range.hpp
[124.914s] -- Installing: /home/rasp/ros2_ws/install/sensor_msgs/include/sensor_msgs/sensor_msgs/msg/joy.hpp
[124.914s] -- Installing: /home/rasp/ros2_ws/install/sensor_msgs/include/sensor_msgs/sensor_msgs/msg/relative_humidity.hpp
[124.914s] -- Installing: /home/rasp/ros2_ws/install/sensor_msgs/include/sensor_msgs/sensor_msgs/msg/laser_echo.hpp
[124.914s] -- Installing: /home/rasp/ros2_ws/install/sensor_msgs/include/sensor_msgs/sensor_msgs/msg/point_cloud.hpp
[124.915s] -- Installing: /home/rasp/ros2_ws/install/sensor_msgs/include/sensor_msgs/sensor_msgs/msg/battery_state.hpp
[124.915s] -- Installing: /home/rasp/ros2_ws/install/sensor_msgs/include/sensor_msgs/sensor_msgs/msg/region_of_interest.hpp
[124.916s] -- Installing: /home/rasp/ros2_ws/install/sensor_msgs/include/sensor_msgs/sensor_msgs/msg/point_cloud2.hpp
[124.916s] -- Installing: /home/rasp/ros2_ws/install/sensor_msgs/include/sensor_msgs/sensor_msgs/msg/fluid_pressure.hpp
[124.916s] -- Up-to-date: /home/rasp/ros2_ws/install/sensor_msgs/include/sensor_msgs/sensor_msgs/msg/detail
[124.916s] -- Installing: /home/rasp/ros2_ws/install/sensor_msgs/include/sensor_msgs/sensor_msgs/msg/detail/time_reference__struct.hpp
[124.917s] -- Installing: /home/rasp/ros2_ws/install/sensor_msgs/include/sensor_msgs/sensor_msgs/msg/detail/laser_echo__type_support.hpp
[124.917s] -- Installing: /home/rasp/ros2_ws/install/sensor_msgs/include/sensor_msgs/sensor_msgs/msg/detail/multi_echo_laser_scan__type_support.hpp
[124.917s] -- Installing: /home/rasp/ros2_ws/install/sensor_msgs/include/sensor_msgs/sensor_msgs/msg/detail/joy_feedback_array__traits.hpp
[124.918s] -- Installing: /home/rasp/ros2_ws/install/sensor_msgs/include/sensor_msgs/sensor_msgs/msg/detail/relative_humidity__struct.hpp
[124.918s] -- Installing: /home/rasp/ros2_ws/install/sensor_msgs/include/sensor_msgs/sensor_msgs/msg/detail/point_field__struct.hpp
[124.918s] -- Installing: /home/rasp/ros2_ws/install/sensor_msgs/include/sensor_msgs/sensor_msgs/msg/detail/camera_info__traits.hpp
[124.918s] -- Installing: /home/rasp/ros2_ws/install/sensor_msgs/include/sensor_msgs/sensor_msgs/msg/detail/nav_sat_status__struct.hpp
[124.919s] -- Installing: /home/rasp/ros2_ws/install/sensor_msgs/include/sensor_msgs/sensor_msgs/msg/detail/channel_float32__traits.hpp
[124.919s] -- Installing: /home/rasp/ros2_ws/install/sensor_msgs/include/sensor_msgs/sensor_msgs/msg/detail/joint_state__struct.hpp
[124.919s] -- Installing: /home/rasp/ros2_ws/install/sensor_msgs/include/sensor_msgs/sensor_msgs/msg/detail/laser_echo__struct.hpp
[124.920s] -- Installing: /home/rasp/ros2_ws/install/sensor_msgs/include/sensor_msgs/sensor_msgs/msg/detail/illuminance__builder.hpp
[124.922s] -- Installing: /home/rasp/ros2_ws/install/sensor_msgs/include/sensor_msgs/sensor_msgs/msg/detail/nav_sat_fix__traits.hpp
[124.923s] -- Installing: /home/rasp/ros2_ws/install/sensor_msgs/include/sensor_msgs/sensor_msgs/msg/detail/range__type_support.hpp
[124.923s] -- Installing: /home/rasp/ros2_ws/install/sensor_msgs/include/sensor_msgs/sensor_msgs/msg/detail/compressed_image__struct.hpp
[124.923s] -- Installing: /home/rasp/ros2_ws/install/sensor_msgs/include/sensor_msgs/sensor_msgs/msg/detail/multi_dof_joint_state__type_support.hpp
[124.923s] -- Installing: /home/rasp/ros2_ws/install/sensor_msgs/include/sensor_msgs/sensor_msgs/msg/detail/battery_state__builder.hpp
[124.924s] -- Installing: /home/rasp/ros2_ws/install/sensor_msgs/include/sensor_msgs/sensor_msgs/msg/detail/multi_echo_laser_scan__builder.hpp
[124.924s] -- Installing: /home/rasp/ros2_ws/install/sensor_msgs/include/sensor_msgs/sensor_msgs/msg/detail/relative_humidity__builder.hpp
[124.924s] -- Installing: /home/rasp/ros2_ws/install/sensor_msgs/include/sensor_msgs/sensor_msgs/msg/detail/temperature__traits.hpp
[124.925s] -- Installing: /home/rasp/ros2_ws/install/sensor_msgs/include/sensor_msgs/sensor_msgs/msg/detail/fluid_pressure__traits.hpp
[124.925s] -- Installing: /home/rasp/ros2_ws/install/sensor_msgs/include/sensor_msgs/sensor_msgs/msg/detail/compressed_image__traits.hpp
[124.926s] -- Installing: /home/rasp/ros2_ws/install/sensor_msgs/include/sensor_msgs/sensor_msgs/msg/detail/fluid_pressure__builder.hpp
[124.926s] -- Installing: /home/rasp/ros2_ws/install/sensor_msgs/include/sensor_msgs/sensor_msgs/msg/detail/imu__builder.hpp
[124.927s] -- Installing: /home/rasp/ros2_ws/install/sensor_msgs/include/sensor_msgs/sensor_msgs/msg/detail/laser_echo__traits.hpp
[124.927s] -- Installing: /home/rasp/ros2_ws/install/sensor_msgs/include/sensor_msgs/sensor_msgs/msg/detail/region_of_interest__struct.hpp
[124.927s] -- Installing: /home/rasp/ros2_ws/install/sensor_msgs/include/sensor_msgs/sensor_msgs/msg/detail/point_field__type_support.hpp
[124.928s] -- Installing: /home/rasp/ros2_ws/install/sensor_msgs/include/sensor_msgs/sensor_msgs/msg/detail/multi_dof_joint_state__struct.hpp
[124.928s] -- Installing: /home/rasp/ros2_ws/install/sensor_msgs/include/sensor_msgs/sensor_msgs/msg/detail/camera_info__builder.hpp
[124.928s] -- Installing: /home/rasp/ros2_ws/install/sensor_msgs/include/sensor_msgs/sensor_msgs/msg/detail/point_cloud__type_support.hpp
[124.929s] -- Installing: /home/rasp/ros2_ws/install/sensor_msgs/include/sensor_msgs/sensor_msgs/msg/detail/laser_scan__type_support.hpp
[124.929s] -- Installing: /home/rasp/ros2_ws/install/sensor_msgs/include/sensor_msgs/sensor_msgs/msg/detail/joy_feedback_array__struct.hpp
[124.930s] -- Installing: /home/rasp/ros2_ws/install/sensor_msgs/include/sensor_msgs/sensor_msgs/msg/detail/camera_info__struct.hpp
[124.930s] -- Installing: /home/rasp/ros2_ws/install/sensor_msgs/include/sensor_msgs/sensor_msgs/msg/detail/nav_sat_fix__builder.hpp
[124.930s] -- Installing: /home/rasp/ros2_ws/install/sensor_msgs/include/sensor_msgs/sensor_msgs/msg/detail/magnetic_field__type_support.hpp
[124.931s] -- Installing: /home/rasp/ros2_ws/install/sensor_msgs/include/sensor_msgs/sensor_msgs/msg/detail/nav_sat_fix__struct.hpp
[124.931s] -- Installing: /home/rasp/ros2_ws/install/sensor_msgs/include/sensor_msgs/sensor_msgs/msg/detail/magnetic_field__struct.hpp
[124.931s] -- Installing: /home/rasp/ros2_ws/install/sensor_msgs/include/sensor_msgs/sensor_msgs/msg/detail/joy__builder.hpp
[124.932s] -- Installing: /home/rasp/ros2_ws/install/sensor_msgs/include/sensor_msgs/sensor_msgs/msg/detail/point_cloud2__type_support.hpp
[124.932s] -- Installing: /home/rasp/ros2_ws/install/sensor_msgs/include/sensor_msgs/sensor_msgs/msg/detail/point_cloud__traits.hpp
[124.933s] -- Installing: /home/rasp/ros2_ws/install/sensor_msgs/include/sensor_msgs/sensor_msgs/msg/detail/time_reference__builder.hpp
[124.933s] -- Installing: /home/rasp/ros2_ws/install/sensor_msgs/include/sensor_msgs/sensor_msgs/msg/detail/joy_feedback_array__type_support.hpp
[124.933s] -- Installing: /home/rasp/ros2_ws/install/sensor_msgs/include/sensor_msgs/sensor_msgs/msg/detail/point_cloud__builder.hpp
[124.933s] -- Installing: /home/rasp/ros2_ws/install/sensor_msgs/include/sensor_msgs/sensor_msgs/msg/detail/imu__struct.hpp
[124.934s] -- Installing: /home/rasp/ros2_ws/install/sensor_msgs/include/sensor_msgs/sensor_msgs/msg/detail/relative_humidity__type_support.hpp
[124.934s] -- Installing: /home/rasp/ros2_ws/install/sensor_msgs/include/sensor_msgs/sensor_msgs/msg/detail/point_cloud2__builder.hpp
[124.934s] -- Installing: /home/rasp/ros2_ws/install/sensor_msgs/include/sensor_msgs/sensor_msgs/msg/detail/channel_float32__builder.hpp
[124.934s] -- Installing: /home/rasp/ros2_ws/install/sensor_msgs/include/sensor_msgs/sensor_msgs/msg/detail/joy_feedback__type_support.hpp
[124.935s] -- Installing: /home/rasp/ros2_ws/install/sensor_msgs/include/sensor_msgs/sensor_msgs/msg/detail/image__builder.hpp
[124.935s] -- Installing: /home/rasp/ros2_ws/install/sensor_msgs/include/sensor_msgs/sensor_msgs/msg/detail/point_field__builder.hpp
[124.935s] -- Installing: /home/rasp/ros2_ws/install/sensor_msgs/include/sensor_msgs/sensor_msgs/msg/detail/fluid_pressure__struct.hpp
[124.936s] -- Installing: /home/rasp/ros2_ws/install/sensor_msgs/include/sensor_msgs/sensor_msgs/msg/detail/nav_sat_status__builder.hpp
[124.936s] -- Installing: /home/rasp/ros2_ws/install/sensor_msgs/include/sensor_msgs/sensor_msgs/msg/detail/nav_sat_status__traits.hpp
[124.937s] -- Installing: /home/rasp/ros2_ws/install/sensor_msgs/include/sensor_msgs/sensor_msgs/msg/detail/temperature__struct.hpp
[124.937s] -- Installing: /home/rasp/ros2_ws/install/sensor_msgs/include/sensor_msgs/sensor_msgs/msg/detail/illuminance__type_support.hpp
[124.937s] -- Installing: /home/rasp/ros2_ws/install/sensor_msgs/include/sensor_msgs/sensor_msgs/msg/detail/compressed_image__builder.hpp
[124.937s] -- Installing: /home/rasp/ros2_ws/install/sensor_msgs/include/sensor_msgs/sensor_msgs/msg/detail/battery_state__type_support.hpp
[124.938s] -- Installing: /home/rasp/ros2_ws/install/sensor_msgs/include/sensor_msgs/sensor_msgs/msg/detail/region_of_interest__type_support.hpp
[124.938s] -- Installing: /home/rasp/ros2_ws/install/sensor_msgs/include/sensor_msgs/sensor_msgs/msg/detail/multi_echo_laser_scan__traits.hpp
[124.939s] -- Installing: /home/rasp/ros2_ws/install/sensor_msgs/include/sensor_msgs/sensor_msgs/msg/detail/region_of_interest__builder.hpp
[124.939s] -- Installing: /home/rasp/ros2_ws/install/sensor_msgs/include/sensor_msgs/sensor_msgs/msg/detail/compressed_image__type_support.hpp
[124.939s] -- Installing: /home/rasp/ros2_ws/install/sensor_msgs/include/sensor_msgs/sensor_msgs/msg/detail/illuminance__traits.hpp
[124.939s] -- Installing: /home/rasp/ros2_ws/install/sensor_msgs/include/sensor_msgs/sensor_msgs/msg/detail/joy__traits.hpp
[124.940s] -- Installing: /home/rasp/ros2_ws/install/sensor_msgs/include/sensor_msgs/sensor_msgs/msg/detail/image__struct.hpp
[124.940s] -- Installing: /home/rasp/ros2_ws/install/sensor_msgs/include/sensor_msgs/sensor_msgs/msg/detail/laser_scan__traits.hpp
[124.941s] -- Installing: /home/rasp/ros2_ws/install/sensor_msgs/include/sensor_msgs/sensor_msgs/msg/detail/point_field__traits.hpp
[124.941s] -- Installing: /home/rasp/ros2_ws/install/sensor_msgs/include/sensor_msgs/sensor_msgs/msg/detail/joy_feedback_array__builder.hpp
[124.941s] -- Installing: /home/rasp/ros2_ws/install/sensor_msgs/include/sensor_msgs/sensor_msgs/msg/detail/point_cloud__struct.hpp
[124.941s] -- Installing: /home/rasp/ros2_ws/install/sensor_msgs/include/sensor_msgs/sensor_msgs/msg/detail/laser_scan__builder.hpp
[124.942s] -- Installing: /home/rasp/ros2_ws/install/sensor_msgs/include/sensor_msgs/sensor_msgs/msg/detail/joy__type_support.hpp
[124.942s] -- Installing: /home/rasp/ros2_ws/install/sensor_msgs/include/sensor_msgs/sensor_msgs/msg/detail/joy__struct.hpp
[124.942s] -- Installing: /home/rasp/ros2_ws/install/sensor_msgs/include/sensor_msgs/sensor_msgs/msg/detail/nav_sat_fix__type_support.hpp
[124.943s] -- Installing: /home/rasp/ros2_ws/install/sensor_msgs/include/sensor_msgs/sensor_msgs/msg/detail/magnetic_field__traits.hpp
[124.943s] -- Installing: /home/rasp/ros2_ws/install/sensor_msgs/include/sensor_msgs/sensor_msgs/msg/detail/battery_state__traits.hpp
[124.943s] -- Installing: /home/rasp/ros2_ws/install/sensor_msgs/include/sensor_msgs/sensor_msgs/msg/detail/multi_echo_laser_scan__struct.hpp
[124.945s] -- Installing: /home/rasp/ros2_ws/install/sensor_msgs/include/sensor_msgs/sensor_msgs/msg/detail/relative_humidity__traits.hpp
[124.945s] -- Installing: /home/rasp/ros2_ws/install/sensor_msgs/include/sensor_msgs/sensor_msgs/msg/detail/camera_info__type_support.hpp
[124.945s] -- Installing: /home/rasp/ros2_ws/install/sensor_msgs/include/sensor_msgs/sensor_msgs/msg/detail/region_of_interest__traits.hpp
[124.945s] -- Installing: /home/rasp/ros2_ws/install/sensor_msgs/include/sensor_msgs/sensor_msgs/msg/detail/temperature__builder.hpp
[124.945s] -- Installing: /home/rasp/ros2_ws/install/sensor_msgs/include/sensor_msgs/sensor_msgs/msg/detail/joy_feedback__builder.hpp
[124.945s] -- Installing: /home/rasp/ros2_ws/install/sensor_msgs/include/sensor_msgs/sensor_msgs/msg/detail/magnetic_field__builder.hpp
[124.945s] -- Installing: /home/rasp/ros2_ws/install/sensor_msgs/include/sensor_msgs/sensor_msgs/msg/detail/channel_float32__struct.hpp
[124.945s] -- Installing: /home/rasp/ros2_ws/install/sensor_msgs/include/sensor_msgs/sensor_msgs/msg/detail/joint_state__traits.hpp
[124.945s] -- Installing: /home/rasp/ros2_ws/install/sensor_msgs/include/sensor_msgs/sensor_msgs/msg/detail/imu__traits.hpp
[124.946s] -- Installing: /home/rasp/ros2_ws/install/sensor_msgs/include/sensor_msgs/sensor_msgs/msg/detail/fluid_pressure__type_support.hpp
[124.946s] -- Installing: /home/rasp/ros2_ws/install/sensor_msgs/include/sensor_msgs/sensor_msgs/msg/detail/time_reference__type_support.hpp
[124.946s] -- Installing: /home/rasp/ros2_ws/install/sensor_msgs/include/sensor_msgs/sensor_msgs/msg/detail/point_cloud2__struct.hpp
[124.947s] -- Installing: /home/rasp/ros2_ws/install/sensor_msgs/include/sensor_msgs/sensor_msgs/msg/detail/time_reference__traits.hpp
[124.947s] -- Installing: /home/rasp/ros2_ws/install/sensor_msgs/include/sensor_msgs/sensor_msgs/msg/detail/range__struct.hpp
[124.948s] -- Installing: /home/rasp/ros2_ws/install/sensor_msgs/include/sensor_msgs/sensor_msgs/msg/detail/laser_echo__builder.hpp
[124.948s] -- Installing: /home/rasp/ros2_ws/install/sensor_msgs/include/sensor_msgs/sensor_msgs/msg/detail/illuminance__struct.hpp
[124.948s] -- Installing: /home/rasp/ros2_ws/install/sensor_msgs/include/sensor_msgs/sensor_msgs/msg/detail/channel_float32__type_support.hpp
[124.948s] -- Installing: /home/rasp/ros2_ws/install/sensor_msgs/include/sensor_msgs/sensor_msgs/msg/detail/point_cloud2__traits.hpp
[124.949s] -- Installing: /home/rasp/ros2_ws/install/sensor_msgs/include/sensor_msgs/sensor_msgs/msg/detail/joy_feedback__struct.hpp
[124.949s] -- Installing: /home/rasp/ros2_ws/install/sensor_msgs/include/sensor_msgs/sensor_msgs/msg/detail/joint_state__type_support.hpp
[124.949s] -- Installing: /home/rasp/ros2_ws/install/sensor_msgs/include/sensor_msgs/sensor_msgs/msg/detail/range__traits.hpp
[124.950s] -- Installing: /home/rasp/ros2_ws/install/sensor_msgs/include/sensor_msgs/sensor_msgs/msg/detail/imu__type_support.hpp
[124.950s] -- Installing: /home/rasp/ros2_ws/install/sensor_msgs/include/sensor_msgs/sensor_msgs/msg/detail/joy_feedback__traits.hpp
[124.950s] -- Installing: /home/rasp/ros2_ws/install/sensor_msgs/include/sensor_msgs/sensor_msgs/msg/detail/laser_scan__struct.hpp
[124.950s] -- Installing: /home/rasp/ros2_ws/install/sensor_msgs/include/sensor_msgs/sensor_msgs/msg/detail/multi_dof_joint_state__traits.hpp
[124.951s] -- Installing: /home/rasp/ros2_ws/install/sensor_msgs/include/sensor_msgs/sensor_msgs/msg/detail/joint_state__builder.hpp
[124.951s] -- Installing: /home/rasp/ros2_ws/install/sensor_msgs/include/sensor_msgs/sensor_msgs/msg/detail/image__type_support.hpp
[124.951s] -- Installing: /home/rasp/ros2_ws/install/sensor_msgs/include/sensor_msgs/sensor_msgs/msg/detail/nav_sat_status__type_support.hpp
[124.952s] -- Installing: /home/rasp/ros2_ws/install/sensor_msgs/include/sensor_msgs/sensor_msgs/msg/detail/multi_dof_joint_state__builder.hpp
[124.952s] -- Installing: /home/rasp/ros2_ws/install/sensor_msgs/include/sensor_msgs/sensor_msgs/msg/detail/image__traits.hpp
[124.953s] -- Installing: /home/rasp/ros2_ws/install/sensor_msgs/include/sensor_msgs/sensor_msgs/msg/detail/battery_state__struct.hpp
[124.953s] -- Installing: /home/rasp/ros2_ws/install/sensor_msgs/include/sensor_msgs/sensor_msgs/msg/detail/range__builder.hpp
[124.953s] -- Installing: /home/rasp/ros2_ws/install/sensor_msgs/include/sensor_msgs/sensor_msgs/msg/detail/temperature__type_support.hpp
[124.953s] -- Installing: /home/rasp/ros2_ws/install/sensor_msgs/include/sensor_msgs/sensor_msgs/msg/illuminance.hpp
[124.954s] -- Installing: /home/rasp/ros2_ws/install/sensor_msgs/include/sensor_msgs/sensor_msgs/msg/imu.hpp
[124.954s] -- Installing: /home/rasp/ros2_ws/install/sensor_msgs/include/sensor_msgs/sensor_msgs/msg/joy_feedback_array.hpp
[124.954s] -- Installing: /home/rasp/ros2_ws/install/sensor_msgs/include/sensor_msgs/sensor_msgs/msg/compressed_image.hpp
[124.955s] -- Installing: /home/rasp/ros2_ws/install/sensor_msgs/include/sensor_msgs/sensor_msgs/msg/multi_echo_laser_scan.hpp
[124.955s] -- Installing: /home/rasp/ros2_ws/install/sensor_msgs/include/sensor_msgs/sensor_msgs/msg/point_field.hpp
[124.955s] -- Installing: /home/rasp/ros2_ws/install/sensor_msgs/include/sensor_msgs/sensor_msgs/msg/nav_sat_status.hpp
[124.956s] -- Installing: /home/rasp/ros2_ws/install/sensor_msgs/include/sensor_msgs/sensor_msgs/msg/laser_scan.hpp
[124.956s] -- Installing: /home/rasp/ros2_ws/install/sensor_msgs/include/sensor_msgs/sensor_msgs/msg/magnetic_field.hpp
[124.956s] -- Installing: /home/rasp/ros2_ws/install/sensor_msgs/include/sensor_msgs/sensor_msgs/msg/image.hpp
[124.957s] -- Installing: /home/rasp/ros2_ws/install/sensor_msgs/include/sensor_msgs/sensor_msgs/msg/temperature.hpp
[124.957s] -- Installing: /home/rasp/ros2_ws/install/sensor_msgs/include/sensor_msgs/sensor_msgs/msg/joint_state.hpp
[124.957s] -- Installing: /home/rasp/ros2_ws/install/sensor_msgs/include/sensor_msgs/sensor_msgs/msg/time_reference.hpp
[124.957s] -- Installing: /home/rasp/ros2_ws/install/sensor_msgs/include/sensor_msgs/sensor_msgs/msg/channel_float32.hpp
[124.958s] -- Installing: /home/rasp/ros2_ws/install/sensor_msgs/include/sensor_msgs/sensor_msgs/msg/rosidl_generator_cpp__visibility_control.hpp
[124.958s] -- Installing: /home/rasp/ros2_ws/install/sensor_msgs/include/sensor_msgs/sensor_msgs/msg/camera_info.hpp
[124.958s] -- Installing: /home/rasp/ros2_ws/install/sensor_msgs/include/sensor_msgs/sensor_msgs/msg/nav_sat_fix.hpp
[124.959s] -- Installing: /home/rasp/ros2_ws/install/sensor_msgs/include/sensor_msgs/sensor_msgs/msg/multi_dof_joint_state.hpp
[124.959s] -- Installing: /home/rasp/ros2_ws/install/sensor_msgs/include/sensor_msgs/sensor_msgs/msg/joy_feedback.hpp
[124.959s] -- Up-to-date: /home/rasp/ros2_ws/install/sensor_msgs/include/sensor_msgs/sensor_msgs/srv
[124.960s] -- Up-to-date: /home/rasp/ros2_ws/install/sensor_msgs/include/sensor_msgs/sensor_msgs/srv/detail
[124.960s] -- Installing: /home/rasp/ros2_ws/install/sensor_msgs/include/sensor_msgs/sensor_msgs/srv/detail/set_camera_info__builder.hpp
[124.960s] -- Installing: /home/rasp/ros2_ws/install/sensor_msgs/include/sensor_msgs/sensor_msgs/srv/detail/set_camera_info__type_support.hpp
[124.961s] -- Installing: /home/rasp/ros2_ws/install/sensor_msgs/include/sensor_msgs/sensor_msgs/srv/detail/set_camera_info__traits.hpp
[124.961s] -- Installing: /home/rasp/ros2_ws/install/sensor_msgs/include/sensor_msgs/sensor_msgs/srv/detail/set_camera_info__struct.hpp
[124.961s] -- Installing: /home/rasp/ros2_ws/install/sensor_msgs/include/sensor_msgs/sensor_msgs/srv/set_camera_info.hpp
[124.961s] -- Up-to-date: /home/rasp/ros2_ws/install/sensor_msgs/include/sensor_msgs/sensor_msgs
[124.962s] -- Up-to-date: /home/rasp/ros2_ws/install/sensor_msgs/include/sensor_msgs/sensor_msgs/msg
[124.962s] -- Up-to-date: /home/rasp/ros2_ws/install/sensor_msgs/include/sensor_msgs/sensor_msgs/msg/detail
[124.963s] -- Installing: /home/rasp/ros2_ws/install/sensor_msgs/include/sensor_msgs/sensor_msgs/msg/detail/point_field__rosidl_typesupport_fastrtps_cpp.hpp
[124.963s] -- Installing: /home/rasp/ros2_ws/install/sensor_msgs/include/sensor_msgs/sensor_msgs/msg/detail/laser_scan__rosidl_typesupport_fastrtps_cpp.hpp
[124.963s] -- Installing: /home/rasp/ros2_ws/install/sensor_msgs/include/sensor_msgs/sensor_msgs/msg/detail/multi_dof_joint_state__rosidl_typesupport_fastrtps_cpp.hpp
[124.963s] -- Installing: /home/rasp/ros2_ws/install/sensor_msgs/include/sensor_msgs/sensor_msgs/msg/detail/illuminance__rosidl_typesupport_fastrtps_cpp.hpp
[124.964s] -- Installing: /home/rasp/ros2_ws/install/sensor_msgs/include/sensor_msgs/sensor_msgs/msg/detail/imu__rosidl_typesupport_fastrtps_cpp.hpp
[124.964s] -- Installing: /home/rasp/ros2_ws/install/sensor_msgs/include/sensor_msgs/sensor_msgs/msg/detail/magnetic_field__rosidl_typesupport_fastrtps_cpp.hpp
[124.964s] -- Installing: /home/rasp/ros2_ws/install/sensor_msgs/include/sensor_msgs/sensor_msgs/msg/detail/range__rosidl_typesupport_fastrtps_cpp.hpp
[124.965s] -- Installing: /home/rasp/ros2_ws/install/sensor_msgs/include/sensor_msgs/sensor_msgs/msg/detail/multi_echo_laser_scan__rosidl_typesupport_fastrtps_cpp.hpp
[124.965s] -- Installing: /home/rasp/ros2_ws/install/sensor_msgs/include/sensor_msgs/sensor_msgs/msg/detail/point_cloud2__rosidl_typesupport_fastrtps_cpp.hpp
[124.965s] -- Installing: /home/rasp/ros2_ws/install/sensor_msgs/include/sensor_msgs/sensor_msgs/msg/detail/battery_state__rosidl_typesupport_fastrtps_cpp.hpp
[124.965s] -- Installing: /home/rasp/ros2_ws/install/sensor_msgs/include/sensor_msgs/sensor_msgs/msg/detail/nav_sat_status__rosidl_typesupport_fastrtps_cpp.hpp
[124.966s] -- Installing: /home/rasp/ros2_ws/install/sensor_msgs/include/sensor_msgs/sensor_msgs/msg/detail/dds_fastrtps
[124.966s] -- Installing: /home/rasp/ros2_ws/install/sensor_msgs/include/sensor_msgs/sensor_msgs/msg/detail/time_reference__rosidl_typesupport_fastrtps_cpp.hpp
[124.966s] -- Installing: /home/rasp/ros2_ws/install/sensor_msgs/include/sensor_msgs/sensor_msgs/msg/detail/point_cloud__rosidl_typesupport_fastrtps_cpp.hpp
[124.967s] -- Installing: /home/rasp/ros2_ws/install/sensor_msgs/include/sensor_msgs/sensor_msgs/msg/detail/channel_float32__rosidl_typesupport_fastrtps_cpp.hpp
[124.967s] -- Installing: /home/rasp/ros2_ws/install/sensor_msgs/include/sensor_msgs/sensor_msgs/msg/detail/fluid_pressure__rosidl_typesupport_fastrtps_cpp.hpp
[124.967s] -- Installing: /home/rasp/ros2_ws/install/sensor_msgs/include/sensor_msgs/sensor_msgs/msg/detail/camera_info__rosidl_typesupport_fastrtps_cpp.hpp
[124.968s] -- Installing: /home/rasp/ros2_ws/install/sensor_msgs/include/sensor_msgs/sensor_msgs/msg/detail/joint_state__rosidl_typesupport_fastrtps_cpp.hpp
[124.968s] -- Installing: /home/rasp/ros2_ws/install/sensor_msgs/include/sensor_msgs/sensor_msgs/msg/detail/temperature__rosidl_typesupport_fastrtps_cpp.hpp
[124.968s] -- Installing: /home/rasp/ros2_ws/install/sensor_msgs/include/sensor_msgs/sensor_msgs/msg/detail/joy_feedback_array__rosidl_typesupport_fastrtps_cpp.hpp
[124.969s] -- Installing: /home/rasp/ros2_ws/install/sensor_msgs/include/sensor_msgs/sensor_msgs/msg/detail/image__rosidl_typesupport_fastrtps_cpp.hpp
[124.969s] -- Installing: /home/rasp/ros2_ws/install/sensor_msgs/include/sensor_msgs/sensor_msgs/msg/detail/relative_humidity__rosidl_typesupport_fastrtps_cpp.hpp
[124.969s] -- Installing: /home/rasp/ros2_ws/install/sensor_msgs/include/sensor_msgs/sensor_msgs/msg/detail/joy_feedback__rosidl_typesupport_fastrtps_cpp.hpp
[124.969s] -- Installing: /home/rasp/ros2_ws/install/sensor_msgs/include/sensor_msgs/sensor_msgs/msg/detail/region_of_interest__rosidl_typesupport_fastrtps_cpp.hpp
[124.970s] -- Installing: /home/rasp/ros2_ws/install/sensor_msgs/include/sensor_msgs/sensor_msgs/msg/detail/joy__rosidl_typesupport_fastrtps_cpp.hpp
[124.970s] -- Installing: /home/rasp/ros2_ws/install/sensor_msgs/include/sensor_msgs/sensor_msgs/msg/detail/laser_echo__rosidl_typesupport_fastrtps_cpp.hpp
[124.970s] -- Installing: /home/rasp/ros2_ws/install/sensor_msgs/include/sensor_msgs/sensor_msgs/msg/detail/nav_sat_fix__rosidl_typesupport_fastrtps_cpp.hpp
[124.971s] -- Installing: /home/rasp/ros2_ws/install/sensor_msgs/include/sensor_msgs/sensor_msgs/msg/detail/compressed_image__rosidl_typesupport_fastrtps_cpp.hpp
[124.971s] -- Installing: /home/rasp/ros2_ws/install/sensor_msgs/include/sensor_msgs/sensor_msgs/msg/rosidl_typesupport_fastrtps_cpp__visibility_control.h
[124.971s] -- Up-to-date: /home/rasp/ros2_ws/install/sensor_msgs/include/sensor_msgs/sensor_msgs/srv
[124.971s] -- Up-to-date: /home/rasp/ros2_ws/install/sensor_msgs/include/sensor_msgs/sensor_msgs/srv/detail
[124.972s] -- Installing: /home/rasp/ros2_ws/install/sensor_msgs/include/sensor_msgs/sensor_msgs/srv/detail/set_camera_info__rosidl_typesupport_fastrtps_cpp.hpp
[124.972s] -- Installing: /home/rasp/ros2_ws/install/sensor_msgs/include/sensor_msgs/sensor_msgs/srv/detail/dds_fastrtps
[124.972s] -- Installing: /home/rasp/ros2_ws/install/sensor_msgs/lib/libsensor_msgs__rosidl_typesupport_fastrtps_cpp.so
[124.973s] -- Set non-toolchain portion of runtime path of "/home/rasp/ros2_ws/install/sensor_msgs/lib/libsensor_msgs__rosidl_typesupport_fastrtps_cpp.so" to ""
[124.974s] -- Up-to-date: /home/rasp/ros2_ws/install/sensor_msgs/include/sensor_msgs
[124.975s] -- Installing: /home/rasp/ros2_ws/install/sensor_msgs/include/sensor_msgs/msg
[124.975s] -- Installing: /home/rasp/ros2_ws/install/sensor_msgs/include/sensor_msgs/msg/detail
[124.975s] -- Installing: /home/rasp/ros2_ws/install/sensor_msgs/include/sensor_msgs/msg/detail/multi_echo_laser_scan__rosidl_typesupport_microxrcedds_c.h
[124.975s] -- Installing: /home/rasp/ros2_ws/install/sensor_msgs/include/sensor_msgs/msg/detail/laser_scan__rosidl_typesupport_microxrcedds_c.h
[124.975s] -- Installing: /home/rasp/ros2_ws/install/sensor_msgs/include/sensor_msgs/msg/detail/joy_feedback_array__rosidl_typesupport_microxrcedds_c.h
[124.975s] -- Installing: /home/rasp/ros2_ws/install/sensor_msgs/include/sensor_msgs/msg/detail/point_field__rosidl_typesupport_microxrcedds_c.h
[124.976s] -- Installing: /home/rasp/ros2_ws/install/sensor_msgs/include/sensor_msgs/msg/detail/fluid_pressure__rosidl_typesupport_microxrcedds_c.h
[124.976s] -- Installing: /home/rasp/ros2_ws/install/sensor_msgs/include/sensor_msgs/msg/detail/relative_humidity__rosidl_typesupport_microxrcedds_c.h
[124.976s] -- Installing: /home/rasp/ros2_ws/install/sensor_msgs/include/sensor_msgs/msg/detail/battery_state__rosidl_typesupport_microxrcedds_c.h
[124.976s] -- Installing: /home/rasp/ros2_ws/install/sensor_msgs/include/sensor_msgs/msg/detail/range__rosidl_typesupport_microxrcedds_c.h
[124.977s] -- Installing: /home/rasp/ros2_ws/install/sensor_msgs/include/sensor_msgs/msg/detail/joy__rosidl_typesupport_microxrcedds_c.h
[124.977s] -- Installing: /home/rasp/ros2_ws/install/sensor_msgs/include/sensor_msgs/msg/detail/image__rosidl_typesupport_microxrcedds_c.h
[124.978s] -- Installing: /home/rasp/ros2_ws/install/sensor_msgs/include/sensor_msgs/msg/detail/region_of_interest__rosidl_typesupport_microxrcedds_c.h
[124.978s] -- Installing: /home/rasp/ros2_ws/install/sensor_msgs/include/sensor_msgs/msg/detail/joy_feedback__rosidl_typesupport_microxrcedds_c.h
[124.978s] -- Installing: /home/rasp/ros2_ws/install/sensor_msgs/include/sensor_msgs/msg/detail/channel_float32__rosidl_typesupport_microxrcedds_c.h
[124.978s] -- Installing: /home/rasp/ros2_ws/install/sensor_msgs/include/sensor_msgs/msg/detail/nav_sat_status__rosidl_typesupport_microxrcedds_c.h
[124.979s] -- Installing: /home/rasp/ros2_ws/install/sensor_msgs/include/sensor_msgs/msg/detail/nav_sat_fix__rosidl_typesupport_microxrcedds_c.h
[124.979s] -- Installing: /home/rasp/ros2_ws/install/sensor_msgs/include/sensor_msgs/msg/detail/point_cloud__rosidl_typesupport_microxrcedds_c.h
[124.979s] -- Installing: /home/rasp/ros2_ws/install/sensor_msgs/include/sensor_msgs/msg/detail/time_reference__rosidl_typesupport_microxrcedds_c.h
[124.980s] -- Installing: /home/rasp/ros2_ws/install/sensor_msgs/include/sensor_msgs/msg/detail/laser_echo__rosidl_typesupport_microxrcedds_c.h
[124.982s] -- Installing: /home/rasp/ros2_ws/install/sensor_msgs/include/sensor_msgs/msg/detail/illuminance__rosidl_typesupport_microxrcedds_c.h
[124.982s] -- Installing: /home/rasp/ros2_ws/install/sensor_msgs/include/sensor_msgs/msg/detail/camera_info__rosidl_typesupport_microxrcedds_c.h
[124.982s] -- Installing: /home/rasp/ros2_ws/install/sensor_msgs/include/sensor_msgs/msg/detail/point_cloud2__rosidl_typesupport_microxrcedds_c.h
[124.982s] -- Installing: /home/rasp/ros2_ws/install/sensor_msgs/include/sensor_msgs/msg/detail/multi_dof_joint_state__rosidl_typesupport_microxrcedds_c.h
[124.982s] -- Installing: /home/rasp/ros2_ws/install/sensor_msgs/include/sensor_msgs/msg/detail/microxrcedds
[124.982s] -- Installing: /home/rasp/ros2_ws/install/sensor_msgs/include/sensor_msgs/msg/detail/imu__rosidl_typesupport_microxrcedds_c.h
[124.982s] -- Installing: /home/rasp/ros2_ws/install/sensor_msgs/include/sensor_msgs/msg/detail/joint_state__rosidl_typesupport_microxrcedds_c.h
[124.982s] -- Installing: /home/rasp/ros2_ws/install/sensor_msgs/include/sensor_msgs/msg/detail/temperature__rosidl_typesupport_microxrcedds_c.h
[124.982s] -- Installing: /home/rasp/ros2_ws/install/sensor_msgs/include/sensor_msgs/msg/detail/compressed_image__rosidl_typesupport_microxrcedds_c.h
[124.982s] -- Installing: /home/rasp/ros2_ws/install/sensor_msgs/include/sensor_msgs/msg/detail/magnetic_field__rosidl_typesupport_microxrcedds_c.h
[124.982s] -- Installing: /home/rasp/ros2_ws/install/sensor_msgs/include/sensor_msgs/msg/rosidl_typesupport_microxrcedds_c__visibility_control.h
[124.982s] -- Installing: /home/rasp/ros2_ws/install/sensor_msgs/include/sensor_msgs/srv
[124.983s] -- Installing: /home/rasp/ros2_ws/install/sensor_msgs/include/sensor_msgs/srv/detail
[124.983s] -- Installing: /home/rasp/ros2_ws/install/sensor_msgs/include/sensor_msgs/srv/detail/set_camera_info__rosidl_typesupport_microxrcedds_c.h
[124.983s] -- Installing: /home/rasp/ros2_ws/install/sensor_msgs/include/sensor_msgs/srv/detail/microxrcedds
[124.983s] -- Installing: /home/rasp/ros2_ws/install/sensor_msgs/lib/libsensor_msgs__rosidl_typesupport_microxrcedds_c.so
[124.984s] -- Set non-toolchain portion of runtime path of "/home/rasp/ros2_ws/install/sensor_msgs/lib/libsensor_msgs__rosidl_typesupport_microxrcedds_c.so" to ""
[124.984s] -- Up-to-date: /home/rasp/ros2_ws/install/sensor_msgs/include/sensor_msgs/sensor_msgs
[124.984s] -- Up-to-date: /home/rasp/ros2_ws/install/sensor_msgs/include/sensor_msgs/sensor_msgs/msg
[124.984s] -- Installing: /home/rasp/ros2_ws/install/sensor_msgs/include/sensor_msgs/sensor_msgs/msg/rosidl_typesupport_introspection_c__visibility_control.h
[124.985s] -- Up-to-date: /home/rasp/ros2_ws/install/sensor_msgs/include/sensor_msgs/sensor_msgs/msg/detail
[124.985s] -- Installing: /home/rasp/ros2_ws/install/sensor_msgs/include/sensor_msgs/sensor_msgs/msg/detail/laser_scan__type_support.c
[124.985s] -- Installing: /home/rasp/ros2_ws/install/sensor_msgs/include/sensor_msgs/sensor_msgs/msg/detail/multi_dof_joint_state__type_support.c
[124.986s] -- Installing: /home/rasp/ros2_ws/install/sensor_msgs/include/sensor_msgs/sensor_msgs/msg/detail/point_cloud2__rosidl_typesupport_introspection_c.h
[124.986s] -- Installing: /home/rasp/ros2_ws/install/sensor_msgs/include/sensor_msgs/sensor_msgs/msg/detail/region_of_interest__rosidl_typesupport_introspection_c.h
[124.986s] -- Installing: /home/rasp/ros2_ws/install/sensor_msgs/include/sensor_msgs/sensor_msgs/msg/detail/fluid_pressure__type_support.c
[124.987s] -- Installing: /home/rasp/ros2_ws/install/sensor_msgs/include/sensor_msgs/sensor_msgs/msg/detail/time_reference__rosidl_typesupport_introspection_c.h
[124.987s] -- Installing: /home/rasp/ros2_ws/install/sensor_msgs/include/sensor_msgs/sensor_msgs/msg/detail/joy_feedback_array__type_support.c
[124.987s] -- Installing: /home/rasp/ros2_ws/install/sensor_msgs/include/sensor_msgs/sensor_msgs/msg/detail/multi_echo_laser_scan__rosidl_typesupport_introspection_c.h
[124.988s] -- Installing: /home/rasp/ros2_ws/install/sensor_msgs/include/sensor_msgs/sensor_msgs/msg/detail/multi_echo_laser_scan__type_support.c
[124.988s] -- Installing: /home/rasp/ros2_ws/install/sensor_msgs/include/sensor_msgs/sensor_msgs/msg/detail/nav_sat_fix__rosidl_typesupport_introspection_c.h
[124.988s] -- Installing: /home/rasp/ros2_ws/install/sensor_msgs/include/sensor_msgs/sensor_msgs/msg/detail/battery_state__rosidl_typesupport_introspection_c.h
[124.989s] -- Installing: /home/rasp/ros2_ws/install/sensor_msgs/include/sensor_msgs/sensor_msgs/msg/detail/illuminance__type_support.c
[124.989s] -- Installing: /home/rasp/ros2_ws/install/sensor_msgs/include/sensor_msgs/sensor_msgs/msg/detail/joy__rosidl_typesupport_introspection_c.h
[124.989s] -- Installing: /home/rasp/ros2_ws/install/sensor_msgs/include/sensor_msgs/sensor_msgs/msg/detail/magnetic_field__type_support.c
[124.990s] -- Installing: /home/rasp/ros2_ws/install/sensor_msgs/include/sensor_msgs/sensor_msgs/msg/detail/laser_scan__rosidl_typesupport_introspection_c.h
[124.990s] -- Installing: /home/rasp/ros2_ws/install/sensor_msgs/include/sensor_msgs/sensor_msgs/msg/detail/temperature__rosidl_typesupport_introspection_c.h
[124.990s] -- Installing: /home/rasp/ros2_ws/install/sensor_msgs/include/sensor_msgs/sensor_msgs/msg/detail/range__type_support.c
[124.991s] -- Installing: /home/rasp/ros2_ws/install/sensor_msgs/include/sensor_msgs/sensor_msgs/msg/detail/image__type_support.c
[124.991s] -- Installing: /home/rasp/ros2_ws/install/sensor_msgs/include/sensor_msgs/sensor_msgs/msg/detail/time_reference__type_support.c
[124.991s] -- Installing: /home/rasp/ros2_ws/install/sensor_msgs/include/sensor_msgs/sensor_msgs/msg/detail/joy_feedback__rosidl_typesupport_introspection_c.h
[124.992s] -- Installing: /home/rasp/ros2_ws/install/sensor_msgs/include/sensor_msgs/sensor_msgs/msg/detail/relative_humidity__type_support.c
[124.992s] -- Installing: /home/rasp/ros2_ws/install/sensor_msgs/include/sensor_msgs/sensor_msgs/msg/detail/nav_sat_fix__type_support.c
[124.992s] -- Installing: /home/rasp/ros2_ws/install/sensor_msgs/include/sensor_msgs/sensor_msgs/msg/detail/joy__type_support.c
[124.992s] -- Installing: /home/rasp/ros2_ws/install/sensor_msgs/include/sensor_msgs/sensor_msgs/msg/detail/imu__rosidl_typesupport_introspection_c.h
[124.993s] -- Installing: /home/rasp/ros2_ws/install/sensor_msgs/include/sensor_msgs/sensor_msgs/msg/detail/point_cloud__type_support.c
[124.993s] -- Installing: /home/rasp/ros2_ws/install/sensor_msgs/include/sensor_msgs/sensor_msgs/msg/detail/nav_sat_status__type_support.c
[124.994s] -- Installing: /home/rasp/ros2_ws/install/sensor_msgs/include/sensor_msgs/sensor_msgs/msg/detail/compressed_image__rosidl_typesupport_introspection_c.h
[124.994s] -- Installing: /home/rasp/ros2_ws/install/sensor_msgs/include/sensor_msgs/sensor_msgs/msg/detail/point_field__type_support.c
[124.994s] -- Installing: /home/rasp/ros2_ws/install/sensor_msgs/include/sensor_msgs/sensor_msgs/msg/detail/relative_humidity__rosidl_typesupport_introspection_c.h
[124.994s] -- Installing: /home/rasp/ros2_ws/install/sensor_msgs/include/sensor_msgs/sensor_msgs/msg/detail/battery_state__type_support.c
[124.995s] -- Installing: /home/rasp/ros2_ws/install/sensor_msgs/include/sensor_msgs/sensor_msgs/msg/detail/channel_float32__type_support.c
[124.995s] -- Installing: /home/rasp/ros2_ws/install/sensor_msgs/include/sensor_msgs/sensor_msgs/msg/detail/imu__type_support.c
[124.996s] -- Installing: /home/rasp/ros2_ws/install/sensor_msgs/include/sensor_msgs/sensor_msgs/msg/detail/temperature__type_support.c
[124.996s] -- Installing: /home/rasp/ros2_ws/install/sensor_msgs/include/sensor_msgs/sensor_msgs/msg/detail/camera_info__type_support.c
[124.996s] -- Installing: /home/rasp/ros2_ws/install/sensor_msgs/include/sensor_msgs/sensor_msgs/msg/detail/laser_echo__rosidl_typesupport_introspection_c.h
[124.996s] -- Installing: /home/rasp/ros2_ws/install/sensor_msgs/include/sensor_msgs/sensor_msgs/msg/detail/illuminance__rosidl_typesupport_introspection_c.h
[124.997s] -- Installing: /home/rasp/ros2_ws/install/sensor_msgs/include/sensor_msgs/sensor_msgs/msg/detail/joint_state__rosidl_typesupport_introspection_c.h
[124.997s] -- Installing: /home/rasp/ros2_ws/install/sensor_msgs/include/sensor_msgs/sensor_msgs/msg/detail/camera_info__rosidl_typesupport_introspection_c.h
[124.997s] -- Installing: /home/rasp/ros2_ws/install/sensor_msgs/include/sensor_msgs/sensor_msgs/msg/detail/image__rosidl_typesupport_introspection_c.h
[124.998s] -- Installing: /home/rasp/ros2_ws/install/sensor_msgs/include/sensor_msgs/sensor_msgs/msg/detail/joint_state__type_support.c
[124.998s] -- Installing: /home/rasp/ros2_ws/install/sensor_msgs/include/sensor_msgs/sensor_msgs/msg/detail/fluid_pressure__rosidl_typesupport_introspection_c.h
[124.999s] -- Installing: /home/rasp/ros2_ws/install/sensor_msgs/include/sensor_msgs/sensor_msgs/msg/detail/range__rosidl_typesupport_introspection_c.h
[124.999s] -- Installing: /home/rasp/ros2_ws/install/sensor_msgs/include/sensor_msgs/sensor_msgs/msg/detail/multi_dof_joint_state__rosidl_typesupport_introspection_c.h
[124.999s] -- Installing: /home/rasp/ros2_ws/install/sensor_msgs/include/sensor_msgs/sensor_msgs/msg/detail/compressed_image__type_support.c
[125.000s] -- Installing: /home/rasp/ros2_ws/install/sensor_msgs/include/sensor_msgs/sensor_msgs/msg/detail/magnetic_field__rosidl_typesupport_introspection_c.h
[125.000s] -- Installing: /home/rasp/ros2_ws/install/sensor_msgs/include/sensor_msgs/sensor_msgs/msg/detail/laser_echo__type_support.c
[125.000s] -- Installing: /home/rasp/ros2_ws/install/sensor_msgs/include/sensor_msgs/sensor_msgs/msg/detail/point_cloud2__type_support.c
[125.001s] -- Installing: /home/rasp/ros2_ws/install/sensor_msgs/include/sensor_msgs/sensor_msgs/msg/detail/channel_float32__rosidl_typesupport_introspection_c.h
[125.001s] -- Installing: /home/rasp/ros2_ws/install/sensor_msgs/include/sensor_msgs/sensor_msgs/msg/detail/point_field__rosidl_typesupport_introspection_c.h
[125.001s] -- Installing: /home/rasp/ros2_ws/install/sensor_msgs/include/sensor_msgs/sensor_msgs/msg/detail/point_cloud__rosidl_typesupport_introspection_c.h
[125.001s] -- Installing: /home/rasp/ros2_ws/install/sensor_msgs/include/sensor_msgs/sensor_msgs/msg/detail/joy_feedback_array__rosidl_typesupport_introspection_c.h
[125.002s] -- Installing: /home/rasp/ros2_ws/install/sensor_msgs/include/sensor_msgs/sensor_msgs/msg/detail/joy_feedback__type_support.c
[125.002s] -- Installing: /home/rasp/ros2_ws/install/sensor_msgs/include/sensor_msgs/sensor_msgs/msg/detail/nav_sat_status__rosidl_typesupport_introspection_c.h
[125.002s] -- Installing: /home/rasp/ros2_ws/install/sensor_msgs/include/sensor_msgs/sensor_msgs/msg/detail/region_of_interest__type_support.c
[125.003s] -- Up-to-date: /home/rasp/ros2_ws/install/sensor_msgs/include/sensor_msgs/sensor_msgs/srv
[125.003s] -- Up-to-date: /home/rasp/ros2_ws/install/sensor_msgs/include/sensor_msgs/sensor_msgs/srv/detail
[125.003s] -- Installing: /home/rasp/ros2_ws/install/sensor_msgs/include/sensor_msgs/sensor_msgs/srv/detail/set_camera_info__type_support.c
[125.003s] -- Installing: /home/rasp/ros2_ws/install/sensor_msgs/include/sensor_msgs/sensor_msgs/srv/detail/set_camera_info__rosidl_typesupport_introspection_c.h
[125.004s] -- Installing: /home/rasp/ros2_ws/install/sensor_msgs/lib/libsensor_msgs__rosidl_typesupport_introspection_c.so
[125.005s] -- Set non-toolchain portion of runtime path of "/home/rasp/ros2_ws/install/sensor_msgs/lib/libsensor_msgs__rosidl_typesupport_introspection_c.so" to ""
[125.005s] -- Installing: /home/rasp/ros2_ws/install/sensor_msgs/lib/libsensor_msgs__rosidl_typesupport_c.so
[125.006s] -- Set non-toolchain portion of runtime path of "/home/rasp/ros2_ws/install/sensor_msgs/lib/libsensor_msgs__rosidl_typesupport_c.so" to ""
[125.006s] -- Up-to-date: /home/rasp/ros2_ws/install/sensor_msgs/include/sensor_msgs
[125.006s] -- Up-to-date: /home/rasp/ros2_ws/install/sensor_msgs/include/sensor_msgs/msg
[125.006s] -- Up-to-date: /home/rasp/ros2_ws/install/sensor_msgs/include/sensor_msgs/msg/detail
[125.007s] -- Installing: /home/rasp/ros2_ws/install/sensor_msgs/include/sensor_msgs/msg/detail/time_reference__rosidl_typesupport_microxrcedds_cpp.hpp
[125.007s] -- Installing: /home/rasp/ros2_ws/install/sensor_msgs/include/sensor_msgs/msg/detail/imu__rosidl_typesupport_microxrcedds_cpp.hpp
[125.007s] -- Installing: /home/rasp/ros2_ws/install/sensor_msgs/include/sensor_msgs/msg/detail/relative_humidity__rosidl_typesupport_microxrcedds_cpp.hpp
[125.007s] -- Installing: /home/rasp/ros2_ws/install/sensor_msgs/include/sensor_msgs/msg/detail/region_of_interest__rosidl_typesupport_microxrcedds_cpp.hpp
[125.008s] -- Installing: /home/rasp/ros2_ws/install/sensor_msgs/include/sensor_msgs/msg/detail/nav_sat_status__rosidl_typesupport_microxrcedds_cpp.hpp
[125.008s] -- Installing: /home/rasp/ros2_ws/install/sensor_msgs/include/sensor_msgs/msg/detail/point_cloud2__rosidl_typesupport_microxrcedds_cpp.hpp
[125.009s] -- Installing: /home/rasp/ros2_ws/install/sensor_msgs/include/sensor_msgs/msg/detail/compressed_image__rosidl_typesupport_microxrcedds_cpp.hpp
[125.009s] -- Installing: /home/rasp/ros2_ws/install/sensor_msgs/include/sensor_msgs/msg/detail/channel_float32__rosidl_typesupport_microxrcedds_cpp.hpp
[125.009s] -- Installing: /home/rasp/ros2_ws/install/sensor_msgs/include/sensor_msgs/msg/detail/point_cloud__rosidl_typesupport_microxrcedds_cpp.hpp
[125.009s] -- Installing: /home/rasp/ros2_ws/install/sensor_msgs/include/sensor_msgs/msg/detail/point_field__rosidl_typesupport_microxrcedds_cpp.hpp
[125.010s] -- Installing: /home/rasp/ros2_ws/install/sensor_msgs/include/sensor_msgs/msg/detail/multi_dof_joint_state__rosidl_typesupport_microxrcedds_cpp.hpp
[125.010s] -- Installing: /home/rasp/ros2_ws/install/sensor_msgs/include/sensor_msgs/msg/detail/joint_state__rosidl_typesupport_microxrcedds_cpp.hpp
[125.011s] -- Installing: /home/rasp/ros2_ws/install/sensor_msgs/include/sensor_msgs/msg/detail/fluid_pressure__rosidl_typesupport_microxrcedds_cpp.hpp
[125.011s] -- Installing: /home/rasp/ros2_ws/install/sensor_msgs/include/sensor_msgs/msg/detail/joy__rosidl_typesupport_microxrcedds_cpp.hpp
[125.011s] -- Installing: /home/rasp/ros2_ws/install/sensor_msgs/include/sensor_msgs/msg/detail/laser_echo__rosidl_typesupport_microxrcedds_cpp.hpp
[125.011s] -- Installing: /home/rasp/ros2_ws/install/sensor_msgs/include/sensor_msgs/msg/detail/range__rosidl_typesupport_microxrcedds_cpp.hpp
[125.012s] -- Installing: /home/rasp/ros2_ws/install/sensor_msgs/include/sensor_msgs/msg/detail/camera_info__rosidl_typesupport_microxrcedds_cpp.hpp
[125.012s] -- Installing: /home/rasp/ros2_ws/install/sensor_msgs/include/sensor_msgs/msg/detail/joy_feedback__rosidl_typesupport_microxrcedds_cpp.hpp
[125.012s] -- Installing: /home/rasp/ros2_ws/install/sensor_msgs/include/sensor_msgs/msg/detail/temperature__rosidl_typesupport_microxrcedds_cpp.hpp
[125.013s] -- Installing: /home/rasp/ros2_ws/install/sensor_msgs/include/sensor_msgs/msg/detail/multi_echo_laser_scan__rosidl_typesupport_microxrcedds_cpp.hpp
[125.013s] -- Installing: /home/rasp/ros2_ws/install/sensor_msgs/include/sensor_msgs/msg/detail/image__rosidl_typesupport_microxrcedds_cpp.hpp
[125.013s] -- Installing: /home/rasp/ros2_ws/install/sensor_msgs/include/sensor_msgs/msg/detail/laser_scan__rosidl_typesupport_microxrcedds_cpp.hpp
[125.013s] -- Up-to-date: /home/rasp/ros2_ws/install/sensor_msgs/include/sensor_msgs/msg/detail/microxrcedds
[125.014s] -- Installing: /home/rasp/ros2_ws/install/sensor_msgs/include/sensor_msgs/msg/detail/microxrcedds/joy__type_support_cpp.cpp
[125.014s] -- Installing: /home/rasp/ros2_ws/install/sensor_msgs/include/sensor_msgs/msg/detail/microxrcedds/laser_echo__type_support_cpp.cpp
[125.014s] -- Installing: /home/rasp/ros2_ws/install/sensor_msgs/include/sensor_msgs/msg/detail/microxrcedds/illuminance__type_support_cpp.cpp
[125.015s] -- Installing: /home/rasp/ros2_ws/install/sensor_msgs/include/sensor_msgs/msg/detail/microxrcedds/relative_humidity__type_support_cpp.cpp
[125.015s] -- Installing: /home/rasp/ros2_ws/install/sensor_msgs/include/sensor_msgs/msg/detail/microxrcedds/joy_feedback_array__type_support_cpp.cpp
[125.016s] -- Installing: /home/rasp/ros2_ws/install/sensor_msgs/include/sensor_msgs/msg/detail/microxrcedds/joy_feedback__type_support_cpp.cpp
[125.016s] -- Installing: /home/rasp/ros2_ws/install/sensor_msgs/include/sensor_msgs/msg/detail/microxrcedds/magnetic_field__type_support_cpp.cpp
[125.016s] -- Installing: /home/rasp/ros2_ws/install/sensor_msgs/include/sensor_msgs/msg/detail/microxrcedds/point_cloud2__type_support_cpp.cpp
[125.017s] -- Installing: /home/rasp/ros2_ws/install/sensor_msgs/include/sensor_msgs/msg/detail/microxrcedds/fluid_pressure__type_support_cpp.cpp
[125.017s] -- Installing: /home/rasp/ros2_ws/install/sensor_msgs/include/sensor_msgs/msg/detail/microxrcedds/point_field__type_support_cpp.cpp
[125.017s] -- Installing: /home/rasp/ros2_ws/install/sensor_msgs/include/sensor_msgs/msg/detail/microxrcedds/temperature__type_support_cpp.cpp
[125.017s] -- Installing: /home/rasp/ros2_ws/install/sensor_msgs/include/sensor_msgs/msg/detail/microxrcedds/region_of_interest__type_support_cpp.cpp
[125.018s] -- Installing: /home/rasp/ros2_ws/install/sensor_msgs/include/sensor_msgs/msg/detail/microxrcedds/laser_scan__type_support_cpp.cpp
[125.018s] -- Installing: /home/rasp/ros2_ws/install/sensor_msgs/include/sensor_msgs/msg/detail/microxrcedds/channel_float32__type_support_cpp.cpp
[125.019s] -- Installing: /home/rasp/ros2_ws/install/sensor_msgs/include/sensor_msgs/msg/detail/microxrcedds/nav_sat_fix__type_support_cpp.cpp
[125.019s] -- Installing: /home/rasp/ros2_ws/install/sensor_msgs/include/sensor_msgs/msg/detail/microxrcedds/compressed_image__type_support_cpp.cpp
[125.019s] -- Installing: /home/rasp/ros2_ws/install/sensor_msgs/include/sensor_msgs/msg/detail/microxrcedds/nav_sat_status__type_support_cpp.cpp
[125.020s] -- Installing: /home/rasp/ros2_ws/install/sensor_msgs/include/sensor_msgs/msg/detail/microxrcedds/range__type_support_cpp.cpp
[125.020s] -- Installing: /home/rasp/ros2_ws/install/sensor_msgs/include/sensor_msgs/msg/detail/microxrcedds/image__type_support_cpp.cpp
[125.021s] -- Installing: /home/rasp/ros2_ws/install/sensor_msgs/include/sensor_msgs/msg/detail/microxrcedds/point_cloud__type_support_cpp.cpp
[125.022s] -- Installing: /home/rasp/ros2_ws/install/sensor_msgs/include/sensor_msgs/msg/detail/microxrcedds/camera_info__type_support_cpp.cpp
[125.022s] -- Installing: /home/rasp/ros2_ws/install/sensor_msgs/include/sensor_msgs/msg/detail/microxrcedds/battery_state__type_support_cpp.cpp
[125.023s] -- Installing: /home/rasp/ros2_ws/install/sensor_msgs/include/sensor_msgs/msg/detail/microxrcedds/joint_state__type_support_cpp.cpp
[125.023s] -- Installing: /home/rasp/ros2_ws/install/sensor_msgs/include/sensor_msgs/msg/detail/microxrcedds/multi_dof_joint_state__type_support_cpp.cpp
[125.023s] -- Installing: /home/rasp/ros2_ws/install/sensor_msgs/include/sensor_msgs/msg/detail/microxrcedds/time_reference__type_support_cpp.cpp
[125.024s] -- Installing: /home/rasp/ros2_ws/install/sensor_msgs/include/sensor_msgs/msg/detail/microxrcedds/imu__type_support_cpp.cpp
[125.024s] -- Installing: /home/rasp/ros2_ws/install/sensor_msgs/include/sensor_msgs/msg/detail/microxrcedds/multi_echo_laser_scan__type_support_cpp.cpp
[125.025s] -- Installing: /home/rasp/ros2_ws/install/sensor_msgs/include/sensor_msgs/msg/detail/illuminance__rosidl_typesupport_microxrcedds_cpp.hpp
[125.025s] -- Installing: /home/rasp/ros2_ws/install/sensor_msgs/include/sensor_msgs/msg/detail/magnetic_field__rosidl_typesupport_microxrcedds_cpp.hpp
[125.025s] -- Installing: /home/rasp/ros2_ws/install/sensor_msgs/include/sensor_msgs/msg/detail/joy_feedback_array__rosidl_typesupport_microxrcedds_cpp.hpp
[125.026s] -- Installing: /home/rasp/ros2_ws/install/sensor_msgs/include/sensor_msgs/msg/detail/battery_state__rosidl_typesupport_microxrcedds_cpp.hpp
[125.027s] -- Installing: /home/rasp/ros2_ws/install/sensor_msgs/include/sensor_msgs/msg/detail/nav_sat_fix__rosidl_typesupport_microxrcedds_cpp.hpp
[125.027s] -- Installing: /home/rasp/ros2_ws/install/sensor_msgs/include/sensor_msgs/msg/rosidl_typesupport_microxrcedds_cpp__visibility_control.h
[125.027s] -- Up-to-date: /home/rasp/ros2_ws/install/sensor_msgs/include/sensor_msgs/srv
[125.027s] -- Up-to-date: /home/rasp/ros2_ws/install/sensor_msgs/include/sensor_msgs/srv/detail
[125.028s] -- Installing: /home/rasp/ros2_ws/install/sensor_msgs/include/sensor_msgs/srv/detail/set_camera_info__rosidl_typesupport_microxrcedds_cpp.hpp
[125.029s] -- Up-to-date: /home/rasp/ros2_ws/install/sensor_msgs/include/sensor_msgs/srv/detail/microxrcedds
[125.029s] -- Installing: /home/rasp/ros2_ws/install/sensor_msgs/include/sensor_msgs/srv/detail/microxrcedds/set_camera_info__type_support_cpp.cpp
[125.029s] -- Installing: /home/rasp/ros2_ws/install/sensor_msgs/lib/libsensor_msgs__rosidl_typesupport_microxrcedds_cpp.so
[125.030s] -- Set non-toolchain portion of runtime path of "/home/rasp/ros2_ws/install/sensor_msgs/lib/libsensor_msgs__rosidl_typesupport_microxrcedds_cpp.so" to ""
[125.031s] -- Up-to-date: /home/rasp/ros2_ws/install/sensor_msgs/include/sensor_msgs/sensor_msgs
[125.031s] -- Up-to-date: /home/rasp/ros2_ws/install/sensor_msgs/include/sensor_msgs/sensor_msgs/msg
[125.031s] -- Up-to-date: /home/rasp/ros2_ws/install/sensor_msgs/include/sensor_msgs/sensor_msgs/msg/detail
[125.031s] -- Installing: /home/rasp/ros2_ws/install/sensor_msgs/include/sensor_msgs/sensor_msgs/msg/detail/joint_state__type_support.cpp
[125.032s] -- Installing: /home/rasp/ros2_ws/install/sensor_msgs/include/sensor_msgs/sensor_msgs/msg/detail/channel_float32__type_support.cpp
[125.032s] -- Installing: /home/rasp/ros2_ws/install/sensor_msgs/include/sensor_msgs/sensor_msgs/msg/detail/laser_scan__rosidl_typesupport_introspection_cpp.hpp
[125.032s] -- Installing: /home/rasp/ros2_ws/install/sensor_msgs/include/sensor_msgs/sensor_msgs/msg/detail/point_cloud__rosidl_typesupport_introspection_cpp.hpp
[125.033s] -- Installing: /home/rasp/ros2_ws/install/sensor_msgs/include/sensor_msgs/sensor_msgs/msg/detail/time_reference__rosidl_typesupport_introspection_cpp.hpp
[125.034s] -- Installing: /home/rasp/ros2_ws/install/sensor_msgs/include/sensor_msgs/sensor_msgs/msg/detail/joy_feedback_array__type_support.cpp
[125.034s] -- Installing: /home/rasp/ros2_ws/install/sensor_msgs/include/sensor_msgs/sensor_msgs/msg/detail/relative_humidity__type_support.cpp
[125.034s] -- Installing: /home/rasp/ros2_ws/install/sensor_msgs/include/sensor_msgs/sensor_msgs/msg/detail/point_field__rosidl_typesupport_introspection_cpp.hpp
[125.035s] -- Installing: /home/rasp/ros2_ws/install/sensor_msgs/include/sensor_msgs/sensor_msgs/msg/detail/joint_state__rosidl_typesupport_introspection_cpp.hpp
[125.035s] -- Installing: /home/rasp/ros2_ws/install/sensor_msgs/include/sensor_msgs/sensor_msgs/msg/detail/multi_dof_joint_state__type_support.cpp
[125.035s] -- Installing: /home/rasp/ros2_ws/install/sensor_msgs/include/sensor_msgs/sensor_msgs/msg/detail/range__type_support.cpp
[125.036s] -- Installing: /home/rasp/ros2_ws/install/sensor_msgs/include/sensor_msgs/sensor_msgs/msg/detail/relative_humidity__rosidl_typesupport_introspection_cpp.hpp
[125.037s] -- Installing: /home/rasp/ros2_ws/install/sensor_msgs/include/sensor_msgs/sensor_msgs/msg/detail/nav_sat_fix__type_support.cpp
[125.037s] -- Installing: /home/rasp/ros2_ws/install/sensor_msgs/include/sensor_msgs/sensor_msgs/msg/detail/temperature__rosidl_typesupport_introspection_cpp.hpp
[125.037s] -- Installing: /home/rasp/ros2_ws/install/sensor_msgs/include/sensor_msgs/sensor_msgs/msg/detail/camera_info__type_support.cpp
[125.037s] -- Installing: /home/rasp/ros2_ws/install/sensor_msgs/include/sensor_msgs/sensor_msgs/msg/detail/multi_echo_laser_scan__type_support.cpp
[125.038s] -- Installing: /home/rasp/ros2_ws/install/sensor_msgs/include/sensor_msgs/sensor_msgs/msg/detail/point_cloud2__type_support.cpp
[125.038s] -- Installing: /home/rasp/ros2_ws/install/sensor_msgs/include/sensor_msgs/sensor_msgs/msg/detail/illuminance__rosidl_typesupport_introspection_cpp.hpp
[125.039s] -- Installing: /home/rasp/ros2_ws/install/sensor_msgs/include/sensor_msgs/sensor_msgs/msg/detail/nav_sat_status__rosidl_typesupport_introspection_cpp.hpp
[125.039s] -- Installing: /home/rasp/ros2_ws/install/sensor_msgs/include/sensor_msgs/sensor_msgs/msg/detail/laser_echo__rosidl_typesupport_introspection_cpp.hpp
[125.039s] -- Installing: /home/rasp/ros2_ws/install/sensor_msgs/include/sensor_msgs/sensor_msgs/msg/detail/nav_sat_status__type_support.cpp
[125.039s] -- Installing: /home/rasp/ros2_ws/install/sensor_msgs/include/sensor_msgs/sensor_msgs/msg/detail/joy_feedback_array__rosidl_typesupport_introspection_cpp.hpp
[125.040s] -- Installing: /home/rasp/ros2_ws/install/sensor_msgs/include/sensor_msgs/sensor_msgs/msg/detail/imu__rosidl_typesupport_introspection_cpp.hpp
[125.040s] -- Installing: /home/rasp/ros2_ws/install/sensor_msgs/include/sensor_msgs/sensor_msgs/msg/detail/image__rosidl_typesupport_introspection_cpp.hpp
[125.040s] -- Installing: /home/rasp/ros2_ws/install/sensor_msgs/include/sensor_msgs/sensor_msgs/msg/detail/temperature__type_support.cpp
[125.041s] -- Installing: /home/rasp/ros2_ws/install/sensor_msgs/include/sensor_msgs/sensor_msgs/msg/detail/camera_info__rosidl_typesupport_introspection_cpp.hpp
[125.041s] -- Installing: /home/rasp/ros2_ws/install/sensor_msgs/include/sensor_msgs/sensor_msgs/msg/detail/nav_sat_fix__rosidl_typesupport_introspection_cpp.hpp
[125.041s] -- Installing: /home/rasp/ros2_ws/install/sensor_msgs/include/sensor_msgs/sensor_msgs/msg/detail/compressed_image__rosidl_typesupport_introspection_cpp.hpp
[125.042s] -- Installing: /home/rasp/ros2_ws/install/sensor_msgs/include/sensor_msgs/sensor_msgs/msg/detail/range__rosidl_typesupport_introspection_cpp.hpp
[125.043s] -- Installing: /home/rasp/ros2_ws/install/sensor_msgs/include/sensor_msgs/sensor_msgs/msg/detail/image__type_support.cpp
[125.043s] -- Installing: /home/rasp/ros2_ws/install/sensor_msgs/include/sensor_msgs/sensor_msgs/msg/detail/multi_dof_joint_state__rosidl_typesupport_introspection_cpp.hpp
[125.043s] -- Installing: /home/rasp/ros2_ws/install/sensor_msgs/include/sensor_msgs/sensor_msgs/msg/detail/laser_scan__type_support.cpp
[125.043s] -- Installing: /home/rasp/ros2_ws/install/sensor_msgs/include/sensor_msgs/sensor_msgs/msg/detail/fluid_pressure__rosidl_typesupport_introspection_cpp.hpp
[125.043s] -- Installing: /home/rasp/ros2_ws/install/sensor_msgs/include/sensor_msgs/sensor_msgs/msg/detail/battery_state__rosidl_typesupport_introspection_cpp.hpp
[125.044s] -- Installing: /home/rasp/ros2_ws/install/sensor_msgs/include/sensor_msgs/sensor_msgs/msg/detail/battery_state__type_support.cpp
[125.044s] -- Installing: /home/rasp/ros2_ws/install/sensor_msgs/include/sensor_msgs/sensor_msgs/msg/detail/joy__type_support.cpp
[125.045s] -- Installing: /home/rasp/ros2_ws/install/sensor_msgs/include/sensor_msgs/sensor_msgs/msg/detail/joy_feedback__rosidl_typesupport_introspection_cpp.hpp
[125.045s] -- Installing: /home/rasp/ros2_ws/install/sensor_msgs/include/sensor_msgs/sensor_msgs/msg/detail/time_reference__type_support.cpp
[125.045s] -- Installing: /home/rasp/ros2_ws/install/sensor_msgs/include/sensor_msgs/sensor_msgs/msg/detail/illuminance__type_support.cpp
[125.045s] -- Installing: /home/rasp/ros2_ws/install/sensor_msgs/include/sensor_msgs/sensor_msgs/msg/detail/magnetic_field__type_support.cpp
[125.046s] -- Installing: /home/rasp/ros2_ws/install/sensor_msgs/include/sensor_msgs/sensor_msgs/msg/detail/compressed_image__type_support.cpp
[125.046s] -- Installing: /home/rasp/ros2_ws/install/sensor_msgs/include/sensor_msgs/sensor_msgs/msg/detail/point_cloud2__rosidl_typesupport_introspection_cpp.hpp
[125.046s] -- Installing: /home/rasp/ros2_ws/install/sensor_msgs/include/sensor_msgs/sensor_msgs/msg/detail/imu__type_support.cpp
[125.047s] -- Installing: /home/rasp/ros2_ws/install/sensor_msgs/include/sensor_msgs/sensor_msgs/msg/detail/joy_feedback__type_support.cpp
[125.047s] -- Installing: /home/rasp/ros2_ws/install/sensor_msgs/include/sensor_msgs/sensor_msgs/msg/detail/joy__rosidl_typesupport_introspection_cpp.hpp
[125.047s] -- Installing: /home/rasp/ros2_ws/install/sensor_msgs/include/sensor_msgs/sensor_msgs/msg/detail/point_field__type_support.cpp
[125.047s] -- Installing: /home/rasp/ros2_ws/install/sensor_msgs/include/sensor_msgs/sensor_msgs/msg/detail/multi_echo_laser_scan__rosidl_typesupport_introspection_cpp.hpp
[125.048s] -- Installing: /home/rasp/ros2_ws/install/sensor_msgs/include/sensor_msgs/sensor_msgs/msg/detail/point_cloud__type_support.cpp
[125.048s] -- Installing: /home/rasp/ros2_ws/install/sensor_msgs/include/sensor_msgs/sensor_msgs/msg/detail/fluid_pressure__type_support.cpp
[125.048s] -- Installing: /home/rasp/ros2_ws/install/sensor_msgs/include/sensor_msgs/sensor_msgs/msg/detail/laser_echo__type_support.cpp
[125.049s] -- Installing: /home/rasp/ros2_ws/install/sensor_msgs/include/sensor_msgs/sensor_msgs/msg/detail/channel_float32__rosidl_typesupport_introspection_cpp.hpp
[125.051s] -- Installing: /home/rasp/ros2_ws/install/sensor_msgs/include/sensor_msgs/sensor_msgs/msg/detail/magnetic_field__rosidl_typesupport_introspection_cpp.hpp
[125.051s] -- Installing: /home/rasp/ros2_ws/install/sensor_msgs/include/sensor_msgs/sensor_msgs/msg/detail/region_of_interest__type_support.cpp
[125.051s] -- Installing: /home/rasp/ros2_ws/install/sensor_msgs/include/sensor_msgs/sensor_msgs/msg/detail/region_of_interest__rosidl_typesupport_introspection_cpp.hpp
[125.051s] -- Up-to-date: /home/rasp/ros2_ws/install/sensor_msgs/include/sensor_msgs/sensor_msgs/srv
[125.051s] -- Up-to-date: /home/rasp/ros2_ws/install/sensor_msgs/include/sensor_msgs/sensor_msgs/srv/detail
[125.051s] -- Installing: /home/rasp/ros2_ws/install/sensor_msgs/include/sensor_msgs/sensor_msgs/srv/detail/set_camera_info__type_support.cpp
[125.051s] -- Installing: /home/rasp/ros2_ws/install/sensor_msgs/include/sensor_msgs/sensor_msgs/srv/detail/set_camera_info__rosidl_typesupport_introspection_cpp.hpp
[125.051s] -- Installing: /home/rasp/ros2_ws/install/sensor_msgs/lib/libsensor_msgs__rosidl_typesupport_introspection_cpp.so
[125.053s] -- Set non-toolchain portion of runtime path of "/home/rasp/ros2_ws/install/sensor_msgs/lib/libsensor_msgs__rosidl_typesupport_introspection_cpp.so" to ""
[125.053s] -- Installing: /home/rasp/ros2_ws/install/sensor_msgs/lib/libsensor_msgs__rosidl_typesupport_cpp.so
[125.053s] -- Set non-toolchain portion of runtime path of "/home/rasp/ros2_ws/install/sensor_msgs/lib/libsensor_msgs__rosidl_typesupport_cpp.so" to ""
[125.053s] -- Installing: /home/rasp/ros2_ws/install/sensor_msgs/share/sensor_msgs/environment/pythonpath.sh
[125.054s] -- Installing: /home/rasp/ros2_ws/install/sensor_msgs/share/sensor_msgs/environment/pythonpath.dsv
[125.054s] -- Installing: /home/rasp/ros2_ws/install/sensor_msgs/lib/python3.12/site-packages/sensor_msgs-5.3.6-py3.12.egg-info
[125.054s] -- Installing: /home/rasp/ros2_ws/install/sensor_msgs/lib/python3.12/site-packages/sensor_msgs-5.3.6-py3.12.egg-info/SOURCES.txt
[125.055s] -- Installing: /home/rasp/ros2_ws/install/sensor_msgs/lib/python3.12/site-packages/sensor_msgs-5.3.6-py3.12.egg-info/dependency_links.txt
[125.055s] -- Installing: /home/rasp/ros2_ws/install/sensor_msgs/lib/python3.12/site-packages/sensor_msgs-5.3.6-py3.12.egg-info/PKG-INFO
[125.055s] -- Installing: /home/rasp/ros2_ws/install/sensor_msgs/lib/python3.12/site-packages/sensor_msgs-5.3.6-py3.12.egg-info/top_level.txt
[125.056s] -- Installing: /home/rasp/ros2_ws/install/sensor_msgs/lib/python3.12/site-packages/sensor_msgs
[125.056s] -- Installing: /home/rasp/ros2_ws/install/sensor_msgs/lib/python3.12/site-packages/sensor_msgs/__init__.py
[125.056s] -- Installing: /home/rasp/ros2_ws/install/sensor_msgs/lib/python3.12/site-packages/sensor_msgs/_sensor_msgs_s.ep.rosidl_typesupport_microxrcedds_c.c
[125.057s] -- Installing: /home/rasp/ros2_ws/install/sensor_msgs/lib/python3.12/site-packages/sensor_msgs/_sensor_msgs_s.ep.rosidl_typesupport_introspection_c.c
[125.058s] -- Installing: /home/rasp/ros2_ws/install/sensor_msgs/lib/python3.12/site-packages/sensor_msgs/_sensor_msgs_s.ep.rosidl_typesupport_c.c
[125.058s] -- Installing: /home/rasp/ros2_ws/install/sensor_msgs/lib/python3.12/site-packages/sensor_msgs/_sensor_msgs_s.ep.rosidl_typesupport_fastrtps_c.c
[125.058s] -- Installing: /home/rasp/ros2_ws/install/sensor_msgs/lib/python3.12/site-packages/sensor_msgs/sensor_msgs_s__rosidl_typesupport_microxrcedds_c.so
[125.059s] -- Installing: /home/rasp/ros2_ws/install/sensor_msgs/lib/python3.12/site-packages/sensor_msgs/msg
[125.059s] -- Installing: /home/rasp/ros2_ws/install/sensor_msgs/lib/python3.12/site-packages/sensor_msgs/msg/_joy.py
[125.059s] -- Installing: /home/rasp/ros2_ws/install/sensor_msgs/lib/python3.12/site-packages/sensor_msgs/msg/_nav_sat_fix.py
[125.059s] -- Installing: /home/rasp/ros2_ws/install/sensor_msgs/lib/python3.12/site-packages/sensor_msgs/msg/_illuminance_s.c
[125.060s] -- Installing: /home/rasp/ros2_ws/install/sensor_msgs/lib/python3.12/site-packages/sensor_msgs/msg/_region_of_interest_s.c
[125.060s] -- Installing: /home/rasp/ros2_ws/install/sensor_msgs/lib/python3.12/site-packages/sensor_msgs/msg/_joy_s.c
[125.060s] -- Installing: /home/rasp/ros2_ws/install/sensor_msgs/lib/python3.12/site-packages/sensor_msgs/msg/_time_reference_s.c
[125.061s] -- Installing: /home/rasp/ros2_ws/install/sensor_msgs/lib/python3.12/site-packages/sensor_msgs/msg/_joy_feedback.py
[125.061s] -- Installing: /home/rasp/ros2_ws/install/sensor_msgs/lib/python3.12/site-packages/sensor_msgs/msg/__init__.py
[125.061s] -- Installing: /home/rasp/ros2_ws/install/sensor_msgs/lib/python3.12/site-packages/sensor_msgs/msg/_range.py
[125.062s] -- Installing: /home/rasp/ros2_ws/install/sensor_msgs/lib/python3.12/site-packages/sensor_msgs/msg/_region_of_interest.py
[125.062s] -- Installing: /home/rasp/ros2_ws/install/sensor_msgs/lib/python3.12/site-packages/sensor_msgs/msg/_multi_echo_laser_scan_s.c
[125.063s] -- Installing: /home/rasp/ros2_ws/install/sensor_msgs/lib/python3.12/site-packages/sensor_msgs/msg/_temperature.py
[125.063s] -- Installing: /home/rasp/ros2_ws/install/sensor_msgs/lib/python3.12/site-packages/sensor_msgs/msg/_magnetic_field_s.c
[125.063s] -- Installing: /home/rasp/ros2_ws/install/sensor_msgs/lib/python3.12/site-packages/sensor_msgs/msg/_imu_s.c
[125.063s] -- Installing: /home/rasp/ros2_ws/install/sensor_msgs/lib/python3.12/site-packages/sensor_msgs/msg/_compressed_image.py
[125.063s] -- Installing: /home/rasp/ros2_ws/install/sensor_msgs/lib/python3.12/site-packages/sensor_msgs/msg/_laser_scan_s.c
[125.064s] -- Installing: /home/rasp/ros2_ws/install/sensor_msgs/lib/python3.12/site-packages/sensor_msgs/msg/_point_field.py
[125.064s] -- Installing: /home/rasp/ros2_ws/install/sensor_msgs/lib/python3.12/site-packages/sensor_msgs/msg/_joint_state_s.c
[125.065s] -- Installing: /home/rasp/ros2_ws/install/sensor_msgs/lib/python3.12/site-packages/sensor_msgs/msg/_multi_dof_joint_state_s.c
[125.065s] -- Installing: /home/rasp/ros2_ws/install/sensor_msgs/lib/python3.12/site-packages/sensor_msgs/msg/_range_s.c
[125.065s] -- Installing: /home/rasp/ros2_ws/install/sensor_msgs/lib/python3.12/site-packages/sensor_msgs/msg/_point_cloud2.py
[125.066s] -- Installing: /home/rasp/ros2_ws/install/sensor_msgs/lib/python3.12/site-packages/sensor_msgs/msg/_relative_humidity.py
[125.066s] -- Installing: /home/rasp/ros2_ws/install/sensor_msgs/lib/python3.12/site-packages/sensor_msgs/msg/_multi_echo_laser_scan.py
[125.066s] -- Installing: /home/rasp/ros2_ws/install/sensor_msgs/lib/python3.12/site-packages/sensor_msgs/msg/_nav_sat_status_s.c
[125.067s] -- Installing: /home/rasp/ros2_ws/install/sensor_msgs/lib/python3.12/site-packages/sensor_msgs/msg/_point_cloud2_s.c
[125.067s] -- Installing: /home/rasp/ros2_ws/install/sensor_msgs/lib/python3.12/site-packages/sensor_msgs/msg/_battery_state.py
[125.067s] -- Installing: /home/rasp/ros2_ws/install/sensor_msgs/lib/python3.12/site-packages/sensor_msgs/msg/_point_cloud_s.c
[125.068s] -- Installing: /home/rasp/ros2_ws/install/sensor_msgs/lib/python3.12/site-packages/sensor_msgs/msg/_illuminance.py
[125.068s] -- Installing: /home/rasp/ros2_ws/install/sensor_msgs/lib/python3.12/site-packages/sensor_msgs/msg/_laser_scan.py
[125.068s] -- Installing: /home/rasp/ros2_ws/install/sensor_msgs/lib/python3.12/site-packages/sensor_msgs/msg/_compressed_image_s.c
[125.069s] -- Installing: /home/rasp/ros2_ws/install/sensor_msgs/lib/python3.12/site-packages/sensor_msgs/msg/_image_s.c
[125.069s] -- Installing: /home/rasp/ros2_ws/install/sensor_msgs/lib/python3.12/site-packages/sensor_msgs/msg/_camera_info.py
[125.070s] -- Installing: /home/rasp/ros2_ws/install/sensor_msgs/lib/python3.12/site-packages/sensor_msgs/msg/_magnetic_field.py
[125.070s] -- Installing: /home/rasp/ros2_ws/install/sensor_msgs/lib/python3.12/site-packages/sensor_msgs/msg/_nav_sat_status.py
[125.070s] -- Installing: /home/rasp/ros2_ws/install/sensor_msgs/lib/python3.12/site-packages/sensor_msgs/msg/_laser_echo_s.c
[125.071s] -- Installing: /home/rasp/ros2_ws/install/sensor_msgs/lib/python3.12/site-packages/sensor_msgs/msg/_battery_state_s.c
[125.071s] -- Installing: /home/rasp/ros2_ws/install/sensor_msgs/lib/python3.12/site-packages/sensor_msgs/msg/_camera_info_s.c
[125.071s] -- Installing: /home/rasp/ros2_ws/install/sensor_msgs/lib/python3.12/site-packages/sensor_msgs/msg/_point_field_s.c
[125.072s] -- Installing: /home/rasp/ros2_ws/install/sensor_msgs/lib/python3.12/site-packages/sensor_msgs/msg/_relative_humidity_s.c
[125.072s] -- Installing: /home/rasp/ros2_ws/install/sensor_msgs/lib/python3.12/site-packages/sensor_msgs/msg/_channel_float32.py
[125.072s] -- Installing: /home/rasp/ros2_ws/install/sensor_msgs/lib/python3.12/site-packages/sensor_msgs/msg/_fluid_pressure_s.c
[125.073s] -- Installing: /home/rasp/ros2_ws/install/sensor_msgs/lib/python3.12/site-packages/sensor_msgs/msg/_time_reference.py
[125.073s] -- Installing: /home/rasp/ros2_ws/install/sensor_msgs/lib/python3.12/site-packages/sensor_msgs/msg/_multi_dof_joint_state.py
[125.073s] -- Installing: /home/rasp/ros2_ws/install/sensor_msgs/lib/python3.12/site-packages/sensor_msgs/msg/_fluid_pressure.py
[125.074s] -- Installing: /home/rasp/ros2_ws/install/sensor_msgs/lib/python3.12/site-packages/sensor_msgs/msg/_channel_float32_s.c
[125.074s] -- Installing: /home/rasp/ros2_ws/install/sensor_msgs/lib/python3.12/site-packages/sensor_msgs/msg/_joy_feedback_s.c
[125.074s] -- Installing: /home/rasp/ros2_ws/install/sensor_msgs/lib/python3.12/site-packages/sensor_msgs/msg/_joint_state.py
[125.075s] -- Installing: /home/rasp/ros2_ws/install/sensor_msgs/lib/python3.12/site-packages/sensor_msgs/msg/_image.py
[125.075s] -- Installing: /home/rasp/ros2_ws/install/sensor_msgs/lib/python3.12/site-packages/sensor_msgs/msg/_nav_sat_fix_s.c
[125.075s] -- Installing: /home/rasp/ros2_ws/install/sensor_msgs/lib/python3.12/site-packages/sensor_msgs/msg/_joy_feedback_array.py
[125.076s] -- Installing: /home/rasp/ros2_ws/install/sensor_msgs/lib/python3.12/site-packages/sensor_msgs/msg/_point_cloud.py
[125.076s] -- Installing: /home/rasp/ros2_ws/install/sensor_msgs/lib/python3.12/site-packages/sensor_msgs/msg/_laser_echo.py
[125.076s] -- Installing: /home/rasp/ros2_ws/install/sensor_msgs/lib/python3.12/site-packages/sensor_msgs/msg/_joy_feedback_array_s.c
[125.077s] -- Installing: /home/rasp/ros2_ws/install/sensor_msgs/lib/python3.12/site-packages/sensor_msgs/msg/_imu.py
[125.077s] -- Installing: /home/rasp/ros2_ws/install/sensor_msgs/lib/python3.12/site-packages/sensor_msgs/msg/_temperature_s.c
[125.077s] -- Installing: /home/rasp/ros2_ws/install/sensor_msgs/lib/python3.12/site-packages/sensor_msgs/sensor_msgs_s__rosidl_typesupport_c.so
[125.078s] -- Installing: /home/rasp/ros2_ws/install/sensor_msgs/lib/python3.12/site-packages/sensor_msgs/sensor_msgs_s__rosidl_typesupport_fastrtps_c.so
[125.078s] -- Installing: /home/rasp/ros2_ws/install/sensor_msgs/lib/python3.12/site-packages/sensor_msgs/srv
[125.079s] -- Installing: /home/rasp/ros2_ws/install/sensor_msgs/lib/python3.12/site-packages/sensor_msgs/srv/__init__.py
[125.079s] -- Installing: /home/rasp/ros2_ws/install/sensor_msgs/lib/python3.12/site-packages/sensor_msgs/srv/_set_camera_info.py
[125.079s] -- Installing: /home/rasp/ros2_ws/install/sensor_msgs/lib/python3.12/site-packages/sensor_msgs/srv/_set_camera_info_s.c
[125.081s] -- Installing: /home/rasp/ros2_ws/install/sensor_msgs/lib/python3.12/site-packages/sensor_msgs/sensor_msgs_s__rosidl_typesupport_introspection_c.so
[125.178s] Listing '/home/rasp/ros2_ws/install/sensor_msgs/lib/python3.12/site-packages/sensor_msgs'...
[125.178s] Compiling '/home/rasp/ros2_ws/install/sensor_msgs/lib/python3.12/site-packages/sensor_msgs/__init__.py'...
[125.178s] Listing '/home/rasp/ros2_ws/install/sensor_msgs/lib/python3.12/site-packages/sensor_msgs/msg'...
[125.178s] Compiling '/home/rasp/ros2_ws/install/sensor_msgs/lib/python3.12/site-packages/sensor_msgs/msg/__init__.py'...
[125.179s] Compiling '/home/rasp/ros2_ws/install/sensor_msgs/lib/python3.12/site-packages/sensor_msgs/msg/_battery_state.py'...
[125.179s] Compiling '/home/rasp/ros2_ws/install/sensor_msgs/lib/python3.12/site-packages/sensor_msgs/msg/_camera_info.py'...
[125.179s] Compiling '/home/rasp/ros2_ws/install/sensor_msgs/lib/python3.12/site-packages/sensor_msgs/msg/_channel_float32.py'...
[125.179s] Compiling '/home/rasp/ros2_ws/install/sensor_msgs/lib/python3.12/site-packages/sensor_msgs/msg/_compressed_image.py'...
[125.179s] Compiling '/home/rasp/ros2_ws/install/sensor_msgs/lib/python3.12/site-packages/sensor_msgs/msg/_fluid_pressure.py'...
[125.179s] Compiling '/home/rasp/ros2_ws/install/sensor_msgs/lib/python3.12/site-packages/sensor_msgs/msg/_illuminance.py'...
[125.179s] Compiling '/home/rasp/ros2_ws/install/sensor_msgs/lib/python3.12/site-packages/sensor_msgs/msg/_image.py'...
[125.179s] Compiling '/home/rasp/ros2_ws/install/sensor_msgs/lib/python3.12/site-packages/sensor_msgs/msg/_imu.py'...
[125.179s] Compiling '/home/rasp/ros2_ws/install/sensor_msgs/lib/python3.12/site-packages/sensor_msgs/msg/_joint_state.py'...
[125.179s] Compiling '/home/rasp/ros2_ws/install/sensor_msgs/lib/python3.12/site-packages/sensor_msgs/msg/_joy.py'...
[125.179s] Compiling '/home/rasp/ros2_ws/install/sensor_msgs/lib/python3.12/site-packages/sensor_msgs/msg/_joy_feedback.py'...
[125.179s] Compiling '/home/rasp/ros2_ws/install/sensor_msgs/lib/python3.12/site-packages/sensor_msgs/msg/_joy_feedback_array.py'...
[125.179s] Compiling '/home/rasp/ros2_ws/install/sensor_msgs/lib/python3.12/site-packages/sensor_msgs/msg/_laser_echo.py'...
[125.179s] Compiling '/home/rasp/ros2_ws/install/sensor_msgs/lib/python3.12/site-packages/sensor_msgs/msg/_laser_scan.py'...
[125.179s] Compiling '/home/rasp/ros2_ws/install/sensor_msgs/lib/python3.12/site-packages/sensor_msgs/msg/_magnetic_field.py'...
[125.179s] Compiling '/home/rasp/ros2_ws/install/sensor_msgs/lib/python3.12/site-packages/sensor_msgs/msg/_multi_dof_joint_state.py'...
[125.179s] Compiling '/home/rasp/ros2_ws/install/sensor_msgs/lib/python3.12/site-packages/sensor_msgs/msg/_multi_echo_laser_scan.py'...
[125.179s] Compiling '/home/rasp/ros2_ws/install/sensor_msgs/lib/python3.12/site-packages/sensor_msgs/msg/_nav_sat_fix.py'...
[125.180s] Compiling '/home/rasp/ros2_ws/install/sensor_msgs/lib/python3.12/site-packages/sensor_msgs/msg/_nav_sat_status.py'...
[125.180s] Compiling '/home/rasp/ros2_ws/install/sensor_msgs/lib/python3.12/site-packages/sensor_msgs/msg/_point_cloud.py'...
[125.180s] Compiling '/home/rasp/ros2_ws/install/sensor_msgs/lib/python3.12/site-packages/sensor_msgs/msg/_point_cloud2.py'...
[125.180s] Compiling '/home/rasp/ros2_ws/install/sensor_msgs/lib/python3.12/site-packages/sensor_msgs/msg/_point_field.py'...
[125.180s] Compiling '/home/rasp/ros2_ws/install/sensor_msgs/lib/python3.12/site-packages/sensor_msgs/msg/_range.py'...
[125.180s] Compiling '/home/rasp/ros2_ws/install/sensor_msgs/lib/python3.12/site-packages/sensor_msgs/msg/_region_of_interest.py'...
[125.180s] Compiling '/home/rasp/ros2_ws/install/sensor_msgs/lib/python3.12/site-packages/sensor_msgs/msg/_relative_humidity.py'...
[125.180s] Compiling '/home/rasp/ros2_ws/install/sensor_msgs/lib/python3.12/site-packages/sensor_msgs/msg/_temperature.py'...
[125.180s] Compiling '/home/rasp/ros2_ws/install/sensor_msgs/lib/python3.12/site-packages/sensor_msgs/msg/_time_reference.py'...
[125.180s] Listing '/home/rasp/ros2_ws/install/sensor_msgs/lib/python3.12/site-packages/sensor_msgs/srv'...
[125.180s] Compiling '/home/rasp/ros2_ws/install/sensor_msgs/lib/python3.12/site-packages/sensor_msgs/srv/__init__.py'...
[125.180s] Compiling '/home/rasp/ros2_ws/install/sensor_msgs/lib/python3.12/site-packages/sensor_msgs/srv/_set_camera_info.py'...
[125.189s] -- Installing: /home/rasp/ros2_ws/install/sensor_msgs/lib/python3.12/site-packages/sensor_msgs/sensor_msgs_s__rosidl_typesupport_microxrcedds_c.so
[125.189s] -- Set non-toolchain portion of runtime path of "/home/rasp/ros2_ws/install/sensor_msgs/lib/python3.12/site-packages/sensor_msgs/sensor_msgs_s__rosidl_typesupport_microxrcedds_c.so" to ""
[125.189s] -- Installing: /home/rasp/ros2_ws/install/sensor_msgs/lib/python3.12/site-packages/sensor_msgs/sensor_msgs_s__rosidl_typesupport_fastrtps_c.so
[125.189s] -- Set non-toolchain portion of runtime path of "/home/rasp/ros2_ws/install/sensor_msgs/lib/python3.12/site-packages/sensor_msgs/sensor_msgs_s__rosidl_typesupport_fastrtps_c.so" to ""
[125.190s] -- Installing: /home/rasp/ros2_ws/install/sensor_msgs/lib/python3.12/site-packages/sensor_msgs/sensor_msgs_s__rosidl_typesupport_introspection_c.so
[125.191s] -- Set non-toolchain portion of runtime path of "/home/rasp/ros2_ws/install/sensor_msgs/lib/python3.12/site-packages/sensor_msgs/sensor_msgs_s__rosidl_typesupport_introspection_c.so" to ""
[125.191s] -- Installing: /home/rasp/ros2_ws/install/sensor_msgs/lib/python3.12/site-packages/sensor_msgs/sensor_msgs_s__rosidl_typesupport_c.so
[125.192s] -- Set non-toolchain portion of runtime path of "/home/rasp/ros2_ws/install/sensor_msgs/lib/python3.12/site-packages/sensor_msgs/sensor_msgs_s__rosidl_typesupport_c.so" to ""
[125.192s] -- Installing: /home/rasp/ros2_ws/install/sensor_msgs/lib/libsensor_msgs__rosidl_generator_py.so
[125.193s] -- Set non-toolchain portion of runtime path of "/home/rasp/ros2_ws/install/sensor_msgs/lib/libsensor_msgs__rosidl_generator_py.so" to ""
[125.194s] -- Installing: /home/rasp/ros2_ws/install/sensor_msgs/share/sensor_msgs/msg/BatteryState.idl
[125.194s] -- Installing: /home/rasp/ros2_ws/install/sensor_msgs/share/sensor_msgs/msg/CameraInfo.idl
[125.194s] -- Installing: /home/rasp/ros2_ws/install/sensor_msgs/share/sensor_msgs/msg/ChannelFloat32.idl
[125.195s] -- Installing: /home/rasp/ros2_ws/install/sensor_msgs/share/sensor_msgs/msg/CompressedImage.idl
[125.195s] -- Installing: /home/rasp/ros2_ws/install/sensor_msgs/share/sensor_msgs/msg/FluidPressure.idl
[125.196s] -- Installing: /home/rasp/ros2_ws/install/sensor_msgs/share/sensor_msgs/msg/Illuminance.idl
[125.196s] -- Installing: /home/rasp/ros2_ws/install/sensor_msgs/share/sensor_msgs/msg/Image.idl
[125.197s] -- Installing: /home/rasp/ros2_ws/install/sensor_msgs/share/sensor_msgs/msg/Imu.idl
[125.197s] -- Installing: /home/rasp/ros2_ws/install/sensor_msgs/share/sensor_msgs/msg/JointState.idl
[125.197s] -- Installing: /home/rasp/ros2_ws/install/sensor_msgs/share/sensor_msgs/msg/Joy.idl
[125.198s] -- Installing: /home/rasp/ros2_ws/install/sensor_msgs/share/sensor_msgs/msg/JoyFeedback.idl
[125.198s] -- Installing: /home/rasp/ros2_ws/install/sensor_msgs/share/sensor_msgs/msg/JoyFeedbackArray.idl
[125.198s] -- Installing: /home/rasp/ros2_ws/install/sensor_msgs/share/sensor_msgs/msg/LaserEcho.idl
[125.199s] -- Installing: /home/rasp/ros2_ws/install/sensor_msgs/share/sensor_msgs/msg/LaserScan.idl
[125.199s] -- Installing: /home/rasp/ros2_ws/install/sensor_msgs/share/sensor_msgs/msg/MagneticField.idl
[125.200s] -- Installing: /home/rasp/ros2_ws/install/sensor_msgs/share/sensor_msgs/msg/MultiDOFJointState.idl
[125.200s] -- Installing: /home/rasp/ros2_ws/install/sensor_msgs/share/sensor_msgs/msg/MultiEchoLaserScan.idl
[125.201s] -- Installing: /home/rasp/ros2_ws/install/sensor_msgs/share/sensor_msgs/msg/NavSatFix.idl
[125.201s] -- Installing: /home/rasp/ros2_ws/install/sensor_msgs/share/sensor_msgs/msg/NavSatStatus.idl
[125.202s] -- Installing: /home/rasp/ros2_ws/install/sensor_msgs/share/sensor_msgs/msg/PointCloud.idl
[125.202s] -- Installing: /home/rasp/ros2_ws/install/sensor_msgs/share/sensor_msgs/msg/PointCloud2.idl
[125.202s] -- Installing: /home/rasp/ros2_ws/install/sensor_msgs/share/sensor_msgs/msg/PointField.idl
[125.203s] -- Installing: /home/rasp/ros2_ws/install/sensor_msgs/share/sensor_msgs/msg/Range.idl
[125.203s] -- Installing: /home/rasp/ros2_ws/install/sensor_msgs/share/sensor_msgs/msg/RegionOfInterest.idl
[125.203s] -- Installing: /home/rasp/ros2_ws/install/sensor_msgs/share/sensor_msgs/msg/RelativeHumidity.idl
[125.204s] -- Installing: /home/rasp/ros2_ws/install/sensor_msgs/share/sensor_msgs/msg/Temperature.idl
[125.204s] -- Installing: /home/rasp/ros2_ws/install/sensor_msgs/share/sensor_msgs/msg/TimeReference.idl
[125.205s] -- Installing: /home/rasp/ros2_ws/install/sensor_msgs/share/sensor_msgs/srv/SetCameraInfo.idl
[125.206s] -- Installing: /home/rasp/ros2_ws/install/sensor_msgs/share/sensor_msgs/msg/BatteryState.msg
[125.206s] -- Installing: /home/rasp/ros2_ws/install/sensor_msgs/share/sensor_msgs/msg/CameraInfo.msg
[125.206s] -- Installing: /home/rasp/ros2_ws/install/sensor_msgs/share/sensor_msgs/msg/ChannelFloat32.msg
[125.206s] -- Installing: /home/rasp/ros2_ws/install/sensor_msgs/share/sensor_msgs/msg/CompressedImage.msg
[125.207s] -- Installing: /home/rasp/ros2_ws/install/sensor_msgs/share/sensor_msgs/msg/FluidPressure.msg
[125.207s] -- Installing: /home/rasp/ros2_ws/install/sensor_msgs/share/sensor_msgs/msg/Illuminance.msg
[125.208s] -- Installing: /home/rasp/ros2_ws/install/sensor_msgs/share/sensor_msgs/msg/Image.msg
[125.208s] -- Installing: /home/rasp/ros2_ws/install/sensor_msgs/share/sensor_msgs/msg/Imu.msg
[125.209s] -- Installing: /home/rasp/ros2_ws/install/sensor_msgs/share/sensor_msgs/msg/JointState.msg
[125.209s] -- Installing: /home/rasp/ros2_ws/install/sensor_msgs/share/sensor_msgs/msg/Joy.msg
[125.209s] -- Installing: /home/rasp/ros2_ws/install/sensor_msgs/share/sensor_msgs/msg/JoyFeedback.msg
[125.210s] -- Installing: /home/rasp/ros2_ws/install/sensor_msgs/share/sensor_msgs/msg/JoyFeedbackArray.msg
[125.210s] -- Installing: /home/rasp/ros2_ws/install/sensor_msgs/share/sensor_msgs/msg/LaserEcho.msg
[125.210s] -- Installing: /home/rasp/ros2_ws/install/sensor_msgs/share/sensor_msgs/msg/LaserScan.msg
[125.211s] -- Installing: /home/rasp/ros2_ws/install/sensor_msgs/share/sensor_msgs/msg/MagneticField.msg
[125.211s] -- Installing: /home/rasp/ros2_ws/install/sensor_msgs/share/sensor_msgs/msg/MultiDOFJointState.msg
[125.212s] -- Installing: /home/rasp/ros2_ws/install/sensor_msgs/share/sensor_msgs/msg/MultiEchoLaserScan.msg
[125.212s] -- Installing: /home/rasp/ros2_ws/install/sensor_msgs/share/sensor_msgs/msg/NavSatFix.msg
[125.212s] -- Installing: /home/rasp/ros2_ws/install/sensor_msgs/share/sensor_msgs/msg/NavSatStatus.msg
[125.213s] -- Installing: /home/rasp/ros2_ws/install/sensor_msgs/share/sensor_msgs/msg/PointCloud.msg
[125.213s] -- Installing: /home/rasp/ros2_ws/install/sensor_msgs/share/sensor_msgs/msg/PointCloud2.msg
[125.214s] -- Installing: /home/rasp/ros2_ws/install/sensor_msgs/share/sensor_msgs/msg/PointField.msg
[125.214s] -- Installing: /home/rasp/ros2_ws/install/sensor_msgs/share/sensor_msgs/msg/Range.msg
[125.214s] -- Installing: /home/rasp/ros2_ws/install/sensor_msgs/share/sensor_msgs/msg/RegionOfInterest.msg
[125.215s] -- Installing: /home/rasp/ros2_ws/install/sensor_msgs/share/sensor_msgs/msg/RelativeHumidity.msg
[125.215s] -- Installing: /home/rasp/ros2_ws/install/sensor_msgs/share/sensor_msgs/msg/Temperature.msg
[125.216s] -- Installing: /home/rasp/ros2_ws/install/sensor_msgs/share/sensor_msgs/msg/TimeReference.msg
[125.216s] -- Installing: /home/rasp/ros2_ws/install/sensor_msgs/share/sensor_msgs/srv/SetCameraInfo.srv
[125.216s] -- Up-to-date: /home/rasp/ros2_ws/install/sensor_msgs/include/sensor_msgs
[125.218s] -- Up-to-date: /home/rasp/ros2_ws/install/sensor_msgs/include/sensor_msgs/sensor_msgs
[125.218s] -- Installing: /home/rasp/ros2_ws/install/sensor_msgs/include/sensor_msgs/sensor_msgs/point_field_conversion.hpp
[125.219s] -- Installing: /home/rasp/ros2_ws/install/sensor_msgs/include/sensor_msgs/sensor_msgs/point_cloud2_iterator.hpp
[125.219s] -- Installing: /home/rasp/ros2_ws/install/sensor_msgs/include/sensor_msgs/sensor_msgs/distortion_models.hpp
[125.220s] -- Installing: /home/rasp/ros2_ws/install/sensor_msgs/include/sensor_msgs/sensor_msgs/fill_image.hpp
[125.222s] -- Installing: /home/rasp/ros2_ws/install/sensor_msgs/include/sensor_msgs/sensor_msgs/image_encodings.hpp
[125.223s] -- Installing: /home/rasp/ros2_ws/install/sensor_msgs/include/sensor_msgs/sensor_msgs/impl
[125.223s] -- Installing: /home/rasp/ros2_ws/install/sensor_msgs/include/sensor_msgs/sensor_msgs/impl/point_cloud2_iterator.hpp
[125.224s] -- Installing: /home/rasp/ros2_ws/install/sensor_msgs/include/sensor_msgs/sensor_msgs/point_cloud_conversion.hpp
[125.224s] -- Installing: /home/rasp/ros2_ws/install/sensor_msgs/share/ament_index/resource_index/package_run_dependencies/sensor_msgs
[125.225s] -- Installing: /home/rasp/ros2_ws/install/sensor_msgs/share/ament_index/resource_index/parent_prefix_path/sensor_msgs
[125.225s] -- Installing: /home/rasp/ros2_ws/install/sensor_msgs/share/sensor_msgs/environment/ament_prefix_path.sh
[125.225s] -- Installing: /home/rasp/ros2_ws/install/sensor_msgs/share/sensor_msgs/environment/ament_prefix_path.dsv
[125.226s] -- Installing: /home/rasp/ros2_ws/install/sensor_msgs/share/sensor_msgs/environment/path.sh
[125.226s] -- Installing: /home/rasp/ros2_ws/install/sensor_msgs/share/sensor_msgs/environment/path.dsv
[125.228s] -- Installing: /home/rasp/ros2_ws/install/sensor_msgs/share/sensor_msgs/local_setup.bash
[125.229s] -- Installing: /home/rasp/ros2_ws/install/sensor_msgs/share/sensor_msgs/local_setup.sh
[125.230s] -- Installing: /home/rasp/ros2_ws/install/sensor_msgs/share/sensor_msgs/local_setup.zsh
[125.230s] -- Installing: /home/rasp/ros2_ws/install/sensor_msgs/share/sensor_msgs/local_setup.dsv
[125.231s] -- Installing: /home/rasp/ros2_ws/install/sensor_msgs/share/sensor_msgs/package.dsv
[125.231s] -- Installing: /home/rasp/ros2_ws/install/sensor_msgs/share/ament_index/resource_index/packages/sensor_msgs
[125.231s] -- Installing: /home/rasp/ros2_ws/install/sensor_msgs/share/sensor_msgs/cmake/export_sensor_msgs__rosidl_generator_cExport.cmake
[125.232s] -- Installing: /home/rasp/ros2_ws/install/sensor_msgs/share/sensor_msgs/cmake/export_sensor_msgs__rosidl_generator_cExport-noconfig.cmake
[125.232s] -- Installing: /home/rasp/ros2_ws/install/sensor_msgs/share/sensor_msgs/cmake/export_sensor_msgs__rosidl_typesupport_fastrtps_cExport.cmake
[125.232s] -- Installing: /home/rasp/ros2_ws/install/sensor_msgs/share/sensor_msgs/cmake/export_sensor_msgs__rosidl_typesupport_fastrtps_cExport-noconfig.cmake
[125.232s] -- Installing: /home/rasp/ros2_ws/install/sensor_msgs/share/sensor_msgs/cmake/export_sensor_msgs__rosidl_generator_cppExport.cmake
[125.233s] -- Installing: /home/rasp/ros2_ws/install/sensor_msgs/share/sensor_msgs/cmake/export_sensor_msgs__rosidl_typesupport_fastrtps_cppExport.cmake
[125.234s] -- Installing: /home/rasp/ros2_ws/install/sensor_msgs/share/sensor_msgs/cmake/export_sensor_msgs__rosidl_typesupport_fastrtps_cppExport-noconfig.cmake
[125.234s] -- Installing: /home/rasp/ros2_ws/install/sensor_msgs/share/sensor_msgs/cmake/sensor_msgs__rosidl_typesupport_introspection_cExport.cmake
[125.235s] -- Installing: /home/rasp/ros2_ws/install/sensor_msgs/share/sensor_msgs/cmake/sensor_msgs__rosidl_typesupport_introspection_cExport-noconfig.cmake
[125.235s] -- Installing: /home/rasp/ros2_ws/install/sensor_msgs/share/sensor_msgs/cmake/sensor_msgs__rosidl_typesupport_cExport.cmake
[125.235s] -- Installing: /home/rasp/ros2_ws/install/sensor_msgs/share/sensor_msgs/cmake/sensor_msgs__rosidl_typesupport_cExport-noconfig.cmake
[125.236s] -- Installing: /home/rasp/ros2_ws/install/sensor_msgs/share/sensor_msgs/cmake/sensor_msgs__rosidl_typesupport_introspection_cppExport.cmake
[125.236s] -- Installing: /home/rasp/ros2_ws/install/sensor_msgs/share/sensor_msgs/cmake/sensor_msgs__rosidl_typesupport_introspection_cppExport-noconfig.cmake
[125.237s] -- Installing: /home/rasp/ros2_ws/install/sensor_msgs/share/sensor_msgs/cmake/sensor_msgs__rosidl_typesupport_cppExport.cmake
[125.238s] -- Installing: /home/rasp/ros2_ws/install/sensor_msgs/share/sensor_msgs/cmake/sensor_msgs__rosidl_typesupport_cppExport-noconfig.cmake
[125.238s] -- Installing: /home/rasp/ros2_ws/install/sensor_msgs/share/sensor_msgs/cmake/export_sensor_msgs__rosidl_generator_pyExport.cmake
[125.238s] -- Installing: /home/rasp/ros2_ws/install/sensor_msgs/share/sensor_msgs/cmake/export_sensor_msgs__rosidl_generator_pyExport-noconfig.cmake
[125.239s] -- Installing: /home/rasp/ros2_ws/install/sensor_msgs/share/sensor_msgs/cmake/export_sensor_msgsExport.cmake
[125.239s] -- Installing: /home/rasp/ros2_ws/install/sensor_msgs/share/sensor_msgs/cmake/rosidl_cmake-extras.cmake
[125.239s] -- Installing: /home/rasp/ros2_ws/install/sensor_msgs/share/sensor_msgs/cmake/ament_cmake_export_dependencies-extras.cmake
[125.240s] -- Installing: /home/rasp/ros2_ws/install/sensor_msgs/share/sensor_msgs/cmake/ament_cmake_export_include_directories-extras.cmake
[125.240s] -- Installing: /home/rasp/ros2_ws/install/sensor_msgs/share/sensor_msgs/cmake/ament_cmake_export_libraries-extras.cmake
[125.241s] -- Installing: /home/rasp/ros2_ws/install/sensor_msgs/share/sensor_msgs/cmake/ament_cmake_export_targets-extras.cmake
[125.241s] -- Installing: /home/rasp/ros2_ws/install/sensor_msgs/share/sensor_msgs/cmake/rosidl_cmake_export_typesupport_targets-extras.cmake
[125.242s] -- Installing: /home/rasp/ros2_ws/install/sensor_msgs/share/sensor_msgs/cmake/rosidl_cmake_export_typesupport_libraries-extras.cmake
[125.244s] -- Installing: /home/rasp/ros2_ws/install/sensor_msgs/share/sensor_msgs/cmake/sensor_msgsConfig.cmake
[125.244s] -- Installing: /home/rasp/ros2_ws/install/sensor_msgs/share/sensor_msgs/cmake/sensor_msgsConfig-version.cmake
[125.245s] -- Installing: /home/rasp/ros2_ws/install/sensor_msgs/share/sensor_msgs/package.xml
[125.248s] Invoked command in '/home/rasp/ros2_ws/build/sensor_msgs' returned '0': AMENT_PREFIX_PATH=/home/rasp/ros2_ws/install/geometry_msgs:/home/rasp/ros2_ws/install/std_msgs:/home/rasp/ros2_ws/install/builtin_interfaces:${AMENT_PREFIX_PATH} CMAKE_PREFIX_PATH=/home/rasp/ros2_ws/install/geometry_msgs:/home/rasp/ros2_ws/install/std_msgs:/home/rasp/ros2_ws/install/builtin_interfaces:/home/rasp/ros2_ws/install/rosidl_typesupport_microxrcedds_cpp:/home/rasp/ros2_ws/install/rosidl_typesupport_microxrcedds_c:/home/rasp/ros2_ws/install/microcdr:/home/rasp/ros2_ws/install/micro_ros_setup:/opt/ros/jazzy/opt/gz_math_vendor:/opt/ros/jazzy/opt/gz_utils_vendor:/opt/ros/jazzy/opt/gz_cmake_vendor:/opt/ros/jazzy DEBUGINFOD_URLS=https://debuginfod.ubuntu.com LD_LIBRARY_PATH=/home/rasp/ros2_ws/install/geometry_msgs/lib:/home/rasp/ros2_ws/install/std_msgs/lib:/home/rasp/ros2_ws/install/builtin_interfaces/lib:${LD_LIBRARY_PATH} PYTHONPATH=/home/rasp/ros2_ws/install/geometry_msgs/lib/python3.12/site-packages:/home/rasp/ros2_ws/install/std_msgs/lib/python3.12/site-packages:/home/rasp/ros2_ws/install/builtin_interfaces/lib/python3.12/site-packages:${PYTHONPATH} /usr/bin/cmake --install /home/rasp/ros2_ws/build/sensor_msgs
