[0.106s] DEBUG:colcon:Command line arguments: ['/usr/bin/colcon', 'build', '--metas', 'src', '--cmake-args', '-DBUILD_TESTING=OFF', '-DBUILD_SHARED_LIBS=ON']
[0.106s] DEBUG:colcon:Parsed command line arguments: Namespace(log_base=None, log_level=None, verb_name='build', build_base='build', install_base='install', merge_install=False, symlink_install=False, test_result_base=None, continue_on_error=False, executor='parallel', parallel_workers=2, event_handlers=None, ignore_user_meta=False, metas=['src'], base_paths=['.'], packages_ignore=None, packages_ignore_regex=None, paths=None, packages_up_to=None, packages_up_to_regex=None, packages_above=None, packages_above_and_dependencies=None, packages_above_depth=None, packages_select_by_dep=None, packages_skip_by_dep=None, packages_skip_up_to=None, packages_select_build_failed=False, packages_skip_build_finished=False, packages_select_test_failures=False, packages_skip_test_passed=False, packages_select=None, packages_skip=None, packages_select_regex=None, packages_skip_regex=None, packages_start=None, packages_end=None, allow_overriding=[], cmake_args=['-DBUILD_TESTING=OFF', '-DBUILD_SHARED_LIBS=ON'], cmake_target=None, cmake_target_skip_unavailable=False, cmake_clean_cache=False, cmake_clean_first=False, cmake_force_configure=False, ament_cmake_args=None, catkin_cmake_args=None, catkin_skip_building_tests=False, mixin_files=None, mixin=None, verb_parser=<colcon_mixin.mixin.mixin_argument.MixinArgumentDecorator object at 0x7f4539c7fec0>, verb_extension=<colcon_core.verb.build.BuildVerb object at 0x7f4539c7fb60>, main=<bound method BuildVerb.main of <colcon_core.verb.build.BuildVerb object at 0x7f4539c7fb60>>, mixin_verb=('build',))
[0.144s] Level 1:colcon.colcon_core.package_discovery:discover_packages(colcon_meta) check parameters
[0.146s] INFO:colcon.colcon_metadata.package_discovery.colcon_meta:Using configuration from '/home/rasp/ros2_ws/src/colcon.meta'
[0.146s] Level 1:colcon.colcon_core.package_discovery:discover_packages(recursive) check parameters
[0.146s] Level 1:colcon.colcon_core.package_discovery:discover_packages(ignore) check parameters
[0.146s] Level 1:colcon.colcon_core.package_discovery:discover_packages(path) check parameters
[0.146s] Level 1:colcon.colcon_core.package_discovery:discover_packages(colcon_meta) discover
[0.146s] Level 1:colcon.colcon_core.package_discovery:discover_packages(recursive) discover
[0.146s] INFO:colcon.colcon_core.package_discovery:Crawling recursively for packages in '/home/rasp/ros2_ws'
[0.146s] Level 1:colcon.colcon_core.package_identification:_identify(.) by extensions ['ignore', 'ignore_ament_install']
[0.146s] Level 1:colcon.colcon_core.package_identification:_identify(.) by extension 'ignore'
[0.146s] Level 1:colcon.colcon_core.package_identification:_identify(.) by extension 'ignore_ament_install'
[0.146s] Level 1:colcon.colcon_core.package_identification:_identify(.) by extensions ['colcon_pkg']
[0.146s] Level 1:colcon.colcon_core.package_identification:_identify(.) by extension 'colcon_pkg'
[0.146s] Level 1:colcon.colcon_core.package_identification:_identify(.) by extensions ['colcon_meta']
[0.146s] Level 1:colcon.colcon_core.package_identification:_identify(.) by extension 'colcon_meta'
[0.146s] Level 1:colcon.colcon_core.package_identification:_identify(.) by extensions ['ros']
[0.146s] Level 1:colcon.colcon_core.package_identification:_identify(.) by extension 'ros'
[0.170s] Level 1:colcon.colcon_core.package_identification:_identify(.) by extensions ['cmake', 'python']
[0.170s] Level 1:colcon.colcon_core.package_identification:_identify(.) by extension 'cmake'
[0.170s] Level 1:colcon.colcon_core.package_identification:_identify(.) by extension 'python'
[0.170s] Level 1:colcon.colcon_core.package_identification:_identify(.) by extensions ['python_setup_py']
[0.170s] Level 1:colcon.colcon_core.package_identification:_identify(.) by extension 'python_setup_py'
[0.170s] Level 1:colcon.colcon_core.package_identification:_identify(build) by extensions ['ignore', 'ignore_ament_install']
[0.171s] Level 1:colcon.colcon_core.package_identification:_identify(build) by extension 'ignore'
[0.171s] Level 1:colcon.colcon_core.package_identification:_identify(build) ignored
[0.171s] Level 1:colcon.colcon_core.package_identification:_identify(firmware) by extensions ['ignore', 'ignore_ament_install']
[0.171s] Level 1:colcon.colcon_core.package_identification:_identify(firmware) by extension 'ignore'
[0.171s] Level 1:colcon.colcon_core.package_identification:_identify(firmware) ignored
[0.171s] Level 1:colcon.colcon_core.package_identification:_identify(install) by extensions ['ignore', 'ignore_ament_install']
[0.171s] Level 1:colcon.colcon_core.package_identification:_identify(install) by extension 'ignore'
[0.171s] Level 1:colcon.colcon_core.package_identification:_identify(install) ignored
[0.171s] Level 1:colcon.colcon_core.package_identification:_identify(log) by extensions ['ignore', 'ignore_ament_install']
[0.171s] Level 1:colcon.colcon_core.package_identification:_identify(log) by extension 'ignore'
[0.171s] Level 1:colcon.colcon_core.package_identification:_identify(log) ignored
[0.171s] Level 1:colcon.colcon_core.package_identification:_identify(src) by extensions ['ignore', 'ignore_ament_install']
[0.171s] Level 1:colcon.colcon_core.package_identification:_identify(src) by extension 'ignore'
[0.171s] Level 1:colcon.colcon_core.package_identification:_identify(src) by extension 'ignore_ament_install'
[0.171s] Level 1:colcon.colcon_core.package_identification:_identify(src) by extensions ['colcon_pkg']
[0.171s] Level 1:colcon.colcon_core.package_identification:_identify(src) by extension 'colcon_pkg'
[0.171s] Level 1:colcon.colcon_core.package_identification:_identify(src) by extensions ['colcon_meta']
[0.172s] Level 1:colcon.colcon_core.package_identification:_identify(src) by extension 'colcon_meta'
[0.172s] Level 1:colcon.colcon_core.package_identification:_identify(src) by extensions ['ros']
[0.172s] Level 1:colcon.colcon_core.package_identification:_identify(src) by extension 'ros'
[0.172s] Level 1:colcon.colcon_core.package_identification:_identify(src) by extensions ['cmake', 'python']
[0.172s] Level 1:colcon.colcon_core.package_identification:_identify(src) by extension 'cmake'
[0.172s] Level 1:colcon.colcon_core.package_identification:_identify(src) by extension 'python'
[0.172s] Level 1:colcon.colcon_core.package_identification:_identify(src) by extensions ['python_setup_py']
[0.172s] Level 1:colcon.colcon_core.package_identification:_identify(src) by extension 'python_setup_py'
[0.172s] Level 1:colcon.colcon_core.package_identification:_identify(src/eProsima) by extensions ['ignore', 'ignore_ament_install']
[0.172s] Level 1:colcon.colcon_core.package_identification:_identify(src/eProsima) by extension 'ignore'
[0.172s] Level 1:colcon.colcon_core.package_identification:_identify(src/eProsima) by extension 'ignore_ament_install'
[0.172s] Level 1:colcon.colcon_core.package_identification:_identify(src/eProsima) by extensions ['colcon_pkg']
[0.172s] Level 1:colcon.colcon_core.package_identification:_identify(src/eProsima) by extension 'colcon_pkg'
[0.172s] Level 1:colcon.colcon_core.package_identification:_identify(src/eProsima) by extensions ['colcon_meta']
[0.172s] Level 1:colcon.colcon_core.package_identification:_identify(src/eProsima) by extension 'colcon_meta'
[0.172s] Level 1:colcon.colcon_core.package_identification:_identify(src/eProsima) by extensions ['ros']
[0.172s] Level 1:colcon.colcon_core.package_identification:_identify(src/eProsima) by extension 'ros'
[0.172s] Level 1:colcon.colcon_core.package_identification:_identify(src/eProsima) by extensions ['cmake', 'python']
[0.172s] Level 1:colcon.colcon_core.package_identification:_identify(src/eProsima) by extension 'cmake'
[0.172s] Level 1:colcon.colcon_core.package_identification:_identify(src/eProsima) by extension 'python'
[0.172s] Level 1:colcon.colcon_core.package_identification:_identify(src/eProsima) by extensions ['python_setup_py']
[0.172s] Level 1:colcon.colcon_core.package_identification:_identify(src/eProsima) by extension 'python_setup_py'
[0.172s] Level 1:colcon.colcon_core.package_identification:_identify(src/eProsima/Micro-CDR) by extensions ['ignore', 'ignore_ament_install']
[0.173s] Level 1:colcon.colcon_core.package_identification:_identify(src/eProsima/Micro-CDR) by extension 'ignore'
[0.173s] Level 1:colcon.colcon_core.package_identification:_identify(src/eProsima/Micro-CDR) by extension 'ignore_ament_install'
[0.173s] Level 1:colcon.colcon_core.package_identification:_identify(src/eProsima/Micro-CDR) by extensions ['colcon_pkg']
[0.173s] Level 1:colcon.colcon_core.package_identification:_identify(src/eProsima/Micro-CDR) by extension 'colcon_pkg'
[0.173s] INFO:colcon.colcon_metadata.metadata.colcon_pkg:Setting type 'cmake' of package 'src/eProsima/Micro-CDR' from colcon.pkg
[0.173s] INFO:colcon.colcon_metadata.metadata.colcon_pkg:Setting name 'microcdr' of package 'src/eProsima/Micro-CDR' from colcon.pkg
[0.173s] DEBUG:colcon.colcon_core.package_identification:Package 'src/eProsima/Micro-CDR' with type 'cmake' and name 'microcdr'
[0.173s] Level 1:colcon.colcon_core.package_identification:_identify(src/eProsima/Micro-XRCE-DDS-Client) by extensions ['ignore', 'ignore_ament_install']
[0.173s] Level 1:colcon.colcon_core.package_identification:_identify(src/eProsima/Micro-XRCE-DDS-Client) by extension 'ignore'
[0.173s] Level 1:colcon.colcon_core.package_identification:_identify(src/eProsima/Micro-XRCE-DDS-Client) by extension 'ignore_ament_install'
[0.173s] Level 1:colcon.colcon_core.package_identification:_identify(src/eProsima/Micro-XRCE-DDS-Client) by extensions ['colcon_pkg']
[0.173s] Level 1:colcon.colcon_core.package_identification:_identify(src/eProsima/Micro-XRCE-DDS-Client) by extension 'colcon_pkg'
[0.174s] INFO:colcon.colcon_metadata.metadata.colcon_pkg:Setting type 'cmake' of package 'src/eProsima/Micro-XRCE-DDS-Client' from colcon.pkg
[0.174s] INFO:colcon.colcon_metadata.metadata.colcon_pkg:Setting name 'microxrcedds_client' of package 'src/eProsima/Micro-XRCE-DDS-Client' from colcon.pkg
[0.174s] DEBUG:colcon.colcon_core.package_identification:Package 'src/eProsima/Micro-XRCE-DDS-Client' with type 'cmake' and name 'microxrcedds_client'
[0.174s] Level 1:colcon.colcon_core.package_identification:_identify(src/microros) by extensions ['ignore', 'ignore_ament_install']
[0.174s] Level 1:colcon.colcon_core.package_identification:_identify(src/microros) by extension 'ignore'
[0.174s] Level 1:colcon.colcon_core.package_identification:_identify(src/microros) by extension 'ignore_ament_install'
[0.174s] Level 1:colcon.colcon_core.package_identification:_identify(src/microros) by extensions ['colcon_pkg']
[0.174s] Level 1:colcon.colcon_core.package_identification:_identify(src/microros) by extension 'colcon_pkg'
[0.174s] Level 1:colcon.colcon_core.package_identification:_identify(src/microros) by extensions ['colcon_meta']
[0.174s] Level 1:colcon.colcon_core.package_identification:_identify(src/microros) by extension 'colcon_meta'
[0.174s] Level 1:colcon.colcon_core.package_identification:_identify(src/microros) by extensions ['ros']
[0.174s] Level 1:colcon.colcon_core.package_identification:_identify(src/microros) by extension 'ros'
[0.174s] Level 1:colcon.colcon_core.package_identification:_identify(src/microros) by extensions ['cmake', 'python']
[0.174s] Level 1:colcon.colcon_core.package_identification:_identify(src/microros) by extension 'cmake'
[0.175s] Level 1:colcon.colcon_core.package_identification:_identify(src/microros) by extension 'python'
[0.175s] Level 1:colcon.colcon_core.package_identification:_identify(src/microros) by extensions ['python_setup_py']
[0.175s] Level 1:colcon.colcon_core.package_identification:_identify(src/microros) by extension 'python_setup_py'
[0.175s] Level 1:colcon.colcon_core.package_identification:_identify(src/microros/src) by extensions ['ignore', 'ignore_ament_install']
[0.175s] Level 1:colcon.colcon_core.package_identification:_identify(src/microros/src) by extension 'ignore'
[0.175s] Level 1:colcon.colcon_core.package_identification:_identify(src/microros/src) by extension 'ignore_ament_install'
[0.175s] Level 1:colcon.colcon_core.package_identification:_identify(src/microros/src) by extensions ['colcon_pkg']
[0.175s] Level 1:colcon.colcon_core.package_identification:_identify(src/microros/src) by extension 'colcon_pkg'
[0.175s] Level 1:colcon.colcon_core.package_identification:_identify(src/microros/src) by extensions ['colcon_meta']
[0.175s] Level 1:colcon.colcon_core.package_identification:_identify(src/microros/src) by extension 'colcon_meta'
[0.175s] Level 1:colcon.colcon_core.package_identification:_identify(src/microros/src) by extensions ['ros']
[0.175s] Level 1:colcon.colcon_core.package_identification:_identify(src/microros/src) by extension 'ros'
[0.175s] Level 1:colcon.colcon_core.package_identification:_identify(src/microros/src) by extensions ['cmake', 'python']
[0.175s] Level 1:colcon.colcon_core.package_identification:_identify(src/microros/src) by extension 'cmake'
[0.175s] Level 1:colcon.colcon_core.package_identification:_identify(src/microros/src) by extension 'python'
[0.175s] Level 1:colcon.colcon_core.package_identification:_identify(src/microros/src) by extensions ['python_setup_py']
[0.175s] Level 1:colcon.colcon_core.package_identification:_identify(src/microros/src) by extension 'python_setup_py'
[0.175s] Level 1:colcon.colcon_core.package_identification:_identify(src/microros/src/micro_ros_setup) by extensions ['ignore', 'ignore_ament_install']
[0.175s] Level 1:colcon.colcon_core.package_identification:_identify(src/microros/src/micro_ros_setup) by extension 'ignore'
[0.175s] Level 1:colcon.colcon_core.package_identification:_identify(src/microros/src/micro_ros_setup) by extension 'ignore_ament_install'
[0.175s] Level 1:colcon.colcon_core.package_identification:_identify(src/microros/src/micro_ros_setup) by extensions ['colcon_pkg']
[0.175s] Level 1:colcon.colcon_core.package_identification:_identify(src/microros/src/micro_ros_setup) by extension 'colcon_pkg'
[0.176s] Level 1:colcon.colcon_core.package_identification:_identify(src/microros/src/micro_ros_setup) by extensions ['colcon_meta']
[0.176s] Level 1:colcon.colcon_core.package_identification:_identify(src/microros/src/micro_ros_setup) by extension 'colcon_meta'
[0.176s] Level 1:colcon.colcon_core.package_identification:_identify(src/microros/src/micro_ros_setup) by extensions ['ros']
[0.176s] Level 1:colcon.colcon_core.package_identification:_identify(src/microros/src/micro_ros_setup) by extension 'ros'
[0.178s] DEBUG:colcon.colcon_core.package_identification:Package 'src/microros/src/micro_ros_setup' with type 'ros.ament_cmake' and name 'micro_ros_setup'
[0.178s] Level 1:colcon.colcon_core.package_identification:_identify(src/ros2) by extensions ['ignore', 'ignore_ament_install']
[0.178s] Level 1:colcon.colcon_core.package_identification:_identify(src/ros2) by extension 'ignore'
[0.178s] Level 1:colcon.colcon_core.package_identification:_identify(src/ros2) by extension 'ignore_ament_install'
[0.178s] Level 1:colcon.colcon_core.package_identification:_identify(src/ros2) by extensions ['colcon_pkg']
[0.178s] Level 1:colcon.colcon_core.package_identification:_identify(src/ros2) by extension 'colcon_pkg'
[0.178s] Level 1:colcon.colcon_core.package_identification:_identify(src/ros2) by extensions ['colcon_meta']
[0.178s] Level 1:colcon.colcon_core.package_identification:_identify(src/ros2) by extension 'colcon_meta'
[0.178s] Level 1:colcon.colcon_core.package_identification:_identify(src/ros2) by extensions ['ros']
[0.178s] Level 1:colcon.colcon_core.package_identification:_identify(src/ros2) by extension 'ros'
[0.178s] Level 1:colcon.colcon_core.package_identification:_identify(src/ros2) by extensions ['cmake', 'python']
[0.178s] Level 1:colcon.colcon_core.package_identification:_identify(src/ros2) by extension 'cmake'
[0.178s] Level 1:colcon.colcon_core.package_identification:_identify(src/ros2) by extension 'python'
[0.178s] Level 1:colcon.colcon_core.package_identification:_identify(src/ros2) by extensions ['python_setup_py']
[0.178s] Level 1:colcon.colcon_core.package_identification:_identify(src/ros2) by extension 'python_setup_py'
[0.179s] Level 1:colcon.colcon_core.package_identification:_identify(src/ros2/common_interfaces) by extensions ['ignore', 'ignore_ament_install']
[0.179s] Level 1:colcon.colcon_core.package_identification:_identify(src/ros2/common_interfaces) by extension 'ignore'
[0.179s] Level 1:colcon.colcon_core.package_identification:_identify(src/ros2/common_interfaces) by extension 'ignore_ament_install'
[0.179s] Level 1:colcon.colcon_core.package_identification:_identify(src/ros2/common_interfaces) by extensions ['colcon_pkg']
[0.179s] Level 1:colcon.colcon_core.package_identification:_identify(src/ros2/common_interfaces) by extension 'colcon_pkg'
[0.179s] Level 1:colcon.colcon_core.package_identification:_identify(src/ros2/common_interfaces) by extensions ['colcon_meta']
[0.179s] Level 1:colcon.colcon_core.package_identification:_identify(src/ros2/common_interfaces) by extension 'colcon_meta'
[0.179s] Level 1:colcon.colcon_core.package_identification:_identify(src/ros2/common_interfaces) by extensions ['ros']
[0.179s] Level 1:colcon.colcon_core.package_identification:_identify(src/ros2/common_interfaces) by extension 'ros'
[0.179s] Level 1:colcon.colcon_core.package_identification:_identify(src/ros2/common_interfaces) by extensions ['cmake', 'python']
[0.179s] Level 1:colcon.colcon_core.package_identification:_identify(src/ros2/common_interfaces) by extension 'cmake'
[0.179s] Level 1:colcon.colcon_core.package_identification:_identify(src/ros2/common_interfaces) by extension 'python'
[0.179s] Level 1:colcon.colcon_core.package_identification:_identify(src/ros2/common_interfaces) by extensions ['python_setup_py']
[0.179s] Level 1:colcon.colcon_core.package_identification:_identify(src/ros2/common_interfaces) by extension 'python_setup_py'
[0.179s] Level 1:colcon.colcon_core.package_identification:_identify(src/ros2/common_interfaces/actionlib_msgs) by extensions ['ignore', 'ignore_ament_install']
[0.179s] Level 1:colcon.colcon_core.package_identification:_identify(src/ros2/common_interfaces/actionlib_msgs) by extension 'ignore'
[0.179s] Level 1:colcon.colcon_core.package_identification:_identify(src/ros2/common_interfaces/actionlib_msgs) by extension 'ignore_ament_install'
[0.179s] Level 1:colcon.colcon_core.package_identification:_identify(src/ros2/common_interfaces/actionlib_msgs) by extensions ['colcon_pkg']
[0.179s] Level 1:colcon.colcon_core.package_identification:_identify(src/ros2/common_interfaces/actionlib_msgs) by extension 'colcon_pkg'
[0.179s] Level 1:colcon.colcon_core.package_identification:_identify(src/ros2/common_interfaces/actionlib_msgs) by extensions ['colcon_meta']
[0.179s] Level 1:colcon.colcon_core.package_identification:_identify(src/ros2/common_interfaces/actionlib_msgs) by extension 'colcon_meta'
[0.179s] Level 1:colcon.colcon_core.package_identification:_identify(src/ros2/common_interfaces/actionlib_msgs) by extensions ['ros']
[0.179s] Level 1:colcon.colcon_core.package_identification:_identify(src/ros2/common_interfaces/actionlib_msgs) by extension 'ros'
[0.180s] DEBUG:colcon.colcon_core.package_identification:Package 'src/ros2/common_interfaces/actionlib_msgs' with type 'ros.ament_cmake' and name 'actionlib_msgs'
[0.180s] Level 1:colcon.colcon_core.package_identification:_identify(src/ros2/common_interfaces/common_interfaces) by extensions ['ignore', 'ignore_ament_install']
[0.180s] Level 1:colcon.colcon_core.package_identification:_identify(src/ros2/common_interfaces/common_interfaces) by extension 'ignore'
[0.180s] Level 1:colcon.colcon_core.package_identification:_identify(src/ros2/common_interfaces/common_interfaces) by extension 'ignore_ament_install'
[0.180s] Level 1:colcon.colcon_core.package_identification:_identify(src/ros2/common_interfaces/common_interfaces) by extensions ['colcon_pkg']
[0.180s] Level 1:colcon.colcon_core.package_identification:_identify(src/ros2/common_interfaces/common_interfaces) by extension 'colcon_pkg'
[0.180s] Level 1:colcon.colcon_core.package_identification:_identify(src/ros2/common_interfaces/common_interfaces) by extensions ['colcon_meta']
[0.180s] Level 1:colcon.colcon_core.package_identification:_identify(src/ros2/common_interfaces/common_interfaces) by extension 'colcon_meta'
[0.180s] Level 1:colcon.colcon_core.package_identification:_identify(src/ros2/common_interfaces/common_interfaces) by extensions ['ros']
[0.180s] Level 1:colcon.colcon_core.package_identification:_identify(src/ros2/common_interfaces/common_interfaces) by extension 'ros'
[0.181s] DEBUG:colcon.colcon_core.package_identification:Package 'src/ros2/common_interfaces/common_interfaces' with type 'ros.ament_cmake' and name 'common_interfaces'
[0.181s] Level 1:colcon.colcon_core.package_identification:_identify(src/ros2/common_interfaces/diagnostic_msgs) by extensions ['ignore', 'ignore_ament_install']
[0.181s] Level 1:colcon.colcon_core.package_identification:_identify(src/ros2/common_interfaces/diagnostic_msgs) by extension 'ignore'
[0.181s] Level 1:colcon.colcon_core.package_identification:_identify(src/ros2/common_interfaces/diagnostic_msgs) by extension 'ignore_ament_install'
[0.181s] Level 1:colcon.colcon_core.package_identification:_identify(src/ros2/common_interfaces/diagnostic_msgs) by extensions ['colcon_pkg']
[0.181s] Level 1:colcon.colcon_core.package_identification:_identify(src/ros2/common_interfaces/diagnostic_msgs) by extension 'colcon_pkg'
[0.181s] Level 1:colcon.colcon_core.package_identification:_identify(src/ros2/common_interfaces/diagnostic_msgs) by extensions ['colcon_meta']
[0.181s] Level 1:colcon.colcon_core.package_identification:_identify(src/ros2/common_interfaces/diagnostic_msgs) by extension 'colcon_meta'
[0.181s] Level 1:colcon.colcon_core.package_identification:_identify(src/ros2/common_interfaces/diagnostic_msgs) by extensions ['ros']
[0.181s] Level 1:colcon.colcon_core.package_identification:_identify(src/ros2/common_interfaces/diagnostic_msgs) by extension 'ros'
[0.182s] DEBUG:colcon.colcon_core.package_identification:Package 'src/ros2/common_interfaces/diagnostic_msgs' with type 'ros.ament_cmake' and name 'diagnostic_msgs'
[0.182s] Level 1:colcon.colcon_core.package_identification:_identify(src/ros2/common_interfaces/docs) by extensions ['ignore', 'ignore_ament_install']
[0.182s] Level 1:colcon.colcon_core.package_identification:_identify(src/ros2/common_interfaces/docs) by extension 'ignore'
[0.182s] Level 1:colcon.colcon_core.package_identification:_identify(src/ros2/common_interfaces/docs) by extension 'ignore_ament_install'
[0.182s] Level 1:colcon.colcon_core.package_identification:_identify(src/ros2/common_interfaces/docs) by extensions ['colcon_pkg']
[0.182s] Level 1:colcon.colcon_core.package_identification:_identify(src/ros2/common_interfaces/docs) by extension 'colcon_pkg'
[0.182s] Level 1:colcon.colcon_core.package_identification:_identify(src/ros2/common_interfaces/docs) by extensions ['colcon_meta']
[0.182s] Level 1:colcon.colcon_core.package_identification:_identify(src/ros2/common_interfaces/docs) by extension 'colcon_meta'
[0.182s] Level 1:colcon.colcon_core.package_identification:_identify(src/ros2/common_interfaces/docs) by extensions ['ros']
[0.182s] Level 1:colcon.colcon_core.package_identification:_identify(src/ros2/common_interfaces/docs) by extension 'ros'
[0.183s] Level 1:colcon.colcon_core.package_identification:_identify(src/ros2/common_interfaces/docs) by extensions ['cmake', 'python']
[0.183s] Level 1:colcon.colcon_core.package_identification:_identify(src/ros2/common_interfaces/docs) by extension 'cmake'
[0.183s] Level 1:colcon.colcon_core.package_identification:_identify(src/ros2/common_interfaces/docs) by extension 'python'
[0.183s] Level 1:colcon.colcon_core.package_identification:_identify(src/ros2/common_interfaces/docs) by extensions ['python_setup_py']
[0.183s] Level 1:colcon.colcon_core.package_identification:_identify(src/ros2/common_interfaces/docs) by extension 'python_setup_py'
[0.183s] Level 1:colcon.colcon_core.package_identification:_identify(src/ros2/common_interfaces/geometry_msgs) by extensions ['ignore', 'ignore_ament_install']
[0.183s] Level 1:colcon.colcon_core.package_identification:_identify(src/ros2/common_interfaces/geometry_msgs) by extension 'ignore'
[0.183s] Level 1:colcon.colcon_core.package_identification:_identify(src/ros2/common_interfaces/geometry_msgs) by extension 'ignore_ament_install'
[0.183s] Level 1:colcon.colcon_core.package_identification:_identify(src/ros2/common_interfaces/geometry_msgs) by extensions ['colcon_pkg']
[0.183s] Level 1:colcon.colcon_core.package_identification:_identify(src/ros2/common_interfaces/geometry_msgs) by extension 'colcon_pkg'
[0.183s] Level 1:colcon.colcon_core.package_identification:_identify(src/ros2/common_interfaces/geometry_msgs) by extensions ['colcon_meta']
[0.183s] Level 1:colcon.colcon_core.package_identification:_identify(src/ros2/common_interfaces/geometry_msgs) by extension 'colcon_meta'
[0.183s] Level 1:colcon.colcon_core.package_identification:_identify(src/ros2/common_interfaces/geometry_msgs) by extensions ['ros']
[0.183s] Level 1:colcon.colcon_core.package_identification:_identify(src/ros2/common_interfaces/geometry_msgs) by extension 'ros'
[0.183s] DEBUG:colcon.colcon_core.package_identification:Package 'src/ros2/common_interfaces/geometry_msgs' with type 'ros.ament_cmake' and name 'geometry_msgs'
[0.184s] Level 1:colcon.colcon_core.package_identification:_identify(src/ros2/common_interfaces/nav_msgs) by extensions ['ignore', 'ignore_ament_install']
[0.184s] Level 1:colcon.colcon_core.package_identification:_identify(src/ros2/common_interfaces/nav_msgs) by extension 'ignore'
[0.184s] Level 1:colcon.colcon_core.package_identification:_identify(src/ros2/common_interfaces/nav_msgs) by extension 'ignore_ament_install'
[0.184s] Level 1:colcon.colcon_core.package_identification:_identify(src/ros2/common_interfaces/nav_msgs) by extensions ['colcon_pkg']
[0.184s] Level 1:colcon.colcon_core.package_identification:_identify(src/ros2/common_interfaces/nav_msgs) by extension 'colcon_pkg'
[0.184s] Level 1:colcon.colcon_core.package_identification:_identify(src/ros2/common_interfaces/nav_msgs) by extensions ['colcon_meta']
[0.184s] Level 1:colcon.colcon_core.package_identification:_identify(src/ros2/common_interfaces/nav_msgs) by extension 'colcon_meta'
[0.184s] Level 1:colcon.colcon_core.package_identification:_identify(src/ros2/common_interfaces/nav_msgs) by extensions ['ros']
[0.184s] Level 1:colcon.colcon_core.package_identification:_identify(src/ros2/common_interfaces/nav_msgs) by extension 'ros'
[0.184s] DEBUG:colcon.colcon_core.package_identification:Package 'src/ros2/common_interfaces/nav_msgs' with type 'ros.ament_cmake' and name 'nav_msgs'
[0.185s] Level 1:colcon.colcon_core.package_identification:_identify(src/ros2/common_interfaces/sensor_msgs) by extensions ['ignore', 'ignore_ament_install']
[0.185s] Level 1:colcon.colcon_core.package_identification:_identify(src/ros2/common_interfaces/sensor_msgs) by extension 'ignore'
[0.185s] Level 1:colcon.colcon_core.package_identification:_identify(src/ros2/common_interfaces/sensor_msgs) by extension 'ignore_ament_install'
[0.185s] Level 1:colcon.colcon_core.package_identification:_identify(src/ros2/common_interfaces/sensor_msgs) by extensions ['colcon_pkg']
[0.185s] Level 1:colcon.colcon_core.package_identification:_identify(src/ros2/common_interfaces/sensor_msgs) by extension 'colcon_pkg'
[0.185s] Level 1:colcon.colcon_core.package_identification:_identify(src/ros2/common_interfaces/sensor_msgs) by extensions ['colcon_meta']
[0.185s] Level 1:colcon.colcon_core.package_identification:_identify(src/ros2/common_interfaces/sensor_msgs) by extension 'colcon_meta'
[0.185s] Level 1:colcon.colcon_core.package_identification:_identify(src/ros2/common_interfaces/sensor_msgs) by extensions ['ros']
[0.185s] Level 1:colcon.colcon_core.package_identification:_identify(src/ros2/common_interfaces/sensor_msgs) by extension 'ros'
[0.185s] DEBUG:colcon.colcon_core.package_identification:Package 'src/ros2/common_interfaces/sensor_msgs' with type 'ros.ament_cmake' and name 'sensor_msgs'
[0.186s] Level 1:colcon.colcon_core.package_identification:_identify(src/ros2/common_interfaces/sensor_msgs_py) by extensions ['ignore', 'ignore_ament_install']
[0.186s] Level 1:colcon.colcon_core.package_identification:_identify(src/ros2/common_interfaces/sensor_msgs_py) by extension 'ignore'
[0.186s] Level 1:colcon.colcon_core.package_identification:_identify(src/ros2/common_interfaces/sensor_msgs_py) by extension 'ignore_ament_install'
[0.186s] Level 1:colcon.colcon_core.package_identification:_identify(src/ros2/common_interfaces/sensor_msgs_py) by extensions ['colcon_pkg']
[0.186s] Level 1:colcon.colcon_core.package_identification:_identify(src/ros2/common_interfaces/sensor_msgs_py) by extension 'colcon_pkg'
[0.186s] Level 1:colcon.colcon_core.package_identification:_identify(src/ros2/common_interfaces/sensor_msgs_py) by extensions ['colcon_meta']
[0.186s] Level 1:colcon.colcon_core.package_identification:_identify(src/ros2/common_interfaces/sensor_msgs_py) by extension 'colcon_meta'
[0.186s] Level 1:colcon.colcon_core.package_identification:_identify(src/ros2/common_interfaces/sensor_msgs_py) by extensions ['ros']
[0.186s] Level 1:colcon.colcon_core.package_identification:_identify(src/ros2/common_interfaces/sensor_msgs_py) by extension 'ros'
[0.186s] DEBUG:colcon.colcon_core.package_identification:Package 'src/ros2/common_interfaces/sensor_msgs_py' with type 'ros.ament_python' and name 'sensor_msgs_py'
[0.186s] Level 1:colcon.colcon_core.package_identification:_identify(src/ros2/common_interfaces/shape_msgs) by extensions ['ignore', 'ignore_ament_install']
[0.186s] Level 1:colcon.colcon_core.package_identification:_identify(src/ros2/common_interfaces/shape_msgs) by extension 'ignore'
[0.187s] Level 1:colcon.colcon_core.package_identification:_identify(src/ros2/common_interfaces/shape_msgs) by extension 'ignore_ament_install'
[0.187s] Level 1:colcon.colcon_core.package_identification:_identify(src/ros2/common_interfaces/shape_msgs) by extensions ['colcon_pkg']
[0.187s] Level 1:colcon.colcon_core.package_identification:_identify(src/ros2/common_interfaces/shape_msgs) by extension 'colcon_pkg'
[0.187s] Level 1:colcon.colcon_core.package_identification:_identify(src/ros2/common_interfaces/shape_msgs) by extensions ['colcon_meta']
[0.187s] Level 1:colcon.colcon_core.package_identification:_identify(src/ros2/common_interfaces/shape_msgs) by extension 'colcon_meta'
[0.187s] Level 1:colcon.colcon_core.package_identification:_identify(src/ros2/common_interfaces/shape_msgs) by extensions ['ros']
[0.187s] Level 1:colcon.colcon_core.package_identification:_identify(src/ros2/common_interfaces/shape_msgs) by extension 'ros'
[0.187s] DEBUG:colcon.colcon_core.package_identification:Package 'src/ros2/common_interfaces/shape_msgs' with type 'ros.ament_cmake' and name 'shape_msgs'
[0.187s] Level 1:colcon.colcon_core.package_identification:_identify(src/ros2/common_interfaces/std_msgs) by extensions ['ignore', 'ignore_ament_install']
[0.187s] Level 1:colcon.colcon_core.package_identification:_identify(src/ros2/common_interfaces/std_msgs) by extension 'ignore'
[0.187s] Level 1:colcon.colcon_core.package_identification:_identify(src/ros2/common_interfaces/std_msgs) by extension 'ignore_ament_install'
[0.187s] Level 1:colcon.colcon_core.package_identification:_identify(src/ros2/common_interfaces/std_msgs) by extensions ['colcon_pkg']
[0.187s] Level 1:colcon.colcon_core.package_identification:_identify(src/ros2/common_interfaces/std_msgs) by extension 'colcon_pkg'
[0.187s] Level 1:colcon.colcon_core.package_identification:_identify(src/ros2/common_interfaces/std_msgs) by extensions ['colcon_meta']
[0.188s] Level 1:colcon.colcon_core.package_identification:_identify(src/ros2/common_interfaces/std_msgs) by extension 'colcon_meta'
[0.188s] Level 1:colcon.colcon_core.package_identification:_identify(src/ros2/common_interfaces/std_msgs) by extensions ['ros']
[0.188s] Level 1:colcon.colcon_core.package_identification:_identify(src/ros2/common_interfaces/std_msgs) by extension 'ros'
[0.188s] DEBUG:colcon.colcon_core.package_identification:Package 'src/ros2/common_interfaces/std_msgs' with type 'ros.ament_cmake' and name 'std_msgs'
[0.188s] Level 1:colcon.colcon_core.package_identification:_identify(src/ros2/common_interfaces/std_srvs) by extensions ['ignore', 'ignore_ament_install']
[0.188s] Level 1:colcon.colcon_core.package_identification:_identify(src/ros2/common_interfaces/std_srvs) by extension 'ignore'
[0.188s] Level 1:colcon.colcon_core.package_identification:_identify(src/ros2/common_interfaces/std_srvs) by extension 'ignore_ament_install'
[0.188s] Level 1:colcon.colcon_core.package_identification:_identify(src/ros2/common_interfaces/std_srvs) by extensions ['colcon_pkg']
[0.188s] Level 1:colcon.colcon_core.package_identification:_identify(src/ros2/common_interfaces/std_srvs) by extension 'colcon_pkg'
[0.188s] Level 1:colcon.colcon_core.package_identification:_identify(src/ros2/common_interfaces/std_srvs) by extensions ['colcon_meta']
[0.188s] Level 1:colcon.colcon_core.package_identification:_identify(src/ros2/common_interfaces/std_srvs) by extension 'colcon_meta'
[0.189s] Level 1:colcon.colcon_core.package_identification:_identify(src/ros2/common_interfaces/std_srvs) by extensions ['ros']
[0.189s] Level 1:colcon.colcon_core.package_identification:_identify(src/ros2/common_interfaces/std_srvs) by extension 'ros'
[0.189s] DEBUG:colcon.colcon_core.package_identification:Package 'src/ros2/common_interfaces/std_srvs' with type 'ros.ament_cmake' and name 'std_srvs'
[0.189s] Level 1:colcon.colcon_core.package_identification:_identify(src/ros2/common_interfaces/stereo_msgs) by extensions ['ignore', 'ignore_ament_install']
[0.189s] Level 1:colcon.colcon_core.package_identification:_identify(src/ros2/common_interfaces/stereo_msgs) by extension 'ignore'
[0.189s] Level 1:colcon.colcon_core.package_identification:_identify(src/ros2/common_interfaces/stereo_msgs) by extension 'ignore_ament_install'
[0.189s] Level 1:colcon.colcon_core.package_identification:_identify(src/ros2/common_interfaces/stereo_msgs) by extensions ['colcon_pkg']
[0.189s] Level 1:colcon.colcon_core.package_identification:_identify(src/ros2/common_interfaces/stereo_msgs) by extension 'colcon_pkg'
[0.189s] Level 1:colcon.colcon_core.package_identification:_identify(src/ros2/common_interfaces/stereo_msgs) by extensions ['colcon_meta']
[0.190s] Level 1:colcon.colcon_core.package_identification:_identify(src/ros2/common_interfaces/stereo_msgs) by extension 'colcon_meta'
[0.190s] Level 1:colcon.colcon_core.package_identification:_identify(src/ros2/common_interfaces/stereo_msgs) by extensions ['ros']
[0.190s] Level 1:colcon.colcon_core.package_identification:_identify(src/ros2/common_interfaces/stereo_msgs) by extension 'ros'
[0.190s] DEBUG:colcon.colcon_core.package_identification:Package 'src/ros2/common_interfaces/stereo_msgs' with type 'ros.ament_cmake' and name 'stereo_msgs'
[0.190s] Level 1:colcon.colcon_core.package_identification:_identify(src/ros2/common_interfaces/trajectory_msgs) by extensions ['ignore', 'ignore_ament_install']
[0.190s] Level 1:colcon.colcon_core.package_identification:_identify(src/ros2/common_interfaces/trajectory_msgs) by extension 'ignore'
[0.190s] Level 1:colcon.colcon_core.package_identification:_identify(src/ros2/common_interfaces/trajectory_msgs) by extension 'ignore_ament_install'
[0.190s] Level 1:colcon.colcon_core.package_identification:_identify(src/ros2/common_interfaces/trajectory_msgs) by extensions ['colcon_pkg']
[0.190s] Level 1:colcon.colcon_core.package_identification:_identify(src/ros2/common_interfaces/trajectory_msgs) by extension 'colcon_pkg'
[0.190s] Level 1:colcon.colcon_core.package_identification:_identify(src/ros2/common_interfaces/trajectory_msgs) by extensions ['colcon_meta']
[0.190s] Level 1:colcon.colcon_core.package_identification:_identify(src/ros2/common_interfaces/trajectory_msgs) by extension 'colcon_meta'
[0.190s] Level 1:colcon.colcon_core.package_identification:_identify(src/ros2/common_interfaces/trajectory_msgs) by extensions ['ros']
[0.191s] Level 1:colcon.colcon_core.package_identification:_identify(src/ros2/common_interfaces/trajectory_msgs) by extension 'ros'
[0.191s] DEBUG:colcon.colcon_core.package_identification:Package 'src/ros2/common_interfaces/trajectory_msgs' with type 'ros.ament_cmake' and name 'trajectory_msgs'
[0.191s] Level 1:colcon.colcon_core.package_identification:_identify(src/ros2/common_interfaces/visualization_msgs) by extensions ['ignore', 'ignore_ament_install']
[0.191s] Level 1:colcon.colcon_core.package_identification:_identify(src/ros2/common_interfaces/visualization_msgs) by extension 'ignore'
[0.191s] Level 1:colcon.colcon_core.package_identification:_identify(src/ros2/common_interfaces/visualization_msgs) by extension 'ignore_ament_install'
[0.191s] Level 1:colcon.colcon_core.package_identification:_identify(src/ros2/common_interfaces/visualization_msgs) by extensions ['colcon_pkg']
[0.191s] Level 1:colcon.colcon_core.package_identification:_identify(src/ros2/common_interfaces/visualization_msgs) by extension 'colcon_pkg'
[0.191s] Level 1:colcon.colcon_core.package_identification:_identify(src/ros2/common_interfaces/visualization_msgs) by extensions ['colcon_meta']
[0.191s] Level 1:colcon.colcon_core.package_identification:_identify(src/ros2/common_interfaces/visualization_msgs) by extension 'colcon_meta'
[0.191s] Level 1:colcon.colcon_core.package_identification:_identify(src/ros2/common_interfaces/visualization_msgs) by extensions ['ros']
[0.191s] Level 1:colcon.colcon_core.package_identification:_identify(src/ros2/common_interfaces/visualization_msgs) by extension 'ros'
[0.192s] DEBUG:colcon.colcon_core.package_identification:Package 'src/ros2/common_interfaces/visualization_msgs' with type 'ros.ament_cmake' and name 'visualization_msgs'
[0.192s] Level 1:colcon.colcon_core.package_identification:_identify(src/ros2/example_interfaces) by extensions ['ignore', 'ignore_ament_install']
[0.192s] Level 1:colcon.colcon_core.package_identification:_identify(src/ros2/example_interfaces) by extension 'ignore'
[0.192s] Level 1:colcon.colcon_core.package_identification:_identify(src/ros2/example_interfaces) by extension 'ignore_ament_install'
[0.192s] Level 1:colcon.colcon_core.package_identification:_identify(src/ros2/example_interfaces) by extensions ['colcon_pkg']
[0.192s] Level 1:colcon.colcon_core.package_identification:_identify(src/ros2/example_interfaces) by extension 'colcon_pkg'
[0.192s] Level 1:colcon.colcon_core.package_identification:_identify(src/ros2/example_interfaces) by extensions ['colcon_meta']
[0.192s] Level 1:colcon.colcon_core.package_identification:_identify(src/ros2/example_interfaces) by extension 'colcon_meta'
[0.192s] Level 1:colcon.colcon_core.package_identification:_identify(src/ros2/example_interfaces) by extensions ['ros']
[0.192s] Level 1:colcon.colcon_core.package_identification:_identify(src/ros2/example_interfaces) by extension 'ros'
[0.193s] DEBUG:colcon.colcon_core.package_identification:Package 'src/ros2/example_interfaces' with type 'ros.ament_cmake' and name 'example_interfaces'
[0.193s] Level 1:colcon.colcon_core.package_identification:_identify(src/ros2/rcl_interfaces) by extensions ['ignore', 'ignore_ament_install']
[0.193s] Level 1:colcon.colcon_core.package_identification:_identify(src/ros2/rcl_interfaces) by extension 'ignore'
[0.193s] Level 1:colcon.colcon_core.package_identification:_identify(src/ros2/rcl_interfaces) by extension 'ignore_ament_install'
[0.193s] Level 1:colcon.colcon_core.package_identification:_identify(src/ros2/rcl_interfaces) by extensions ['colcon_pkg']
[0.193s] Level 1:colcon.colcon_core.package_identification:_identify(src/ros2/rcl_interfaces) by extension 'colcon_pkg'
[0.193s] Level 1:colcon.colcon_core.package_identification:_identify(src/ros2/rcl_interfaces) by extensions ['colcon_meta']
[0.193s] Level 1:colcon.colcon_core.package_identification:_identify(src/ros2/rcl_interfaces) by extension 'colcon_meta'
[0.193s] Level 1:colcon.colcon_core.package_identification:_identify(src/ros2/rcl_interfaces) by extensions ['ros']
[0.193s] Level 1:colcon.colcon_core.package_identification:_identify(src/ros2/rcl_interfaces) by extension 'ros'
[0.193s] Level 1:colcon.colcon_core.package_identification:_identify(src/ros2/rcl_interfaces) by extensions ['cmake', 'python']
[0.193s] Level 1:colcon.colcon_core.package_identification:_identify(src/ros2/rcl_interfaces) by extension 'cmake'
[0.193s] Level 1:colcon.colcon_core.package_identification:_identify(src/ros2/rcl_interfaces) by extension 'python'
[0.193s] Level 1:colcon.colcon_core.package_identification:_identify(src/ros2/rcl_interfaces) by extensions ['python_setup_py']
[0.193s] Level 1:colcon.colcon_core.package_identification:_identify(src/ros2/rcl_interfaces) by extension 'python_setup_py'
[0.193s] Level 1:colcon.colcon_core.package_identification:_identify(src/ros2/rcl_interfaces/action_msgs) by extensions ['ignore', 'ignore_ament_install']
[0.193s] Level 1:colcon.colcon_core.package_identification:_identify(src/ros2/rcl_interfaces/action_msgs) by extension 'ignore'
[0.193s] Level 1:colcon.colcon_core.package_identification:_identify(src/ros2/rcl_interfaces/action_msgs) by extension 'ignore_ament_install'
[0.193s] Level 1:colcon.colcon_core.package_identification:_identify(src/ros2/rcl_interfaces/action_msgs) by extensions ['colcon_pkg']
[0.193s] Level 1:colcon.colcon_core.package_identification:_identify(src/ros2/rcl_interfaces/action_msgs) by extension 'colcon_pkg'
[0.193s] Level 1:colcon.colcon_core.package_identification:_identify(src/ros2/rcl_interfaces/action_msgs) by extensions ['colcon_meta']
[0.193s] Level 1:colcon.colcon_core.package_identification:_identify(src/ros2/rcl_interfaces/action_msgs) by extension 'colcon_meta'
[0.193s] Level 1:colcon.colcon_core.package_identification:_identify(src/ros2/rcl_interfaces/action_msgs) by extensions ['ros']
[0.194s] Level 1:colcon.colcon_core.package_identification:_identify(src/ros2/rcl_interfaces/action_msgs) by extension 'ros'
[0.194s] DEBUG:colcon.colcon_core.package_identification:Package 'src/ros2/rcl_interfaces/action_msgs' with type 'ros.ament_cmake' and name 'action_msgs'
[0.194s] Level 1:colcon.colcon_core.package_identification:_identify(src/ros2/rcl_interfaces/builtin_interfaces) by extensions ['ignore', 'ignore_ament_install']
[0.194s] Level 1:colcon.colcon_core.package_identification:_identify(src/ros2/rcl_interfaces/builtin_interfaces) by extension 'ignore'
[0.194s] Level 1:colcon.colcon_core.package_identification:_identify(src/ros2/rcl_interfaces/builtin_interfaces) by extension 'ignore_ament_install'
[0.194s] Level 1:colcon.colcon_core.package_identification:_identify(src/ros2/rcl_interfaces/builtin_interfaces) by extensions ['colcon_pkg']
[0.194s] Level 1:colcon.colcon_core.package_identification:_identify(src/ros2/rcl_interfaces/builtin_interfaces) by extension 'colcon_pkg'
[0.194s] Level 1:colcon.colcon_core.package_identification:_identify(src/ros2/rcl_interfaces/builtin_interfaces) by extensions ['colcon_meta']
[0.194s] Level 1:colcon.colcon_core.package_identification:_identify(src/ros2/rcl_interfaces/builtin_interfaces) by extension 'colcon_meta'
[0.194s] Level 1:colcon.colcon_core.package_identification:_identify(src/ros2/rcl_interfaces/builtin_interfaces) by extensions ['ros']
[0.194s] Level 1:colcon.colcon_core.package_identification:_identify(src/ros2/rcl_interfaces/builtin_interfaces) by extension 'ros'
[0.195s] DEBUG:colcon.colcon_core.package_identification:Package 'src/ros2/rcl_interfaces/builtin_interfaces' with type 'ros.ament_cmake' and name 'builtin_interfaces'
[0.195s] Level 1:colcon.colcon_core.package_identification:_identify(src/ros2/rcl_interfaces/composition_interfaces) by extensions ['ignore', 'ignore_ament_install']
[0.195s] Level 1:colcon.colcon_core.package_identification:_identify(src/ros2/rcl_interfaces/composition_interfaces) by extension 'ignore'
[0.195s] Level 1:colcon.colcon_core.package_identification:_identify(src/ros2/rcl_interfaces/composition_interfaces) by extension 'ignore_ament_install'
[0.195s] Level 1:colcon.colcon_core.package_identification:_identify(src/ros2/rcl_interfaces/composition_interfaces) by extensions ['colcon_pkg']
[0.195s] Level 1:colcon.colcon_core.package_identification:_identify(src/ros2/rcl_interfaces/composition_interfaces) by extension 'colcon_pkg'
[0.195s] Level 1:colcon.colcon_core.package_identification:_identify(src/ros2/rcl_interfaces/composition_interfaces) by extensions ['colcon_meta']
[0.195s] Level 1:colcon.colcon_core.package_identification:_identify(src/ros2/rcl_interfaces/composition_interfaces) by extension 'colcon_meta'
[0.195s] Level 1:colcon.colcon_core.package_identification:_identify(src/ros2/rcl_interfaces/composition_interfaces) by extensions ['ros']
[0.195s] Level 1:colcon.colcon_core.package_identification:_identify(src/ros2/rcl_interfaces/composition_interfaces) by extension 'ros'
[0.196s] DEBUG:colcon.colcon_core.package_identification:Package 'src/ros2/rcl_interfaces/composition_interfaces' with type 'ros.ament_cmake' and name 'composition_interfaces'
[0.196s] Level 1:colcon.colcon_core.package_identification:_identify(src/ros2/rcl_interfaces/lifecycle_msgs) by extensions ['ignore', 'ignore_ament_install']
[0.196s] Level 1:colcon.colcon_core.package_identification:_identify(src/ros2/rcl_interfaces/lifecycle_msgs) by extension 'ignore'
[0.196s] Level 1:colcon.colcon_core.package_identification:_identify(src/ros2/rcl_interfaces/lifecycle_msgs) by extension 'ignore_ament_install'
[0.196s] Level 1:colcon.colcon_core.package_identification:_identify(src/ros2/rcl_interfaces/lifecycle_msgs) by extensions ['colcon_pkg']
[0.196s] Level 1:colcon.colcon_core.package_identification:_identify(src/ros2/rcl_interfaces/lifecycle_msgs) by extension 'colcon_pkg'
[0.196s] Level 1:colcon.colcon_core.package_identification:_identify(src/ros2/rcl_interfaces/lifecycle_msgs) by extensions ['colcon_meta']
[0.196s] Level 1:colcon.colcon_core.package_identification:_identify(src/ros2/rcl_interfaces/lifecycle_msgs) by extension 'colcon_meta'
[0.196s] Level 1:colcon.colcon_core.package_identification:_identify(src/ros2/rcl_interfaces/lifecycle_msgs) by extensions ['ros']
[0.196s] Level 1:colcon.colcon_core.package_identification:_identify(src/ros2/rcl_interfaces/lifecycle_msgs) by extension 'ros'
[0.196s] DEBUG:colcon.colcon_core.package_identification:Package 'src/ros2/rcl_interfaces/lifecycle_msgs' with type 'ros.ament_cmake' and name 'lifecycle_msgs'
[0.196s] Level 1:colcon.colcon_core.package_identification:_identify(src/ros2/rcl_interfaces/rcl_interfaces) by extensions ['ignore', 'ignore_ament_install']
[0.196s] Level 1:colcon.colcon_core.package_identification:_identify(src/ros2/rcl_interfaces/rcl_interfaces) by extension 'ignore'
[0.196s] Level 1:colcon.colcon_core.package_identification:_identify(src/ros2/rcl_interfaces/rcl_interfaces) by extension 'ignore_ament_install'
[0.197s] Level 1:colcon.colcon_core.package_identification:_identify(src/ros2/rcl_interfaces/rcl_interfaces) by extensions ['colcon_pkg']
[0.197s] Level 1:colcon.colcon_core.package_identification:_identify(src/ros2/rcl_interfaces/rcl_interfaces) by extension 'colcon_pkg'
[0.197s] Level 1:colcon.colcon_core.package_identification:_identify(src/ros2/rcl_interfaces/rcl_interfaces) by extensions ['colcon_meta']
[0.197s] Level 1:colcon.colcon_core.package_identification:_identify(src/ros2/rcl_interfaces/rcl_interfaces) by extension 'colcon_meta'
[0.197s] Level 1:colcon.colcon_core.package_identification:_identify(src/ros2/rcl_interfaces/rcl_interfaces) by extensions ['ros']
[0.197s] Level 1:colcon.colcon_core.package_identification:_identify(src/ros2/rcl_interfaces/rcl_interfaces) by extension 'ros'
[0.197s] DEBUG:colcon.colcon_core.package_identification:Package 'src/ros2/rcl_interfaces/rcl_interfaces' with type 'ros.ament_cmake' and name 'rcl_interfaces'
[0.197s] Level 1:colcon.colcon_core.package_identification:_identify(src/ros2/rcl_interfaces/rosgraph_msgs) by extensions ['ignore', 'ignore_ament_install']
[0.197s] Level 1:colcon.colcon_core.package_identification:_identify(src/ros2/rcl_interfaces/rosgraph_msgs) by extension 'ignore'
[0.197s] Level 1:colcon.colcon_core.package_identification:_identify(src/ros2/rcl_interfaces/rosgraph_msgs) by extension 'ignore_ament_install'
[0.197s] Level 1:colcon.colcon_core.package_identification:_identify(src/ros2/rcl_interfaces/rosgraph_msgs) by extensions ['colcon_pkg']
[0.197s] Level 1:colcon.colcon_core.package_identification:_identify(src/ros2/rcl_interfaces/rosgraph_msgs) by extension 'colcon_pkg'
[0.197s] Level 1:colcon.colcon_core.package_identification:_identify(src/ros2/rcl_interfaces/rosgraph_msgs) by extensions ['colcon_meta']
[0.198s] Level 1:colcon.colcon_core.package_identification:_identify(src/ros2/rcl_interfaces/rosgraph_msgs) by extension 'colcon_meta'
[0.198s] Level 1:colcon.colcon_core.package_identification:_identify(src/ros2/rcl_interfaces/rosgraph_msgs) by extensions ['ros']
[0.198s] Level 1:colcon.colcon_core.package_identification:_identify(src/ros2/rcl_interfaces/rosgraph_msgs) by extension 'ros'
[0.198s] DEBUG:colcon.colcon_core.package_identification:Package 'src/ros2/rcl_interfaces/rosgraph_msgs' with type 'ros.ament_cmake' and name 'rosgraph_msgs'
[0.198s] Level 1:colcon.colcon_core.package_identification:_identify(src/ros2/rcl_interfaces/service_msgs) by extensions ['ignore', 'ignore_ament_install']
[0.198s] Level 1:colcon.colcon_core.package_identification:_identify(src/ros2/rcl_interfaces/service_msgs) by extension 'ignore'
[0.198s] Level 1:colcon.colcon_core.package_identification:_identify(src/ros2/rcl_interfaces/service_msgs) by extension 'ignore_ament_install'
[0.198s] Level 1:colcon.colcon_core.package_identification:_identify(src/ros2/rcl_interfaces/service_msgs) by extensions ['colcon_pkg']
[0.198s] Level 1:colcon.colcon_core.package_identification:_identify(src/ros2/rcl_interfaces/service_msgs) by extension 'colcon_pkg'
[0.198s] Level 1:colcon.colcon_core.package_identification:_identify(src/ros2/rcl_interfaces/service_msgs) by extensions ['colcon_meta']
[0.198s] Level 1:colcon.colcon_core.package_identification:_identify(src/ros2/rcl_interfaces/service_msgs) by extension 'colcon_meta'
[0.198s] Level 1:colcon.colcon_core.package_identification:_identify(src/ros2/rcl_interfaces/service_msgs) by extensions ['ros']
[0.198s] Level 1:colcon.colcon_core.package_identification:_identify(src/ros2/rcl_interfaces/service_msgs) by extension 'ros'
[0.199s] DEBUG:colcon.colcon_core.package_identification:Package 'src/ros2/rcl_interfaces/service_msgs' with type 'ros.ament_cmake' and name 'service_msgs'
[0.199s] Level 1:colcon.colcon_core.package_identification:_identify(src/ros2/rcl_interfaces/statistics_msgs) by extensions ['ignore', 'ignore_ament_install']
[0.199s] Level 1:colcon.colcon_core.package_identification:_identify(src/ros2/rcl_interfaces/statistics_msgs) by extension 'ignore'
[0.199s] Level 1:colcon.colcon_core.package_identification:_identify(src/ros2/rcl_interfaces/statistics_msgs) by extension 'ignore_ament_install'
[0.199s] Level 1:colcon.colcon_core.package_identification:_identify(src/ros2/rcl_interfaces/statistics_msgs) by extensions ['colcon_pkg']
[0.199s] Level 1:colcon.colcon_core.package_identification:_identify(src/ros2/rcl_interfaces/statistics_msgs) by extension 'colcon_pkg'
[0.199s] Level 1:colcon.colcon_core.package_identification:_identify(src/ros2/rcl_interfaces/statistics_msgs) by extensions ['colcon_meta']
[0.199s] Level 1:colcon.colcon_core.package_identification:_identify(src/ros2/rcl_interfaces/statistics_msgs) by extension 'colcon_meta'
[0.199s] Level 1:colcon.colcon_core.package_identification:_identify(src/ros2/rcl_interfaces/statistics_msgs) by extensions ['ros']
[0.199s] Level 1:colcon.colcon_core.package_identification:_identify(src/ros2/rcl_interfaces/statistics_msgs) by extension 'ros'
[0.200s] DEBUG:colcon.colcon_core.package_identification:Package 'src/ros2/rcl_interfaces/statistics_msgs' with type 'ros.ament_cmake' and name 'statistics_msgs'
[0.200s] Level 1:colcon.colcon_core.package_identification:_identify(src/ros2/rcl_interfaces/test_msgs) by extensions ['ignore', 'ignore_ament_install']
[0.200s] Level 1:colcon.colcon_core.package_identification:_identify(src/ros2/rcl_interfaces/test_msgs) by extension 'ignore'
[0.200s] Level 1:colcon.colcon_core.package_identification:_identify(src/ros2/rcl_interfaces/test_msgs) by extension 'ignore_ament_install'
[0.200s] Level 1:colcon.colcon_core.package_identification:_identify(src/ros2/rcl_interfaces/test_msgs) by extensions ['colcon_pkg']
[0.200s] Level 1:colcon.colcon_core.package_identification:_identify(src/ros2/rcl_interfaces/test_msgs) by extension 'colcon_pkg'
[0.200s] Level 1:colcon.colcon_core.package_identification:_identify(src/ros2/rcl_interfaces/test_msgs) by extensions ['colcon_meta']
[0.200s] Level 1:colcon.colcon_core.package_identification:_identify(src/ros2/rcl_interfaces/test_msgs) by extension 'colcon_meta'
[0.200s] Level 1:colcon.colcon_core.package_identification:_identify(src/ros2/rcl_interfaces/test_msgs) by extensions ['ros']
[0.200s] Level 1:colcon.colcon_core.package_identification:_identify(src/ros2/rcl_interfaces/test_msgs) by extension 'ros'
[0.200s] DEBUG:colcon.colcon_core.package_identification:Package 'src/ros2/rcl_interfaces/test_msgs' with type 'ros.ament_cmake' and name 'test_msgs'
[0.200s] Level 1:colcon.colcon_core.package_identification:_identify(src/ros2/rcl_interfaces/type_description_interfaces) by extensions ['ignore', 'ignore_ament_install']
[0.200s] Level 1:colcon.colcon_core.package_identification:_identify(src/ros2/rcl_interfaces/type_description_interfaces) by extension 'ignore'
[0.201s] Level 1:colcon.colcon_core.package_identification:_identify(src/ros2/rcl_interfaces/type_description_interfaces) by extension 'ignore_ament_install'
[0.201s] Level 1:colcon.colcon_core.package_identification:_identify(src/ros2/rcl_interfaces/type_description_interfaces) by extensions ['colcon_pkg']
[0.201s] Level 1:colcon.colcon_core.package_identification:_identify(src/ros2/rcl_interfaces/type_description_interfaces) by extension 'colcon_pkg'
[0.201s] Level 1:colcon.colcon_core.package_identification:_identify(src/ros2/rcl_interfaces/type_description_interfaces) by extensions ['colcon_meta']
[0.201s] Level 1:colcon.colcon_core.package_identification:_identify(src/ros2/rcl_interfaces/type_description_interfaces) by extension 'colcon_meta'
[0.201s] Level 1:colcon.colcon_core.package_identification:_identify(src/ros2/rcl_interfaces/type_description_interfaces) by extensions ['ros']
[0.201s] Level 1:colcon.colcon_core.package_identification:_identify(src/ros2/rcl_interfaces/type_description_interfaces) by extension 'ros'
[0.201s] DEBUG:colcon.colcon_core.package_identification:Package 'src/ros2/rcl_interfaces/type_description_interfaces' with type 'ros.ament_cmake' and name 'type_description_interfaces'
[0.201s] Level 1:colcon.colcon_core.package_identification:_identify(src/ros2/test_interface_files) by extensions ['ignore', 'ignore_ament_install']
[0.201s] Level 1:colcon.colcon_core.package_identification:_identify(src/ros2/test_interface_files) by extension 'ignore'
[0.201s] Level 1:colcon.colcon_core.package_identification:_identify(src/ros2/test_interface_files) by extension 'ignore_ament_install'
[0.201s] Level 1:colcon.colcon_core.package_identification:_identify(src/ros2/test_interface_files) by extensions ['colcon_pkg']
[0.201s] Level 1:colcon.colcon_core.package_identification:_identify(src/ros2/test_interface_files) by extension 'colcon_pkg'
[0.202s] Level 1:colcon.colcon_core.package_identification:_identify(src/ros2/test_interface_files) by extensions ['colcon_meta']
[0.202s] Level 1:colcon.colcon_core.package_identification:_identify(src/ros2/test_interface_files) by extension 'colcon_meta'
[0.202s] Level 1:colcon.colcon_core.package_identification:_identify(src/ros2/test_interface_files) by extensions ['ros']
[0.202s] Level 1:colcon.colcon_core.package_identification:_identify(src/ros2/test_interface_files) by extension 'ros'
[0.202s] DEBUG:colcon.colcon_core.package_identification:Package 'src/ros2/test_interface_files' with type 'ros.ament_cmake' and name 'test_interface_files'
[0.202s] Level 1:colcon.colcon_core.package_identification:_identify(src/ros2/unique_identifier_msgs) by extensions ['ignore', 'ignore_ament_install']
[0.202s] Level 1:colcon.colcon_core.package_identification:_identify(src/ros2/unique_identifier_msgs) by extension 'ignore'
[0.202s] Level 1:colcon.colcon_core.package_identification:_identify(src/ros2/unique_identifier_msgs) by extension 'ignore_ament_install'
[0.202s] Level 1:colcon.colcon_core.package_identification:_identify(src/ros2/unique_identifier_msgs) by extensions ['colcon_pkg']
[0.202s] Level 1:colcon.colcon_core.package_identification:_identify(src/ros2/unique_identifier_msgs) by extension 'colcon_pkg'
[0.202s] Level 1:colcon.colcon_core.package_identification:_identify(src/ros2/unique_identifier_msgs) by extensions ['colcon_meta']
[0.202s] Level 1:colcon.colcon_core.package_identification:_identify(src/ros2/unique_identifier_msgs) by extension 'colcon_meta'
[0.202s] Level 1:colcon.colcon_core.package_identification:_identify(src/ros2/unique_identifier_msgs) by extensions ['ros']
[0.202s] Level 1:colcon.colcon_core.package_identification:_identify(src/ros2/unique_identifier_msgs) by extension 'ros'
[0.203s] DEBUG:colcon.colcon_core.package_identification:Package 'src/ros2/unique_identifier_msgs' with type 'ros.ament_cmake' and name 'unique_identifier_msgs'
[0.203s] Level 1:colcon.colcon_core.package_identification:_identify(src/uros) by extensions ['ignore', 'ignore_ament_install']
[0.203s] Level 1:colcon.colcon_core.package_identification:_identify(src/uros) by extension 'ignore'
[0.203s] Level 1:colcon.colcon_core.package_identification:_identify(src/uros) by extension 'ignore_ament_install'
[0.203s] Level 1:colcon.colcon_core.package_identification:_identify(src/uros) by extensions ['colcon_pkg']
[0.203s] Level 1:colcon.colcon_core.package_identification:_identify(src/uros) by extension 'colcon_pkg'
[0.203s] Level 1:colcon.colcon_core.package_identification:_identify(src/uros) by extensions ['colcon_meta']
[0.203s] Level 1:colcon.colcon_core.package_identification:_identify(src/uros) by extension 'colcon_meta'
[0.203s] Level 1:colcon.colcon_core.package_identification:_identify(src/uros) by extensions ['ros']
[0.203s] Level 1:colcon.colcon_core.package_identification:_identify(src/uros) by extension 'ros'
[0.203s] Level 1:colcon.colcon_core.package_identification:_identify(src/uros) by extensions ['cmake', 'python']
[0.203s] Level 1:colcon.colcon_core.package_identification:_identify(src/uros) by extension 'cmake'
[0.203s] Level 1:colcon.colcon_core.package_identification:_identify(src/uros) by extension 'python'
[0.203s] Level 1:colcon.colcon_core.package_identification:_identify(src/uros) by extensions ['python_setup_py']
[0.203s] Level 1:colcon.colcon_core.package_identification:_identify(src/uros) by extension 'python_setup_py'
[0.203s] Level 1:colcon.colcon_core.package_identification:_identify(src/uros/micro-ROS-demos) by extensions ['ignore', 'ignore_ament_install']
[0.204s] Level 1:colcon.colcon_core.package_identification:_identify(src/uros/micro-ROS-demos) by extension 'ignore'
[0.204s] Level 1:colcon.colcon_core.package_identification:_identify(src/uros/micro-ROS-demos) by extension 'ignore_ament_install'
[0.204s] Level 1:colcon.colcon_core.package_identification:_identify(src/uros/micro-ROS-demos) by extensions ['colcon_pkg']
[0.204s] Level 1:colcon.colcon_core.package_identification:_identify(src/uros/micro-ROS-demos) by extension 'colcon_pkg'
[0.204s] Level 1:colcon.colcon_core.package_identification:_identify(src/uros/micro-ROS-demos) by extensions ['colcon_meta']
[0.204s] Level 1:colcon.colcon_core.package_identification:_identify(src/uros/micro-ROS-demos) by extension 'colcon_meta'
[0.204s] Level 1:colcon.colcon_core.package_identification:_identify(src/uros/micro-ROS-demos) by extensions ['ros']
[0.204s] Level 1:colcon.colcon_core.package_identification:_identify(src/uros/micro-ROS-demos) by extension 'ros'
[0.204s] Level 1:colcon.colcon_core.package_identification:_identify(src/uros/micro-ROS-demos) by extensions ['cmake', 'python']
[0.204s] Level 1:colcon.colcon_core.package_identification:_identify(src/uros/micro-ROS-demos) by extension 'cmake'
[0.204s] Level 1:colcon.colcon_core.package_identification:_identify(src/uros/micro-ROS-demos) by extension 'python'
[0.204s] Level 1:colcon.colcon_core.package_identification:_identify(src/uros/micro-ROS-demos) by extensions ['python_setup_py']
[0.204s] Level 1:colcon.colcon_core.package_identification:_identify(src/uros/micro-ROS-demos) by extension 'python_setup_py'
[0.204s] Level 1:colcon.colcon_core.package_identification:_identify(src/uros/micro-ROS-demos/messages) by extensions ['ignore', 'ignore_ament_install']
[0.204s] Level 1:colcon.colcon_core.package_identification:_identify(src/uros/micro-ROS-demos/messages) by extension 'ignore'
[0.204s] Level 1:colcon.colcon_core.package_identification:_identify(src/uros/micro-ROS-demos/messages) by extension 'ignore_ament_install'
[0.204s] Level 1:colcon.colcon_core.package_identification:_identify(src/uros/micro-ROS-demos/messages) by extensions ['colcon_pkg']
[0.204s] Level 1:colcon.colcon_core.package_identification:_identify(src/uros/micro-ROS-demos/messages) by extension 'colcon_pkg'
[0.204s] Level 1:colcon.colcon_core.package_identification:_identify(src/uros/micro-ROS-demos/messages) by extensions ['colcon_meta']
[0.204s] Level 1:colcon.colcon_core.package_identification:_identify(src/uros/micro-ROS-demos/messages) by extension 'colcon_meta'
[0.204s] Level 1:colcon.colcon_core.package_identification:_identify(src/uros/micro-ROS-demos/messages) by extensions ['ros']
[0.204s] Level 1:colcon.colcon_core.package_identification:_identify(src/uros/micro-ROS-demos/messages) by extension 'ros'
[0.204s] Level 1:colcon.colcon_core.package_identification:_identify(src/uros/micro-ROS-demos/messages) by extensions ['cmake', 'python']
[0.204s] Level 1:colcon.colcon_core.package_identification:_identify(src/uros/micro-ROS-demos/messages) by extension 'cmake'
[0.204s] Level 1:colcon.colcon_core.package_identification:_identify(src/uros/micro-ROS-demos/messages) by extension 'python'
[0.205s] Level 1:colcon.colcon_core.package_identification:_identify(src/uros/micro-ROS-demos/messages) by extensions ['python_setup_py']
[0.205s] Level 1:colcon.colcon_core.package_identification:_identify(src/uros/micro-ROS-demos/messages) by extension 'python_setup_py'
[0.205s] Level 1:colcon.colcon_core.package_identification:_identify(src/uros/micro-ROS-demos/messages/complex_msg) by extensions ['ignore', 'ignore_ament_install']
[0.205s] Level 1:colcon.colcon_core.package_identification:_identify(src/uros/micro-ROS-demos/messages/complex_msg) by extension 'ignore'
[0.205s] Level 1:colcon.colcon_core.package_identification:_identify(src/uros/micro-ROS-demos/messages/complex_msg) by extension 'ignore_ament_install'
[0.205s] Level 1:colcon.colcon_core.package_identification:_identify(src/uros/micro-ROS-demos/messages/complex_msg) by extensions ['colcon_pkg']
[0.205s] Level 1:colcon.colcon_core.package_identification:_identify(src/uros/micro-ROS-demos/messages/complex_msg) by extension 'colcon_pkg'
[0.205s] Level 1:colcon.colcon_core.package_identification:_identify(src/uros/micro-ROS-demos/messages/complex_msg) by extensions ['colcon_meta']
[0.205s] Level 1:colcon.colcon_core.package_identification:_identify(src/uros/micro-ROS-demos/messages/complex_msg) by extension 'colcon_meta'
[0.205s] Level 1:colcon.colcon_core.package_identification:_identify(src/uros/micro-ROS-demos/messages/complex_msg) by extensions ['ros']
[0.205s] Level 1:colcon.colcon_core.package_identification:_identify(src/uros/micro-ROS-demos/messages/complex_msg) by extension 'ros'
[0.205s] DEBUG:colcon.colcon_core.package_identification:Package 'src/uros/micro-ROS-demos/messages/complex_msg' with type 'ros.ament_cmake' and name 'complex_msgs'
[0.205s] Level 1:colcon.colcon_core.package_identification:_identify(src/uros/micro-ROS-demos/rclc) by extensions ['ignore', 'ignore_ament_install']
[0.205s] Level 1:colcon.colcon_core.package_identification:_identify(src/uros/micro-ROS-demos/rclc) by extension 'ignore'
[0.206s] Level 1:colcon.colcon_core.package_identification:_identify(src/uros/micro-ROS-demos/rclc) by extension 'ignore_ament_install'
[0.206s] Level 1:colcon.colcon_core.package_identification:_identify(src/uros/micro-ROS-demos/rclc) by extensions ['colcon_pkg']
[0.206s] Level 1:colcon.colcon_core.package_identification:_identify(src/uros/micro-ROS-demos/rclc) by extension 'colcon_pkg'
[0.206s] Level 1:colcon.colcon_core.package_identification:_identify(src/uros/micro-ROS-demos/rclc) by extensions ['colcon_meta']
[0.206s] Level 1:colcon.colcon_core.package_identification:_identify(src/uros/micro-ROS-demos/rclc) by extension 'colcon_meta'
[0.206s] Level 1:colcon.colcon_core.package_identification:_identify(src/uros/micro-ROS-demos/rclc) by extensions ['ros']
[0.206s] Level 1:colcon.colcon_core.package_identification:_identify(src/uros/micro-ROS-demos/rclc) by extension 'ros'
[0.207s] DEBUG:colcon.colcon_core.package_identification:Package 'src/uros/micro-ROS-demos/rclc' with type 'ros.ament_cmake' and name 'micro_ros_demos_rclc'
[0.207s] Level 1:colcon.colcon_core.package_identification:_identify(src/uros/micro_ros_msgs) by extensions ['ignore', 'ignore_ament_install']
[0.207s] Level 1:colcon.colcon_core.package_identification:_identify(src/uros/micro_ros_msgs) by extension 'ignore'
[0.207s] Level 1:colcon.colcon_core.package_identification:_identify(src/uros/micro_ros_msgs) by extension 'ignore_ament_install'
[0.207s] Level 1:colcon.colcon_core.package_identification:_identify(src/uros/micro_ros_msgs) by extensions ['colcon_pkg']
[0.207s] Level 1:colcon.colcon_core.package_identification:_identify(src/uros/micro_ros_msgs) by extension 'colcon_pkg'
[0.207s] Level 1:colcon.colcon_core.package_identification:_identify(src/uros/micro_ros_msgs) by extensions ['colcon_meta']
[0.207s] Level 1:colcon.colcon_core.package_identification:_identify(src/uros/micro_ros_msgs) by extension 'colcon_meta'
[0.207s] Level 1:colcon.colcon_core.package_identification:_identify(src/uros/micro_ros_msgs) by extensions ['ros']
[0.207s] Level 1:colcon.colcon_core.package_identification:_identify(src/uros/micro_ros_msgs) by extension 'ros'
[0.207s] DEBUG:colcon.colcon_core.package_identification:Package 'src/uros/micro_ros_msgs' with type 'ros.ament_cmake' and name 'micro_ros_msgs'
[0.207s] Level 1:colcon.colcon_core.package_identification:_identify(src/uros/micro_ros_utilities) by extensions ['ignore', 'ignore_ament_install']
[0.207s] Level 1:colcon.colcon_core.package_identification:_identify(src/uros/micro_ros_utilities) by extension 'ignore'
[0.208s] Level 1:colcon.colcon_core.package_identification:_identify(src/uros/micro_ros_utilities) by extension 'ignore_ament_install'
[0.208s] Level 1:colcon.colcon_core.package_identification:_identify(src/uros/micro_ros_utilities) by extensions ['colcon_pkg']
[0.208s] Level 1:colcon.colcon_core.package_identification:_identify(src/uros/micro_ros_utilities) by extension 'colcon_pkg'
[0.208s] Level 1:colcon.colcon_core.package_identification:_identify(src/uros/micro_ros_utilities) by extensions ['colcon_meta']
[0.208s] Level 1:colcon.colcon_core.package_identification:_identify(src/uros/micro_ros_utilities) by extension 'colcon_meta'
[0.208s] Level 1:colcon.colcon_core.package_identification:_identify(src/uros/micro_ros_utilities) by extensions ['ros']
[0.208s] Level 1:colcon.colcon_core.package_identification:_identify(src/uros/micro_ros_utilities) by extension 'ros'
[0.208s] DEBUG:colcon.colcon_core.package_identification:Package 'src/uros/micro_ros_utilities' with type 'ros.ament_cmake' and name 'micro_ros_utilities'
[0.208s] Level 1:colcon.colcon_core.package_identification:_identify(src/uros/rclc) by extensions ['ignore', 'ignore_ament_install']
[0.208s] Level 1:colcon.colcon_core.package_identification:_identify(src/uros/rclc) by extension 'ignore'
[0.208s] Level 1:colcon.colcon_core.package_identification:_identify(src/uros/rclc) by extension 'ignore_ament_install'
[0.208s] Level 1:colcon.colcon_core.package_identification:_identify(src/uros/rclc) by extensions ['colcon_pkg']
[0.208s] Level 1:colcon.colcon_core.package_identification:_identify(src/uros/rclc) by extension 'colcon_pkg'
[0.208s] Level 1:colcon.colcon_core.package_identification:_identify(src/uros/rclc) by extensions ['colcon_meta']
[0.209s] Level 1:colcon.colcon_core.package_identification:_identify(src/uros/rclc) by extension 'colcon_meta'
[0.209s] Level 1:colcon.colcon_core.package_identification:_identify(src/uros/rclc) by extensions ['ros']
[0.209s] Level 1:colcon.colcon_core.package_identification:_identify(src/uros/rclc) by extension 'ros'
[0.209s] Level 1:colcon.colcon_core.package_identification:_identify(src/uros/rclc) by extensions ['cmake', 'python']
[0.209s] Level 1:colcon.colcon_core.package_identification:_identify(src/uros/rclc) by extension 'cmake'
[0.209s] Level 1:colcon.colcon_core.package_identification:_identify(src/uros/rclc) by extension 'python'
[0.209s] Level 1:colcon.colcon_core.package_identification:_identify(src/uros/rclc) by extensions ['python_setup_py']
[0.209s] Level 1:colcon.colcon_core.package_identification:_identify(src/uros/rclc) by extension 'python_setup_py'
[0.209s] Level 1:colcon.colcon_core.package_identification:_identify(src/uros/rclc/rclc) by extensions ['ignore', 'ignore_ament_install']
[0.209s] Level 1:colcon.colcon_core.package_identification:_identify(src/uros/rclc/rclc) by extension 'ignore'
[0.209s] Level 1:colcon.colcon_core.package_identification:_identify(src/uros/rclc/rclc) by extension 'ignore_ament_install'
[0.209s] Level 1:colcon.colcon_core.package_identification:_identify(src/uros/rclc/rclc) by extensions ['colcon_pkg']
[0.209s] Level 1:colcon.colcon_core.package_identification:_identify(src/uros/rclc/rclc) by extension 'colcon_pkg'
[0.209s] Level 1:colcon.colcon_core.package_identification:_identify(src/uros/rclc/rclc) by extensions ['colcon_meta']
[0.209s] Level 1:colcon.colcon_core.package_identification:_identify(src/uros/rclc/rclc) by extension 'colcon_meta'
[0.209s] Level 1:colcon.colcon_core.package_identification:_identify(src/uros/rclc/rclc) by extensions ['ros']
[0.209s] Level 1:colcon.colcon_core.package_identification:_identify(src/uros/rclc/rclc) by extension 'ros'
[0.210s] DEBUG:colcon.colcon_core.package_identification:Package 'src/uros/rclc/rclc' with type 'ros.ament_cmake' and name 'rclc'
[0.210s] Level 1:colcon.colcon_core.package_identification:_identify(src/uros/rclc/rclc_examples) by extensions ['ignore', 'ignore_ament_install']
[0.210s] Level 1:colcon.colcon_core.package_identification:_identify(src/uros/rclc/rclc_examples) by extension 'ignore'
[0.210s] Level 1:colcon.colcon_core.package_identification:_identify(src/uros/rclc/rclc_examples) ignored
[0.210s] Level 1:colcon.colcon_core.package_identification:_identify(src/uros/rclc/rclc_lifecycle) by extensions ['ignore', 'ignore_ament_install']
[0.210s] Level 1:colcon.colcon_core.package_identification:_identify(src/uros/rclc/rclc_lifecycle) by extension 'ignore'
[0.210s] Level 1:colcon.colcon_core.package_identification:_identify(src/uros/rclc/rclc_lifecycle) ignored
[0.210s] Level 1:colcon.colcon_core.package_identification:_identify(src/uros/rclc/rclc_parameter) by extensions ['ignore', 'ignore_ament_install']
[0.210s] Level 1:colcon.colcon_core.package_identification:_identify(src/uros/rclc/rclc_parameter) by extension 'ignore'
[0.210s] Level 1:colcon.colcon_core.package_identification:_identify(src/uros/rclc/rclc_parameter) by extension 'ignore_ament_install'
[0.210s] Level 1:colcon.colcon_core.package_identification:_identify(src/uros/rclc/rclc_parameter) by extensions ['colcon_pkg']
[0.210s] Level 1:colcon.colcon_core.package_identification:_identify(src/uros/rclc/rclc_parameter) by extension 'colcon_pkg'
[0.210s] Level 1:colcon.colcon_core.package_identification:_identify(src/uros/rclc/rclc_parameter) by extensions ['colcon_meta']
[0.210s] Level 1:colcon.colcon_core.package_identification:_identify(src/uros/rclc/rclc_parameter) by extension 'colcon_meta'
[0.210s] Level 1:colcon.colcon_core.package_identification:_identify(src/uros/rclc/rclc_parameter) by extensions ['ros']
[0.210s] Level 1:colcon.colcon_core.package_identification:_identify(src/uros/rclc/rclc_parameter) by extension 'ros'
[0.211s] DEBUG:colcon.colcon_core.package_identification:Package 'src/uros/rclc/rclc_parameter' with type 'ros.ament_cmake' and name 'rclc_parameter'
[0.211s] Level 1:colcon.colcon_core.package_identification:_identify(src/uros/rmw_microxrcedds) by extensions ['ignore', 'ignore_ament_install']
[0.211s] Level 1:colcon.colcon_core.package_identification:_identify(src/uros/rmw_microxrcedds) by extension 'ignore'
[0.211s] Level 1:colcon.colcon_core.package_identification:_identify(src/uros/rmw_microxrcedds) by extension 'ignore_ament_install'
[0.211s] Level 1:colcon.colcon_core.package_identification:_identify(src/uros/rmw_microxrcedds) by extensions ['colcon_pkg']
[0.211s] Level 1:colcon.colcon_core.package_identification:_identify(src/uros/rmw_microxrcedds) by extension 'colcon_pkg'
[0.211s] Level 1:colcon.colcon_core.package_identification:_identify(src/uros/rmw_microxrcedds) by extensions ['colcon_meta']
[0.211s] Level 1:colcon.colcon_core.package_identification:_identify(src/uros/rmw_microxrcedds) by extension 'colcon_meta'
[0.211s] Level 1:colcon.colcon_core.package_identification:_identify(src/uros/rmw_microxrcedds) by extensions ['ros']
[0.211s] Level 1:colcon.colcon_core.package_identification:_identify(src/uros/rmw_microxrcedds) by extension 'ros'
[0.212s] Level 1:colcon.colcon_core.package_identification:_identify(src/uros/rmw_microxrcedds) by extensions ['cmake', 'python']
[0.212s] Level 1:colcon.colcon_core.package_identification:_identify(src/uros/rmw_microxrcedds) by extension 'cmake'
[0.212s] Level 1:colcon.colcon_core.package_identification:_identify(src/uros/rmw_microxrcedds) by extension 'python'
[0.212s] Level 1:colcon.colcon_core.package_identification:_identify(src/uros/rmw_microxrcedds) by extensions ['python_setup_py']
[0.212s] Level 1:colcon.colcon_core.package_identification:_identify(src/uros/rmw_microxrcedds) by extension 'python_setup_py'
[0.212s] Level 1:colcon.colcon_core.package_identification:_identify(src/uros/rmw_microxrcedds/rmw_microxrcedds_c) by extensions ['ignore', 'ignore_ament_install']
[0.212s] Level 1:colcon.colcon_core.package_identification:_identify(src/uros/rmw_microxrcedds/rmw_microxrcedds_c) by extension 'ignore'
[0.212s] Level 1:colcon.colcon_core.package_identification:_identify(src/uros/rmw_microxrcedds/rmw_microxrcedds_c) by extension 'ignore_ament_install'
[0.212s] Level 1:colcon.colcon_core.package_identification:_identify(src/uros/rmw_microxrcedds/rmw_microxrcedds_c) by extensions ['colcon_pkg']
[0.212s] Level 1:colcon.colcon_core.package_identification:_identify(src/uros/rmw_microxrcedds/rmw_microxrcedds_c) by extension 'colcon_pkg'
[0.212s] Level 1:colcon.colcon_core.package_identification:_identify(src/uros/rmw_microxrcedds/rmw_microxrcedds_c) by extensions ['colcon_meta']
[0.212s] Level 1:colcon.colcon_core.package_identification:_identify(src/uros/rmw_microxrcedds/rmw_microxrcedds_c) by extension 'colcon_meta'
[0.212s] Level 1:colcon.colcon_core.package_identification:_identify(src/uros/rmw_microxrcedds/rmw_microxrcedds_c) by extensions ['ros']
[0.212s] Level 1:colcon.colcon_core.package_identification:_identify(src/uros/rmw_microxrcedds/rmw_microxrcedds_c) by extension 'ros'
[0.213s] DEBUG:colcon.colcon_core.package_identification:Package 'src/uros/rmw_microxrcedds/rmw_microxrcedds_c' with type 'ros.ament_cmake' and name 'rmw_microxrcedds'
[0.213s] Level 1:colcon.colcon_core.package_identification:_identify(src/uros/rosidl_typesupport_microxrcedds) by extensions ['ignore', 'ignore_ament_install']
[0.213s] Level 1:colcon.colcon_core.package_identification:_identify(src/uros/rosidl_typesupport_microxrcedds) by extension 'ignore'
[0.213s] Level 1:colcon.colcon_core.package_identification:_identify(src/uros/rosidl_typesupport_microxrcedds) by extension 'ignore_ament_install'
[0.213s] Level 1:colcon.colcon_core.package_identification:_identify(src/uros/rosidl_typesupport_microxrcedds) by extensions ['colcon_pkg']
[0.213s] Level 1:colcon.colcon_core.package_identification:_identify(src/uros/rosidl_typesupport_microxrcedds) by extension 'colcon_pkg'
[0.213s] Level 1:colcon.colcon_core.package_identification:_identify(src/uros/rosidl_typesupport_microxrcedds) by extensions ['colcon_meta']
[0.213s] Level 1:colcon.colcon_core.package_identification:_identify(src/uros/rosidl_typesupport_microxrcedds) by extension 'colcon_meta'
[0.213s] Level 1:colcon.colcon_core.package_identification:_identify(src/uros/rosidl_typesupport_microxrcedds) by extensions ['ros']
[0.213s] Level 1:colcon.colcon_core.package_identification:_identify(src/uros/rosidl_typesupport_microxrcedds) by extension 'ros'
[0.213s] Level 1:colcon.colcon_core.package_identification:_identify(src/uros/rosidl_typesupport_microxrcedds) by extensions ['cmake', 'python']
[0.213s] Level 1:colcon.colcon_core.package_identification:_identify(src/uros/rosidl_typesupport_microxrcedds) by extension 'cmake'
[0.213s] Level 1:colcon.colcon_core.package_identification:_identify(src/uros/rosidl_typesupport_microxrcedds) by extension 'python'
[0.213s] Level 1:colcon.colcon_core.package_identification:_identify(src/uros/rosidl_typesupport_microxrcedds) by extensions ['python_setup_py']
[0.213s] Level 1:colcon.colcon_core.package_identification:_identify(src/uros/rosidl_typesupport_microxrcedds) by extension 'python_setup_py'
[0.213s] Level 1:colcon.colcon_core.package_identification:_identify(src/uros/rosidl_typesupport_microxrcedds/rosidl_typesupport_microxrcedds_c) by extensions ['ignore', 'ignore_ament_install']
[0.213s] Level 1:colcon.colcon_core.package_identification:_identify(src/uros/rosidl_typesupport_microxrcedds/rosidl_typesupport_microxrcedds_c) by extension 'ignore'
[0.213s] Level 1:colcon.colcon_core.package_identification:_identify(src/uros/rosidl_typesupport_microxrcedds/rosidl_typesupport_microxrcedds_c) by extension 'ignore_ament_install'
[0.213s] Level 1:colcon.colcon_core.package_identification:_identify(src/uros/rosidl_typesupport_microxrcedds/rosidl_typesupport_microxrcedds_c) by extensions ['colcon_pkg']
[0.214s] Level 1:colcon.colcon_core.package_identification:_identify(src/uros/rosidl_typesupport_microxrcedds/rosidl_typesupport_microxrcedds_c) by extension 'colcon_pkg'
[0.214s] Level 1:colcon.colcon_core.package_identification:_identify(src/uros/rosidl_typesupport_microxrcedds/rosidl_typesupport_microxrcedds_c) by extensions ['colcon_meta']
[0.214s] Level 1:colcon.colcon_core.package_identification:_identify(src/uros/rosidl_typesupport_microxrcedds/rosidl_typesupport_microxrcedds_c) by extension 'colcon_meta'
[0.214s] Level 1:colcon.colcon_core.package_identification:_identify(src/uros/rosidl_typesupport_microxrcedds/rosidl_typesupport_microxrcedds_c) by extensions ['ros']
[0.214s] Level 1:colcon.colcon_core.package_identification:_identify(src/uros/rosidl_typesupport_microxrcedds/rosidl_typesupport_microxrcedds_c) by extension 'ros'
[0.214s] DEBUG:colcon.colcon_core.package_identification:Package 'src/uros/rosidl_typesupport_microxrcedds/rosidl_typesupport_microxrcedds_c' with type 'ros.ament_cmake' and name 'rosidl_typesupport_microxrcedds_c'
[0.214s] Level 1:colcon.colcon_core.package_identification:_identify(src/uros/rosidl_typesupport_microxrcedds/rosidl_typesupport_microxrcedds_cpp) by extensions ['ignore', 'ignore_ament_install']
[0.214s] Level 1:colcon.colcon_core.package_identification:_identify(src/uros/rosidl_typesupport_microxrcedds/rosidl_typesupport_microxrcedds_cpp) by extension 'ignore'
[0.214s] Level 1:colcon.colcon_core.package_identification:_identify(src/uros/rosidl_typesupport_microxrcedds/rosidl_typesupport_microxrcedds_cpp) by extension 'ignore_ament_install'
[0.214s] Level 1:colcon.colcon_core.package_identification:_identify(src/uros/rosidl_typesupport_microxrcedds/rosidl_typesupport_microxrcedds_cpp) by extensions ['colcon_pkg']
[0.214s] Level 1:colcon.colcon_core.package_identification:_identify(src/uros/rosidl_typesupport_microxrcedds/rosidl_typesupport_microxrcedds_cpp) by extension 'colcon_pkg'
[0.214s] Level 1:colcon.colcon_core.package_identification:_identify(src/uros/rosidl_typesupport_microxrcedds/rosidl_typesupport_microxrcedds_cpp) by extensions ['colcon_meta']
[0.214s] Level 1:colcon.colcon_core.package_identification:_identify(src/uros/rosidl_typesupport_microxrcedds/rosidl_typesupport_microxrcedds_cpp) by extension 'colcon_meta'
[0.214s] Level 1:colcon.colcon_core.package_identification:_identify(src/uros/rosidl_typesupport_microxrcedds/rosidl_typesupport_microxrcedds_cpp) by extensions ['ros']
[0.214s] Level 1:colcon.colcon_core.package_identification:_identify(src/uros/rosidl_typesupport_microxrcedds/rosidl_typesupport_microxrcedds_cpp) by extension 'ros'
[0.215s] DEBUG:colcon.colcon_core.package_identification:Package 'src/uros/rosidl_typesupport_microxrcedds/rosidl_typesupport_microxrcedds_cpp' with type 'ros.ament_cmake' and name 'rosidl_typesupport_microxrcedds_cpp'
[0.215s] Level 1:colcon.colcon_core.package_identification:_identify(src/uros/rosidl_typesupport_microxrcedds/test) by extensions ['ignore', 'ignore_ament_install']
[0.215s] Level 1:colcon.colcon_core.package_identification:_identify(src/uros/rosidl_typesupport_microxrcedds/test) by extension 'ignore'
[0.215s] Level 1:colcon.colcon_core.package_identification:_identify(src/uros/rosidl_typesupport_microxrcedds/test) by extension 'ignore_ament_install'
[0.215s] Level 1:colcon.colcon_core.package_identification:_identify(src/uros/rosidl_typesupport_microxrcedds/test) by extensions ['colcon_pkg']
[0.215s] Level 1:colcon.colcon_core.package_identification:_identify(src/uros/rosidl_typesupport_microxrcedds/test) by extension 'colcon_pkg'
[0.215s] Level 1:colcon.colcon_core.package_identification:_identify(src/uros/rosidl_typesupport_microxrcedds/test) by extensions ['colcon_meta']
[0.215s] Level 1:colcon.colcon_core.package_identification:_identify(src/uros/rosidl_typesupport_microxrcedds/test) by extension 'colcon_meta'
[0.215s] Level 1:colcon.colcon_core.package_identification:_identify(src/uros/rosidl_typesupport_microxrcedds/test) by extensions ['ros']
[0.215s] Level 1:colcon.colcon_core.package_identification:_identify(src/uros/rosidl_typesupport_microxrcedds/test) by extension 'ros'
[0.215s] Level 1:colcon.colcon_core.package_identification:_identify(src/uros/rosidl_typesupport_microxrcedds/test) by extensions ['cmake', 'python']
[0.215s] Level 1:colcon.colcon_core.package_identification:_identify(src/uros/rosidl_typesupport_microxrcedds/test) by extension 'cmake'
[0.215s] Level 1:colcon.colcon_core.package_identification:_identify(src/uros/rosidl_typesupport_microxrcedds/test) by extension 'python'
[0.216s] Level 1:colcon.colcon_core.package_identification:_identify(src/uros/rosidl_typesupport_microxrcedds/test) by extensions ['python_setup_py']
[0.216s] Level 1:colcon.colcon_core.package_identification:_identify(src/uros/rosidl_typesupport_microxrcedds/test) by extension 'python_setup_py'
[0.216s] Level 1:colcon.colcon_core.package_identification:_identify(src/uros/rosidl_typesupport_microxrcedds/test/c) by extensions ['ignore', 'ignore_ament_install']
[0.216s] Level 1:colcon.colcon_core.package_identification:_identify(src/uros/rosidl_typesupport_microxrcedds/test/c) by extension 'ignore'
[0.216s] Level 1:colcon.colcon_core.package_identification:_identify(src/uros/rosidl_typesupport_microxrcedds/test/c) by extension 'ignore_ament_install'
[0.216s] Level 1:colcon.colcon_core.package_identification:_identify(src/uros/rosidl_typesupport_microxrcedds/test/c) by extensions ['colcon_pkg']
[0.216s] Level 1:colcon.colcon_core.package_identification:_identify(src/uros/rosidl_typesupport_microxrcedds/test/c) by extension 'colcon_pkg'
[0.216s] Level 1:colcon.colcon_core.package_identification:_identify(src/uros/rosidl_typesupport_microxrcedds/test/c) by extensions ['colcon_meta']
[0.216s] Level 1:colcon.colcon_core.package_identification:_identify(src/uros/rosidl_typesupport_microxrcedds/test/c) by extension 'colcon_meta'
[0.216s] Level 1:colcon.colcon_core.package_identification:_identify(src/uros/rosidl_typesupport_microxrcedds/test/c) by extensions ['ros']
[0.216s] Level 1:colcon.colcon_core.package_identification:_identify(src/uros/rosidl_typesupport_microxrcedds/test/c) by extension 'ros'
[0.216s] DEBUG:colcon.colcon_core.package_identification:Package 'src/uros/rosidl_typesupport_microxrcedds/test/c' with type 'ros.ament_cmake' and name 'rosidl_typesupport_microxrcedds_c_tests'
[0.216s] Level 1:colcon.colcon_core.package_identification:_identify(src/uros/rosidl_typesupport_microxrcedds/test/cpp) by extensions ['ignore', 'ignore_ament_install']
[0.216s] Level 1:colcon.colcon_core.package_identification:_identify(src/uros/rosidl_typesupport_microxrcedds/test/cpp) by extension 'ignore'
[0.217s] Level 1:colcon.colcon_core.package_identification:_identify(src/uros/rosidl_typesupport_microxrcedds/test/cpp) by extension 'ignore_ament_install'
[0.217s] Level 1:colcon.colcon_core.package_identification:_identify(src/uros/rosidl_typesupport_microxrcedds/test/cpp) by extensions ['colcon_pkg']
[0.217s] Level 1:colcon.colcon_core.package_identification:_identify(src/uros/rosidl_typesupport_microxrcedds/test/cpp) by extension 'colcon_pkg'
[0.217s] Level 1:colcon.colcon_core.package_identification:_identify(src/uros/rosidl_typesupport_microxrcedds/test/cpp) by extensions ['colcon_meta']
[0.217s] Level 1:colcon.colcon_core.package_identification:_identify(src/uros/rosidl_typesupport_microxrcedds/test/cpp) by extension 'colcon_meta'
[0.217s] Level 1:colcon.colcon_core.package_identification:_identify(src/uros/rosidl_typesupport_microxrcedds/test/cpp) by extensions ['ros']
[0.217s] Level 1:colcon.colcon_core.package_identification:_identify(src/uros/rosidl_typesupport_microxrcedds/test/cpp) by extension 'ros'
[0.217s] DEBUG:colcon.colcon_core.package_identification:Package 'src/uros/rosidl_typesupport_microxrcedds/test/cpp' with type 'ros.ament_cmake' and name 'rosidl_typesupport_microxrcedds_cpp_tests'
[0.217s] Level 1:colcon.colcon_core.package_identification:_identify(src/uros/rosidl_typesupport_microxrcedds/test/msg) by extensions ['ignore', 'ignore_ament_install']
[0.217s] Level 1:colcon.colcon_core.package_identification:_identify(src/uros/rosidl_typesupport_microxrcedds/test/msg) by extension 'ignore'
[0.218s] Level 1:colcon.colcon_core.package_identification:_identify(src/uros/rosidl_typesupport_microxrcedds/test/msg) by extension 'ignore_ament_install'
[0.218s] Level 1:colcon.colcon_core.package_identification:_identify(src/uros/rosidl_typesupport_microxrcedds/test/msg) by extensions ['colcon_pkg']
[0.218s] Level 1:colcon.colcon_core.package_identification:_identify(src/uros/rosidl_typesupport_microxrcedds/test/msg) by extension 'colcon_pkg'
[0.218s] Level 1:colcon.colcon_core.package_identification:_identify(src/uros/rosidl_typesupport_microxrcedds/test/msg) by extensions ['colcon_meta']
[0.218s] Level 1:colcon.colcon_core.package_identification:_identify(src/uros/rosidl_typesupport_microxrcedds/test/msg) by extension 'colcon_meta'
[0.218s] Level 1:colcon.colcon_core.package_identification:_identify(src/uros/rosidl_typesupport_microxrcedds/test/msg) by extensions ['ros']
[0.218s] Level 1:colcon.colcon_core.package_identification:_identify(src/uros/rosidl_typesupport_microxrcedds/test/msg) by extension 'ros'
[0.218s] DEBUG:colcon.colcon_core.package_identification:Package 'src/uros/rosidl_typesupport_microxrcedds/test/msg' with type 'ros.ament_cmake' and name 'rosidl_typesupport_microxrcedds_test_msg'
[0.218s] Level 1:colcon.colcon_core.package_discovery:discover_packages(recursive) using defaults
[0.218s] Level 1:colcon.colcon_core.package_discovery:discover_packages(ignore) discover
[0.218s] Level 1:colcon.colcon_core.package_discovery:discover_packages(ignore) using defaults
[0.218s] Level 1:colcon.colcon_core.package_discovery:discover_packages(path) discover
[0.218s] Level 1:colcon.colcon_core.package_discovery:discover_packages(path) using defaults
[0.235s] INFO:colcon.colcon_metadata.metadata.colcon_pkg:Updating descriptor of package 'src/eProsima/Micro-XRCE-DDS-Client' from colcon.pkg: {'name': 'microxrcedds_client', 'type': 'cmake', 'dependencies': ['microcdr'], 'cmake-args': ['-DUCLIENT_ISOLATED_INSTALL=OFF', '-DUCLIENT_SUPERBUILD=OFF']}
[0.235s] INFO:colcon.colcon_metadata.metadata.colcon_pkg:Updating descriptor of package 'src/eProsima/Micro-CDR' from colcon.pkg: {'name': 'microcdr', 'type': 'cmake', 'cmake-args': ['-DUCDR_ISOLATED_INSTALL=OFF']}
[0.244s] Level 1:colcon.colcon_core.package_discovery:discover_packages(prefix_path) check parameters
[0.244s] Level 1:colcon.colcon_core.package_discovery:discover_packages(prefix_path) discover
[0.245s] DEBUG:colcon.colcon_installed_package_information.package_discovery:Found 4 installed packages in /home/rasp/ros2_ws/install
[0.247s] DEBUG:colcon.colcon_installed_package_information.package_discovery:Found 285 installed packages in /opt/ros/jazzy
[0.247s] Level 1:colcon.colcon_core.package_discovery:discover_packages(prefix_path) using defaults
[0.284s] WARNING:colcon.colcon_core.package_selection:Some selected packages are already built in one or more underlay workspaces:
	'nav_msgs' is in: /opt/ros/jazzy
	'geometry_msgs' is in: /opt/ros/jazzy
	'builtin_interfaces' is in: /opt/ros/jazzy
	'std_srvs' is in: /opt/ros/jazzy
	'action_msgs' is in: /opt/ros/jazzy
	'statistics_msgs' is in: /opt/ros/jazzy
	'std_msgs' is in: /opt/ros/jazzy
	'sensor_msgs' is in: /opt/ros/jazzy
	'common_interfaces' is in: /opt/ros/jazzy
	'composition_interfaces' is in: /opt/ros/jazzy
	'unique_identifier_msgs' is in: /opt/ros/jazzy
	'visualization_msgs' is in: /opt/ros/jazzy
	'example_interfaces' is in: /opt/ros/jazzy
	'service_msgs' is in: /opt/ros/jazzy
	'rcl_interfaces' is in: /opt/ros/jazzy
	'sensor_msgs_py' is in: /opt/ros/jazzy
	'lifecycle_msgs' is in: /opt/ros/jazzy
	'rosgraph_msgs' is in: /opt/ros/jazzy
	'type_description_interfaces' is in: /opt/ros/jazzy
If a package in a merged underlay workspace is overridden and it installs headers, then all packages in the overlay must sort their include directories by workspace order. Failure to do so may result in build failures or undefined behavior at run time.
If the overridden package is used by another package in any underlay, then the overriding package in the overlay must be API and ABI compatible or undefined behavior at run time may occur.

If you understand the risks and want to override a package anyways, add the following to the command line:
	--allow-overriding action_msgs builtin_interfaces common_interfaces composition_interfaces example_interfaces geometry_msgs lifecycle_msgs nav_msgs rcl_interfaces rosgraph_msgs sensor_msgs sensor_msgs_py service_msgs statistics_msgs std_msgs std_srvs type_description_interfaces unique_identifier_msgs visualization_msgs

This may be promoted to an error in a future release of colcon-override-check.
[0.286s] Level 5:colcon.colcon_core.verb:set package 'builtin_interfaces' build argument 'cmake_args' from command line to '['-DBUILD_TESTING=OFF', '-DBUILD_SHARED_LIBS=ON']'
[0.286s] Level 5:colcon.colcon_core.verb:set package 'builtin_interfaces' build argument 'cmake_target' from command line to 'None'
[0.286s] Level 5:colcon.colcon_core.verb:set package 'builtin_interfaces' build argument 'cmake_target_skip_unavailable' from command line to 'False'
[0.286s] Level 5:colcon.colcon_core.verb:set package 'builtin_interfaces' build argument 'cmake_clean_cache' from command line to 'False'
[0.286s] Level 5:colcon.colcon_core.verb:set package 'builtin_interfaces' build argument 'cmake_clean_first' from command line to 'False'
[0.286s] Level 5:colcon.colcon_core.verb:set package 'builtin_interfaces' build argument 'cmake_force_configure' from command line to 'False'
[0.286s] Level 5:colcon.colcon_core.verb:set package 'builtin_interfaces' build argument 'ament_cmake_args' from command line to 'None'
[0.286s] Level 5:colcon.colcon_core.verb:set package 'builtin_interfaces' build argument 'catkin_cmake_args' from command line to 'None'
[0.286s] Level 5:colcon.colcon_core.verb:set package 'builtin_interfaces' build argument 'catkin_skip_building_tests' from command line to 'False'
[0.286s] DEBUG:colcon.colcon_core.verb:Building package 'builtin_interfaces' with the following arguments: {'ament_cmake_args': None, 'build_base': '/home/rasp/ros2_ws/build/builtin_interfaces', 'catkin_cmake_args': None, 'catkin_skip_building_tests': False, 'cmake_args': ['-DBUILD_TESTING=OFF', '-DBUILD_SHARED_LIBS=ON'], 'cmake_clean_cache': False, 'cmake_clean_first': False, 'cmake_force_configure': False, 'cmake_target': None, 'cmake_target_skip_unavailable': False, 'install_base': '/home/rasp/ros2_ws/install/builtin_interfaces', 'merge_install': False, 'path': '/home/rasp/ros2_ws/src/ros2/rcl_interfaces/builtin_interfaces', 'symlink_install': False, 'test_result_base': None}
[0.286s] Level 5:colcon.colcon_core.verb:set package 'example_interfaces' build argument 'cmake_args' from command line to '['-DBUILD_TESTING=OFF', '-DBUILD_SHARED_LIBS=ON']'
[0.286s] Level 5:colcon.colcon_core.verb:set package 'example_interfaces' build argument 'cmake_target' from command line to 'None'
[0.286s] Level 5:colcon.colcon_core.verb:set package 'example_interfaces' build argument 'cmake_target_skip_unavailable' from command line to 'False'
[0.286s] Level 5:colcon.colcon_core.verb:set package 'example_interfaces' build argument 'cmake_clean_cache' from command line to 'False'
[0.286s] Level 5:colcon.colcon_core.verb:set package 'example_interfaces' build argument 'cmake_clean_first' from command line to 'False'
[0.286s] Level 5:colcon.colcon_core.verb:set package 'example_interfaces' build argument 'cmake_force_configure' from command line to 'False'
[0.286s] Level 5:colcon.colcon_core.verb:set package 'example_interfaces' build argument 'ament_cmake_args' from command line to 'None'
[0.286s] Level 5:colcon.colcon_core.verb:set package 'example_interfaces' build argument 'catkin_cmake_args' from command line to 'None'
[0.286s] Level 5:colcon.colcon_core.verb:set package 'example_interfaces' build argument 'catkin_skip_building_tests' from command line to 'False'
[0.286s] DEBUG:colcon.colcon_core.verb:Building package 'example_interfaces' with the following arguments: {'ament_cmake_args': None, 'build_base': '/home/rasp/ros2_ws/build/example_interfaces', 'catkin_cmake_args': None, 'catkin_skip_building_tests': False, 'cmake_args': ['-DBUILD_TESTING=OFF', '-DBUILD_SHARED_LIBS=ON'], 'cmake_clean_cache': False, 'cmake_clean_first': False, 'cmake_force_configure': False, 'cmake_target': None, 'cmake_target_skip_unavailable': False, 'install_base': '/home/rasp/ros2_ws/install/example_interfaces', 'merge_install': False, 'path': '/home/rasp/ros2_ws/src/ros2/example_interfaces', 'symlink_install': False, 'test_result_base': None}
[0.286s] Level 5:colcon.colcon_core.verb:set package 'lifecycle_msgs' build argument 'cmake_args' from command line to '['-DBUILD_TESTING=OFF', '-DBUILD_SHARED_LIBS=ON']'
[0.286s] Level 5:colcon.colcon_core.verb:set package 'lifecycle_msgs' build argument 'cmake_target' from command line to 'None'
[0.286s] Level 5:colcon.colcon_core.verb:set package 'lifecycle_msgs' build argument 'cmake_target_skip_unavailable' from command line to 'False'
[0.286s] Level 5:colcon.colcon_core.verb:set package 'lifecycle_msgs' build argument 'cmake_clean_cache' from command line to 'False'
[0.287s] Level 5:colcon.colcon_core.verb:set package 'lifecycle_msgs' build argument 'cmake_clean_first' from command line to 'False'
[0.287s] Level 5:colcon.colcon_core.verb:set package 'lifecycle_msgs' build argument 'cmake_force_configure' from command line to 'False'
[0.287s] Level 5:colcon.colcon_core.verb:set package 'lifecycle_msgs' build argument 'ament_cmake_args' from command line to 'None'
[0.287s] Level 5:colcon.colcon_core.verb:set package 'lifecycle_msgs' build argument 'catkin_cmake_args' from command line to 'None'
[0.287s] Level 5:colcon.colcon_core.verb:set package 'lifecycle_msgs' build argument 'catkin_skip_building_tests' from command line to 'False'
[0.287s] DEBUG:colcon.colcon_core.verb:Building package 'lifecycle_msgs' with the following arguments: {'ament_cmake_args': None, 'build_base': '/home/rasp/ros2_ws/build/lifecycle_msgs', 'catkin_cmake_args': None, 'catkin_skip_building_tests': False, 'cmake_args': ['-DBUILD_TESTING=OFF', '-DBUILD_SHARED_LIBS=ON'], 'cmake_clean_cache': False, 'cmake_clean_first': False, 'cmake_force_configure': False, 'cmake_target': None, 'cmake_target_skip_unavailable': False, 'install_base': '/home/rasp/ros2_ws/install/lifecycle_msgs', 'merge_install': False, 'path': '/home/rasp/ros2_ws/src/ros2/rcl_interfaces/lifecycle_msgs', 'symlink_install': False, 'test_result_base': None}
[0.287s] Level 5:colcon.colcon_core.verb:set package 'micro_ros_msgs' build argument 'cmake_args' from command line to '['-DBUILD_TESTING=OFF', '-DBUILD_SHARED_LIBS=ON']'
[0.287s] Level 5:colcon.colcon_core.verb:set package 'micro_ros_msgs' build argument 'cmake_target' from command line to 'None'
[0.287s] Level 5:colcon.colcon_core.verb:set package 'micro_ros_msgs' build argument 'cmake_target_skip_unavailable' from command line to 'False'
[0.287s] Level 5:colcon.colcon_core.verb:set package 'micro_ros_msgs' build argument 'cmake_clean_cache' from command line to 'False'
[0.287s] Level 5:colcon.colcon_core.verb:set package 'micro_ros_msgs' build argument 'cmake_clean_first' from command line to 'False'
[0.287s] Level 5:colcon.colcon_core.verb:set package 'micro_ros_msgs' build argument 'cmake_force_configure' from command line to 'False'
[0.287s] Level 5:colcon.colcon_core.verb:set package 'micro_ros_msgs' build argument 'ament_cmake_args' from command line to 'None'
[0.287s] Level 5:colcon.colcon_core.verb:set package 'micro_ros_msgs' build argument 'catkin_cmake_args' from command line to 'None'
[0.287s] Level 5:colcon.colcon_core.verb:set package 'micro_ros_msgs' build argument 'catkin_skip_building_tests' from command line to 'False'
[0.287s] DEBUG:colcon.colcon_core.verb:Building package 'micro_ros_msgs' with the following arguments: {'ament_cmake_args': None, 'build_base': '/home/rasp/ros2_ws/build/micro_ros_msgs', 'catkin_cmake_args': None, 'catkin_skip_building_tests': False, 'cmake_args': ['-DBUILD_TESTING=OFF', '-DBUILD_SHARED_LIBS=ON'], 'cmake_clean_cache': False, 'cmake_clean_first': False, 'cmake_force_configure': False, 'cmake_target': None, 'cmake_target_skip_unavailable': False, 'install_base': '/home/rasp/ros2_ws/install/micro_ros_msgs', 'merge_install': False, 'path': '/home/rasp/ros2_ws/src/uros/micro_ros_msgs', 'symlink_install': False, 'test_result_base': None}
[0.287s] Level 5:colcon.colcon_core.verb:set package 'micro_ros_setup' build argument 'cmake_args' from command line to '['-DBUILD_TESTING=OFF', '-DBUILD_SHARED_LIBS=ON']'
[0.287s] Level 5:colcon.colcon_core.verb:set package 'micro_ros_setup' build argument 'cmake_target' from command line to 'None'
[0.287s] Level 5:colcon.colcon_core.verb:set package 'micro_ros_setup' build argument 'cmake_target_skip_unavailable' from command line to 'False'
[0.287s] Level 5:colcon.colcon_core.verb:set package 'micro_ros_setup' build argument 'cmake_clean_cache' from command line to 'False'
[0.287s] Level 5:colcon.colcon_core.verb:set package 'micro_ros_setup' build argument 'cmake_clean_first' from command line to 'False'
[0.287s] Level 5:colcon.colcon_core.verb:set package 'micro_ros_setup' build argument 'cmake_force_configure' from command line to 'False'
[0.287s] Level 5:colcon.colcon_core.verb:set package 'micro_ros_setup' build argument 'ament_cmake_args' from command line to 'None'
[0.287s] Level 5:colcon.colcon_core.verb:set package 'micro_ros_setup' build argument 'catkin_cmake_args' from command line to 'None'
[0.287s] Level 5:colcon.colcon_core.verb:set package 'micro_ros_setup' build argument 'catkin_skip_building_tests' from command line to 'False'
[0.287s] DEBUG:colcon.colcon_core.verb:Building package 'micro_ros_setup' with the following arguments: {'ament_cmake_args': None, 'build_base': '/home/rasp/ros2_ws/build/micro_ros_setup', 'catkin_cmake_args': None, 'catkin_skip_building_tests': False, 'cmake_args': ['-DBUILD_TESTING=OFF', '-DBUILD_SHARED_LIBS=ON'], 'cmake_clean_cache': False, 'cmake_clean_first': False, 'cmake_force_configure': False, 'cmake_target': None, 'cmake_target_skip_unavailable': False, 'install_base': '/home/rasp/ros2_ws/install/micro_ros_setup', 'merge_install': False, 'path': '/home/rasp/ros2_ws/src/microros/src/micro_ros_setup', 'symlink_install': False, 'test_result_base': None}
[0.288s] Level 5:colcon.colcon_core.verb:set package 'micro_ros_utilities' build argument 'cmake_args' from command line to '['-DBUILD_TESTING=OFF', '-DBUILD_SHARED_LIBS=ON']'
[0.288s] Level 5:colcon.colcon_core.verb:set package 'micro_ros_utilities' build argument 'cmake_target' from command line to 'None'
[0.288s] Level 5:colcon.colcon_core.verb:set package 'micro_ros_utilities' build argument 'cmake_target_skip_unavailable' from command line to 'False'
[0.288s] Level 5:colcon.colcon_core.verb:set package 'micro_ros_utilities' build argument 'cmake_clean_cache' from command line to 'False'
[0.288s] Level 5:colcon.colcon_core.verb:set package 'micro_ros_utilities' build argument 'cmake_clean_first' from command line to 'False'
[0.288s] Level 5:colcon.colcon_core.verb:set package 'micro_ros_utilities' build argument 'cmake_force_configure' from command line to 'False'
[0.288s] Level 5:colcon.colcon_core.verb:set package 'micro_ros_utilities' build argument 'ament_cmake_args' from command line to 'None'
[0.288s] Level 5:colcon.colcon_core.verb:set package 'micro_ros_utilities' build argument 'catkin_cmake_args' from command line to 'None'
[0.288s] Level 5:colcon.colcon_core.verb:set package 'micro_ros_utilities' build argument 'catkin_skip_building_tests' from command line to 'False'
[0.288s] DEBUG:colcon.colcon_core.verb:Building package 'micro_ros_utilities' with the following arguments: {'ament_cmake_args': None, 'build_base': '/home/rasp/ros2_ws/build/micro_ros_utilities', 'catkin_cmake_args': None, 'catkin_skip_building_tests': False, 'cmake_args': ['-DBUILD_TESTING=OFF', '-DBUILD_SHARED_LIBS=ON'], 'cmake_clean_cache': False, 'cmake_clean_first': False, 'cmake_force_configure': False, 'cmake_target': None, 'cmake_target_skip_unavailable': False, 'install_base': '/home/rasp/ros2_ws/install/micro_ros_utilities', 'merge_install': False, 'path': '/home/rasp/ros2_ws/src/uros/micro_ros_utilities', 'symlink_install': False, 'test_result_base': None}
[0.288s] Level 5:colcon.colcon_core.verb:set package 'microcdr' build argument 'cmake_args' from command line to '['-DBUILD_TESTING=OFF', '-DBUILD_SHARED_LIBS=ON']'
[0.288s] Level 5:colcon.colcon_core.verb:extend package 'microcdr' build argument 'cmake_args' from package metadata with '['-DUCDR_ISOLATED_INSTALL=OFF', '-DBUILD_SHARED_LIBS=ON']'
[0.288s] Level 5:colcon.colcon_core.verb:set package 'microcdr' build argument 'cmake_target' from command line to 'None'
[0.288s] Level 5:colcon.colcon_core.verb:set package 'microcdr' build argument 'cmake_target_skip_unavailable' from command line to 'False'
[0.288s] Level 5:colcon.colcon_core.verb:set package 'microcdr' build argument 'cmake_clean_cache' from command line to 'False'
[0.288s] Level 5:colcon.colcon_core.verb:set package 'microcdr' build argument 'cmake_clean_first' from command line to 'False'
[0.288s] Level 5:colcon.colcon_core.verb:set package 'microcdr' build argument 'cmake_force_configure' from command line to 'False'
[0.288s] Level 5:colcon.colcon_core.verb:set package 'microcdr' build argument 'ament_cmake_args' from command line to 'None'
[0.288s] Level 5:colcon.colcon_core.verb:set package 'microcdr' build argument 'catkin_cmake_args' from command line to 'None'
[0.288s] Level 5:colcon.colcon_core.verb:set package 'microcdr' build argument 'catkin_skip_building_tests' from command line to 'False'
[0.288s] DEBUG:colcon.colcon_core.verb:Building package 'microcdr' with the following arguments: {'ament_cmake_args': None, 'build_base': '/home/rasp/ros2_ws/build/microcdr', 'catkin_cmake_args': None, 'catkin_skip_building_tests': False, 'cmake_args': ['-DBUILD_TESTING=OFF', '-DBUILD_SHARED_LIBS=ON', '-DUCDR_ISOLATED_INSTALL=OFF', '-DBUILD_SHARED_LIBS=ON'], 'cmake_clean_cache': False, 'cmake_clean_first': False, 'cmake_force_configure': False, 'cmake_target': None, 'cmake_target_skip_unavailable': False, 'install_base': '/home/rasp/ros2_ws/install/microcdr', 'merge_install': False, 'path': '/home/rasp/ros2_ws/src/eProsima/Micro-CDR', 'symlink_install': False, 'test_result_base': None}
[0.288s] Level 5:colcon.colcon_core.verb:set package 'std_srvs' build argument 'cmake_args' from command line to '['-DBUILD_TESTING=OFF', '-DBUILD_SHARED_LIBS=ON']'
[0.288s] Level 5:colcon.colcon_core.verb:set package 'std_srvs' build argument 'cmake_target' from command line to 'None'
[0.288s] Level 5:colcon.colcon_core.verb:set package 'std_srvs' build argument 'cmake_target_skip_unavailable' from command line to 'False'
[0.288s] Level 5:colcon.colcon_core.verb:set package 'std_srvs' build argument 'cmake_clean_cache' from command line to 'False'
[0.288s] Level 5:colcon.colcon_core.verb:set package 'std_srvs' build argument 'cmake_clean_first' from command line to 'False'
[0.288s] Level 5:colcon.colcon_core.verb:set package 'std_srvs' build argument 'cmake_force_configure' from command line to 'False'
[0.289s] Level 5:colcon.colcon_core.verb:set package 'std_srvs' build argument 'ament_cmake_args' from command line to 'None'
[0.289s] Level 5:colcon.colcon_core.verb:set package 'std_srvs' build argument 'catkin_cmake_args' from command line to 'None'
[0.289s] Level 5:colcon.colcon_core.verb:set package 'std_srvs' build argument 'catkin_skip_building_tests' from command line to 'False'
[0.289s] DEBUG:colcon.colcon_core.verb:Building package 'std_srvs' with the following arguments: {'ament_cmake_args': None, 'build_base': '/home/rasp/ros2_ws/build/std_srvs', 'catkin_cmake_args': None, 'catkin_skip_building_tests': False, 'cmake_args': ['-DBUILD_TESTING=OFF', '-DBUILD_SHARED_LIBS=ON'], 'cmake_clean_cache': False, 'cmake_clean_first': False, 'cmake_force_configure': False, 'cmake_target': None, 'cmake_target_skip_unavailable': False, 'install_base': '/home/rasp/ros2_ws/install/std_srvs', 'merge_install': False, 'path': '/home/rasp/ros2_ws/src/ros2/common_interfaces/std_srvs', 'symlink_install': False, 'test_result_base': None}
[0.289s] Level 5:colcon.colcon_core.verb:set package 'test_interface_files' build argument 'cmake_args' from command line to '['-DBUILD_TESTING=OFF', '-DBUILD_SHARED_LIBS=ON']'
[0.289s] Level 5:colcon.colcon_core.verb:set package 'test_interface_files' build argument 'cmake_target' from command line to 'None'
[0.289s] Level 5:colcon.colcon_core.verb:set package 'test_interface_files' build argument 'cmake_target_skip_unavailable' from command line to 'False'
[0.289s] Level 5:colcon.colcon_core.verb:set package 'test_interface_files' build argument 'cmake_clean_cache' from command line to 'False'
[0.289s] Level 5:colcon.colcon_core.verb:set package 'test_interface_files' build argument 'cmake_clean_first' from command line to 'False'
[0.289s] Level 5:colcon.colcon_core.verb:set package 'test_interface_files' build argument 'cmake_force_configure' from command line to 'False'
[0.289s] Level 5:colcon.colcon_core.verb:set package 'test_interface_files' build argument 'ament_cmake_args' from command line to 'None'
[0.289s] Level 5:colcon.colcon_core.verb:set package 'test_interface_files' build argument 'catkin_cmake_args' from command line to 'None'
[0.289s] Level 5:colcon.colcon_core.verb:set package 'test_interface_files' build argument 'catkin_skip_building_tests' from command line to 'False'
[0.289s] DEBUG:colcon.colcon_core.verb:Building package 'test_interface_files' with the following arguments: {'ament_cmake_args': None, 'build_base': '/home/rasp/ros2_ws/build/test_interface_files', 'catkin_cmake_args': None, 'catkin_skip_building_tests': False, 'cmake_args': ['-DBUILD_TESTING=OFF', '-DBUILD_SHARED_LIBS=ON'], 'cmake_clean_cache': False, 'cmake_clean_first': False, 'cmake_force_configure': False, 'cmake_target': None, 'cmake_target_skip_unavailable': False, 'install_base': '/home/rasp/ros2_ws/install/test_interface_files', 'merge_install': False, 'path': '/home/rasp/ros2_ws/src/ros2/test_interface_files', 'symlink_install': False, 'test_result_base': None}
[0.289s] Level 5:colcon.colcon_core.verb:set package 'unique_identifier_msgs' build argument 'cmake_args' from command line to '['-DBUILD_TESTING=OFF', '-DBUILD_SHARED_LIBS=ON']'
[0.289s] Level 5:colcon.colcon_core.verb:set package 'unique_identifier_msgs' build argument 'cmake_target' from command line to 'None'
[0.289s] Level 5:colcon.colcon_core.verb:set package 'unique_identifier_msgs' build argument 'cmake_target_skip_unavailable' from command line to 'False'
[0.289s] Level 5:colcon.colcon_core.verb:set package 'unique_identifier_msgs' build argument 'cmake_clean_cache' from command line to 'False'
[0.289s] Level 5:colcon.colcon_core.verb:set package 'unique_identifier_msgs' build argument 'cmake_clean_first' from command line to 'False'
[0.289s] Level 5:colcon.colcon_core.verb:set package 'unique_identifier_msgs' build argument 'cmake_force_configure' from command line to 'False'
[0.290s] Level 5:colcon.colcon_core.verb:set package 'unique_identifier_msgs' build argument 'ament_cmake_args' from command line to 'None'
[0.290s] Level 5:colcon.colcon_core.verb:set package 'unique_identifier_msgs' build argument 'catkin_cmake_args' from command line to 'None'
[0.290s] Level 5:colcon.colcon_core.verb:set package 'unique_identifier_msgs' build argument 'catkin_skip_building_tests' from command line to 'False'
[0.290s] DEBUG:colcon.colcon_core.verb:Building package 'unique_identifier_msgs' with the following arguments: {'ament_cmake_args': None, 'build_base': '/home/rasp/ros2_ws/build/unique_identifier_msgs', 'catkin_cmake_args': None, 'catkin_skip_building_tests': False, 'cmake_args': ['-DBUILD_TESTING=OFF', '-DBUILD_SHARED_LIBS=ON'], 'cmake_clean_cache': False, 'cmake_clean_first': False, 'cmake_force_configure': False, 'cmake_target': None, 'cmake_target_skip_unavailable': False, 'install_base': '/home/rasp/ros2_ws/install/unique_identifier_msgs', 'merge_install': False, 'path': '/home/rasp/ros2_ws/src/ros2/unique_identifier_msgs', 'symlink_install': False, 'test_result_base': None}
[0.290s] Level 5:colcon.colcon_core.verb:set package 'complex_msgs' build argument 'cmake_args' from command line to '['-DBUILD_TESTING=OFF', '-DBUILD_SHARED_LIBS=ON']'
[0.290s] Level 5:colcon.colcon_core.verb:set package 'complex_msgs' build argument 'cmake_target' from command line to 'None'
[0.290s] Level 5:colcon.colcon_core.verb:set package 'complex_msgs' build argument 'cmake_target_skip_unavailable' from command line to 'False'
[0.290s] Level 5:colcon.colcon_core.verb:set package 'complex_msgs' build argument 'cmake_clean_cache' from command line to 'False'
[0.290s] Level 5:colcon.colcon_core.verb:set package 'complex_msgs' build argument 'cmake_clean_first' from command line to 'False'
[0.290s] Level 5:colcon.colcon_core.verb:set package 'complex_msgs' build argument 'cmake_force_configure' from command line to 'False'
[0.290s] Level 5:colcon.colcon_core.verb:set package 'complex_msgs' build argument 'ament_cmake_args' from command line to 'None'
[0.290s] Level 5:colcon.colcon_core.verb:set package 'complex_msgs' build argument 'catkin_cmake_args' from command line to 'None'
[0.290s] Level 5:colcon.colcon_core.verb:set package 'complex_msgs' build argument 'catkin_skip_building_tests' from command line to 'False'
[0.290s] DEBUG:colcon.colcon_core.verb:Building package 'complex_msgs' with the following arguments: {'ament_cmake_args': None, 'build_base': '/home/rasp/ros2_ws/build/complex_msgs', 'catkin_cmake_args': None, 'catkin_skip_building_tests': False, 'cmake_args': ['-DBUILD_TESTING=OFF', '-DBUILD_SHARED_LIBS=ON'], 'cmake_clean_cache': False, 'cmake_clean_first': False, 'cmake_force_configure': False, 'cmake_target': None, 'cmake_target_skip_unavailable': False, 'install_base': '/home/rasp/ros2_ws/install/complex_msgs', 'merge_install': False, 'path': '/home/rasp/ros2_ws/src/uros/micro-ROS-demos/messages/complex_msg', 'symlink_install': False, 'test_result_base': None}
[0.290s] Level 5:colcon.colcon_core.verb:set package 'microxrcedds_client' build argument 'cmake_args' from command line to '['-DBUILD_TESTING=OFF', '-DBUILD_SHARED_LIBS=ON']'
[0.290s] Level 5:colcon.colcon_core.verb:extend package 'microxrcedds_client' build argument 'cmake_args' from package metadata with '['-DUCLIENT_ISOLATED_INSTALL=OFF', '-DUCLIENT_SUPERBUILD=OFF', '-DBUILD_SHARED_LIBS=ON', '-DUCLIENT_PROFILE_MULTITHREAD=ON']'
[0.290s] Level 5:colcon.colcon_core.verb:set package 'microxrcedds_client' build argument 'cmake_target' from command line to 'None'
[0.290s] Level 5:colcon.colcon_core.verb:set package 'microxrcedds_client' build argument 'cmake_target_skip_unavailable' from command line to 'False'
[0.290s] Level 5:colcon.colcon_core.verb:set package 'microxrcedds_client' build argument 'cmake_clean_cache' from command line to 'False'
[0.290s] Level 5:colcon.colcon_core.verb:set package 'microxrcedds_client' build argument 'cmake_clean_first' from command line to 'False'
[0.290s] Level 5:colcon.colcon_core.verb:set package 'microxrcedds_client' build argument 'cmake_force_configure' from command line to 'False'
[0.290s] Level 5:colcon.colcon_core.verb:set package 'microxrcedds_client' build argument 'ament_cmake_args' from command line to 'None'
[0.290s] Level 5:colcon.colcon_core.verb:set package 'microxrcedds_client' build argument 'catkin_cmake_args' from command line to 'None'
[0.290s] Level 5:colcon.colcon_core.verb:set package 'microxrcedds_client' build argument 'catkin_skip_building_tests' from command line to 'False'
[0.290s] DEBUG:colcon.colcon_core.verb:Building package 'microxrcedds_client' with the following arguments: {'ament_cmake_args': None, 'build_base': '/home/rasp/ros2_ws/build/microxrcedds_client', 'catkin_cmake_args': None, 'catkin_skip_building_tests': False, 'cmake_args': ['-DBUILD_TESTING=OFF', '-DBUILD_SHARED_LIBS=ON', '-DUCLIENT_ISOLATED_INSTALL=OFF', '-DUCLIENT_SUPERBUILD=OFF', '-DBUILD_SHARED_LIBS=ON', '-DUCLIENT_PROFILE_MULTITHREAD=ON'], 'cmake_clean_cache': False, 'cmake_clean_first': False, 'cmake_force_configure': False, 'cmake_target': None, 'cmake_target_skip_unavailable': False, 'install_base': '/home/rasp/ros2_ws/install/microxrcedds_client', 'merge_install': False, 'path': '/home/rasp/ros2_ws/src/eProsima/Micro-XRCE-DDS-Client', 'symlink_install': False, 'test_result_base': None}
[0.291s] Level 5:colcon.colcon_core.verb:set package 'rcl_interfaces' build argument 'cmake_args' from command line to '['-DBUILD_TESTING=OFF', '-DBUILD_SHARED_LIBS=ON']'
[0.291s] Level 5:colcon.colcon_core.verb:set package 'rcl_interfaces' build argument 'cmake_target' from command line to 'None'
[0.291s] Level 5:colcon.colcon_core.verb:set package 'rcl_interfaces' build argument 'cmake_target_skip_unavailable' from command line to 'False'
[0.291s] Level 5:colcon.colcon_core.verb:set package 'rcl_interfaces' build argument 'cmake_clean_cache' from command line to 'False'
[0.291s] Level 5:colcon.colcon_core.verb:set package 'rcl_interfaces' build argument 'cmake_clean_first' from command line to 'False'
[0.291s] Level 5:colcon.colcon_core.verb:set package 'rcl_interfaces' build argument 'cmake_force_configure' from command line to 'False'
[0.291s] Level 5:colcon.colcon_core.verb:set package 'rcl_interfaces' build argument 'ament_cmake_args' from command line to 'None'
[0.291s] Level 5:colcon.colcon_core.verb:set package 'rcl_interfaces' build argument 'catkin_cmake_args' from command line to 'None'
[0.291s] Level 5:colcon.colcon_core.verb:set package 'rcl_interfaces' build argument 'catkin_skip_building_tests' from command line to 'False'
[0.291s] DEBUG:colcon.colcon_core.verb:Building package 'rcl_interfaces' with the following arguments: {'ament_cmake_args': None, 'build_base': '/home/rasp/ros2_ws/build/rcl_interfaces', 'catkin_cmake_args': None, 'catkin_skip_building_tests': False, 'cmake_args': ['-DBUILD_TESTING=OFF', '-DBUILD_SHARED_LIBS=ON'], 'cmake_clean_cache': False, 'cmake_clean_first': False, 'cmake_force_configure': False, 'cmake_target': None, 'cmake_target_skip_unavailable': False, 'install_base': '/home/rasp/ros2_ws/install/rcl_interfaces', 'merge_install': False, 'path': '/home/rasp/ros2_ws/src/ros2/rcl_interfaces/rcl_interfaces', 'symlink_install': False, 'test_result_base': None}
[0.291s] Level 5:colcon.colcon_core.verb:set package 'rosgraph_msgs' build argument 'cmake_args' from command line to '['-DBUILD_TESTING=OFF', '-DBUILD_SHARED_LIBS=ON']'
[0.291s] Level 5:colcon.colcon_core.verb:set package 'rosgraph_msgs' build argument 'cmake_target' from command line to 'None'
[0.291s] Level 5:colcon.colcon_core.verb:set package 'rosgraph_msgs' build argument 'cmake_target_skip_unavailable' from command line to 'False'
[0.291s] Level 5:colcon.colcon_core.verb:set package 'rosgraph_msgs' build argument 'cmake_clean_cache' from command line to 'False'
[0.291s] Level 5:colcon.colcon_core.verb:set package 'rosgraph_msgs' build argument 'cmake_clean_first' from command line to 'False'
[0.291s] Level 5:colcon.colcon_core.verb:set package 'rosgraph_msgs' build argument 'cmake_force_configure' from command line to 'False'
[0.291s] Level 5:colcon.colcon_core.verb:set package 'rosgraph_msgs' build argument 'ament_cmake_args' from command line to 'None'
[0.291s] Level 5:colcon.colcon_core.verb:set package 'rosgraph_msgs' build argument 'catkin_cmake_args' from command line to 'None'
[0.291s] Level 5:colcon.colcon_core.verb:set package 'rosgraph_msgs' build argument 'catkin_skip_building_tests' from command line to 'False'
[0.291s] DEBUG:colcon.colcon_core.verb:Building package 'rosgraph_msgs' with the following arguments: {'ament_cmake_args': None, 'build_base': '/home/rasp/ros2_ws/build/rosgraph_msgs', 'catkin_cmake_args': None, 'catkin_skip_building_tests': False, 'cmake_args': ['-DBUILD_TESTING=OFF', '-DBUILD_SHARED_LIBS=ON'], 'cmake_clean_cache': False, 'cmake_clean_first': False, 'cmake_force_configure': False, 'cmake_target': None, 'cmake_target_skip_unavailable': False, 'install_base': '/home/rasp/ros2_ws/install/rosgraph_msgs', 'merge_install': False, 'path': '/home/rasp/ros2_ws/src/ros2/rcl_interfaces/rosgraph_msgs', 'symlink_install': False, 'test_result_base': None}
[0.291s] Level 5:colcon.colcon_core.verb:set package 'rosidl_typesupport_microxrcedds_c' build argument 'cmake_args' from command line to '['-DBUILD_TESTING=OFF', '-DBUILD_SHARED_LIBS=ON']'
[0.292s] Level 5:colcon.colcon_core.verb:extend package 'rosidl_typesupport_microxrcedds_c' build argument 'cmake_args' from package metadata with '['-DBUILD_SHARED_LIBS=ON']'
[0.292s] Level 5:colcon.colcon_core.verb:set package 'rosidl_typesupport_microxrcedds_c' build argument 'cmake_target' from command line to 'None'
[0.292s] Level 5:colcon.colcon_core.verb:set package 'rosidl_typesupport_microxrcedds_c' build argument 'cmake_target_skip_unavailable' from command line to 'False'
[0.292s] Level 5:colcon.colcon_core.verb:set package 'rosidl_typesupport_microxrcedds_c' build argument 'cmake_clean_cache' from command line to 'False'
[0.292s] Level 5:colcon.colcon_core.verb:set package 'rosidl_typesupport_microxrcedds_c' build argument 'cmake_clean_first' from command line to 'False'
[0.292s] Level 5:colcon.colcon_core.verb:set package 'rosidl_typesupport_microxrcedds_c' build argument 'cmake_force_configure' from command line to 'False'
[0.292s] Level 5:colcon.colcon_core.verb:set package 'rosidl_typesupport_microxrcedds_c' build argument 'ament_cmake_args' from command line to 'None'
[0.292s] Level 5:colcon.colcon_core.verb:set package 'rosidl_typesupport_microxrcedds_c' build argument 'catkin_cmake_args' from command line to 'None'
[0.292s] Level 5:colcon.colcon_core.verb:set package 'rosidl_typesupport_microxrcedds_c' build argument 'catkin_skip_building_tests' from command line to 'False'
[0.292s] DEBUG:colcon.colcon_core.verb:Building package 'rosidl_typesupport_microxrcedds_c' with the following arguments: {'ament_cmake_args': None, 'build_base': '/home/rasp/ros2_ws/build/rosidl_typesupport_microxrcedds_c', 'catkin_cmake_args': None, 'catkin_skip_building_tests': False, 'cmake_args': ['-DBUILD_TESTING=OFF', '-DBUILD_SHARED_LIBS=ON', '-DBUILD_SHARED_LIBS=ON'], 'cmake_clean_cache': False, 'cmake_clean_first': False, 'cmake_force_configure': False, 'cmake_target': None, 'cmake_target_skip_unavailable': False, 'install_base': '/home/rasp/ros2_ws/install/rosidl_typesupport_microxrcedds_c', 'merge_install': False, 'path': '/home/rasp/ros2_ws/src/uros/rosidl_typesupport_microxrcedds/rosidl_typesupport_microxrcedds_c', 'symlink_install': False, 'test_result_base': None}
[0.292s] Level 5:colcon.colcon_core.verb:set package 'service_msgs' build argument 'cmake_args' from command line to '['-DBUILD_TESTING=OFF', '-DBUILD_SHARED_LIBS=ON']'
[0.292s] Level 5:colcon.colcon_core.verb:set package 'service_msgs' build argument 'cmake_target' from command line to 'None'
[0.292s] Level 5:colcon.colcon_core.verb:set package 'service_msgs' build argument 'cmake_target_skip_unavailable' from command line to 'False'
[0.292s] Level 5:colcon.colcon_core.verb:set package 'service_msgs' build argument 'cmake_clean_cache' from command line to 'False'
[0.292s] Level 5:colcon.colcon_core.verb:set package 'service_msgs' build argument 'cmake_clean_first' from command line to 'False'
[0.292s] Level 5:colcon.colcon_core.verb:set package 'service_msgs' build argument 'cmake_force_configure' from command line to 'False'
[0.292s] Level 5:colcon.colcon_core.verb:set package 'service_msgs' build argument 'ament_cmake_args' from command line to 'None'
[0.292s] Level 5:colcon.colcon_core.verb:set package 'service_msgs' build argument 'catkin_cmake_args' from command line to 'None'
[0.292s] Level 5:colcon.colcon_core.verb:set package 'service_msgs' build argument 'catkin_skip_building_tests' from command line to 'False'
[0.292s] DEBUG:colcon.colcon_core.verb:Building package 'service_msgs' with the following arguments: {'ament_cmake_args': None, 'build_base': '/home/rasp/ros2_ws/build/service_msgs', 'catkin_cmake_args': None, 'catkin_skip_building_tests': False, 'cmake_args': ['-DBUILD_TESTING=OFF', '-DBUILD_SHARED_LIBS=ON'], 'cmake_clean_cache': False, 'cmake_clean_first': False, 'cmake_force_configure': False, 'cmake_target': None, 'cmake_target_skip_unavailable': False, 'install_base': '/home/rasp/ros2_ws/install/service_msgs', 'merge_install': False, 'path': '/home/rasp/ros2_ws/src/ros2/rcl_interfaces/service_msgs', 'symlink_install': False, 'test_result_base': None}
[0.292s] Level 5:colcon.colcon_core.verb:set package 'statistics_msgs' build argument 'cmake_args' from command line to '['-DBUILD_TESTING=OFF', '-DBUILD_SHARED_LIBS=ON']'
[0.293s] Level 5:colcon.colcon_core.verb:set package 'statistics_msgs' build argument 'cmake_target' from command line to 'None'
[0.293s] Level 5:colcon.colcon_core.verb:set package 'statistics_msgs' build argument 'cmake_target_skip_unavailable' from command line to 'False'
[0.293s] Level 5:colcon.colcon_core.verb:set package 'statistics_msgs' build argument 'cmake_clean_cache' from command line to 'False'
[0.293s] Level 5:colcon.colcon_core.verb:set package 'statistics_msgs' build argument 'cmake_clean_first' from command line to 'False'
[0.293s] Level 5:colcon.colcon_core.verb:set package 'statistics_msgs' build argument 'cmake_force_configure' from command line to 'False'
[0.293s] Level 5:colcon.colcon_core.verb:set package 'statistics_msgs' build argument 'ament_cmake_args' from command line to 'None'
[0.293s] Level 5:colcon.colcon_core.verb:set package 'statistics_msgs' build argument 'catkin_cmake_args' from command line to 'None'
[0.293s] Level 5:colcon.colcon_core.verb:set package 'statistics_msgs' build argument 'catkin_skip_building_tests' from command line to 'False'
[0.293s] DEBUG:colcon.colcon_core.verb:Building package 'statistics_msgs' with the following arguments: {'ament_cmake_args': None, 'build_base': '/home/rasp/ros2_ws/build/statistics_msgs', 'catkin_cmake_args': None, 'catkin_skip_building_tests': False, 'cmake_args': ['-DBUILD_TESTING=OFF', '-DBUILD_SHARED_LIBS=ON'], 'cmake_clean_cache': False, 'cmake_clean_first': False, 'cmake_force_configure': False, 'cmake_target': None, 'cmake_target_skip_unavailable': False, 'install_base': '/home/rasp/ros2_ws/install/statistics_msgs', 'merge_install': False, 'path': '/home/rasp/ros2_ws/src/ros2/rcl_interfaces/statistics_msgs', 'symlink_install': False, 'test_result_base': None}
[0.293s] Level 5:colcon.colcon_core.verb:set package 'std_msgs' build argument 'cmake_args' from command line to '['-DBUILD_TESTING=OFF', '-DBUILD_SHARED_LIBS=ON']'
[0.293s] Level 5:colcon.colcon_core.verb:set package 'std_msgs' build argument 'cmake_target' from command line to 'None'
[0.293s] Level 5:colcon.colcon_core.verb:set package 'std_msgs' build argument 'cmake_target_skip_unavailable' from command line to 'False'
[0.293s] Level 5:colcon.colcon_core.verb:set package 'std_msgs' build argument 'cmake_clean_cache' from command line to 'False'
[0.293s] Level 5:colcon.colcon_core.verb:set package 'std_msgs' build argument 'cmake_clean_first' from command line to 'False'
[0.293s] Level 5:colcon.colcon_core.verb:set package 'std_msgs' build argument 'cmake_force_configure' from command line to 'False'
[0.293s] Level 5:colcon.colcon_core.verb:set package 'std_msgs' build argument 'ament_cmake_args' from command line to 'None'
[0.293s] Level 5:colcon.colcon_core.verb:set package 'std_msgs' build argument 'catkin_cmake_args' from command line to 'None'
[0.293s] Level 5:colcon.colcon_core.verb:set package 'std_msgs' build argument 'catkin_skip_building_tests' from command line to 'False'
[0.293s] DEBUG:colcon.colcon_core.verb:Building package 'std_msgs' with the following arguments: {'ament_cmake_args': None, 'build_base': '/home/rasp/ros2_ws/build/std_msgs', 'catkin_cmake_args': None, 'catkin_skip_building_tests': False, 'cmake_args': ['-DBUILD_TESTING=OFF', '-DBUILD_SHARED_LIBS=ON'], 'cmake_clean_cache': False, 'cmake_clean_first': False, 'cmake_force_configure': False, 'cmake_target': None, 'cmake_target_skip_unavailable': False, 'install_base': '/home/rasp/ros2_ws/install/std_msgs', 'merge_install': False, 'path': '/home/rasp/ros2_ws/src/ros2/common_interfaces/std_msgs', 'symlink_install': False, 'test_result_base': None}
[0.293s] Level 5:colcon.colcon_core.verb:set package 'test_msgs' build argument 'cmake_args' from command line to '['-DBUILD_TESTING=OFF', '-DBUILD_SHARED_LIBS=ON']'
[0.293s] Level 5:colcon.colcon_core.verb:set package 'test_msgs' build argument 'cmake_target' from command line to 'None'
[0.293s] Level 5:colcon.colcon_core.verb:set package 'test_msgs' build argument 'cmake_target_skip_unavailable' from command line to 'False'
[0.293s] Level 5:colcon.colcon_core.verb:set package 'test_msgs' build argument 'cmake_clean_cache' from command line to 'False'
[0.293s] Level 5:colcon.colcon_core.verb:set package 'test_msgs' build argument 'cmake_clean_first' from command line to 'False'
[0.293s] Level 5:colcon.colcon_core.verb:set package 'test_msgs' build argument 'cmake_force_configure' from command line to 'False'
[0.293s] Level 5:colcon.colcon_core.verb:set package 'test_msgs' build argument 'ament_cmake_args' from command line to 'None'
[0.293s] Level 5:colcon.colcon_core.verb:set package 'test_msgs' build argument 'catkin_cmake_args' from command line to 'None'
[0.293s] Level 5:colcon.colcon_core.verb:set package 'test_msgs' build argument 'catkin_skip_building_tests' from command line to 'False'
[0.293s] DEBUG:colcon.colcon_core.verb:Building package 'test_msgs' with the following arguments: {'ament_cmake_args': None, 'build_base': '/home/rasp/ros2_ws/build/test_msgs', 'catkin_cmake_args': None, 'catkin_skip_building_tests': False, 'cmake_args': ['-DBUILD_TESTING=OFF', '-DBUILD_SHARED_LIBS=ON'], 'cmake_clean_cache': False, 'cmake_clean_first': False, 'cmake_force_configure': False, 'cmake_target': None, 'cmake_target_skip_unavailable': False, 'install_base': '/home/rasp/ros2_ws/install/test_msgs', 'merge_install': False, 'path': '/home/rasp/ros2_ws/src/ros2/rcl_interfaces/test_msgs', 'symlink_install': False, 'test_result_base': None}
[0.294s] Level 5:colcon.colcon_core.verb:set package 'action_msgs' build argument 'cmake_args' from command line to '['-DBUILD_TESTING=OFF', '-DBUILD_SHARED_LIBS=ON']'
[0.294s] Level 5:colcon.colcon_core.verb:set package 'action_msgs' build argument 'cmake_target' from command line to 'None'
[0.294s] Level 5:colcon.colcon_core.verb:set package 'action_msgs' build argument 'cmake_target_skip_unavailable' from command line to 'False'
[0.294s] Level 5:colcon.colcon_core.verb:set package 'action_msgs' build argument 'cmake_clean_cache' from command line to 'False'
[0.294s] Level 5:colcon.colcon_core.verb:set package 'action_msgs' build argument 'cmake_clean_first' from command line to 'False'
[0.294s] Level 5:colcon.colcon_core.verb:set package 'action_msgs' build argument 'cmake_force_configure' from command line to 'False'
[0.294s] Level 5:colcon.colcon_core.verb:set package 'action_msgs' build argument 'ament_cmake_args' from command line to 'None'
[0.294s] Level 5:colcon.colcon_core.verb:set package 'action_msgs' build argument 'catkin_cmake_args' from command line to 'None'
[0.294s] Level 5:colcon.colcon_core.verb:set package 'action_msgs' build argument 'catkin_skip_building_tests' from command line to 'False'
[0.294s] DEBUG:colcon.colcon_core.verb:Building package 'action_msgs' with the following arguments: {'ament_cmake_args': None, 'build_base': '/home/rasp/ros2_ws/build/action_msgs', 'catkin_cmake_args': None, 'catkin_skip_building_tests': False, 'cmake_args': ['-DBUILD_TESTING=OFF', '-DBUILD_SHARED_LIBS=ON'], 'cmake_clean_cache': False, 'cmake_clean_first': False, 'cmake_force_configure': False, 'cmake_target': None, 'cmake_target_skip_unavailable': False, 'install_base': '/home/rasp/ros2_ws/install/action_msgs', 'merge_install': False, 'path': '/home/rasp/ros2_ws/src/ros2/rcl_interfaces/action_msgs', 'symlink_install': False, 'test_result_base': None}
[0.294s] Level 5:colcon.colcon_core.verb:set package 'actionlib_msgs' build argument 'cmake_args' from command line to '['-DBUILD_TESTING=OFF', '-DBUILD_SHARED_LIBS=ON']'
[0.294s] Level 5:colcon.colcon_core.verb:set package 'actionlib_msgs' build argument 'cmake_target' from command line to 'None'
[0.294s] Level 5:colcon.colcon_core.verb:set package 'actionlib_msgs' build argument 'cmake_target_skip_unavailable' from command line to 'False'
[0.294s] Level 5:colcon.colcon_core.verb:set package 'actionlib_msgs' build argument 'cmake_clean_cache' from command line to 'False'
[0.294s] Level 5:colcon.colcon_core.verb:set package 'actionlib_msgs' build argument 'cmake_clean_first' from command line to 'False'
[0.294s] Level 5:colcon.colcon_core.verb:set package 'actionlib_msgs' build argument 'cmake_force_configure' from command line to 'False'
[0.294s] Level 5:colcon.colcon_core.verb:set package 'actionlib_msgs' build argument 'ament_cmake_args' from command line to 'None'
[0.294s] Level 5:colcon.colcon_core.verb:set package 'actionlib_msgs' build argument 'catkin_cmake_args' from command line to 'None'
[0.294s] Level 5:colcon.colcon_core.verb:set package 'actionlib_msgs' build argument 'catkin_skip_building_tests' from command line to 'False'
[0.294s] DEBUG:colcon.colcon_core.verb:Building package 'actionlib_msgs' with the following arguments: {'ament_cmake_args': None, 'build_base': '/home/rasp/ros2_ws/build/actionlib_msgs', 'catkin_cmake_args': None, 'catkin_skip_building_tests': False, 'cmake_args': ['-DBUILD_TESTING=OFF', '-DBUILD_SHARED_LIBS=ON'], 'cmake_clean_cache': False, 'cmake_clean_first': False, 'cmake_force_configure': False, 'cmake_target': None, 'cmake_target_skip_unavailable': False, 'install_base': '/home/rasp/ros2_ws/install/actionlib_msgs', 'merge_install': False, 'path': '/home/rasp/ros2_ws/src/ros2/common_interfaces/actionlib_msgs', 'symlink_install': False, 'test_result_base': None}
[0.294s] Level 5:colcon.colcon_core.verb:set package 'composition_interfaces' build argument 'cmake_args' from command line to '['-DBUILD_TESTING=OFF', '-DBUILD_SHARED_LIBS=ON']'
[0.294s] Level 5:colcon.colcon_core.verb:set package 'composition_interfaces' build argument 'cmake_target' from command line to 'None'
[0.294s] Level 5:colcon.colcon_core.verb:set package 'composition_interfaces' build argument 'cmake_target_skip_unavailable' from command line to 'False'
[0.294s] Level 5:colcon.colcon_core.verb:set package 'composition_interfaces' build argument 'cmake_clean_cache' from command line to 'False'
[0.294s] Level 5:colcon.colcon_core.verb:set package 'composition_interfaces' build argument 'cmake_clean_first' from command line to 'False'
[0.294s] Level 5:colcon.colcon_core.verb:set package 'composition_interfaces' build argument 'cmake_force_configure' from command line to 'False'
[0.295s] Level 5:colcon.colcon_core.verb:set package 'composition_interfaces' build argument 'ament_cmake_args' from command line to 'None'
[0.295s] Level 5:colcon.colcon_core.verb:set package 'composition_interfaces' build argument 'catkin_cmake_args' from command line to 'None'
[0.295s] Level 5:colcon.colcon_core.verb:set package 'composition_interfaces' build argument 'catkin_skip_building_tests' from command line to 'False'
[0.295s] DEBUG:colcon.colcon_core.verb:Building package 'composition_interfaces' with the following arguments: {'ament_cmake_args': None, 'build_base': '/home/rasp/ros2_ws/build/composition_interfaces', 'catkin_cmake_args': None, 'catkin_skip_building_tests': False, 'cmake_args': ['-DBUILD_TESTING=OFF', '-DBUILD_SHARED_LIBS=ON'], 'cmake_clean_cache': False, 'cmake_clean_first': False, 'cmake_force_configure': False, 'cmake_target': None, 'cmake_target_skip_unavailable': False, 'install_base': '/home/rasp/ros2_ws/install/composition_interfaces', 'merge_install': False, 'path': '/home/rasp/ros2_ws/src/ros2/rcl_interfaces/composition_interfaces', 'symlink_install': False, 'test_result_base': None}
[0.295s] Level 5:colcon.colcon_core.verb:set package 'geometry_msgs' build argument 'cmake_args' from command line to '['-DBUILD_TESTING=OFF', '-DBUILD_SHARED_LIBS=ON']'
[0.295s] Level 5:colcon.colcon_core.verb:set package 'geometry_msgs' build argument 'cmake_target' from command line to 'None'
[0.295s] Level 5:colcon.colcon_core.verb:set package 'geometry_msgs' build argument 'cmake_target_skip_unavailable' from command line to 'False'
[0.295s] Level 5:colcon.colcon_core.verb:set package 'geometry_msgs' build argument 'cmake_clean_cache' from command line to 'False'
[0.295s] Level 5:colcon.colcon_core.verb:set package 'geometry_msgs' build argument 'cmake_clean_first' from command line to 'False'
[0.295s] Level 5:colcon.colcon_core.verb:set package 'geometry_msgs' build argument 'cmake_force_configure' from command line to 'False'
[0.295s] Level 5:colcon.colcon_core.verb:set package 'geometry_msgs' build argument 'ament_cmake_args' from command line to 'None'
[0.295s] Level 5:colcon.colcon_core.verb:set package 'geometry_msgs' build argument 'catkin_cmake_args' from command line to 'None'
[0.295s] Level 5:colcon.colcon_core.verb:set package 'geometry_msgs' build argument 'catkin_skip_building_tests' from command line to 'False'
[0.295s] DEBUG:colcon.colcon_core.verb:Building package 'geometry_msgs' with the following arguments: {'ament_cmake_args': None, 'build_base': '/home/rasp/ros2_ws/build/geometry_msgs', 'catkin_cmake_args': None, 'catkin_skip_building_tests': False, 'cmake_args': ['-DBUILD_TESTING=OFF', '-DBUILD_SHARED_LIBS=ON'], 'cmake_clean_cache': False, 'cmake_clean_first': False, 'cmake_force_configure': False, 'cmake_target': None, 'cmake_target_skip_unavailable': False, 'install_base': '/home/rasp/ros2_ws/install/geometry_msgs', 'merge_install': False, 'path': '/home/rasp/ros2_ws/src/ros2/common_interfaces/geometry_msgs', 'symlink_install': False, 'test_result_base': None}
[0.295s] Level 5:colcon.colcon_core.verb:set package 'rclc' build argument 'cmake_args' from command line to '['-DBUILD_TESTING=OFF', '-DBUILD_SHARED_LIBS=ON']'
[0.295s] Level 5:colcon.colcon_core.verb:set package 'rclc' build argument 'cmake_target' from command line to 'None'
[0.295s] Level 5:colcon.colcon_core.verb:set package 'rclc' build argument 'cmake_target_skip_unavailable' from command line to 'False'
[0.295s] Level 5:colcon.colcon_core.verb:set package 'rclc' build argument 'cmake_clean_cache' from command line to 'False'
[0.295s] Level 5:colcon.colcon_core.verb:set package 'rclc' build argument 'cmake_clean_first' from command line to 'False'
[0.295s] Level 5:colcon.colcon_core.verb:set package 'rclc' build argument 'cmake_force_configure' from command line to 'False'
[0.295s] Level 5:colcon.colcon_core.verb:set package 'rclc' build argument 'ament_cmake_args' from command line to 'None'
[0.295s] Level 5:colcon.colcon_core.verb:set package 'rclc' build argument 'catkin_cmake_args' from command line to 'None'
[0.295s] Level 5:colcon.colcon_core.verb:set package 'rclc' build argument 'catkin_skip_building_tests' from command line to 'False'
[0.295s] DEBUG:colcon.colcon_core.verb:Building package 'rclc' with the following arguments: {'ament_cmake_args': None, 'build_base': '/home/rasp/ros2_ws/build/rclc', 'catkin_cmake_args': None, 'catkin_skip_building_tests': False, 'cmake_args': ['-DBUILD_TESTING=OFF', '-DBUILD_SHARED_LIBS=ON'], 'cmake_clean_cache': False, 'cmake_clean_first': False, 'cmake_force_configure': False, 'cmake_target': None, 'cmake_target_skip_unavailable': False, 'install_base': '/home/rasp/ros2_ws/install/rclc', 'merge_install': False, 'path': '/home/rasp/ros2_ws/src/uros/rclc/rclc', 'symlink_install': False, 'test_result_base': None}
[0.296s] Level 5:colcon.colcon_core.verb:set package 'rosidl_typesupport_microxrcedds_cpp' build argument 'cmake_args' from command line to '['-DBUILD_TESTING=OFF', '-DBUILD_SHARED_LIBS=ON']'
[0.296s] Level 5:colcon.colcon_core.verb:extend package 'rosidl_typesupport_microxrcedds_cpp' build argument 'cmake_args' from package metadata with '['-DBUILD_SHARED_LIBS=ON']'
[0.296s] Level 5:colcon.colcon_core.verb:set package 'rosidl_typesupport_microxrcedds_cpp' build argument 'cmake_target' from command line to 'None'
[0.296s] Level 5:colcon.colcon_core.verb:set package 'rosidl_typesupport_microxrcedds_cpp' build argument 'cmake_target_skip_unavailable' from command line to 'False'
[0.296s] Level 5:colcon.colcon_core.verb:set package 'rosidl_typesupport_microxrcedds_cpp' build argument 'cmake_clean_cache' from command line to 'False'
[0.296s] Level 5:colcon.colcon_core.verb:set package 'rosidl_typesupport_microxrcedds_cpp' build argument 'cmake_clean_first' from command line to 'False'
[0.296s] Level 5:colcon.colcon_core.verb:set package 'rosidl_typesupport_microxrcedds_cpp' build argument 'cmake_force_configure' from command line to 'False'
[0.296s] Level 5:colcon.colcon_core.verb:set package 'rosidl_typesupport_microxrcedds_cpp' build argument 'ament_cmake_args' from command line to 'None'
[0.296s] Level 5:colcon.colcon_core.verb:set package 'rosidl_typesupport_microxrcedds_cpp' build argument 'catkin_cmake_args' from command line to 'None'
[0.296s] Level 5:colcon.colcon_core.verb:set package 'rosidl_typesupport_microxrcedds_cpp' build argument 'catkin_skip_building_tests' from command line to 'False'
[0.296s] DEBUG:colcon.colcon_core.verb:Building package 'rosidl_typesupport_microxrcedds_cpp' with the following arguments: {'ament_cmake_args': None, 'build_base': '/home/rasp/ros2_ws/build/rosidl_typesupport_microxrcedds_cpp', 'catkin_cmake_args': None, 'catkin_skip_building_tests': False, 'cmake_args': ['-DBUILD_TESTING=OFF', '-DBUILD_SHARED_LIBS=ON', '-DBUILD_SHARED_LIBS=ON'], 'cmake_clean_cache': False, 'cmake_clean_first': False, 'cmake_force_configure': False, 'cmake_target': None, 'cmake_target_skip_unavailable': False, 'install_base': '/home/rasp/ros2_ws/install/rosidl_typesupport_microxrcedds_cpp', 'merge_install': False, 'path': '/home/rasp/ros2_ws/src/uros/rosidl_typesupport_microxrcedds/rosidl_typesupport_microxrcedds_cpp', 'symlink_install': False, 'test_result_base': None}
[0.296s] Level 5:colcon.colcon_core.verb:set package 'type_description_interfaces' build argument 'cmake_args' from command line to '['-DBUILD_TESTING=OFF', '-DBUILD_SHARED_LIBS=ON']'
[0.296s] Level 5:colcon.colcon_core.verb:set package 'type_description_interfaces' build argument 'cmake_target' from command line to 'None'
[0.296s] Level 5:colcon.colcon_core.verb:set package 'type_description_interfaces' build argument 'cmake_target_skip_unavailable' from command line to 'False'
[0.296s] Level 5:colcon.colcon_core.verb:set package 'type_description_interfaces' build argument 'cmake_clean_cache' from command line to 'False'
[0.296s] Level 5:colcon.colcon_core.verb:set package 'type_description_interfaces' build argument 'cmake_clean_first' from command line to 'False'
[0.296s] Level 5:colcon.colcon_core.verb:set package 'type_description_interfaces' build argument 'cmake_force_configure' from command line to 'False'
[0.296s] Level 5:colcon.colcon_core.verb:set package 'type_description_interfaces' build argument 'ament_cmake_args' from command line to 'None'
[0.296s] Level 5:colcon.colcon_core.verb:set package 'type_description_interfaces' build argument 'catkin_cmake_args' from command line to 'None'
[0.296s] Level 5:colcon.colcon_core.verb:set package 'type_description_interfaces' build argument 'catkin_skip_building_tests' from command line to 'False'
[0.296s] DEBUG:colcon.colcon_core.verb:Building package 'type_description_interfaces' with the following arguments: {'ament_cmake_args': None, 'build_base': '/home/rasp/ros2_ws/build/type_description_interfaces', 'catkin_cmake_args': None, 'catkin_skip_building_tests': False, 'cmake_args': ['-DBUILD_TESTING=OFF', '-DBUILD_SHARED_LIBS=ON'], 'cmake_clean_cache': False, 'cmake_clean_first': False, 'cmake_force_configure': False, 'cmake_target': None, 'cmake_target_skip_unavailable': False, 'install_base': '/home/rasp/ros2_ws/install/type_description_interfaces', 'merge_install': False, 'path': '/home/rasp/ros2_ws/src/ros2/rcl_interfaces/type_description_interfaces', 'symlink_install': False, 'test_result_base': None}
[0.296s] Level 5:colcon.colcon_core.verb:set package 'diagnostic_msgs' build argument 'cmake_args' from command line to '['-DBUILD_TESTING=OFF', '-DBUILD_SHARED_LIBS=ON']'
[0.296s] Level 5:colcon.colcon_core.verb:set package 'diagnostic_msgs' build argument 'cmake_target' from command line to 'None'
[0.296s] Level 5:colcon.colcon_core.verb:set package 'diagnostic_msgs' build argument 'cmake_target_skip_unavailable' from command line to 'False'
[0.296s] Level 5:colcon.colcon_core.verb:set package 'diagnostic_msgs' build argument 'cmake_clean_cache' from command line to 'False'
[0.296s] Level 5:colcon.colcon_core.verb:set package 'diagnostic_msgs' build argument 'cmake_clean_first' from command line to 'False'
[0.296s] Level 5:colcon.colcon_core.verb:set package 'diagnostic_msgs' build argument 'cmake_force_configure' from command line to 'False'
[0.296s] Level 5:colcon.colcon_core.verb:set package 'diagnostic_msgs' build argument 'ament_cmake_args' from command line to 'None'
[0.296s] Level 5:colcon.colcon_core.verb:set package 'diagnostic_msgs' build argument 'catkin_cmake_args' from command line to 'None'
[0.296s] Level 5:colcon.colcon_core.verb:set package 'diagnostic_msgs' build argument 'catkin_skip_building_tests' from command line to 'False'
[0.296s] DEBUG:colcon.colcon_core.verb:Building package 'diagnostic_msgs' with the following arguments: {'ament_cmake_args': None, 'build_base': '/home/rasp/ros2_ws/build/diagnostic_msgs', 'catkin_cmake_args': None, 'catkin_skip_building_tests': False, 'cmake_args': ['-DBUILD_TESTING=OFF', '-DBUILD_SHARED_LIBS=ON'], 'cmake_clean_cache': False, 'cmake_clean_first': False, 'cmake_force_configure': False, 'cmake_target': None, 'cmake_target_skip_unavailable': False, 'install_base': '/home/rasp/ros2_ws/install/diagnostic_msgs', 'merge_install': False, 'path': '/home/rasp/ros2_ws/src/ros2/common_interfaces/diagnostic_msgs', 'symlink_install': False, 'test_result_base': None}
[0.297s] Level 5:colcon.colcon_core.verb:set package 'nav_msgs' build argument 'cmake_args' from command line to '['-DBUILD_TESTING=OFF', '-DBUILD_SHARED_LIBS=ON']'
[0.297s] Level 5:colcon.colcon_core.verb:set package 'nav_msgs' build argument 'cmake_target' from command line to 'None'
[0.297s] Level 5:colcon.colcon_core.verb:set package 'nav_msgs' build argument 'cmake_target_skip_unavailable' from command line to 'False'
[0.297s] Level 5:colcon.colcon_core.verb:set package 'nav_msgs' build argument 'cmake_clean_cache' from command line to 'False'
[0.297s] Level 5:colcon.colcon_core.verb:set package 'nav_msgs' build argument 'cmake_clean_first' from command line to 'False'
[0.297s] Level 5:colcon.colcon_core.verb:set package 'nav_msgs' build argument 'cmake_force_configure' from command line to 'False'
[0.297s] Level 5:colcon.colcon_core.verb:set package 'nav_msgs' build argument 'ament_cmake_args' from command line to 'None'
[0.297s] Level 5:colcon.colcon_core.verb:set package 'nav_msgs' build argument 'catkin_cmake_args' from command line to 'None'
[0.297s] Level 5:colcon.colcon_core.verb:set package 'nav_msgs' build argument 'catkin_skip_building_tests' from command line to 'False'
[0.297s] DEBUG:colcon.colcon_core.verb:Building package 'nav_msgs' with the following arguments: {'ament_cmake_args': None, 'build_base': '/home/rasp/ros2_ws/build/nav_msgs', 'catkin_cmake_args': None, 'catkin_skip_building_tests': False, 'cmake_args': ['-DBUILD_TESTING=OFF', '-DBUILD_SHARED_LIBS=ON'], 'cmake_clean_cache': False, 'cmake_clean_first': False, 'cmake_force_configure': False, 'cmake_target': None, 'cmake_target_skip_unavailable': False, 'install_base': '/home/rasp/ros2_ws/install/nav_msgs', 'merge_install': False, 'path': '/home/rasp/ros2_ws/src/ros2/common_interfaces/nav_msgs', 'symlink_install': False, 'test_result_base': None}
[0.297s] Level 5:colcon.colcon_core.verb:set package 'rclc_parameter' build argument 'cmake_args' from command line to '['-DBUILD_TESTING=OFF', '-DBUILD_SHARED_LIBS=ON']'
[0.297s] Level 5:colcon.colcon_core.verb:extend package 'rclc_parameter' build argument 'cmake_args' from package metadata with '['-DBUILD_SHARED_LIBS=ON']'
[0.297s] Level 5:colcon.colcon_core.verb:set package 'rclc_parameter' build argument 'cmake_target' from command line to 'None'
[0.297s] Level 5:colcon.colcon_core.verb:set package 'rclc_parameter' build argument 'cmake_target_skip_unavailable' from command line to 'False'
[0.297s] Level 5:colcon.colcon_core.verb:set package 'rclc_parameter' build argument 'cmake_clean_cache' from command line to 'False'
[0.297s] Level 5:colcon.colcon_core.verb:set package 'rclc_parameter' build argument 'cmake_clean_first' from command line to 'False'
[0.297s] Level 5:colcon.colcon_core.verb:set package 'rclc_parameter' build argument 'cmake_force_configure' from command line to 'False'
[0.297s] Level 5:colcon.colcon_core.verb:set package 'rclc_parameter' build argument 'ament_cmake_args' from command line to 'None'
[0.297s] Level 5:colcon.colcon_core.verb:set package 'rclc_parameter' build argument 'catkin_cmake_args' from command line to 'None'
[0.297s] Level 5:colcon.colcon_core.verb:set package 'rclc_parameter' build argument 'catkin_skip_building_tests' from command line to 'False'
[0.297s] DEBUG:colcon.colcon_core.verb:Building package 'rclc_parameter' with the following arguments: {'ament_cmake_args': None, 'build_base': '/home/rasp/ros2_ws/build/rclc_parameter', 'catkin_cmake_args': None, 'catkin_skip_building_tests': False, 'cmake_args': ['-DBUILD_TESTING=OFF', '-DBUILD_SHARED_LIBS=ON', '-DBUILD_SHARED_LIBS=ON'], 'cmake_clean_cache': False, 'cmake_clean_first': False, 'cmake_force_configure': False, 'cmake_target': None, 'cmake_target_skip_unavailable': False, 'install_base': '/home/rasp/ros2_ws/install/rclc_parameter', 'merge_install': False, 'path': '/home/rasp/ros2_ws/src/uros/rclc/rclc_parameter', 'symlink_install': False, 'test_result_base': None}
[0.297s] Level 5:colcon.colcon_core.verb:set package 'rmw_microxrcedds' build argument 'cmake_args' from command line to '['-DBUILD_TESTING=OFF', '-DBUILD_SHARED_LIBS=ON']'
[0.297s] Level 5:colcon.colcon_core.verb:extend package 'rmw_microxrcedds' build argument 'cmake_args' from package metadata with '['-DRMW_UXRCE_TRANSPORT=udp', '-DRMW_UXRCE_DEFAULT_UDP_IP=127.0.0.1', '-DRMW_UXRCE_DEFAULT_UDP_PORT=8888', '-DRMW_UXRCE_MAX_NODES=15', '-DRMW_UXRCE_MAX_PUBLISHERS=15', '-DRMW_UXRCE_MAX_SUBSCRIPTIONS=15', '-DRMW_UXRCE_MAX_SERVICES=15', '-DRMW_UXRCE_MAX_CLIENTS=15', '-DRMW_UXRCE_STREAM_HISTORY=32', '-DRMW_UXRCE_MAX_HISTORY=10']'
[0.297s] Level 5:colcon.colcon_core.verb:set package 'rmw_microxrcedds' build argument 'cmake_target' from command line to 'None'
[0.297s] Level 5:colcon.colcon_core.verb:set package 'rmw_microxrcedds' build argument 'cmake_target_skip_unavailable' from command line to 'False'
[0.297s] Level 5:colcon.colcon_core.verb:set package 'rmw_microxrcedds' build argument 'cmake_clean_cache' from command line to 'False'
[0.297s] Level 5:colcon.colcon_core.verb:set package 'rmw_microxrcedds' build argument 'cmake_clean_first' from command line to 'False'
[0.297s] Level 5:colcon.colcon_core.verb:set package 'rmw_microxrcedds' build argument 'cmake_force_configure' from command line to 'False'
[0.298s] Level 5:colcon.colcon_core.verb:set package 'rmw_microxrcedds' build argument 'ament_cmake_args' from command line to 'None'
[0.298s] Level 5:colcon.colcon_core.verb:set package 'rmw_microxrcedds' build argument 'catkin_cmake_args' from command line to 'None'
[0.298s] Level 5:colcon.colcon_core.verb:set package 'rmw_microxrcedds' build argument 'catkin_skip_building_tests' from command line to 'False'
[0.298s] DEBUG:colcon.colcon_core.verb:Building package 'rmw_microxrcedds' with the following arguments: {'ament_cmake_args': None, 'build_base': '/home/rasp/ros2_ws/build/rmw_microxrcedds', 'catkin_cmake_args': None, 'catkin_skip_building_tests': False, 'cmake_args': ['-DBUILD_TESTING=OFF', '-DBUILD_SHARED_LIBS=ON', '-DRMW_UXRCE_TRANSPORT=udp', '-DRMW_UXRCE_DEFAULT_UDP_IP=127.0.0.1', '-DRMW_UXRCE_DEFAULT_UDP_PORT=8888', '-DRMW_UXRCE_MAX_NODES=15', '-DRMW_UXRCE_MAX_PUBLISHERS=15', '-DRMW_UXRCE_MAX_SUBSCRIPTIONS=15', '-DRMW_UXRCE_MAX_SERVICES=15', '-DRMW_UXRCE_MAX_CLIENTS=15', '-DRMW_UXRCE_STREAM_HISTORY=32', '-DRMW_UXRCE_MAX_HISTORY=10'], 'cmake_clean_cache': False, 'cmake_clean_first': False, 'cmake_force_configure': False, 'cmake_target': None, 'cmake_target_skip_unavailable': False, 'install_base': '/home/rasp/ros2_ws/install/rmw_microxrcedds', 'merge_install': False, 'path': '/home/rasp/ros2_ws/src/uros/rmw_microxrcedds/rmw_microxrcedds_c', 'symlink_install': False, 'test_result_base': None}
[0.298s] Level 5:colcon.colcon_core.verb:set package 'sensor_msgs' build argument 'cmake_args' from command line to '['-DBUILD_TESTING=OFF', '-DBUILD_SHARED_LIBS=ON']'
[0.298s] Level 5:colcon.colcon_core.verb:set package 'sensor_msgs' build argument 'cmake_target' from command line to 'None'
[0.298s] Level 5:colcon.colcon_core.verb:set package 'sensor_msgs' build argument 'cmake_target_skip_unavailable' from command line to 'False'
[0.298s] Level 5:colcon.colcon_core.verb:set package 'sensor_msgs' build argument 'cmake_clean_cache' from command line to 'False'
[0.298s] Level 5:colcon.colcon_core.verb:set package 'sensor_msgs' build argument 'cmake_clean_first' from command line to 'False'
[0.298s] Level 5:colcon.colcon_core.verb:set package 'sensor_msgs' build argument 'cmake_force_configure' from command line to 'False'
[0.298s] Level 5:colcon.colcon_core.verb:set package 'sensor_msgs' build argument 'ament_cmake_args' from command line to 'None'
[0.298s] Level 5:colcon.colcon_core.verb:set package 'sensor_msgs' build argument 'catkin_cmake_args' from command line to 'None'
[0.298s] Level 5:colcon.colcon_core.verb:set package 'sensor_msgs' build argument 'catkin_skip_building_tests' from command line to 'False'
[0.298s] DEBUG:colcon.colcon_core.verb:Building package 'sensor_msgs' with the following arguments: {'ament_cmake_args': None, 'build_base': '/home/rasp/ros2_ws/build/sensor_msgs', 'catkin_cmake_args': None, 'catkin_skip_building_tests': False, 'cmake_args': ['-DBUILD_TESTING=OFF', '-DBUILD_SHARED_LIBS=ON'], 'cmake_clean_cache': False, 'cmake_clean_first': False, 'cmake_force_configure': False, 'cmake_target': None, 'cmake_target_skip_unavailable': False, 'install_base': '/home/rasp/ros2_ws/install/sensor_msgs', 'merge_install': False, 'path': '/home/rasp/ros2_ws/src/ros2/common_interfaces/sensor_msgs', 'symlink_install': False, 'test_result_base': None}
[0.298s] Level 5:colcon.colcon_core.verb:set package 'shape_msgs' build argument 'cmake_args' from command line to '['-DBUILD_TESTING=OFF', '-DBUILD_SHARED_LIBS=ON']'
[0.298s] Level 5:colcon.colcon_core.verb:set package 'shape_msgs' build argument 'cmake_target' from command line to 'None'
[0.298s] Level 5:colcon.colcon_core.verb:set package 'shape_msgs' build argument 'cmake_target_skip_unavailable' from command line to 'False'
[0.298s] Level 5:colcon.colcon_core.verb:set package 'shape_msgs' build argument 'cmake_clean_cache' from command line to 'False'
[0.298s] Level 5:colcon.colcon_core.verb:set package 'shape_msgs' build argument 'cmake_clean_first' from command line to 'False'
[0.298s] Level 5:colcon.colcon_core.verb:set package 'shape_msgs' build argument 'cmake_force_configure' from command line to 'False'
[0.298s] Level 5:colcon.colcon_core.verb:set package 'shape_msgs' build argument 'ament_cmake_args' from command line to 'None'
[0.298s] Level 5:colcon.colcon_core.verb:set package 'shape_msgs' build argument 'catkin_cmake_args' from command line to 'None'
[0.298s] Level 5:colcon.colcon_core.verb:set package 'shape_msgs' build argument 'catkin_skip_building_tests' from command line to 'False'
[0.298s] DEBUG:colcon.colcon_core.verb:Building package 'shape_msgs' with the following arguments: {'ament_cmake_args': None, 'build_base': '/home/rasp/ros2_ws/build/shape_msgs', 'catkin_cmake_args': None, 'catkin_skip_building_tests': False, 'cmake_args': ['-DBUILD_TESTING=OFF', '-DBUILD_SHARED_LIBS=ON'], 'cmake_clean_cache': False, 'cmake_clean_first': False, 'cmake_force_configure': False, 'cmake_target': None, 'cmake_target_skip_unavailable': False, 'install_base': '/home/rasp/ros2_ws/install/shape_msgs', 'merge_install': False, 'path': '/home/rasp/ros2_ws/src/ros2/common_interfaces/shape_msgs', 'symlink_install': False, 'test_result_base': None}
[0.299s] Level 5:colcon.colcon_core.verb:set package 'trajectory_msgs' build argument 'cmake_args' from command line to '['-DBUILD_TESTING=OFF', '-DBUILD_SHARED_LIBS=ON']'
[0.299s] Level 5:colcon.colcon_core.verb:set package 'trajectory_msgs' build argument 'cmake_target' from command line to 'None'
[0.299s] Level 5:colcon.colcon_core.verb:set package 'trajectory_msgs' build argument 'cmake_target_skip_unavailable' from command line to 'False'
[0.299s] Level 5:colcon.colcon_core.verb:set package 'trajectory_msgs' build argument 'cmake_clean_cache' from command line to 'False'
[0.299s] Level 5:colcon.colcon_core.verb:set package 'trajectory_msgs' build argument 'cmake_clean_first' from command line to 'False'
[0.299s] Level 5:colcon.colcon_core.verb:set package 'trajectory_msgs' build argument 'cmake_force_configure' from command line to 'False'
[0.299s] Level 5:colcon.colcon_core.verb:set package 'trajectory_msgs' build argument 'ament_cmake_args' from command line to 'None'
[0.299s] Level 5:colcon.colcon_core.verb:set package 'trajectory_msgs' build argument 'catkin_cmake_args' from command line to 'None'
[0.299s] Level 5:colcon.colcon_core.verb:set package 'trajectory_msgs' build argument 'catkin_skip_building_tests' from command line to 'False'
[0.299s] DEBUG:colcon.colcon_core.verb:Building package 'trajectory_msgs' with the following arguments: {'ament_cmake_args': None, 'build_base': '/home/rasp/ros2_ws/build/trajectory_msgs', 'catkin_cmake_args': None, 'catkin_skip_building_tests': False, 'cmake_args': ['-DBUILD_TESTING=OFF', '-DBUILD_SHARED_LIBS=ON'], 'cmake_clean_cache': False, 'cmake_clean_first': False, 'cmake_force_configure': False, 'cmake_target': None, 'cmake_target_skip_unavailable': False, 'install_base': '/home/rasp/ros2_ws/install/trajectory_msgs', 'merge_install': False, 'path': '/home/rasp/ros2_ws/src/ros2/common_interfaces/trajectory_msgs', 'symlink_install': False, 'test_result_base': None}
[0.299s] Level 5:colcon.colcon_core.verb:set package 'rosidl_typesupport_microxrcedds_test_msg' build argument 'cmake_args' from command line to '['-DBUILD_TESTING=OFF', '-DBUILD_SHARED_LIBS=ON']'
[0.299s] Level 5:colcon.colcon_core.verb:set package 'rosidl_typesupport_microxrcedds_test_msg' build argument 'cmake_target' from command line to 'None'
[0.299s] Level 5:colcon.colcon_core.verb:set package 'rosidl_typesupport_microxrcedds_test_msg' build argument 'cmake_target_skip_unavailable' from command line to 'False'
[0.299s] Level 5:colcon.colcon_core.verb:set package 'rosidl_typesupport_microxrcedds_test_msg' build argument 'cmake_clean_cache' from command line to 'False'
[0.299s] Level 5:colcon.colcon_core.verb:set package 'rosidl_typesupport_microxrcedds_test_msg' build argument 'cmake_clean_first' from command line to 'False'
[0.299s] Level 5:colcon.colcon_core.verb:set package 'rosidl_typesupport_microxrcedds_test_msg' build argument 'cmake_force_configure' from command line to 'False'
[0.299s] Level 5:colcon.colcon_core.verb:set package 'rosidl_typesupport_microxrcedds_test_msg' build argument 'ament_cmake_args' from command line to 'None'
[0.299s] Level 5:colcon.colcon_core.verb:set package 'rosidl_typesupport_microxrcedds_test_msg' build argument 'catkin_cmake_args' from command line to 'None'
[0.299s] Level 5:colcon.colcon_core.verb:set package 'rosidl_typesupport_microxrcedds_test_msg' build argument 'catkin_skip_building_tests' from command line to 'False'
[0.299s] DEBUG:colcon.colcon_core.verb:Building package 'rosidl_typesupport_microxrcedds_test_msg' with the following arguments: {'ament_cmake_args': None, 'build_base': '/home/rasp/ros2_ws/build/rosidl_typesupport_microxrcedds_test_msg', 'catkin_cmake_args': None, 'catkin_skip_building_tests': False, 'cmake_args': ['-DBUILD_TESTING=OFF', '-DBUILD_SHARED_LIBS=ON'], 'cmake_clean_cache': False, 'cmake_clean_first': False, 'cmake_force_configure': False, 'cmake_target': None, 'cmake_target_skip_unavailable': False, 'install_base': '/home/rasp/ros2_ws/install/rosidl_typesupport_microxrcedds_test_msg', 'merge_install': False, 'path': '/home/rasp/ros2_ws/src/uros/rosidl_typesupport_microxrcedds/test/msg', 'symlink_install': False, 'test_result_base': None}
[0.299s] Level 5:colcon.colcon_core.verb:set package 'sensor_msgs_py' build argument 'cmake_args' from command line to '['-DBUILD_TESTING=OFF', '-DBUILD_SHARED_LIBS=ON']'
[0.299s] Level 5:colcon.colcon_core.verb:set package 'sensor_msgs_py' build argument 'cmake_target' from command line to 'None'
[0.299s] Level 5:colcon.colcon_core.verb:set package 'sensor_msgs_py' build argument 'cmake_target_skip_unavailable' from command line to 'False'
[0.299s] Level 5:colcon.colcon_core.verb:set package 'sensor_msgs_py' build argument 'cmake_clean_cache' from command line to 'False'
[0.299s] Level 5:colcon.colcon_core.verb:set package 'sensor_msgs_py' build argument 'cmake_clean_first' from command line to 'False'
[0.299s] Level 5:colcon.colcon_core.verb:set package 'sensor_msgs_py' build argument 'cmake_force_configure' from command line to 'False'
[0.299s] Level 5:colcon.colcon_core.verb:set package 'sensor_msgs_py' build argument 'ament_cmake_args' from command line to 'None'
[0.299s] Level 5:colcon.colcon_core.verb:set package 'sensor_msgs_py' build argument 'catkin_cmake_args' from command line to 'None'
[0.299s] Level 5:colcon.colcon_core.verb:set package 'sensor_msgs_py' build argument 'catkin_skip_building_tests' from command line to 'False'
[0.299s] DEBUG:colcon.colcon_core.verb:Building package 'sensor_msgs_py' with the following arguments: {'ament_cmake_args': None, 'build_base': '/home/rasp/ros2_ws/build/sensor_msgs_py', 'catkin_cmake_args': None, 'catkin_skip_building_tests': False, 'cmake_args': ['-DBUILD_TESTING=OFF', '-DBUILD_SHARED_LIBS=ON'], 'cmake_clean_cache': False, 'cmake_clean_first': False, 'cmake_force_configure': False, 'cmake_target': None, 'cmake_target_skip_unavailable': False, 'install_base': '/home/rasp/ros2_ws/install/sensor_msgs_py', 'merge_install': False, 'path': '/home/rasp/ros2_ws/src/ros2/common_interfaces/sensor_msgs_py', 'symlink_install': False, 'test_result_base': None}
[0.300s] Level 5:colcon.colcon_core.verb:set package 'stereo_msgs' build argument 'cmake_args' from command line to '['-DBUILD_TESTING=OFF', '-DBUILD_SHARED_LIBS=ON']'
[0.300s] Level 5:colcon.colcon_core.verb:set package 'stereo_msgs' build argument 'cmake_target' from command line to 'None'
[0.300s] Level 5:colcon.colcon_core.verb:set package 'stereo_msgs' build argument 'cmake_target_skip_unavailable' from command line to 'False'
[0.300s] Level 5:colcon.colcon_core.verb:set package 'stereo_msgs' build argument 'cmake_clean_cache' from command line to 'False'
[0.300s] Level 5:colcon.colcon_core.verb:set package 'stereo_msgs' build argument 'cmake_clean_first' from command line to 'False'
[0.300s] Level 5:colcon.colcon_core.verb:set package 'stereo_msgs' build argument 'cmake_force_configure' from command line to 'False'
[0.300s] Level 5:colcon.colcon_core.verb:set package 'stereo_msgs' build argument 'ament_cmake_args' from command line to 'None'
[0.300s] Level 5:colcon.colcon_core.verb:set package 'stereo_msgs' build argument 'catkin_cmake_args' from command line to 'None'
[0.300s] Level 5:colcon.colcon_core.verb:set package 'stereo_msgs' build argument 'catkin_skip_building_tests' from command line to 'False'
[0.300s] DEBUG:colcon.colcon_core.verb:Building package 'stereo_msgs' with the following arguments: {'ament_cmake_args': None, 'build_base': '/home/rasp/ros2_ws/build/stereo_msgs', 'catkin_cmake_args': None, 'catkin_skip_building_tests': False, 'cmake_args': ['-DBUILD_TESTING=OFF', '-DBUILD_SHARED_LIBS=ON'], 'cmake_clean_cache': False, 'cmake_clean_first': False, 'cmake_force_configure': False, 'cmake_target': None, 'cmake_target_skip_unavailable': False, 'install_base': '/home/rasp/ros2_ws/install/stereo_msgs', 'merge_install': False, 'path': '/home/rasp/ros2_ws/src/ros2/common_interfaces/stereo_msgs', 'symlink_install': False, 'test_result_base': None}
[0.300s] Level 5:colcon.colcon_core.verb:set package 'visualization_msgs' build argument 'cmake_args' from command line to '['-DBUILD_TESTING=OFF', '-DBUILD_SHARED_LIBS=ON']'
[0.300s] Level 5:colcon.colcon_core.verb:set package 'visualization_msgs' build argument 'cmake_target' from command line to 'None'
[0.300s] Level 5:colcon.colcon_core.verb:set package 'visualization_msgs' build argument 'cmake_target_skip_unavailable' from command line to 'False'
[0.300s] Level 5:colcon.colcon_core.verb:set package 'visualization_msgs' build argument 'cmake_clean_cache' from command line to 'False'
[0.300s] Level 5:colcon.colcon_core.verb:set package 'visualization_msgs' build argument 'cmake_clean_first' from command line to 'False'
[0.300s] Level 5:colcon.colcon_core.verb:set package 'visualization_msgs' build argument 'cmake_force_configure' from command line to 'False'
[0.300s] Level 5:colcon.colcon_core.verb:set package 'visualization_msgs' build argument 'ament_cmake_args' from command line to 'None'
[0.300s] Level 5:colcon.colcon_core.verb:set package 'visualization_msgs' build argument 'catkin_cmake_args' from command line to 'None'
[0.300s] Level 5:colcon.colcon_core.verb:set package 'visualization_msgs' build argument 'catkin_skip_building_tests' from command line to 'False'
[0.300s] DEBUG:colcon.colcon_core.verb:Building package 'visualization_msgs' with the following arguments: {'ament_cmake_args': None, 'build_base': '/home/rasp/ros2_ws/build/visualization_msgs', 'catkin_cmake_args': None, 'catkin_skip_building_tests': False, 'cmake_args': ['-DBUILD_TESTING=OFF', '-DBUILD_SHARED_LIBS=ON'], 'cmake_clean_cache': False, 'cmake_clean_first': False, 'cmake_force_configure': False, 'cmake_target': None, 'cmake_target_skip_unavailable': False, 'install_base': '/home/rasp/ros2_ws/install/visualization_msgs', 'merge_install': False, 'path': '/home/rasp/ros2_ws/src/ros2/common_interfaces/visualization_msgs', 'symlink_install': False, 'test_result_base': None}
[0.300s] Level 5:colcon.colcon_core.verb:set package 'common_interfaces' build argument 'cmake_args' from command line to '['-DBUILD_TESTING=OFF', '-DBUILD_SHARED_LIBS=ON']'
[0.300s] Level 5:colcon.colcon_core.verb:set package 'common_interfaces' build argument 'cmake_target' from command line to 'None'
[0.300s] Level 5:colcon.colcon_core.verb:set package 'common_interfaces' build argument 'cmake_target_skip_unavailable' from command line to 'False'
[0.300s] Level 5:colcon.colcon_core.verb:set package 'common_interfaces' build argument 'cmake_clean_cache' from command line to 'False'
[0.300s] Level 5:colcon.colcon_core.verb:set package 'common_interfaces' build argument 'cmake_clean_first' from command line to 'False'
[0.301s] Level 5:colcon.colcon_core.verb:set package 'common_interfaces' build argument 'cmake_force_configure' from command line to 'False'
[0.301s] Level 5:colcon.colcon_core.verb:set package 'common_interfaces' build argument 'ament_cmake_args' from command line to 'None'
[0.301s] Level 5:colcon.colcon_core.verb:set package 'common_interfaces' build argument 'catkin_cmake_args' from command line to 'None'
[0.301s] Level 5:colcon.colcon_core.verb:set package 'common_interfaces' build argument 'catkin_skip_building_tests' from command line to 'False'
[0.301s] DEBUG:colcon.colcon_core.verb:Building package 'common_interfaces' with the following arguments: {'ament_cmake_args': None, 'build_base': '/home/rasp/ros2_ws/build/common_interfaces', 'catkin_cmake_args': None, 'catkin_skip_building_tests': False, 'cmake_args': ['-DBUILD_TESTING=OFF', '-DBUILD_SHARED_LIBS=ON'], 'cmake_clean_cache': False, 'cmake_clean_first': False, 'cmake_force_configure': False, 'cmake_target': None, 'cmake_target_skip_unavailable': False, 'install_base': '/home/rasp/ros2_ws/install/common_interfaces', 'merge_install': False, 'path': '/home/rasp/ros2_ws/src/ros2/common_interfaces/common_interfaces', 'symlink_install': False, 'test_result_base': None}
[0.301s] Level 5:colcon.colcon_core.verb:set package 'micro_ros_demos_rclc' build argument 'cmake_args' from command line to '['-DBUILD_TESTING=OFF', '-DBUILD_SHARED_LIBS=ON']'
[0.301s] Level 5:colcon.colcon_core.verb:set package 'micro_ros_demos_rclc' build argument 'cmake_target' from command line to 'None'
[0.301s] Level 5:colcon.colcon_core.verb:set package 'micro_ros_demos_rclc' build argument 'cmake_target_skip_unavailable' from command line to 'False'
[0.301s] Level 5:colcon.colcon_core.verb:set package 'micro_ros_demos_rclc' build argument 'cmake_clean_cache' from command line to 'False'
[0.301s] Level 5:colcon.colcon_core.verb:set package 'micro_ros_demos_rclc' build argument 'cmake_clean_first' from command line to 'False'
[0.301s] Level 5:colcon.colcon_core.verb:set package 'micro_ros_demos_rclc' build argument 'cmake_force_configure' from command line to 'False'
[0.301s] Level 5:colcon.colcon_core.verb:set package 'micro_ros_demos_rclc' build argument 'ament_cmake_args' from command line to 'None'
[0.301s] Level 5:colcon.colcon_core.verb:set package 'micro_ros_demos_rclc' build argument 'catkin_cmake_args' from command line to 'None'
[0.301s] Level 5:colcon.colcon_core.verb:set package 'micro_ros_demos_rclc' build argument 'catkin_skip_building_tests' from command line to 'False'
[0.301s] DEBUG:colcon.colcon_core.verb:Building package 'micro_ros_demos_rclc' with the following arguments: {'ament_cmake_args': None, 'build_base': '/home/rasp/ros2_ws/build/micro_ros_demos_rclc', 'catkin_cmake_args': None, 'catkin_skip_building_tests': False, 'cmake_args': ['-DBUILD_TESTING=OFF', '-DBUILD_SHARED_LIBS=ON'], 'cmake_clean_cache': False, 'cmake_clean_first': False, 'cmake_force_configure': False, 'cmake_target': None, 'cmake_target_skip_unavailable': False, 'install_base': '/home/rasp/ros2_ws/install/micro_ros_demos_rclc', 'merge_install': False, 'path': '/home/rasp/ros2_ws/src/uros/micro-ROS-demos/rclc', 'symlink_install': False, 'test_result_base': None}
[0.301s] Level 5:colcon.colcon_core.verb:set package 'rosidl_typesupport_microxrcedds_c_tests' build argument 'cmake_args' from command line to '['-DBUILD_TESTING=OFF', '-DBUILD_SHARED_LIBS=ON']'
[0.301s] Level 5:colcon.colcon_core.verb:set package 'rosidl_typesupport_microxrcedds_c_tests' build argument 'cmake_target' from command line to 'None'
[0.301s] Level 5:colcon.colcon_core.verb:set package 'rosidl_typesupport_microxrcedds_c_tests' build argument 'cmake_target_skip_unavailable' from command line to 'False'
[0.301s] Level 5:colcon.colcon_core.verb:set package 'rosidl_typesupport_microxrcedds_c_tests' build argument 'cmake_clean_cache' from command line to 'False'
[0.301s] Level 5:colcon.colcon_core.verb:set package 'rosidl_typesupport_microxrcedds_c_tests' build argument 'cmake_clean_first' from command line to 'False'
[0.301s] Level 5:colcon.colcon_core.verb:set package 'rosidl_typesupport_microxrcedds_c_tests' build argument 'cmake_force_configure' from command line to 'False'
[0.301s] Level 5:colcon.colcon_core.verb:set package 'rosidl_typesupport_microxrcedds_c_tests' build argument 'ament_cmake_args' from command line to 'None'
[0.301s] Level 5:colcon.colcon_core.verb:set package 'rosidl_typesupport_microxrcedds_c_tests' build argument 'catkin_cmake_args' from command line to 'None'
[0.301s] Level 5:colcon.colcon_core.verb:set package 'rosidl_typesupport_microxrcedds_c_tests' build argument 'catkin_skip_building_tests' from command line to 'False'
[0.301s] DEBUG:colcon.colcon_core.verb:Building package 'rosidl_typesupport_microxrcedds_c_tests' with the following arguments: {'ament_cmake_args': None, 'build_base': '/home/rasp/ros2_ws/build/rosidl_typesupport_microxrcedds_c_tests', 'catkin_cmake_args': None, 'catkin_skip_building_tests': False, 'cmake_args': ['-DBUILD_TESTING=OFF', '-DBUILD_SHARED_LIBS=ON'], 'cmake_clean_cache': False, 'cmake_clean_first': False, 'cmake_force_configure': False, 'cmake_target': None, 'cmake_target_skip_unavailable': False, 'install_base': '/home/rasp/ros2_ws/install/rosidl_typesupport_microxrcedds_c_tests', 'merge_install': False, 'path': '/home/rasp/ros2_ws/src/uros/rosidl_typesupport_microxrcedds/test/c', 'symlink_install': False, 'test_result_base': None}
[0.302s] Level 5:colcon.colcon_core.verb:set package 'rosidl_typesupport_microxrcedds_cpp_tests' build argument 'cmake_args' from command line to '['-DBUILD_TESTING=OFF', '-DBUILD_SHARED_LIBS=ON']'
[0.302s] Level 5:colcon.colcon_core.verb:set package 'rosidl_typesupport_microxrcedds_cpp_tests' build argument 'cmake_target' from command line to 'None'
[0.302s] Level 5:colcon.colcon_core.verb:set package 'rosidl_typesupport_microxrcedds_cpp_tests' build argument 'cmake_target_skip_unavailable' from command line to 'False'
[0.302s] Level 5:colcon.colcon_core.verb:set package 'rosidl_typesupport_microxrcedds_cpp_tests' build argument 'cmake_clean_cache' from command line to 'False'
[0.302s] Level 5:colcon.colcon_core.verb:set package 'rosidl_typesupport_microxrcedds_cpp_tests' build argument 'cmake_clean_first' from command line to 'False'
[0.302s] Level 5:colcon.colcon_core.verb:set package 'rosidl_typesupport_microxrcedds_cpp_tests' build argument 'cmake_force_configure' from command line to 'False'
[0.302s] Level 5:colcon.colcon_core.verb:set package 'rosidl_typesupport_microxrcedds_cpp_tests' build argument 'ament_cmake_args' from command line to 'None'
[0.302s] Level 5:colcon.colcon_core.verb:set package 'rosidl_typesupport_microxrcedds_cpp_tests' build argument 'catkin_cmake_args' from command line to 'None'
[0.302s] Level 5:colcon.colcon_core.verb:set package 'rosidl_typesupport_microxrcedds_cpp_tests' build argument 'catkin_skip_building_tests' from command line to 'False'
[0.302s] DEBUG:colcon.colcon_core.verb:Building package 'rosidl_typesupport_microxrcedds_cpp_tests' with the following arguments: {'ament_cmake_args': None, 'build_base': '/home/rasp/ros2_ws/build/rosidl_typesupport_microxrcedds_cpp_tests', 'catkin_cmake_args': None, 'catkin_skip_building_tests': False, 'cmake_args': ['-DBUILD_TESTING=OFF', '-DBUILD_SHARED_LIBS=ON'], 'cmake_clean_cache': False, 'cmake_clean_first': False, 'cmake_force_configure': False, 'cmake_target': None, 'cmake_target_skip_unavailable': False, 'install_base': '/home/rasp/ros2_ws/install/rosidl_typesupport_microxrcedds_cpp_tests', 'merge_install': False, 'path': '/home/rasp/ros2_ws/src/uros/rosidl_typesupport_microxrcedds/test/cpp', 'symlink_install': False, 'test_result_base': None}
[0.302s] INFO:colcon.colcon_core.executor:Executing jobs using 'parallel' executor
[0.303s] DEBUG:colcon.colcon_parallel_executor.executor.parallel:run_until_complete
[0.303s] INFO:colcon.colcon_ros.task.ament_cmake.build:Building ROS package in '/home/rasp/ros2_ws/src/ros2/rcl_interfaces/builtin_interfaces' with build type 'ament_cmake'
[0.304s] INFO:colcon.colcon_cmake.task.cmake.build:Building CMake package in '/home/rasp/ros2_ws/src/ros2/rcl_interfaces/builtin_interfaces'
[0.307s] INFO:colcon.colcon_core.plugin_system:Skipping extension 'colcon_core.shell.bat': Not used on non-Windows systems
[0.307s] INFO:colcon.colcon_core.shell:Skip shell extension 'powershell' for command environment: Not usable outside of PowerShell
[0.307s] DEBUG:colcon.colcon_core.shell:Skip shell extension 'dsv' for command environment
[0.312s] INFO:colcon.colcon_cmake.task.cmake.build:Building CMake package in '/home/rasp/ros2_ws/src/eProsima/Micro-CDR'
[0.312s] INFO:colcon.colcon_core.shell:Skip shell extension 'powershell' for command environment: Not usable outside of PowerShell
[0.313s] DEBUG:colcon.colcon_core.shell:Skip shell extension 'dsv' for command environment
[0.323s] DEBUG:colcon.colcon_core.event_handler.log_command:Invoking command in '/home/rasp/ros2_ws/build/builtin_interfaces': CMAKE_PREFIX_PATH=${CMAKE_PREFIX_PATH}:/opt/ros/jazzy DEBUGINFOD_URLS=https://debuginfod.ubuntu.com /usr/bin/cmake /home/rasp/ros2_ws/src/ros2/rcl_interfaces/builtin_interfaces -DBUILD_TESTING=OFF -DBUILD_SHARED_LIBS=ON -DCMAKE_INSTALL_PREFIX=/home/rasp/ros2_ws/install/builtin_interfaces
[0.332s] DEBUG:colcon.colcon_core.event_handler.log_command:Invoking command in '/home/rasp/ros2_ws/build/microcdr': DEBUGINFOD_URLS=https://debuginfod.ubuntu.com /usr/bin/cmake --build /home/rasp/ros2_ws/build/microcdr -- -j2 -l2
[0.416s] DEBUG:colcon.colcon_core.event_handler.log_command:Invoked command in '/home/rasp/ros2_ws/build/microcdr' returned '0': DEBUGINFOD_URLS=https://debuginfod.ubuntu.com /usr/bin/cmake --build /home/rasp/ros2_ws/build/microcdr -- -j2 -l2
[0.431s] DEBUG:colcon.colcon_core.event_handler.log_command:Invoking command in '/home/rasp/ros2_ws/build/microcdr': DEBUGINFOD_URLS=https://debuginfod.ubuntu.com /usr/bin/cmake --install /home/rasp/ros2_ws/build/microcdr
[0.446s] Level 1:colcon.colcon_core.environment:create_environment_scripts_only(microcdr)
[0.446s] DEBUG:colcon.colcon_core.event_handler.log_command:Invoked command in '/home/rasp/ros2_ws/build/microcdr' returned '0': DEBUGINFOD_URLS=https://debuginfod.ubuntu.com /usr/bin/cmake --install /home/rasp/ros2_ws/build/microcdr
[0.448s] Level 1:colcon.colcon_core.environment:checking '/home/rasp/ros2_ws/install/microcdr' for CMake module files
[0.449s] Level 1:colcon.colcon_core.environment:checking '/home/rasp/ros2_ws/install/microcdr' for CMake config files
[0.449s] Level 1:colcon.colcon_core.shell:create_environment_hook('microcdr', 'cmake_prefix_path')
[0.449s] INFO:colcon.colcon_core.shell:Creating environment hook '/home/rasp/ros2_ws/install/microcdr/share/microcdr/hook/cmake_prefix_path.ps1'
[0.450s] INFO:colcon.colcon_core.shell:Creating environment descriptor '/home/rasp/ros2_ws/install/microcdr/share/microcdr/hook/cmake_prefix_path.dsv'
[0.450s] INFO:colcon.colcon_core.shell:Creating environment hook '/home/rasp/ros2_ws/install/microcdr/share/microcdr/hook/cmake_prefix_path.sh'
[0.451s] Level 1:colcon.colcon_core.environment:checking '/home/rasp/ros2_ws/install/microcdr/lib'
[0.451s] Level 1:colcon.colcon_core.shell:create_environment_hook('microcdr', 'ld_library_path_lib')
[0.452s] INFO:colcon.colcon_core.shell:Creating environment hook '/home/rasp/ros2_ws/install/microcdr/share/microcdr/hook/ld_library_path_lib.ps1'
[0.452s] INFO:colcon.colcon_core.shell:Creating environment descriptor '/home/rasp/ros2_ws/install/microcdr/share/microcdr/hook/ld_library_path_lib.dsv'
[0.453s] INFO:colcon.colcon_core.shell:Creating environment hook '/home/rasp/ros2_ws/install/microcdr/share/microcdr/hook/ld_library_path_lib.sh'
[0.453s] Level 1:colcon.colcon_core.environment:checking '/home/rasp/ros2_ws/install/microcdr/bin'
[0.453s] Level 1:colcon.colcon_core.environment:checking '/home/rasp/ros2_ws/install/microcdr/lib/pkgconfig/microcdr.pc'
[0.453s] Level 1:colcon.colcon_core.environment:checking '/home/rasp/ros2_ws/install/microcdr/lib/python3.12/site-packages'
[0.454s] Level 1:colcon.colcon_core.environment:checking '/home/rasp/ros2_ws/install/microcdr/bin'
[0.454s] INFO:colcon.colcon_core.shell:Creating package script '/home/rasp/ros2_ws/install/microcdr/share/microcdr/package.ps1'
[0.455s] INFO:colcon.colcon_core.shell:Creating package descriptor '/home/rasp/ros2_ws/install/microcdr/share/microcdr/package.dsv'
[0.455s] INFO:colcon.colcon_core.shell:Creating package script '/home/rasp/ros2_ws/install/microcdr/share/microcdr/package.sh'
[0.456s] INFO:colcon.colcon_core.shell:Creating package script '/home/rasp/ros2_ws/install/microcdr/share/microcdr/package.bash'
[0.457s] INFO:colcon.colcon_core.shell:Creating package script '/home/rasp/ros2_ws/install/microcdr/share/microcdr/package.zsh'
[0.458s] Level 1:colcon.colcon_core.environment:create_file_with_runtime_dependencies(/home/rasp/ros2_ws/install/microcdr/share/colcon-core/packages/microcdr)
[0.458s] INFO:colcon.colcon_ros.task.ament_cmake.build:Building ROS package in '/home/rasp/ros2_ws/src/uros/rosidl_typesupport_microxrcedds/rosidl_typesupport_microxrcedds_c' with build type 'ament_cmake'
[0.458s] INFO:colcon.colcon_cmake.task.cmake.build:Building CMake package in '/home/rasp/ros2_ws/src/uros/rosidl_typesupport_microxrcedds/rosidl_typesupport_microxrcedds_c'
[0.458s] INFO:colcon.colcon_core.shell:Skip shell extension 'powershell' for command environment: Not usable outside of PowerShell
[0.458s] DEBUG:colcon.colcon_core.shell:Skip shell extension 'dsv' for command environment
[0.474s] DEBUG:colcon.colcon_core.event_handler.log_command:Invoking command in '/home/rasp/ros2_ws/build/rosidl_typesupport_microxrcedds_c': CMAKE_PREFIX_PATH=/home/rasp/ros2_ws/install/microcdr:/home/rasp/ros2_ws/install/rosidl_typesupport_microxrcedds_cpp:/home/rasp/ros2_ws/install/rosidl_typesupport_microxrcedds_c:/home/rasp/ros2_ws/install/micro_ros_setup:/opt/ros/jazzy/opt/gz_math_vendor:/opt/ros/jazzy/opt/gz_utils_vendor:/opt/ros/jazzy/opt/gz_cmake_vendor:/opt/ros/jazzy DEBUGINFOD_URLS=https://debuginfod.ubuntu.com LD_LIBRARY_PATH=/home/rasp/ros2_ws/install/microcdr/lib:/home/rasp/ros2_ws/install/rosidl_typesupport_microxrcedds_cpp/lib:/home/rasp/ros2_ws/install/rosidl_typesupport_microxrcedds_c/lib:/opt/ros/jazzy/opt/rviz_ogre_vendor/lib:/opt/ros/jazzy/lib/x86_64-linux-gnu:/opt/ros/jazzy/opt/gz_math_vendor/lib:/opt/ros/jazzy/opt/gz_utils_vendor/lib:/opt/ros/jazzy/opt/gz_cmake_vendor/lib:/opt/ros/jazzy/lib /usr/bin/cmake --build /home/rasp/ros2_ws/build/rosidl_typesupport_microxrcedds_c -- -j2 -l2
[0.947s] DEBUG:colcon.colcon_core.event_handler.log_command:Invoked command in '/home/rasp/ros2_ws/build/rosidl_typesupport_microxrcedds_c' returned '0': CMAKE_PREFIX_PATH=/home/rasp/ros2_ws/install/microcdr:/home/rasp/ros2_ws/install/rosidl_typesupport_microxrcedds_cpp:/home/rasp/ros2_ws/install/rosidl_typesupport_microxrcedds_c:/home/rasp/ros2_ws/install/micro_ros_setup:/opt/ros/jazzy/opt/gz_math_vendor:/opt/ros/jazzy/opt/gz_utils_vendor:/opt/ros/jazzy/opt/gz_cmake_vendor:/opt/ros/jazzy DEBUGINFOD_URLS=https://debuginfod.ubuntu.com LD_LIBRARY_PATH=/home/rasp/ros2_ws/install/microcdr/lib:/home/rasp/ros2_ws/install/rosidl_typesupport_microxrcedds_cpp/lib:/home/rasp/ros2_ws/install/rosidl_typesupport_microxrcedds_c/lib:/opt/ros/jazzy/opt/rviz_ogre_vendor/lib:/opt/ros/jazzy/lib/x86_64-linux-gnu:/opt/ros/jazzy/opt/gz_math_vendor/lib:/opt/ros/jazzy/opt/gz_utils_vendor/lib:/opt/ros/jazzy/opt/gz_cmake_vendor/lib:/opt/ros/jazzy/lib /usr/bin/cmake --build /home/rasp/ros2_ws/build/rosidl_typesupport_microxrcedds_c -- -j2 -l2
[0.948s] DEBUG:colcon.colcon_core.event_handler.log_command:Invoking command in '/home/rasp/ros2_ws/build/rosidl_typesupport_microxrcedds_c': CMAKE_PREFIX_PATH=/home/rasp/ros2_ws/install/microcdr:/home/rasp/ros2_ws/install/rosidl_typesupport_microxrcedds_cpp:/home/rasp/ros2_ws/install/rosidl_typesupport_microxrcedds_c:/home/rasp/ros2_ws/install/micro_ros_setup:/opt/ros/jazzy/opt/gz_math_vendor:/opt/ros/jazzy/opt/gz_utils_vendor:/opt/ros/jazzy/opt/gz_cmake_vendor:/opt/ros/jazzy DEBUGINFOD_URLS=https://debuginfod.ubuntu.com LD_LIBRARY_PATH=/home/rasp/ros2_ws/install/microcdr/lib:/home/rasp/ros2_ws/install/rosidl_typesupport_microxrcedds_cpp/lib:/home/rasp/ros2_ws/install/rosidl_typesupport_microxrcedds_c/lib:/opt/ros/jazzy/opt/rviz_ogre_vendor/lib:/opt/ros/jazzy/lib/x86_64-linux-gnu:/opt/ros/jazzy/opt/gz_math_vendor/lib:/opt/ros/jazzy/opt/gz_utils_vendor/lib:/opt/ros/jazzy/opt/gz_cmake_vendor/lib:/opt/ros/jazzy/lib /usr/bin/cmake --install /home/rasp/ros2_ws/build/rosidl_typesupport_microxrcedds_c
[1.016s] Level 1:colcon.colcon_core.environment:create_environment_scripts_only(rosidl_typesupport_microxrcedds_c)
[1.016s] Level 1:colcon.colcon_core.environment:checking '/home/rasp/ros2_ws/install/rosidl_typesupport_microxrcedds_c' for CMake module files
[1.017s] Level 1:colcon.colcon_core.environment:checking '/home/rasp/ros2_ws/install/rosidl_typesupport_microxrcedds_c' for CMake config files
[1.018s] Level 1:colcon.colcon_core.shell:create_environment_hook('rosidl_typesupport_microxrcedds_c', 'cmake_prefix_path')
[1.016s] DEBUG:colcon.colcon_core.event_handler.log_command:Invoked command in '/home/rasp/ros2_ws/build/rosidl_typesupport_microxrcedds_c' returned '0': CMAKE_PREFIX_PATH=/home/rasp/ros2_ws/install/microcdr:/home/rasp/ros2_ws/install/rosidl_typesupport_microxrcedds_cpp:/home/rasp/ros2_ws/install/rosidl_typesupport_microxrcedds_c:/home/rasp/ros2_ws/install/micro_ros_setup:/opt/ros/jazzy/opt/gz_math_vendor:/opt/ros/jazzy/opt/gz_utils_vendor:/opt/ros/jazzy/opt/gz_cmake_vendor:/opt/ros/jazzy DEBUGINFOD_URLS=https://debuginfod.ubuntu.com LD_LIBRARY_PATH=/home/rasp/ros2_ws/install/microcdr/lib:/home/rasp/ros2_ws/install/rosidl_typesupport_microxrcedds_cpp/lib:/home/rasp/ros2_ws/install/rosidl_typesupport_microxrcedds_c/lib:/opt/ros/jazzy/opt/rviz_ogre_vendor/lib:/opt/ros/jazzy/lib/x86_64-linux-gnu:/opt/ros/jazzy/opt/gz_math_vendor/lib:/opt/ros/jazzy/opt/gz_utils_vendor/lib:/opt/ros/jazzy/opt/gz_cmake_vendor/lib:/opt/ros/jazzy/lib /usr/bin/cmake --install /home/rasp/ros2_ws/build/rosidl_typesupport_microxrcedds_c
[1.018s] INFO:colcon.colcon_core.shell:Creating environment hook '/home/rasp/ros2_ws/install/rosidl_typesupport_microxrcedds_c/share/rosidl_typesupport_microxrcedds_c/hook/cmake_prefix_path.ps1'
[1.019s] INFO:colcon.colcon_core.shell:Creating environment descriptor '/home/rasp/ros2_ws/install/rosidl_typesupport_microxrcedds_c/share/rosidl_typesupport_microxrcedds_c/hook/cmake_prefix_path.dsv'
[1.020s] INFO:colcon.colcon_core.shell:Creating environment hook '/home/rasp/ros2_ws/install/rosidl_typesupport_microxrcedds_c/share/rosidl_typesupport_microxrcedds_c/hook/cmake_prefix_path.sh'
[1.020s] Level 1:colcon.colcon_core.environment:checking '/home/rasp/ros2_ws/install/rosidl_typesupport_microxrcedds_c/lib'
[1.021s] Level 1:colcon.colcon_core.shell:create_environment_hook('rosidl_typesupport_microxrcedds_c', 'ld_library_path_lib')
[1.021s] INFO:colcon.colcon_core.shell:Creating environment hook '/home/rasp/ros2_ws/install/rosidl_typesupport_microxrcedds_c/share/rosidl_typesupport_microxrcedds_c/hook/ld_library_path_lib.ps1'
[1.021s] INFO:colcon.colcon_core.shell:Creating environment descriptor '/home/rasp/ros2_ws/install/rosidl_typesupport_microxrcedds_c/share/rosidl_typesupport_microxrcedds_c/hook/ld_library_path_lib.dsv'
[1.022s] INFO:colcon.colcon_core.shell:Creating environment hook '/home/rasp/ros2_ws/install/rosidl_typesupport_microxrcedds_c/share/rosidl_typesupport_microxrcedds_c/hook/ld_library_path_lib.sh'
[1.023s] Level 1:colcon.colcon_core.environment:checking '/home/rasp/ros2_ws/install/rosidl_typesupport_microxrcedds_c/bin'
[1.023s] Level 1:colcon.colcon_core.environment:checking '/home/rasp/ros2_ws/install/rosidl_typesupport_microxrcedds_c/lib/pkgconfig/rosidl_typesupport_microxrcedds_c.pc'
[1.023s] Level 1:colcon.colcon_core.environment:checking '/home/rasp/ros2_ws/install/rosidl_typesupport_microxrcedds_c/lib/python3.12/site-packages'
[1.023s] Level 1:colcon.colcon_core.shell:create_environment_hook('rosidl_typesupport_microxrcedds_c', 'pythonpath')
[1.023s] INFO:colcon.colcon_core.shell:Creating environment hook '/home/rasp/ros2_ws/install/rosidl_typesupport_microxrcedds_c/share/rosidl_typesupport_microxrcedds_c/hook/pythonpath.ps1'
[1.024s] INFO:colcon.colcon_core.shell:Creating environment descriptor '/home/rasp/ros2_ws/install/rosidl_typesupport_microxrcedds_c/share/rosidl_typesupport_microxrcedds_c/hook/pythonpath.dsv'
[1.025s] INFO:colcon.colcon_core.shell:Creating environment hook '/home/rasp/ros2_ws/install/rosidl_typesupport_microxrcedds_c/share/rosidl_typesupport_microxrcedds_c/hook/pythonpath.sh'
[1.025s] Level 1:colcon.colcon_core.environment:checking '/home/rasp/ros2_ws/install/rosidl_typesupport_microxrcedds_c/bin'
[1.026s] INFO:colcon.colcon_core.shell:Creating package script '/home/rasp/ros2_ws/install/rosidl_typesupport_microxrcedds_c/share/rosidl_typesupport_microxrcedds_c/package.ps1'
[1.026s] INFO:colcon.colcon_core.shell:Creating package descriptor '/home/rasp/ros2_ws/install/rosidl_typesupport_microxrcedds_c/share/rosidl_typesupport_microxrcedds_c/package.dsv'
[1.028s] INFO:colcon.colcon_core.shell:Creating package script '/home/rasp/ros2_ws/install/rosidl_typesupport_microxrcedds_c/share/rosidl_typesupport_microxrcedds_c/package.sh'
[1.028s] INFO:colcon.colcon_core.shell:Creating package script '/home/rasp/ros2_ws/install/rosidl_typesupport_microxrcedds_c/share/rosidl_typesupport_microxrcedds_c/package.bash'
[1.029s] INFO:colcon.colcon_core.shell:Creating package script '/home/rasp/ros2_ws/install/rosidl_typesupport_microxrcedds_c/share/rosidl_typesupport_microxrcedds_c/package.zsh'
[1.029s] Level 1:colcon.colcon_core.environment:create_file_with_runtime_dependencies(/home/rasp/ros2_ws/install/rosidl_typesupport_microxrcedds_c/share/colcon-core/packages/rosidl_typesupport_microxrcedds_c)
[1.030s] Level 1:colcon.colcon_core.environment:create_environment_scripts_only(rosidl_typesupport_microxrcedds_c)
[1.030s] Level 1:colcon.colcon_core.environment:checking '/home/rasp/ros2_ws/install/rosidl_typesupport_microxrcedds_c' for CMake module files
[1.031s] Level 1:colcon.colcon_core.environment:checking '/home/rasp/ros2_ws/install/rosidl_typesupport_microxrcedds_c' for CMake config files
[1.031s] Level 1:colcon.colcon_core.shell:create_environment_hook('rosidl_typesupport_microxrcedds_c', 'cmake_prefix_path')
[1.032s] INFO:colcon.colcon_core.shell:Creating environment hook '/home/rasp/ros2_ws/install/rosidl_typesupport_microxrcedds_c/share/rosidl_typesupport_microxrcedds_c/hook/cmake_prefix_path.ps1'
[1.032s] INFO:colcon.colcon_core.shell:Creating environment descriptor '/home/rasp/ros2_ws/install/rosidl_typesupport_microxrcedds_c/share/rosidl_typesupport_microxrcedds_c/hook/cmake_prefix_path.dsv'
[1.033s] INFO:colcon.colcon_core.shell:Creating environment hook '/home/rasp/ros2_ws/install/rosidl_typesupport_microxrcedds_c/share/rosidl_typesupport_microxrcedds_c/hook/cmake_prefix_path.sh'
[1.033s] Level 1:colcon.colcon_core.environment:checking '/home/rasp/ros2_ws/install/rosidl_typesupport_microxrcedds_c/lib'
[1.033s] Level 1:colcon.colcon_core.shell:create_environment_hook('rosidl_typesupport_microxrcedds_c', 'ld_library_path_lib')
[1.034s] INFO:colcon.colcon_core.shell:Creating environment hook '/home/rasp/ros2_ws/install/rosidl_typesupport_microxrcedds_c/share/rosidl_typesupport_microxrcedds_c/hook/ld_library_path_lib.ps1'
[1.035s] INFO:colcon.colcon_core.shell:Creating environment descriptor '/home/rasp/ros2_ws/install/rosidl_typesupport_microxrcedds_c/share/rosidl_typesupport_microxrcedds_c/hook/ld_library_path_lib.dsv'
[1.035s] INFO:colcon.colcon_core.shell:Creating environment hook '/home/rasp/ros2_ws/install/rosidl_typesupport_microxrcedds_c/share/rosidl_typesupport_microxrcedds_c/hook/ld_library_path_lib.sh'
[1.036s] Level 1:colcon.colcon_core.environment:checking '/home/rasp/ros2_ws/install/rosidl_typesupport_microxrcedds_c/bin'
[1.036s] Level 1:colcon.colcon_core.environment:checking '/home/rasp/ros2_ws/install/rosidl_typesupport_microxrcedds_c/lib/pkgconfig/rosidl_typesupport_microxrcedds_c.pc'
[1.037s] Level 1:colcon.colcon_core.environment:checking '/home/rasp/ros2_ws/install/rosidl_typesupport_microxrcedds_c/lib/python3.12/site-packages'
[1.037s] Level 1:colcon.colcon_core.shell:create_environment_hook('rosidl_typesupport_microxrcedds_c', 'pythonpath')
[1.037s] INFO:colcon.colcon_core.shell:Creating environment hook '/home/rasp/ros2_ws/install/rosidl_typesupport_microxrcedds_c/share/rosidl_typesupport_microxrcedds_c/hook/pythonpath.ps1'
[1.038s] INFO:colcon.colcon_core.shell:Creating environment descriptor '/home/rasp/ros2_ws/install/rosidl_typesupport_microxrcedds_c/share/rosidl_typesupport_microxrcedds_c/hook/pythonpath.dsv'
[1.038s] INFO:colcon.colcon_core.shell:Creating environment hook '/home/rasp/ros2_ws/install/rosidl_typesupport_microxrcedds_c/share/rosidl_typesupport_microxrcedds_c/hook/pythonpath.sh'
[1.039s] Level 1:colcon.colcon_core.environment:checking '/home/rasp/ros2_ws/install/rosidl_typesupport_microxrcedds_c/bin'
[1.039s] INFO:colcon.colcon_core.shell:Creating package script '/home/rasp/ros2_ws/install/rosidl_typesupport_microxrcedds_c/share/rosidl_typesupport_microxrcedds_c/package.ps1'
[1.040s] INFO:colcon.colcon_core.shell:Creating package descriptor '/home/rasp/ros2_ws/install/rosidl_typesupport_microxrcedds_c/share/rosidl_typesupport_microxrcedds_c/package.dsv'
[1.041s] INFO:colcon.colcon_core.shell:Creating package script '/home/rasp/ros2_ws/install/rosidl_typesupport_microxrcedds_c/share/rosidl_typesupport_microxrcedds_c/package.sh'
[1.042s] INFO:colcon.colcon_core.shell:Creating package script '/home/rasp/ros2_ws/install/rosidl_typesupport_microxrcedds_c/share/rosidl_typesupport_microxrcedds_c/package.bash'
[1.042s] INFO:colcon.colcon_core.shell:Creating package script '/home/rasp/ros2_ws/install/rosidl_typesupport_microxrcedds_c/share/rosidl_typesupport_microxrcedds_c/package.zsh'
[1.043s] Level 1:colcon.colcon_core.environment:create_file_with_runtime_dependencies(/home/rasp/ros2_ws/install/rosidl_typesupport_microxrcedds_c/share/colcon-core/packages/rosidl_typesupport_microxrcedds_c)
[1.044s] INFO:colcon.colcon_ros.task.ament_cmake.build:Building ROS package in '/home/rasp/ros2_ws/src/uros/micro_ros_msgs' with build type 'ament_cmake'
[1.044s] INFO:colcon.colcon_cmake.task.cmake.build:Building CMake package in '/home/rasp/ros2_ws/src/uros/micro_ros_msgs'
[1.044s] INFO:colcon.colcon_core.shell:Skip shell extension 'powershell' for command environment: Not usable outside of PowerShell
[1.045s] DEBUG:colcon.colcon_core.shell:Skip shell extension 'dsv' for command environment
[1.054s] DEBUG:colcon.colcon_core.event_handler.log_command:Invoking command in '/home/rasp/ros2_ws/build/micro_ros_msgs': CMAKE_PREFIX_PATH=${CMAKE_PREFIX_PATH}:/opt/ros/jazzy DEBUGINFOD_URLS=https://debuginfod.ubuntu.com /usr/bin/cmake /home/rasp/ros2_ws/src/uros/micro_ros_msgs -DBUILD_TESTING=OFF -DBUILD_SHARED_LIBS=ON -DCMAKE_INSTALL_PREFIX=/home/rasp/ros2_ws/install/micro_ros_msgs
[4.092s] DEBUG:colcon.colcon_core.event_handler.log_command:Invoked command in '/home/rasp/ros2_ws/build/builtin_interfaces' returned '0': CMAKE_PREFIX_PATH=${CMAKE_PREFIX_PATH}:/opt/ros/jazzy DEBUGINFOD_URLS=https://debuginfod.ubuntu.com /usr/bin/cmake /home/rasp/ros2_ws/src/ros2/rcl_interfaces/builtin_interfaces -DBUILD_TESTING=OFF -DBUILD_SHARED_LIBS=ON -DCMAKE_INSTALL_PREFIX=/home/rasp/ros2_ws/install/builtin_interfaces
[4.093s] DEBUG:colcon.colcon_core.event_handler.log_command:Invoking command in '/home/rasp/ros2_ws/build/builtin_interfaces': CMAKE_PREFIX_PATH=${CMAKE_PREFIX_PATH}:/opt/ros/jazzy DEBUGINFOD_URLS=https://debuginfod.ubuntu.com /usr/bin/cmake --build /home/rasp/ros2_ws/build/builtin_interfaces -- -j2 -l2
[4.777s] DEBUG:colcon.colcon_core.event_handler.log_command:Invoked command in '/home/rasp/ros2_ws/build/micro_ros_msgs' returned '0': CMAKE_PREFIX_PATH=${CMAKE_PREFIX_PATH}:/opt/ros/jazzy DEBUGINFOD_URLS=https://debuginfod.ubuntu.com /usr/bin/cmake /home/rasp/ros2_ws/src/uros/micro_ros_msgs -DBUILD_TESTING=OFF -DBUILD_SHARED_LIBS=ON -DCMAKE_INSTALL_PREFIX=/home/rasp/ros2_ws/install/micro_ros_msgs
[4.777s] DEBUG:colcon.colcon_core.event_handler.log_command:Invoking command in '/home/rasp/ros2_ws/build/micro_ros_msgs': CMAKE_PREFIX_PATH=${CMAKE_PREFIX_PATH}:/opt/ros/jazzy DEBUGINFOD_URLS=https://debuginfod.ubuntu.com /usr/bin/cmake --build /home/rasp/ros2_ws/build/micro_ros_msgs -- -j2 -l2
[15.590s] DEBUG:colcon.colcon_core.event_handler.log_command:Invoked command in '/home/rasp/ros2_ws/build/builtin_interfaces' returned '0': CMAKE_PREFIX_PATH=${CMAKE_PREFIX_PATH}:/opt/ros/jazzy DEBUGINFOD_URLS=https://debuginfod.ubuntu.com /usr/bin/cmake --build /home/rasp/ros2_ws/build/builtin_interfaces -- -j2 -l2
[15.591s] DEBUG:colcon.colcon_core.event_handler.log_command:Invoking command in '/home/rasp/ros2_ws/build/builtin_interfaces': CMAKE_PREFIX_PATH=${CMAKE_PREFIX_PATH}:/opt/ros/jazzy DEBUGINFOD_URLS=https://debuginfod.ubuntu.com /usr/bin/cmake --install /home/rasp/ros2_ws/build/builtin_interfaces
[15.733s] Level 1:colcon.colcon_core.environment:create_environment_scripts_only(builtin_interfaces)
[15.733s] Level 1:colcon.colcon_core.environment:checking '/home/rasp/ros2_ws/install/builtin_interfaces' for CMake module files
[15.734s] Level 1:colcon.colcon_core.environment:checking '/home/rasp/ros2_ws/install/builtin_interfaces' for CMake config files
[15.734s] Level 1:colcon.colcon_core.shell:create_environment_hook('builtin_interfaces', 'cmake_prefix_path')
[15.735s] INFO:colcon.colcon_core.shell:Creating environment hook '/home/rasp/ros2_ws/install/builtin_interfaces/share/builtin_interfaces/hook/cmake_prefix_path.ps1'
[15.737s] INFO:colcon.colcon_core.shell:Creating environment descriptor '/home/rasp/ros2_ws/install/builtin_interfaces/share/builtin_interfaces/hook/cmake_prefix_path.dsv'
[15.737s] INFO:colcon.colcon_core.shell:Creating environment hook '/home/rasp/ros2_ws/install/builtin_interfaces/share/builtin_interfaces/hook/cmake_prefix_path.sh'
[15.738s] Level 1:colcon.colcon_core.environment:checking '/home/rasp/ros2_ws/install/builtin_interfaces/lib'
[15.738s] Level 1:colcon.colcon_core.shell:create_environment_hook('builtin_interfaces', 'ld_library_path_lib')
[15.738s] INFO:colcon.colcon_core.shell:Creating environment hook '/home/rasp/ros2_ws/install/builtin_interfaces/share/builtin_interfaces/hook/ld_library_path_lib.ps1'
[15.738s] INFO:colcon.colcon_core.shell:Creating environment descriptor '/home/rasp/ros2_ws/install/builtin_interfaces/share/builtin_interfaces/hook/ld_library_path_lib.dsv'
[15.739s] INFO:colcon.colcon_core.shell:Creating environment hook '/home/rasp/ros2_ws/install/builtin_interfaces/share/builtin_interfaces/hook/ld_library_path_lib.sh'
[15.741s] DEBUG:colcon.colcon_core.event_handler.log_command:Invoked command in '/home/rasp/ros2_ws/build/builtin_interfaces' returned '0': CMAKE_PREFIX_PATH=${CMAKE_PREFIX_PATH}:/opt/ros/jazzy DEBUGINFOD_URLS=https://debuginfod.ubuntu.com /usr/bin/cmake --install /home/rasp/ros2_ws/build/builtin_interfaces
[15.741s] Level 1:colcon.colcon_core.environment:checking '/home/rasp/ros2_ws/install/builtin_interfaces/bin'
[15.741s] Level 1:colcon.colcon_core.environment:checking '/home/rasp/ros2_ws/install/builtin_interfaces/lib/pkgconfig/builtin_interfaces.pc'
[15.741s] Level 1:colcon.colcon_core.environment:checking '/home/rasp/ros2_ws/install/builtin_interfaces/lib/python3.12/site-packages'
[15.742s] Level 1:colcon.colcon_core.shell:create_environment_hook('builtin_interfaces', 'pythonpath')
[15.742s] INFO:colcon.colcon_core.shell:Creating environment hook '/home/rasp/ros2_ws/install/builtin_interfaces/share/builtin_interfaces/hook/pythonpath.ps1'
[15.742s] INFO:colcon.colcon_core.shell:Creating environment descriptor '/home/rasp/ros2_ws/install/builtin_interfaces/share/builtin_interfaces/hook/pythonpath.dsv'
[15.742s] INFO:colcon.colcon_core.shell:Creating environment hook '/home/rasp/ros2_ws/install/builtin_interfaces/share/builtin_interfaces/hook/pythonpath.sh'
[15.743s] Level 1:colcon.colcon_core.environment:checking '/home/rasp/ros2_ws/install/builtin_interfaces/bin'
[15.745s] INFO:colcon.colcon_core.shell:Creating package script '/home/rasp/ros2_ws/install/builtin_interfaces/share/builtin_interfaces/package.ps1'
[15.745s] INFO:colcon.colcon_core.shell:Creating package descriptor '/home/rasp/ros2_ws/install/builtin_interfaces/share/builtin_interfaces/package.dsv'
[15.746s] INFO:colcon.colcon_core.shell:Creating package script '/home/rasp/ros2_ws/install/builtin_interfaces/share/builtin_interfaces/package.sh'
[15.747s] INFO:colcon.colcon_core.shell:Creating package script '/home/rasp/ros2_ws/install/builtin_interfaces/share/builtin_interfaces/package.bash'
[15.747s] INFO:colcon.colcon_core.shell:Creating package script '/home/rasp/ros2_ws/install/builtin_interfaces/share/builtin_interfaces/package.zsh'
[15.749s] Level 1:colcon.colcon_core.environment:create_file_with_runtime_dependencies(/home/rasp/ros2_ws/install/builtin_interfaces/share/colcon-core/packages/builtin_interfaces)
[15.749s] Level 1:colcon.colcon_core.environment:create_environment_scripts_only(builtin_interfaces)
[15.749s] Level 1:colcon.colcon_core.environment:checking '/home/rasp/ros2_ws/install/builtin_interfaces' for CMake module files
[15.750s] Level 1:colcon.colcon_core.environment:checking '/home/rasp/ros2_ws/install/builtin_interfaces' for CMake config files
[15.750s] Level 1:colcon.colcon_core.shell:create_environment_hook('builtin_interfaces', 'cmake_prefix_path')
[15.750s] INFO:colcon.colcon_core.shell:Creating environment hook '/home/rasp/ros2_ws/install/builtin_interfaces/share/builtin_interfaces/hook/cmake_prefix_path.ps1'
[15.753s] INFO:colcon.colcon_core.shell:Creating environment descriptor '/home/rasp/ros2_ws/install/builtin_interfaces/share/builtin_interfaces/hook/cmake_prefix_path.dsv'
[15.754s] INFO:colcon.colcon_core.shell:Creating environment hook '/home/rasp/ros2_ws/install/builtin_interfaces/share/builtin_interfaces/hook/cmake_prefix_path.sh'
[15.757s] Level 1:colcon.colcon_core.environment:checking '/home/rasp/ros2_ws/install/builtin_interfaces/lib'
[15.757s] Level 1:colcon.colcon_core.shell:create_environment_hook('builtin_interfaces', 'ld_library_path_lib')
[15.757s] INFO:colcon.colcon_core.shell:Creating environment hook '/home/rasp/ros2_ws/install/builtin_interfaces/share/builtin_interfaces/hook/ld_library_path_lib.ps1'
[15.758s] INFO:colcon.colcon_core.shell:Creating environment descriptor '/home/rasp/ros2_ws/install/builtin_interfaces/share/builtin_interfaces/hook/ld_library_path_lib.dsv'
[15.761s] INFO:colcon.colcon_core.shell:Creating environment hook '/home/rasp/ros2_ws/install/builtin_interfaces/share/builtin_interfaces/hook/ld_library_path_lib.sh'
[15.762s] Level 1:colcon.colcon_core.environment:checking '/home/rasp/ros2_ws/install/builtin_interfaces/bin'
[15.762s] Level 1:colcon.colcon_core.environment:checking '/home/rasp/ros2_ws/install/builtin_interfaces/lib/pkgconfig/builtin_interfaces.pc'
[15.762s] Level 1:colcon.colcon_core.environment:checking '/home/rasp/ros2_ws/install/builtin_interfaces/lib/python3.12/site-packages'
[15.762s] Level 1:colcon.colcon_core.shell:create_environment_hook('builtin_interfaces', 'pythonpath')
[15.762s] INFO:colcon.colcon_core.shell:Creating environment hook '/home/rasp/ros2_ws/install/builtin_interfaces/share/builtin_interfaces/hook/pythonpath.ps1'
[15.763s] INFO:colcon.colcon_core.shell:Creating environment descriptor '/home/rasp/ros2_ws/install/builtin_interfaces/share/builtin_interfaces/hook/pythonpath.dsv'
[15.765s] INFO:colcon.colcon_core.shell:Creating environment hook '/home/rasp/ros2_ws/install/builtin_interfaces/share/builtin_interfaces/hook/pythonpath.sh'
[15.766s] Level 1:colcon.colcon_core.environment:checking '/home/rasp/ros2_ws/install/builtin_interfaces/bin'
[15.766s] INFO:colcon.colcon_core.shell:Creating package script '/home/rasp/ros2_ws/install/builtin_interfaces/share/builtin_interfaces/package.ps1'
[15.769s] INFO:colcon.colcon_core.shell:Creating package descriptor '/home/rasp/ros2_ws/install/builtin_interfaces/share/builtin_interfaces/package.dsv'
[15.770s] INFO:colcon.colcon_core.shell:Creating package script '/home/rasp/ros2_ws/install/builtin_interfaces/share/builtin_interfaces/package.sh'
[15.770s] INFO:colcon.colcon_core.shell:Creating package script '/home/rasp/ros2_ws/install/builtin_interfaces/share/builtin_interfaces/package.bash'
[15.773s] INFO:colcon.colcon_core.shell:Creating package script '/home/rasp/ros2_ws/install/builtin_interfaces/share/builtin_interfaces/package.zsh'
[15.774s] Level 1:colcon.colcon_core.environment:create_file_with_runtime_dependencies(/home/rasp/ros2_ws/install/builtin_interfaces/share/colcon-core/packages/builtin_interfaces)
[15.775s] INFO:colcon.colcon_ros.task.ament_cmake.build:Building ROS package in '/home/rasp/ros2_ws/src/ros2/common_interfaces/std_msgs' with build type 'ament_cmake'
[15.775s] INFO:colcon.colcon_cmake.task.cmake.build:Building CMake package in '/home/rasp/ros2_ws/src/ros2/common_interfaces/std_msgs'
[15.775s] INFO:colcon.colcon_core.shell:Skip shell extension 'powershell' for command environment: Not usable outside of PowerShell
[15.775s] DEBUG:colcon.colcon_core.shell:Skip shell extension 'dsv' for command environment
[15.804s] DEBUG:colcon.colcon_core.event_handler.log_command:Invoking command in '/home/rasp/ros2_ws/build/std_msgs': AMENT_PREFIX_PATH=/home/rasp/ros2_ws/install/builtin_interfaces:${AMENT_PREFIX_PATH} CMAKE_PREFIX_PATH=/home/rasp/ros2_ws/install/builtin_interfaces:/home/rasp/ros2_ws/install/rosidl_typesupport_microxrcedds_cpp:/home/rasp/ros2_ws/install/rosidl_typesupport_microxrcedds_c:/home/rasp/ros2_ws/install/microcdr:/home/rasp/ros2_ws/install/micro_ros_setup:/opt/ros/jazzy/opt/gz_math_vendor:/opt/ros/jazzy/opt/gz_utils_vendor:/opt/ros/jazzy/opt/gz_cmake_vendor:/opt/ros/jazzy DEBUGINFOD_URLS=https://debuginfod.ubuntu.com LD_LIBRARY_PATH=/home/rasp/ros2_ws/install/builtin_interfaces/lib:${LD_LIBRARY_PATH} PYTHONPATH=/home/rasp/ros2_ws/install/builtin_interfaces/lib/python3.12/site-packages:${PYTHONPATH} /usr/bin/cmake /home/rasp/ros2_ws/src/ros2/common_interfaces/std_msgs -DBUILD_TESTING=OFF -DBUILD_SHARED_LIBS=ON -DCMAKE_INSTALL_PREFIX=/home/rasp/ros2_ws/install/std_msgs
[18.253s] DEBUG:colcon.colcon_core.event_handler.log_command:Invoked command in '/home/rasp/ros2_ws/build/micro_ros_msgs' returned '0': CMAKE_PREFIX_PATH=${CMAKE_PREFIX_PATH}:/opt/ros/jazzy DEBUGINFOD_URLS=https://debuginfod.ubuntu.com /usr/bin/cmake --build /home/rasp/ros2_ws/build/micro_ros_msgs -- -j2 -l2
[18.255s] DEBUG:colcon.colcon_core.event_handler.log_command:Invoking command in '/home/rasp/ros2_ws/build/micro_ros_msgs': CMAKE_PREFIX_PATH=${CMAKE_PREFIX_PATH}:/opt/ros/jazzy DEBUGINFOD_URLS=https://debuginfod.ubuntu.com /usr/bin/cmake --install /home/rasp/ros2_ws/build/micro_ros_msgs
[18.354s] Level 1:colcon.colcon_core.environment:create_environment_scripts_only(micro_ros_msgs)
[18.354s] Level 1:colcon.colcon_core.environment:checking '/home/rasp/ros2_ws/install/micro_ros_msgs' for CMake module files
[18.355s] Level 1:colcon.colcon_core.environment:checking '/home/rasp/ros2_ws/install/micro_ros_msgs' for CMake config files
[18.355s] Level 1:colcon.colcon_core.shell:create_environment_hook('micro_ros_msgs', 'cmake_prefix_path')
[18.355s] INFO:colcon.colcon_core.shell:Creating environment hook '/home/rasp/ros2_ws/install/micro_ros_msgs/share/micro_ros_msgs/hook/cmake_prefix_path.ps1'
[18.356s] INFO:colcon.colcon_core.shell:Creating environment descriptor '/home/rasp/ros2_ws/install/micro_ros_msgs/share/micro_ros_msgs/hook/cmake_prefix_path.dsv'
[18.356s] DEBUG:colcon.colcon_core.event_handler.log_command:Invoked command in '/home/rasp/ros2_ws/build/micro_ros_msgs' returned '0': CMAKE_PREFIX_PATH=${CMAKE_PREFIX_PATH}:/opt/ros/jazzy DEBUGINFOD_URLS=https://debuginfod.ubuntu.com /usr/bin/cmake --install /home/rasp/ros2_ws/build/micro_ros_msgs
[18.356s] INFO:colcon.colcon_core.shell:Creating environment hook '/home/rasp/ros2_ws/install/micro_ros_msgs/share/micro_ros_msgs/hook/cmake_prefix_path.sh'
[18.357s] Level 1:colcon.colcon_core.environment:checking '/home/rasp/ros2_ws/install/micro_ros_msgs/lib'
[18.357s] Level 1:colcon.colcon_core.shell:create_environment_hook('micro_ros_msgs', 'ld_library_path_lib')
[18.357s] INFO:colcon.colcon_core.shell:Creating environment hook '/home/rasp/ros2_ws/install/micro_ros_msgs/share/micro_ros_msgs/hook/ld_library_path_lib.ps1'
[18.357s] INFO:colcon.colcon_core.shell:Creating environment descriptor '/home/rasp/ros2_ws/install/micro_ros_msgs/share/micro_ros_msgs/hook/ld_library_path_lib.dsv'
[18.357s] INFO:colcon.colcon_core.shell:Creating environment hook '/home/rasp/ros2_ws/install/micro_ros_msgs/share/micro_ros_msgs/hook/ld_library_path_lib.sh'
[18.358s] Level 1:colcon.colcon_core.environment:checking '/home/rasp/ros2_ws/install/micro_ros_msgs/bin'
[18.358s] Level 1:colcon.colcon_core.environment:checking '/home/rasp/ros2_ws/install/micro_ros_msgs/lib/pkgconfig/micro_ros_msgs.pc'
[18.358s] Level 1:colcon.colcon_core.environment:checking '/home/rasp/ros2_ws/install/micro_ros_msgs/lib/python3.12/site-packages'
[18.358s] Level 1:colcon.colcon_core.shell:create_environment_hook('micro_ros_msgs', 'pythonpath')
[18.358s] INFO:colcon.colcon_core.shell:Creating environment hook '/home/rasp/ros2_ws/install/micro_ros_msgs/share/micro_ros_msgs/hook/pythonpath.ps1'
[18.359s] INFO:colcon.colcon_core.shell:Creating environment descriptor '/home/rasp/ros2_ws/install/micro_ros_msgs/share/micro_ros_msgs/hook/pythonpath.dsv'
[18.359s] INFO:colcon.colcon_core.shell:Creating environment hook '/home/rasp/ros2_ws/install/micro_ros_msgs/share/micro_ros_msgs/hook/pythonpath.sh'
[18.359s] Level 1:colcon.colcon_core.environment:checking '/home/rasp/ros2_ws/install/micro_ros_msgs/bin'
[18.359s] INFO:colcon.colcon_core.shell:Creating package script '/home/rasp/ros2_ws/install/micro_ros_msgs/share/micro_ros_msgs/package.ps1'
[18.360s] INFO:colcon.colcon_core.shell:Creating package descriptor '/home/rasp/ros2_ws/install/micro_ros_msgs/share/micro_ros_msgs/package.dsv'
[18.360s] INFO:colcon.colcon_core.shell:Creating package script '/home/rasp/ros2_ws/install/micro_ros_msgs/share/micro_ros_msgs/package.sh'
[18.374s] INFO:colcon.colcon_core.shell:Creating package script '/home/rasp/ros2_ws/install/micro_ros_msgs/share/micro_ros_msgs/package.bash'
[18.374s] INFO:colcon.colcon_core.shell:Creating package script '/home/rasp/ros2_ws/install/micro_ros_msgs/share/micro_ros_msgs/package.zsh'
[18.374s] Level 1:colcon.colcon_core.environment:create_file_with_runtime_dependencies(/home/rasp/ros2_ws/install/micro_ros_msgs/share/colcon-core/packages/micro_ros_msgs)
[18.375s] Level 1:colcon.colcon_core.environment:create_environment_scripts_only(micro_ros_msgs)
[18.375s] Level 1:colcon.colcon_core.environment:checking '/home/rasp/ros2_ws/install/micro_ros_msgs' for CMake module files
[18.376s] Level 1:colcon.colcon_core.environment:checking '/home/rasp/ros2_ws/install/micro_ros_msgs' for CMake config files
[18.376s] Level 1:colcon.colcon_core.shell:create_environment_hook('micro_ros_msgs', 'cmake_prefix_path')
[18.376s] INFO:colcon.colcon_core.shell:Creating environment hook '/home/rasp/ros2_ws/install/micro_ros_msgs/share/micro_ros_msgs/hook/cmake_prefix_path.ps1'
[18.377s] INFO:colcon.colcon_core.shell:Creating environment descriptor '/home/rasp/ros2_ws/install/micro_ros_msgs/share/micro_ros_msgs/hook/cmake_prefix_path.dsv'
[18.379s] INFO:colcon.colcon_core.shell:Creating environment hook '/home/rasp/ros2_ws/install/micro_ros_msgs/share/micro_ros_msgs/hook/cmake_prefix_path.sh'
[18.380s] Level 1:colcon.colcon_core.environment:checking '/home/rasp/ros2_ws/install/micro_ros_msgs/lib'
[18.380s] Level 1:colcon.colcon_core.shell:create_environment_hook('micro_ros_msgs', 'ld_library_path_lib')
[18.380s] INFO:colcon.colcon_core.shell:Creating environment hook '/home/rasp/ros2_ws/install/micro_ros_msgs/share/micro_ros_msgs/hook/ld_library_path_lib.ps1'
[18.381s] INFO:colcon.colcon_core.shell:Creating environment descriptor '/home/rasp/ros2_ws/install/micro_ros_msgs/share/micro_ros_msgs/hook/ld_library_path_lib.dsv'
[18.381s] INFO:colcon.colcon_core.shell:Creating environment hook '/home/rasp/ros2_ws/install/micro_ros_msgs/share/micro_ros_msgs/hook/ld_library_path_lib.sh'
[18.382s] Level 1:colcon.colcon_core.environment:checking '/home/rasp/ros2_ws/install/micro_ros_msgs/bin'
[18.383s] Level 1:colcon.colcon_core.environment:checking '/home/rasp/ros2_ws/install/micro_ros_msgs/lib/pkgconfig/micro_ros_msgs.pc'
[18.383s] Level 1:colcon.colcon_core.environment:checking '/home/rasp/ros2_ws/install/micro_ros_msgs/lib/python3.12/site-packages'
[18.383s] Level 1:colcon.colcon_core.shell:create_environment_hook('micro_ros_msgs', 'pythonpath')
[18.383s] INFO:colcon.colcon_core.shell:Creating environment hook '/home/rasp/ros2_ws/install/micro_ros_msgs/share/micro_ros_msgs/hook/pythonpath.ps1'
[18.384s] INFO:colcon.colcon_core.shell:Creating environment descriptor '/home/rasp/ros2_ws/install/micro_ros_msgs/share/micro_ros_msgs/hook/pythonpath.dsv'
[18.384s] INFO:colcon.colcon_core.shell:Creating environment hook '/home/rasp/ros2_ws/install/micro_ros_msgs/share/micro_ros_msgs/hook/pythonpath.sh'
[18.385s] Level 1:colcon.colcon_core.environment:checking '/home/rasp/ros2_ws/install/micro_ros_msgs/bin'
[18.385s] INFO:colcon.colcon_core.shell:Creating package script '/home/rasp/ros2_ws/install/micro_ros_msgs/share/micro_ros_msgs/package.ps1'
[18.385s] INFO:colcon.colcon_core.shell:Creating package descriptor '/home/rasp/ros2_ws/install/micro_ros_msgs/share/micro_ros_msgs/package.dsv'
[18.386s] INFO:colcon.colcon_core.shell:Creating package script '/home/rasp/ros2_ws/install/micro_ros_msgs/share/micro_ros_msgs/package.sh'
[18.386s] INFO:colcon.colcon_core.shell:Creating package script '/home/rasp/ros2_ws/install/micro_ros_msgs/share/micro_ros_msgs/package.bash'
[18.387s] INFO:colcon.colcon_core.shell:Creating package script '/home/rasp/ros2_ws/install/micro_ros_msgs/share/micro_ros_msgs/package.zsh'
[18.387s] Level 1:colcon.colcon_core.environment:create_file_with_runtime_dependencies(/home/rasp/ros2_ws/install/micro_ros_msgs/share/colcon-core/packages/micro_ros_msgs)
[18.389s] INFO:colcon.colcon_cmake.task.cmake.build:Building CMake package in '/home/rasp/ros2_ws/src/eProsima/Micro-XRCE-DDS-Client'
[18.389s] INFO:colcon.colcon_core.shell:Skip shell extension 'powershell' for command environment: Not usable outside of PowerShell
[18.389s] DEBUG:colcon.colcon_core.shell:Skip shell extension 'dsv' for command environment
[18.397s] DEBUG:colcon.colcon_core.event_handler.log_command:Invoking command in '/home/rasp/ros2_ws/build/microxrcedds_client': CMAKE_PREFIX_PATH=/home/rasp/ros2_ws/install/microcdr:/home/rasp/ros2_ws/install/rosidl_typesupport_microxrcedds_cpp:/home/rasp/ros2_ws/install/rosidl_typesupport_microxrcedds_c:/home/rasp/ros2_ws/install/micro_ros_setup:/opt/ros/jazzy/opt/gz_math_vendor:/opt/ros/jazzy/opt/gz_utils_vendor:/opt/ros/jazzy/opt/gz_cmake_vendor DEBUGINFOD_URLS=https://debuginfod.ubuntu.com LD_LIBRARY_PATH=/home/rasp/ros2_ws/install/microcdr/lib:/home/rasp/ros2_ws/install/rosidl_typesupport_microxrcedds_cpp/lib:/home/rasp/ros2_ws/install/rosidl_typesupport_microxrcedds_c/lib:/opt/ros/jazzy/opt/rviz_ogre_vendor/lib:/opt/ros/jazzy/lib/x86_64-linux-gnu:/opt/ros/jazzy/opt/gz_math_vendor/lib:/opt/ros/jazzy/opt/gz_utils_vendor/lib:/opt/ros/jazzy/opt/gz_cmake_vendor/lib:/opt/ros/jazzy/lib /usr/bin/cmake /home/rasp/ros2_ws/src/eProsima/Micro-XRCE-DDS-Client -DBUILD_TESTING=OFF -DBUILD_SHARED_LIBS=ON -DUCLIENT_ISOLATED_INSTALL=OFF -DUCLIENT_SUPERBUILD=OFF -DBUILD_SHARED_LIBS=ON -DUCLIENT_PROFILE_MULTITHREAD=ON -DCMAKE_INSTALL_PREFIX=/home/rasp/ros2_ws/install/microxrcedds_client
[18.782s] DEBUG:colcon.colcon_core.event_handler.log_command:Invoked command in '/home/rasp/ros2_ws/build/microxrcedds_client' returned '0': CMAKE_PREFIX_PATH=/home/rasp/ros2_ws/install/microcdr:/home/rasp/ros2_ws/install/rosidl_typesupport_microxrcedds_cpp:/home/rasp/ros2_ws/install/rosidl_typesupport_microxrcedds_c:/home/rasp/ros2_ws/install/micro_ros_setup:/opt/ros/jazzy/opt/gz_math_vendor:/opt/ros/jazzy/opt/gz_utils_vendor:/opt/ros/jazzy/opt/gz_cmake_vendor DEBUGINFOD_URLS=https://debuginfod.ubuntu.com LD_LIBRARY_PATH=/home/rasp/ros2_ws/install/microcdr/lib:/home/rasp/ros2_ws/install/rosidl_typesupport_microxrcedds_cpp/lib:/home/rasp/ros2_ws/install/rosidl_typesupport_microxrcedds_c/lib:/opt/ros/jazzy/opt/rviz_ogre_vendor/lib:/opt/ros/jazzy/lib/x86_64-linux-gnu:/opt/ros/jazzy/opt/gz_math_vendor/lib:/opt/ros/jazzy/opt/gz_utils_vendor/lib:/opt/ros/jazzy/opt/gz_cmake_vendor/lib:/opt/ros/jazzy/lib /usr/bin/cmake /home/rasp/ros2_ws/src/eProsima/Micro-XRCE-DDS-Client -DBUILD_TESTING=OFF -DBUILD_SHARED_LIBS=ON -DUCLIENT_ISOLATED_INSTALL=OFF -DUCLIENT_SUPERBUILD=OFF -DBUILD_SHARED_LIBS=ON -DUCLIENT_PROFILE_MULTITHREAD=ON -DCMAKE_INSTALL_PREFIX=/home/rasp/ros2_ws/install/microxrcedds_client
[18.783s] DEBUG:colcon.colcon_core.event_handler.log_command:Invoking command in '/home/rasp/ros2_ws/build/microxrcedds_client': CMAKE_PREFIX_PATH=/home/rasp/ros2_ws/install/microcdr:/home/rasp/ros2_ws/install/rosidl_typesupport_microxrcedds_cpp:/home/rasp/ros2_ws/install/rosidl_typesupport_microxrcedds_c:/home/rasp/ros2_ws/install/micro_ros_setup:/opt/ros/jazzy/opt/gz_math_vendor:/opt/ros/jazzy/opt/gz_utils_vendor:/opt/ros/jazzy/opt/gz_cmake_vendor DEBUGINFOD_URLS=https://debuginfod.ubuntu.com LD_LIBRARY_PATH=/home/rasp/ros2_ws/install/microcdr/lib:/home/rasp/ros2_ws/install/rosidl_typesupport_microxrcedds_cpp/lib:/home/rasp/ros2_ws/install/rosidl_typesupport_microxrcedds_c/lib:/opt/ros/jazzy/opt/rviz_ogre_vendor/lib:/opt/ros/jazzy/lib/x86_64-linux-gnu:/opt/ros/jazzy/opt/gz_math_vendor/lib:/opt/ros/jazzy/opt/gz_utils_vendor/lib:/opt/ros/jazzy/opt/gz_cmake_vendor/lib:/opt/ros/jazzy/lib /usr/bin/cmake --build /home/rasp/ros2_ws/build/microxrcedds_client -- -j2 -l2
[20.651s] DEBUG:colcon.colcon_core.event_handler.log_command:Invoked command in '/home/rasp/ros2_ws/build/std_msgs' returned '0': AMENT_PREFIX_PATH=/home/rasp/ros2_ws/install/builtin_interfaces:${AMENT_PREFIX_PATH} CMAKE_PREFIX_PATH=/home/rasp/ros2_ws/install/builtin_interfaces:/home/rasp/ros2_ws/install/rosidl_typesupport_microxrcedds_cpp:/home/rasp/ros2_ws/install/rosidl_typesupport_microxrcedds_c:/home/rasp/ros2_ws/install/microcdr:/home/rasp/ros2_ws/install/micro_ros_setup:/opt/ros/jazzy/opt/gz_math_vendor:/opt/ros/jazzy/opt/gz_utils_vendor:/opt/ros/jazzy/opt/gz_cmake_vendor:/opt/ros/jazzy DEBUGINFOD_URLS=https://debuginfod.ubuntu.com LD_LIBRARY_PATH=/home/rasp/ros2_ws/install/builtin_interfaces/lib:${LD_LIBRARY_PATH} PYTHONPATH=/home/rasp/ros2_ws/install/builtin_interfaces/lib/python3.12/site-packages:${PYTHONPATH} /usr/bin/cmake /home/rasp/ros2_ws/src/ros2/common_interfaces/std_msgs -DBUILD_TESTING=OFF -DBUILD_SHARED_LIBS=ON -DCMAKE_INSTALL_PREFIX=/home/rasp/ros2_ws/install/std_msgs
[20.651s] DEBUG:colcon.colcon_core.event_handler.log_command:Invoking command in '/home/rasp/ros2_ws/build/std_msgs': AMENT_PREFIX_PATH=/home/rasp/ros2_ws/install/builtin_interfaces:${AMENT_PREFIX_PATH} CMAKE_PREFIX_PATH=/home/rasp/ros2_ws/install/builtin_interfaces:/home/rasp/ros2_ws/install/rosidl_typesupport_microxrcedds_cpp:/home/rasp/ros2_ws/install/rosidl_typesupport_microxrcedds_c:/home/rasp/ros2_ws/install/microcdr:/home/rasp/ros2_ws/install/micro_ros_setup:/opt/ros/jazzy/opt/gz_math_vendor:/opt/ros/jazzy/opt/gz_utils_vendor:/opt/ros/jazzy/opt/gz_cmake_vendor:/opt/ros/jazzy DEBUGINFOD_URLS=https://debuginfod.ubuntu.com LD_LIBRARY_PATH=/home/rasp/ros2_ws/install/builtin_interfaces/lib:${LD_LIBRARY_PATH} PYTHONPATH=/home/rasp/ros2_ws/install/builtin_interfaces/lib/python3.12/site-packages:${PYTHONPATH} /usr/bin/cmake --build /home/rasp/ros2_ws/build/std_msgs -- -j2 -l2
[21.251s] DEBUG:colcon.colcon_core.event_handler.log_command:Invoked command in '/home/rasp/ros2_ws/build/microxrcedds_client' returned '0': CMAKE_PREFIX_PATH=/home/rasp/ros2_ws/install/microcdr:/home/rasp/ros2_ws/install/rosidl_typesupport_microxrcedds_cpp:/home/rasp/ros2_ws/install/rosidl_typesupport_microxrcedds_c:/home/rasp/ros2_ws/install/micro_ros_setup:/opt/ros/jazzy/opt/gz_math_vendor:/opt/ros/jazzy/opt/gz_utils_vendor:/opt/ros/jazzy/opt/gz_cmake_vendor DEBUGINFOD_URLS=https://debuginfod.ubuntu.com LD_LIBRARY_PATH=/home/rasp/ros2_ws/install/microcdr/lib:/home/rasp/ros2_ws/install/rosidl_typesupport_microxrcedds_cpp/lib:/home/rasp/ros2_ws/install/rosidl_typesupport_microxrcedds_c/lib:/opt/ros/jazzy/opt/rviz_ogre_vendor/lib:/opt/ros/jazzy/lib/x86_64-linux-gnu:/opt/ros/jazzy/opt/gz_math_vendor/lib:/opt/ros/jazzy/opt/gz_utils_vendor/lib:/opt/ros/jazzy/opt/gz_cmake_vendor/lib:/opt/ros/jazzy/lib /usr/bin/cmake --build /home/rasp/ros2_ws/build/microxrcedds_client -- -j2 -l2
[21.253s] DEBUG:colcon.colcon_core.event_handler.log_command:Invoking command in '/home/rasp/ros2_ws/build/microxrcedds_client': CMAKE_PREFIX_PATH=/home/rasp/ros2_ws/install/microcdr:/home/rasp/ros2_ws/install/rosidl_typesupport_microxrcedds_cpp:/home/rasp/ros2_ws/install/rosidl_typesupport_microxrcedds_c:/home/rasp/ros2_ws/install/micro_ros_setup:/opt/ros/jazzy/opt/gz_math_vendor:/opt/ros/jazzy/opt/gz_utils_vendor:/opt/ros/jazzy/opt/gz_cmake_vendor DEBUGINFOD_URLS=https://debuginfod.ubuntu.com LD_LIBRARY_PATH=/home/rasp/ros2_ws/install/microcdr/lib:/home/rasp/ros2_ws/install/rosidl_typesupport_microxrcedds_cpp/lib:/home/rasp/ros2_ws/install/rosidl_typesupport_microxrcedds_c/lib:/opt/ros/jazzy/opt/rviz_ogre_vendor/lib:/opt/ros/jazzy/lib/x86_64-linux-gnu:/opt/ros/jazzy/opt/gz_math_vendor/lib:/opt/ros/jazzy/opt/gz_utils_vendor/lib:/opt/ros/jazzy/opt/gz_cmake_vendor/lib:/opt/ros/jazzy/lib /usr/bin/cmake --install /home/rasp/ros2_ws/build/microxrcedds_client
[21.317s] Level 1:colcon.colcon_core.environment:create_environment_scripts_only(microxrcedds_client)
[21.317s] Level 1:colcon.colcon_core.environment:checking '/home/rasp/ros2_ws/install/microxrcedds_client' for CMake module files
[21.318s] DEBUG:colcon.colcon_core.event_handler.log_command:Invoked command in '/home/rasp/ros2_ws/build/microxrcedds_client' returned '0': CMAKE_PREFIX_PATH=/home/rasp/ros2_ws/install/microcdr:/home/rasp/ros2_ws/install/rosidl_typesupport_microxrcedds_cpp:/home/rasp/ros2_ws/install/rosidl_typesupport_microxrcedds_c:/home/rasp/ros2_ws/install/micro_ros_setup:/opt/ros/jazzy/opt/gz_math_vendor:/opt/ros/jazzy/opt/gz_utils_vendor:/opt/ros/jazzy/opt/gz_cmake_vendor DEBUGINFOD_URLS=https://debuginfod.ubuntu.com LD_LIBRARY_PATH=/home/rasp/ros2_ws/install/microcdr/lib:/home/rasp/ros2_ws/install/rosidl_typesupport_microxrcedds_cpp/lib:/home/rasp/ros2_ws/install/rosidl_typesupport_microxrcedds_c/lib:/opt/ros/jazzy/opt/rviz_ogre_vendor/lib:/opt/ros/jazzy/lib/x86_64-linux-gnu:/opt/ros/jazzy/opt/gz_math_vendor/lib:/opt/ros/jazzy/opt/gz_utils_vendor/lib:/opt/ros/jazzy/opt/gz_cmake_vendor/lib:/opt/ros/jazzy/lib /usr/bin/cmake --install /home/rasp/ros2_ws/build/microxrcedds_client
[21.320s] Level 1:colcon.colcon_core.environment:checking '/home/rasp/ros2_ws/install/microxrcedds_client' for CMake config files
[21.320s] Level 1:colcon.colcon_core.shell:create_environment_hook('microxrcedds_client', 'cmake_prefix_path')
[21.320s] INFO:colcon.colcon_core.shell:Creating environment hook '/home/rasp/ros2_ws/install/microxrcedds_client/share/microxrcedds_client/hook/cmake_prefix_path.ps1'
[21.321s] INFO:colcon.colcon_core.shell:Creating environment descriptor '/home/rasp/ros2_ws/install/microxrcedds_client/share/microxrcedds_client/hook/cmake_prefix_path.dsv'
[21.321s] INFO:colcon.colcon_core.shell:Creating environment hook '/home/rasp/ros2_ws/install/microxrcedds_client/share/microxrcedds_client/hook/cmake_prefix_path.sh'
[21.322s] Level 1:colcon.colcon_core.environment:checking '/home/rasp/ros2_ws/install/microxrcedds_client/lib'
[21.322s] Level 1:colcon.colcon_core.shell:create_environment_hook('microxrcedds_client', 'ld_library_path_lib')
[21.322s] INFO:colcon.colcon_core.shell:Creating environment hook '/home/rasp/ros2_ws/install/microxrcedds_client/share/microxrcedds_client/hook/ld_library_path_lib.ps1'
[21.322s] INFO:colcon.colcon_core.shell:Creating environment descriptor '/home/rasp/ros2_ws/install/microxrcedds_client/share/microxrcedds_client/hook/ld_library_path_lib.dsv'
[21.323s] INFO:colcon.colcon_core.shell:Creating environment hook '/home/rasp/ros2_ws/install/microxrcedds_client/share/microxrcedds_client/hook/ld_library_path_lib.sh'
[21.323s] Level 1:colcon.colcon_core.environment:checking '/home/rasp/ros2_ws/install/microxrcedds_client/bin'
[21.323s] Level 1:colcon.colcon_core.environment:checking '/home/rasp/ros2_ws/install/microxrcedds_client/lib/pkgconfig/microxrcedds_client.pc'
[21.323s] Level 1:colcon.colcon_core.environment:checking '/home/rasp/ros2_ws/install/microxrcedds_client/lib/python3.12/site-packages'
[21.323s] Level 1:colcon.colcon_core.environment:checking '/home/rasp/ros2_ws/install/microxrcedds_client/bin'
[21.323s] INFO:colcon.colcon_core.shell:Creating package script '/home/rasp/ros2_ws/install/microxrcedds_client/share/microxrcedds_client/package.ps1'
[21.324s] INFO:colcon.colcon_core.shell:Creating package descriptor '/home/rasp/ros2_ws/install/microxrcedds_client/share/microxrcedds_client/package.dsv'
[21.324s] INFO:colcon.colcon_core.shell:Creating package script '/home/rasp/ros2_ws/install/microxrcedds_client/share/microxrcedds_client/package.sh'
[21.324s] INFO:colcon.colcon_core.shell:Creating package script '/home/rasp/ros2_ws/install/microxrcedds_client/share/microxrcedds_client/package.bash'
[21.325s] INFO:colcon.colcon_core.shell:Creating package script '/home/rasp/ros2_ws/install/microxrcedds_client/share/microxrcedds_client/package.zsh'
[21.329s] Level 1:colcon.colcon_core.environment:create_file_with_runtime_dependencies(/home/rasp/ros2_ws/install/microxrcedds_client/share/colcon-core/packages/microxrcedds_client)
[21.329s] INFO:colcon.colcon_ros.task.ament_cmake.build:Building ROS package in '/home/rasp/ros2_ws/src/uros/rosidl_typesupport_microxrcedds/rosidl_typesupport_microxrcedds_cpp' with build type 'ament_cmake'
[21.329s] INFO:colcon.colcon_cmake.task.cmake.build:Building CMake package in '/home/rasp/ros2_ws/src/uros/rosidl_typesupport_microxrcedds/rosidl_typesupport_microxrcedds_cpp'
[21.330s] INFO:colcon.colcon_core.shell:Skip shell extension 'powershell' for command environment: Not usable outside of PowerShell
[21.330s] DEBUG:colcon.colcon_core.shell:Skip shell extension 'dsv' for command environment
[21.357s] DEBUG:colcon.colcon_core.event_handler.log_command:Invoking command in '/home/rasp/ros2_ws/build/rosidl_typesupport_microxrcedds_cpp': CMAKE_PREFIX_PATH=/home/rasp/ros2_ws/install/rosidl_typesupport_microxrcedds_c:/home/rasp/ros2_ws/install/microcdr:/home/rasp/ros2_ws/install/rosidl_typesupport_microxrcedds_cpp:/home/rasp/ros2_ws/install/micro_ros_setup:/opt/ros/jazzy/opt/gz_math_vendor:/opt/ros/jazzy/opt/gz_utils_vendor:/opt/ros/jazzy/opt/gz_cmake_vendor:/opt/ros/jazzy DEBUGINFOD_URLS=https://debuginfod.ubuntu.com LD_LIBRARY_PATH=/home/rasp/ros2_ws/install/rosidl_typesupport_microxrcedds_c/lib:/home/rasp/ros2_ws/install/microcdr/lib:/home/rasp/ros2_ws/install/rosidl_typesupport_microxrcedds_cpp/lib:/opt/ros/jazzy/opt/rviz_ogre_vendor/lib:/opt/ros/jazzy/lib/x86_64-linux-gnu:/opt/ros/jazzy/opt/gz_math_vendor/lib:/opt/ros/jazzy/opt/gz_utils_vendor/lib:/opt/ros/jazzy/opt/gz_cmake_vendor/lib:/opt/ros/jazzy/lib PYTHONPATH=/home/rasp/ros2_ws/install/rosidl_typesupport_microxrcedds_c/lib/python3.12/site-packages:/home/rasp/ros2_ws/install/rosidl_typesupport_microxrcedds_cpp/lib/python3.12/site-packages:/opt/ros/jazzy/lib/python3.12/site-packages /usr/bin/cmake --build /home/rasp/ros2_ws/build/rosidl_typesupport_microxrcedds_cpp -- -j2 -l2
[21.793s] DEBUG:colcon.colcon_core.event_handler.log_command:Invoked command in '/home/rasp/ros2_ws/build/rosidl_typesupport_microxrcedds_cpp' returned '0': CMAKE_PREFIX_PATH=/home/rasp/ros2_ws/install/rosidl_typesupport_microxrcedds_c:/home/rasp/ros2_ws/install/microcdr:/home/rasp/ros2_ws/install/rosidl_typesupport_microxrcedds_cpp:/home/rasp/ros2_ws/install/micro_ros_setup:/opt/ros/jazzy/opt/gz_math_vendor:/opt/ros/jazzy/opt/gz_utils_vendor:/opt/ros/jazzy/opt/gz_cmake_vendor:/opt/ros/jazzy DEBUGINFOD_URLS=https://debuginfod.ubuntu.com LD_LIBRARY_PATH=/home/rasp/ros2_ws/install/rosidl_typesupport_microxrcedds_c/lib:/home/rasp/ros2_ws/install/microcdr/lib:/home/rasp/ros2_ws/install/rosidl_typesupport_microxrcedds_cpp/lib:/opt/ros/jazzy/opt/rviz_ogre_vendor/lib:/opt/ros/jazzy/lib/x86_64-linux-gnu:/opt/ros/jazzy/opt/gz_math_vendor/lib:/opt/ros/jazzy/opt/gz_utils_vendor/lib:/opt/ros/jazzy/opt/gz_cmake_vendor/lib:/opt/ros/jazzy/lib PYTHONPATH=/home/rasp/ros2_ws/install/rosidl_typesupport_microxrcedds_c/lib/python3.12/site-packages:/home/rasp/ros2_ws/install/rosidl_typesupport_microxrcedds_cpp/lib/python3.12/site-packages:/opt/ros/jazzy/lib/python3.12/site-packages /usr/bin/cmake --build /home/rasp/ros2_ws/build/rosidl_typesupport_microxrcedds_cpp -- -j2 -l2
[21.795s] DEBUG:colcon.colcon_core.event_handler.log_command:Invoking command in '/home/rasp/ros2_ws/build/rosidl_typesupport_microxrcedds_cpp': CMAKE_PREFIX_PATH=/home/rasp/ros2_ws/install/rosidl_typesupport_microxrcedds_c:/home/rasp/ros2_ws/install/microcdr:/home/rasp/ros2_ws/install/rosidl_typesupport_microxrcedds_cpp:/home/rasp/ros2_ws/install/micro_ros_setup:/opt/ros/jazzy/opt/gz_math_vendor:/opt/ros/jazzy/opt/gz_utils_vendor:/opt/ros/jazzy/opt/gz_cmake_vendor:/opt/ros/jazzy DEBUGINFOD_URLS=https://debuginfod.ubuntu.com LD_LIBRARY_PATH=/home/rasp/ros2_ws/install/rosidl_typesupport_microxrcedds_c/lib:/home/rasp/ros2_ws/install/microcdr/lib:/home/rasp/ros2_ws/install/rosidl_typesupport_microxrcedds_cpp/lib:/opt/ros/jazzy/opt/rviz_ogre_vendor/lib:/opt/ros/jazzy/lib/x86_64-linux-gnu:/opt/ros/jazzy/opt/gz_math_vendor/lib:/opt/ros/jazzy/opt/gz_utils_vendor/lib:/opt/ros/jazzy/opt/gz_cmake_vendor/lib:/opt/ros/jazzy/lib PYTHONPATH=/home/rasp/ros2_ws/install/rosidl_typesupport_microxrcedds_c/lib/python3.12/site-packages:/home/rasp/ros2_ws/install/rosidl_typesupport_microxrcedds_cpp/lib/python3.12/site-packages:/opt/ros/jazzy/lib/python3.12/site-packages /usr/bin/cmake --install /home/rasp/ros2_ws/build/rosidl_typesupport_microxrcedds_cpp
[21.860s] Level 1:colcon.colcon_core.environment:create_environment_scripts_only(rosidl_typesupport_microxrcedds_cpp)
[21.860s] Level 1:colcon.colcon_core.environment:checking '/home/rasp/ros2_ws/install/rosidl_typesupport_microxrcedds_cpp' for CMake module files
[21.861s] DEBUG:colcon.colcon_core.event_handler.log_command:Invoked command in '/home/rasp/ros2_ws/build/rosidl_typesupport_microxrcedds_cpp' returned '0': CMAKE_PREFIX_PATH=/home/rasp/ros2_ws/install/rosidl_typesupport_microxrcedds_c:/home/rasp/ros2_ws/install/microcdr:/home/rasp/ros2_ws/install/rosidl_typesupport_microxrcedds_cpp:/home/rasp/ros2_ws/install/micro_ros_setup:/opt/ros/jazzy/opt/gz_math_vendor:/opt/ros/jazzy/opt/gz_utils_vendor:/opt/ros/jazzy/opt/gz_cmake_vendor:/opt/ros/jazzy DEBUGINFOD_URLS=https://debuginfod.ubuntu.com LD_LIBRARY_PATH=/home/rasp/ros2_ws/install/rosidl_typesupport_microxrcedds_c/lib:/home/rasp/ros2_ws/install/microcdr/lib:/home/rasp/ros2_ws/install/rosidl_typesupport_microxrcedds_cpp/lib:/opt/ros/jazzy/opt/rviz_ogre_vendor/lib:/opt/ros/jazzy/lib/x86_64-linux-gnu:/opt/ros/jazzy/opt/gz_math_vendor/lib:/opt/ros/jazzy/opt/gz_utils_vendor/lib:/opt/ros/jazzy/opt/gz_cmake_vendor/lib:/opt/ros/jazzy/lib PYTHONPATH=/home/rasp/ros2_ws/install/rosidl_typesupport_microxrcedds_c/lib/python3.12/site-packages:/home/rasp/ros2_ws/install/rosidl_typesupport_microxrcedds_cpp/lib/python3.12/site-packages:/opt/ros/jazzy/lib/python3.12/site-packages /usr/bin/cmake --install /home/rasp/ros2_ws/build/rosidl_typesupport_microxrcedds_cpp
[21.861s] Level 1:colcon.colcon_core.environment:checking '/home/rasp/ros2_ws/install/rosidl_typesupport_microxrcedds_cpp' for CMake config files
[21.862s] Level 1:colcon.colcon_core.shell:create_environment_hook('rosidl_typesupport_microxrcedds_cpp', 'cmake_prefix_path')
[21.862s] INFO:colcon.colcon_core.shell:Creating environment hook '/home/rasp/ros2_ws/install/rosidl_typesupport_microxrcedds_cpp/share/rosidl_typesupport_microxrcedds_cpp/hook/cmake_prefix_path.ps1'
[21.863s] INFO:colcon.colcon_core.shell:Creating environment descriptor '/home/rasp/ros2_ws/install/rosidl_typesupport_microxrcedds_cpp/share/rosidl_typesupport_microxrcedds_cpp/hook/cmake_prefix_path.dsv'
[21.863s] INFO:colcon.colcon_core.shell:Creating environment hook '/home/rasp/ros2_ws/install/rosidl_typesupport_microxrcedds_cpp/share/rosidl_typesupport_microxrcedds_cpp/hook/cmake_prefix_path.sh'
[21.864s] Level 1:colcon.colcon_core.environment:checking '/home/rasp/ros2_ws/install/rosidl_typesupport_microxrcedds_cpp/lib'
[21.864s] Level 1:colcon.colcon_core.shell:create_environment_hook('rosidl_typesupport_microxrcedds_cpp', 'ld_library_path_lib')
[21.864s] INFO:colcon.colcon_core.shell:Creating environment hook '/home/rasp/ros2_ws/install/rosidl_typesupport_microxrcedds_cpp/share/rosidl_typesupport_microxrcedds_cpp/hook/ld_library_path_lib.ps1'
[21.864s] INFO:colcon.colcon_core.shell:Creating environment descriptor '/home/rasp/ros2_ws/install/rosidl_typesupport_microxrcedds_cpp/share/rosidl_typesupport_microxrcedds_cpp/hook/ld_library_path_lib.dsv'
[21.865s] INFO:colcon.colcon_core.shell:Creating environment hook '/home/rasp/ros2_ws/install/rosidl_typesupport_microxrcedds_cpp/share/rosidl_typesupport_microxrcedds_cpp/hook/ld_library_path_lib.sh'
[21.866s] Level 1:colcon.colcon_core.environment:checking '/home/rasp/ros2_ws/install/rosidl_typesupport_microxrcedds_cpp/bin'
[21.866s] Level 1:colcon.colcon_core.environment:checking '/home/rasp/ros2_ws/install/rosidl_typesupport_microxrcedds_cpp/lib/pkgconfig/rosidl_typesupport_microxrcedds_cpp.pc'
[21.866s] Level 1:colcon.colcon_core.environment:checking '/home/rasp/ros2_ws/install/rosidl_typesupport_microxrcedds_cpp/lib/python3.12/site-packages'
[21.866s] Level 1:colcon.colcon_core.shell:create_environment_hook('rosidl_typesupport_microxrcedds_cpp', 'pythonpath')
[21.866s] INFO:colcon.colcon_core.shell:Creating environment hook '/home/rasp/ros2_ws/install/rosidl_typesupport_microxrcedds_cpp/share/rosidl_typesupport_microxrcedds_cpp/hook/pythonpath.ps1'
[21.867s] INFO:colcon.colcon_core.shell:Creating environment descriptor '/home/rasp/ros2_ws/install/rosidl_typesupport_microxrcedds_cpp/share/rosidl_typesupport_microxrcedds_cpp/hook/pythonpath.dsv'
[21.867s] INFO:colcon.colcon_core.shell:Creating environment hook '/home/rasp/ros2_ws/install/rosidl_typesupport_microxrcedds_cpp/share/rosidl_typesupport_microxrcedds_cpp/hook/pythonpath.sh'
[21.868s] Level 1:colcon.colcon_core.environment:checking '/home/rasp/ros2_ws/install/rosidl_typesupport_microxrcedds_cpp/bin'
[21.868s] INFO:colcon.colcon_core.shell:Creating package script '/home/rasp/ros2_ws/install/rosidl_typesupport_microxrcedds_cpp/share/rosidl_typesupport_microxrcedds_cpp/package.ps1'
[21.869s] INFO:colcon.colcon_core.shell:Creating package descriptor '/home/rasp/ros2_ws/install/rosidl_typesupport_microxrcedds_cpp/share/rosidl_typesupport_microxrcedds_cpp/package.dsv'
[21.869s] INFO:colcon.colcon_core.shell:Creating package script '/home/rasp/ros2_ws/install/rosidl_typesupport_microxrcedds_cpp/share/rosidl_typesupport_microxrcedds_cpp/package.sh'
[21.870s] INFO:colcon.colcon_core.shell:Creating package script '/home/rasp/ros2_ws/install/rosidl_typesupport_microxrcedds_cpp/share/rosidl_typesupport_microxrcedds_cpp/package.bash'
[21.870s] INFO:colcon.colcon_core.shell:Creating package script '/home/rasp/ros2_ws/install/rosidl_typesupport_microxrcedds_cpp/share/rosidl_typesupport_microxrcedds_cpp/package.zsh'
[21.871s] Level 1:colcon.colcon_core.environment:create_file_with_runtime_dependencies(/home/rasp/ros2_ws/install/rosidl_typesupport_microxrcedds_cpp/share/colcon-core/packages/rosidl_typesupport_microxrcedds_cpp)
[21.871s] Level 1:colcon.colcon_core.environment:create_environment_scripts_only(rosidl_typesupport_microxrcedds_cpp)
[21.871s] Level 1:colcon.colcon_core.environment:checking '/home/rasp/ros2_ws/install/rosidl_typesupport_microxrcedds_cpp' for CMake module files
[21.872s] Level 1:colcon.colcon_core.environment:checking '/home/rasp/ros2_ws/install/rosidl_typesupport_microxrcedds_cpp' for CMake config files
[21.872s] Level 1:colcon.colcon_core.shell:create_environment_hook('rosidl_typesupport_microxrcedds_cpp', 'cmake_prefix_path')
[21.873s] INFO:colcon.colcon_core.shell:Creating environment hook '/home/rasp/ros2_ws/install/rosidl_typesupport_microxrcedds_cpp/share/rosidl_typesupport_microxrcedds_cpp/hook/cmake_prefix_path.ps1'
[21.873s] INFO:colcon.colcon_core.shell:Creating environment descriptor '/home/rasp/ros2_ws/install/rosidl_typesupport_microxrcedds_cpp/share/rosidl_typesupport_microxrcedds_cpp/hook/cmake_prefix_path.dsv'
[21.874s] INFO:colcon.colcon_core.shell:Creating environment hook '/home/rasp/ros2_ws/install/rosidl_typesupport_microxrcedds_cpp/share/rosidl_typesupport_microxrcedds_cpp/hook/cmake_prefix_path.sh'
[21.874s] Level 1:colcon.colcon_core.environment:checking '/home/rasp/ros2_ws/install/rosidl_typesupport_microxrcedds_cpp/lib'
[21.874s] Level 1:colcon.colcon_core.shell:create_environment_hook('rosidl_typesupport_microxrcedds_cpp', 'ld_library_path_lib')
[21.874s] INFO:colcon.colcon_core.shell:Creating environment hook '/home/rasp/ros2_ws/install/rosidl_typesupport_microxrcedds_cpp/share/rosidl_typesupport_microxrcedds_cpp/hook/ld_library_path_lib.ps1'
[21.875s] INFO:colcon.colcon_core.shell:Creating environment descriptor '/home/rasp/ros2_ws/install/rosidl_typesupport_microxrcedds_cpp/share/rosidl_typesupport_microxrcedds_cpp/hook/ld_library_path_lib.dsv'
[21.876s] INFO:colcon.colcon_core.shell:Creating environment hook '/home/rasp/ros2_ws/install/rosidl_typesupport_microxrcedds_cpp/share/rosidl_typesupport_microxrcedds_cpp/hook/ld_library_path_lib.sh'
[21.876s] Level 1:colcon.colcon_core.environment:checking '/home/rasp/ros2_ws/install/rosidl_typesupport_microxrcedds_cpp/bin'
[21.876s] Level 1:colcon.colcon_core.environment:checking '/home/rasp/ros2_ws/install/rosidl_typesupport_microxrcedds_cpp/lib/pkgconfig/rosidl_typesupport_microxrcedds_cpp.pc'
[21.877s] Level 1:colcon.colcon_core.environment:checking '/home/rasp/ros2_ws/install/rosidl_typesupport_microxrcedds_cpp/lib/python3.12/site-packages'
[21.877s] Level 1:colcon.colcon_core.shell:create_environment_hook('rosidl_typesupport_microxrcedds_cpp', 'pythonpath')
[21.877s] INFO:colcon.colcon_core.shell:Creating environment hook '/home/rasp/ros2_ws/install/rosidl_typesupport_microxrcedds_cpp/share/rosidl_typesupport_microxrcedds_cpp/hook/pythonpath.ps1'
[21.877s] INFO:colcon.colcon_core.shell:Creating environment descriptor '/home/rasp/ros2_ws/install/rosidl_typesupport_microxrcedds_cpp/share/rosidl_typesupport_microxrcedds_cpp/hook/pythonpath.dsv'
[21.878s] INFO:colcon.colcon_core.shell:Creating environment hook '/home/rasp/ros2_ws/install/rosidl_typesupport_microxrcedds_cpp/share/rosidl_typesupport_microxrcedds_cpp/hook/pythonpath.sh'
[21.878s] Level 1:colcon.colcon_core.environment:checking '/home/rasp/ros2_ws/install/rosidl_typesupport_microxrcedds_cpp/bin'
[21.879s] INFO:colcon.colcon_core.shell:Creating package script '/home/rasp/ros2_ws/install/rosidl_typesupport_microxrcedds_cpp/share/rosidl_typesupport_microxrcedds_cpp/package.ps1'
[21.879s] INFO:colcon.colcon_core.shell:Creating package descriptor '/home/rasp/ros2_ws/install/rosidl_typesupport_microxrcedds_cpp/share/rosidl_typesupport_microxrcedds_cpp/package.dsv'
[21.880s] INFO:colcon.colcon_core.shell:Creating package script '/home/rasp/ros2_ws/install/rosidl_typesupport_microxrcedds_cpp/share/rosidl_typesupport_microxrcedds_cpp/package.sh'
[21.880s] INFO:colcon.colcon_core.shell:Creating package script '/home/rasp/ros2_ws/install/rosidl_typesupport_microxrcedds_cpp/share/rosidl_typesupport_microxrcedds_cpp/package.bash'
[21.881s] INFO:colcon.colcon_core.shell:Creating package script '/home/rasp/ros2_ws/install/rosidl_typesupport_microxrcedds_cpp/share/rosidl_typesupport_microxrcedds_cpp/package.zsh'
[21.881s] Level 1:colcon.colcon_core.environment:create_file_with_runtime_dependencies(/home/rasp/ros2_ws/install/rosidl_typesupport_microxrcedds_cpp/share/colcon-core/packages/rosidl_typesupport_microxrcedds_cpp)
[21.883s] INFO:colcon.colcon_ros.task.ament_cmake.build:Building ROS package in '/home/rasp/ros2_ws/src/ros2/test_interface_files' with build type 'ament_cmake'
[21.883s] INFO:colcon.colcon_cmake.task.cmake.build:Building CMake package in '/home/rasp/ros2_ws/src/ros2/test_interface_files'
[21.883s] INFO:colcon.colcon_core.shell:Skip shell extension 'powershell' for command environment: Not usable outside of PowerShell
[21.883s] DEBUG:colcon.colcon_core.shell:Skip shell extension 'dsv' for command environment
[21.891s] DEBUG:colcon.colcon_core.event_handler.log_command:Invoking command in '/home/rasp/ros2_ws/build/test_interface_files': CMAKE_PREFIX_PATH=${CMAKE_PREFIX_PATH}:/opt/ros/jazzy DEBUGINFOD_URLS=https://debuginfod.ubuntu.com /usr/bin/cmake /home/rasp/ros2_ws/src/ros2/test_interface_files -DBUILD_TESTING=OFF -DBUILD_SHARED_LIBS=ON -DCMAKE_INSTALL_PREFIX=/home/rasp/ros2_ws/install/test_interface_files
[22.474s] DEBUG:colcon.colcon_core.event_handler.log_command:Invoked command in '/home/rasp/ros2_ws/build/test_interface_files' returned '0': CMAKE_PREFIX_PATH=${CMAKE_PREFIX_PATH}:/opt/ros/jazzy DEBUGINFOD_URLS=https://debuginfod.ubuntu.com /usr/bin/cmake /home/rasp/ros2_ws/src/ros2/test_interface_files -DBUILD_TESTING=OFF -DBUILD_SHARED_LIBS=ON -DCMAKE_INSTALL_PREFIX=/home/rasp/ros2_ws/install/test_interface_files
[22.475s] DEBUG:colcon.colcon_core.event_handler.log_command:Invoking command in '/home/rasp/ros2_ws/build/test_interface_files': CMAKE_PREFIX_PATH=${CMAKE_PREFIX_PATH}:/opt/ros/jazzy DEBUGINFOD_URLS=https://debuginfod.ubuntu.com /usr/bin/cmake --build /home/rasp/ros2_ws/build/test_interface_files -- -j2 -l2
[22.583s] DEBUG:colcon.colcon_core.event_handler.log_command:Invoked command in '/home/rasp/ros2_ws/build/test_interface_files' returned '0': CMAKE_PREFIX_PATH=${CMAKE_PREFIX_PATH}:/opt/ros/jazzy DEBUGINFOD_URLS=https://debuginfod.ubuntu.com /usr/bin/cmake --build /home/rasp/ros2_ws/build/test_interface_files -- -j2 -l2
[22.584s] DEBUG:colcon.colcon_core.event_handler.log_command:Invoking command in '/home/rasp/ros2_ws/build/test_interface_files': CMAKE_PREFIX_PATH=${CMAKE_PREFIX_PATH}:/opt/ros/jazzy DEBUGINFOD_URLS=https://debuginfod.ubuntu.com /usr/bin/cmake --install /home/rasp/ros2_ws/build/test_interface_files
[22.636s] Level 1:colcon.colcon_core.environment:create_environment_scripts_only(test_interface_files)
[22.636s] Level 1:colcon.colcon_core.environment:checking '/home/rasp/ros2_ws/install/test_interface_files' for CMake module files
[22.637s] Level 1:colcon.colcon_core.environment:checking '/home/rasp/ros2_ws/install/test_interface_files' for CMake config files
[22.637s] Level 1:colcon.colcon_core.shell:create_environment_hook('test_interface_files', 'cmake_prefix_path')
[22.637s] INFO:colcon.colcon_core.shell:Creating environment hook '/home/rasp/ros2_ws/install/test_interface_files/share/test_interface_files/hook/cmake_prefix_path.ps1'
[22.639s] DEBUG:colcon.colcon_core.event_handler.log_command:Invoked command in '/home/rasp/ros2_ws/build/test_interface_files' returned '0': CMAKE_PREFIX_PATH=${CMAKE_PREFIX_PATH}:/opt/ros/jazzy DEBUGINFOD_URLS=https://debuginfod.ubuntu.com /usr/bin/cmake --install /home/rasp/ros2_ws/build/test_interface_files
[22.639s] INFO:colcon.colcon_core.shell:Creating environment descriptor '/home/rasp/ros2_ws/install/test_interface_files/share/test_interface_files/hook/cmake_prefix_path.dsv'
[22.639s] INFO:colcon.colcon_core.shell:Creating environment hook '/home/rasp/ros2_ws/install/test_interface_files/share/test_interface_files/hook/cmake_prefix_path.sh'
[22.641s] Level 1:colcon.colcon_core.environment:checking '/home/rasp/ros2_ws/install/test_interface_files/bin'
[22.641s] Level 1:colcon.colcon_core.environment:checking '/home/rasp/ros2_ws/install/test_interface_files/lib/pkgconfig/test_interface_files.pc'
[22.641s] Level 1:colcon.colcon_core.environment:checking '/home/rasp/ros2_ws/install/test_interface_files/lib/python3.12/site-packages'
[22.641s] Level 1:colcon.colcon_core.environment:checking '/home/rasp/ros2_ws/install/test_interface_files/bin'
[22.643s] INFO:colcon.colcon_core.shell:Creating package script '/home/rasp/ros2_ws/install/test_interface_files/share/test_interface_files/package.ps1'
[22.643s] INFO:colcon.colcon_core.shell:Creating package descriptor '/home/rasp/ros2_ws/install/test_interface_files/share/test_interface_files/package.dsv'
[22.645s] INFO:colcon.colcon_core.shell:Creating package script '/home/rasp/ros2_ws/install/test_interface_files/share/test_interface_files/package.sh'
[22.645s] INFO:colcon.colcon_core.shell:Creating package script '/home/rasp/ros2_ws/install/test_interface_files/share/test_interface_files/package.bash'
[22.645s] INFO:colcon.colcon_core.shell:Creating package script '/home/rasp/ros2_ws/install/test_interface_files/share/test_interface_files/package.zsh'
[22.645s] Level 1:colcon.colcon_core.environment:create_file_with_runtime_dependencies(/home/rasp/ros2_ws/install/test_interface_files/share/colcon-core/packages/test_interface_files)
[22.648s] Level 1:colcon.colcon_core.environment:create_environment_scripts_only(test_interface_files)
[22.648s] Level 1:colcon.colcon_core.environment:checking '/home/rasp/ros2_ws/install/test_interface_files' for CMake module files
[22.649s] Level 1:colcon.colcon_core.environment:checking '/home/rasp/ros2_ws/install/test_interface_files' for CMake config files
[22.649s] Level 1:colcon.colcon_core.shell:create_environment_hook('test_interface_files', 'cmake_prefix_path')
[22.649s] INFO:colcon.colcon_core.shell:Creating environment hook '/home/rasp/ros2_ws/install/test_interface_files/share/test_interface_files/hook/cmake_prefix_path.ps1'
[22.652s] INFO:colcon.colcon_core.shell:Creating environment descriptor '/home/rasp/ros2_ws/install/test_interface_files/share/test_interface_files/hook/cmake_prefix_path.dsv'
[22.652s] INFO:colcon.colcon_core.shell:Creating environment hook '/home/rasp/ros2_ws/install/test_interface_files/share/test_interface_files/hook/cmake_prefix_path.sh'
[22.653s] Level 1:colcon.colcon_core.environment:checking '/home/rasp/ros2_ws/install/test_interface_files/bin'
[22.653s] Level 1:colcon.colcon_core.environment:checking '/home/rasp/ros2_ws/install/test_interface_files/lib/pkgconfig/test_interface_files.pc'
[22.653s] Level 1:colcon.colcon_core.environment:checking '/home/rasp/ros2_ws/install/test_interface_files/lib/python3.12/site-packages'
[22.653s] Level 1:colcon.colcon_core.environment:checking '/home/rasp/ros2_ws/install/test_interface_files/bin'
[22.653s] INFO:colcon.colcon_core.shell:Creating package script '/home/rasp/ros2_ws/install/test_interface_files/share/test_interface_files/package.ps1'
[22.656s] INFO:colcon.colcon_core.shell:Creating package descriptor '/home/rasp/ros2_ws/install/test_interface_files/share/test_interface_files/package.dsv'
[22.657s] INFO:colcon.colcon_core.shell:Creating package script '/home/rasp/ros2_ws/install/test_interface_files/share/test_interface_files/package.sh'
[22.658s] INFO:colcon.colcon_core.shell:Creating package script '/home/rasp/ros2_ws/install/test_interface_files/share/test_interface_files/package.bash'
[22.660s] INFO:colcon.colcon_core.shell:Creating package script '/home/rasp/ros2_ws/install/test_interface_files/share/test_interface_files/package.zsh'
[22.660s] Level 1:colcon.colcon_core.environment:create_file_with_runtime_dependencies(/home/rasp/ros2_ws/install/test_interface_files/share/colcon-core/packages/test_interface_files)
[22.661s] INFO:colcon.colcon_ros.task.ament_cmake.build:Building ROS package in '/home/rasp/ros2_ws/src/uros/rmw_microxrcedds/rmw_microxrcedds_c' with build type 'ament_cmake'
[22.661s] INFO:colcon.colcon_cmake.task.cmake.build:Building CMake package in '/home/rasp/ros2_ws/src/uros/rmw_microxrcedds/rmw_microxrcedds_c'
[22.661s] INFO:colcon.colcon_core.shell:Skip shell extension 'powershell' for command environment: Not usable outside of PowerShell
[22.661s] DEBUG:colcon.colcon_core.shell:Skip shell extension 'dsv' for command environment
[22.721s] DEBUG:colcon.colcon_core.event_handler.log_command:Invoking command in '/home/rasp/ros2_ws/build/rmw_microxrcedds': AMENT_PREFIX_PATH=/home/rasp/ros2_ws/install/micro_ros_msgs:${AMENT_PREFIX_PATH} CMAKE_PREFIX_PATH=/home/rasp/ros2_ws/install/rosidl_typesupport_microxrcedds_cpp:/home/rasp/ros2_ws/install/rosidl_typesupport_microxrcedds_c:/home/rasp/ros2_ws/install/microxrcedds_client:/home/rasp/ros2_ws/install/microcdr:/home/rasp/ros2_ws/install/micro_ros_msgs:/home/rasp/ros2_ws/install/micro_ros_setup:/opt/ros/jazzy/opt/gz_math_vendor:/opt/ros/jazzy/opt/gz_utils_vendor:/opt/ros/jazzy/opt/gz_cmake_vendor:/opt/ros/jazzy DEBUGINFOD_URLS=https://debuginfod.ubuntu.com LD_LIBRARY_PATH=/home/rasp/ros2_ws/install/rosidl_typesupport_microxrcedds_cpp/lib:/home/rasp/ros2_ws/install/rosidl_typesupport_microxrcedds_c/lib:/home/rasp/ros2_ws/install/microxrcedds_client/lib:/home/rasp/ros2_ws/install/microcdr/lib:/home/rasp/ros2_ws/install/micro_ros_msgs/lib:/opt/ros/jazzy/opt/rviz_ogre_vendor/lib:/opt/ros/jazzy/lib/x86_64-linux-gnu:/opt/ros/jazzy/opt/gz_math_vendor/lib:/opt/ros/jazzy/opt/gz_utils_vendor/lib:/opt/ros/jazzy/opt/gz_cmake_vendor/lib:/opt/ros/jazzy/lib PYTHONPATH=/home/rasp/ros2_ws/install/rosidl_typesupport_microxrcedds_cpp/lib/python3.12/site-packages:/home/rasp/ros2_ws/install/rosidl_typesupport_microxrcedds_c/lib/python3.12/site-packages:/home/rasp/ros2_ws/install/micro_ros_msgs/lib/python3.12/site-packages:/opt/ros/jazzy/lib/python3.12/site-packages /usr/bin/cmake /home/rasp/ros2_ws/src/uros/rmw_microxrcedds/rmw_microxrcedds_c -DBUILD_TESTING=OFF -DBUILD_SHARED_LIBS=ON -DRMW_UXRCE_TRANSPORT=udp -DRMW_UXRCE_DEFAULT_UDP_IP=127.0.0.1 -DRMW_UXRCE_DEFAULT_UDP_PORT=8888 -DRMW_UXRCE_MAX_NODES=15 -DRMW_UXRCE_MAX_PUBLISHERS=15 -DRMW_UXRCE_MAX_SUBSCRIPTIONS=15 -DRMW_UXRCE_MAX_SERVICES=15 -DRMW_UXRCE_MAX_CLIENTS=15 -DRMW_UXRCE_STREAM_HISTORY=32 -DRMW_UXRCE_MAX_HISTORY=10 -DCMAKE_INSTALL_PREFIX=/home/rasp/ros2_ws/install/rmw_microxrcedds
[23.989s] DEBUG:colcon.colcon_core.event_handler.log_command:Invoked command in '/home/rasp/ros2_ws/build/rmw_microxrcedds' returned '0': AMENT_PREFIX_PATH=/home/rasp/ros2_ws/install/micro_ros_msgs:${AMENT_PREFIX_PATH} CMAKE_PREFIX_PATH=/home/rasp/ros2_ws/install/rosidl_typesupport_microxrcedds_cpp:/home/rasp/ros2_ws/install/rosidl_typesupport_microxrcedds_c:/home/rasp/ros2_ws/install/microxrcedds_client:/home/rasp/ros2_ws/install/microcdr:/home/rasp/ros2_ws/install/micro_ros_msgs:/home/rasp/ros2_ws/install/micro_ros_setup:/opt/ros/jazzy/opt/gz_math_vendor:/opt/ros/jazzy/opt/gz_utils_vendor:/opt/ros/jazzy/opt/gz_cmake_vendor:/opt/ros/jazzy DEBUGINFOD_URLS=https://debuginfod.ubuntu.com LD_LIBRARY_PATH=/home/rasp/ros2_ws/install/rosidl_typesupport_microxrcedds_cpp/lib:/home/rasp/ros2_ws/install/rosidl_typesupport_microxrcedds_c/lib:/home/rasp/ros2_ws/install/microxrcedds_client/lib:/home/rasp/ros2_ws/install/microcdr/lib:/home/rasp/ros2_ws/install/micro_ros_msgs/lib:/opt/ros/jazzy/opt/rviz_ogre_vendor/lib:/opt/ros/jazzy/lib/x86_64-linux-gnu:/opt/ros/jazzy/opt/gz_math_vendor/lib:/opt/ros/jazzy/opt/gz_utils_vendor/lib:/opt/ros/jazzy/opt/gz_cmake_vendor/lib:/opt/ros/jazzy/lib PYTHONPATH=/home/rasp/ros2_ws/install/rosidl_typesupport_microxrcedds_cpp/lib/python3.12/site-packages:/home/rasp/ros2_ws/install/rosidl_typesupport_microxrcedds_c/lib/python3.12/site-packages:/home/rasp/ros2_ws/install/micro_ros_msgs/lib/python3.12/site-packages:/opt/ros/jazzy/lib/python3.12/site-packages /usr/bin/cmake /home/rasp/ros2_ws/src/uros/rmw_microxrcedds/rmw_microxrcedds_c -DBUILD_TESTING=OFF -DBUILD_SHARED_LIBS=ON -DRMW_UXRCE_TRANSPORT=udp -DRMW_UXRCE_DEFAULT_UDP_IP=127.0.0.1 -DRMW_UXRCE_DEFAULT_UDP_PORT=8888 -DRMW_UXRCE_MAX_NODES=15 -DRMW_UXRCE_MAX_PUBLISHERS=15 -DRMW_UXRCE_MAX_SUBSCRIPTIONS=15 -DRMW_UXRCE_MAX_SERVICES=15 -DRMW_UXRCE_MAX_CLIENTS=15 -DRMW_UXRCE_STREAM_HISTORY=32 -DRMW_UXRCE_MAX_HISTORY=10 -DCMAKE_INSTALL_PREFIX=/home/rasp/ros2_ws/install/rmw_microxrcedds
[23.989s] DEBUG:colcon.colcon_core.event_handler.log_command:Invoking command in '/home/rasp/ros2_ws/build/rmw_microxrcedds': AMENT_PREFIX_PATH=/home/rasp/ros2_ws/install/micro_ros_msgs:${AMENT_PREFIX_PATH} CMAKE_PREFIX_PATH=/home/rasp/ros2_ws/install/rosidl_typesupport_microxrcedds_cpp:/home/rasp/ros2_ws/install/rosidl_typesupport_microxrcedds_c:/home/rasp/ros2_ws/install/microxrcedds_client:/home/rasp/ros2_ws/install/microcdr:/home/rasp/ros2_ws/install/micro_ros_msgs:/home/rasp/ros2_ws/install/micro_ros_setup:/opt/ros/jazzy/opt/gz_math_vendor:/opt/ros/jazzy/opt/gz_utils_vendor:/opt/ros/jazzy/opt/gz_cmake_vendor:/opt/ros/jazzy DEBUGINFOD_URLS=https://debuginfod.ubuntu.com LD_LIBRARY_PATH=/home/rasp/ros2_ws/install/rosidl_typesupport_microxrcedds_cpp/lib:/home/rasp/ros2_ws/install/rosidl_typesupport_microxrcedds_c/lib:/home/rasp/ros2_ws/install/microxrcedds_client/lib:/home/rasp/ros2_ws/install/microcdr/lib:/home/rasp/ros2_ws/install/micro_ros_msgs/lib:/opt/ros/jazzy/opt/rviz_ogre_vendor/lib:/opt/ros/jazzy/lib/x86_64-linux-gnu:/opt/ros/jazzy/opt/gz_math_vendor/lib:/opt/ros/jazzy/opt/gz_utils_vendor/lib:/opt/ros/jazzy/opt/gz_cmake_vendor/lib:/opt/ros/jazzy/lib PYTHONPATH=/home/rasp/ros2_ws/install/rosidl_typesupport_microxrcedds_cpp/lib/python3.12/site-packages:/home/rasp/ros2_ws/install/rosidl_typesupport_microxrcedds_c/lib/python3.12/site-packages:/home/rasp/ros2_ws/install/micro_ros_msgs/lib/python3.12/site-packages:/opt/ros/jazzy/lib/python3.12/site-packages /usr/bin/cmake --build /home/rasp/ros2_ws/build/rmw_microxrcedds -- -j2 -l2
[27.863s] DEBUG:colcon.colcon_core.event_handler.log_command:Invoked command in '/home/rasp/ros2_ws/build/rmw_microxrcedds' returned '0': AMENT_PREFIX_PATH=/home/rasp/ros2_ws/install/micro_ros_msgs:${AMENT_PREFIX_PATH} CMAKE_PREFIX_PATH=/home/rasp/ros2_ws/install/rosidl_typesupport_microxrcedds_cpp:/home/rasp/ros2_ws/install/rosidl_typesupport_microxrcedds_c:/home/rasp/ros2_ws/install/microxrcedds_client:/home/rasp/ros2_ws/install/microcdr:/home/rasp/ros2_ws/install/micro_ros_msgs:/home/rasp/ros2_ws/install/micro_ros_setup:/opt/ros/jazzy/opt/gz_math_vendor:/opt/ros/jazzy/opt/gz_utils_vendor:/opt/ros/jazzy/opt/gz_cmake_vendor:/opt/ros/jazzy DEBUGINFOD_URLS=https://debuginfod.ubuntu.com LD_LIBRARY_PATH=/home/rasp/ros2_ws/install/rosidl_typesupport_microxrcedds_cpp/lib:/home/rasp/ros2_ws/install/rosidl_typesupport_microxrcedds_c/lib:/home/rasp/ros2_ws/install/microxrcedds_client/lib:/home/rasp/ros2_ws/install/microcdr/lib:/home/rasp/ros2_ws/install/micro_ros_msgs/lib:/opt/ros/jazzy/opt/rviz_ogre_vendor/lib:/opt/ros/jazzy/lib/x86_64-linux-gnu:/opt/ros/jazzy/opt/gz_math_vendor/lib:/opt/ros/jazzy/opt/gz_utils_vendor/lib:/opt/ros/jazzy/opt/gz_cmake_vendor/lib:/opt/ros/jazzy/lib PYTHONPATH=/home/rasp/ros2_ws/install/rosidl_typesupport_microxrcedds_cpp/lib/python3.12/site-packages:/home/rasp/ros2_ws/install/rosidl_typesupport_microxrcedds_c/lib/python3.12/site-packages:/home/rasp/ros2_ws/install/micro_ros_msgs/lib/python3.12/site-packages:/opt/ros/jazzy/lib/python3.12/site-packages /usr/bin/cmake --build /home/rasp/ros2_ws/build/rmw_microxrcedds -- -j2 -l2
[27.864s] DEBUG:colcon.colcon_core.event_handler.log_command:Invoking command in '/home/rasp/ros2_ws/build/rmw_microxrcedds': AMENT_PREFIX_PATH=/home/rasp/ros2_ws/install/micro_ros_msgs:${AMENT_PREFIX_PATH} CMAKE_PREFIX_PATH=/home/rasp/ros2_ws/install/rosidl_typesupport_microxrcedds_cpp:/home/rasp/ros2_ws/install/rosidl_typesupport_microxrcedds_c:/home/rasp/ros2_ws/install/microxrcedds_client:/home/rasp/ros2_ws/install/microcdr:/home/rasp/ros2_ws/install/micro_ros_msgs:/home/rasp/ros2_ws/install/micro_ros_setup:/opt/ros/jazzy/opt/gz_math_vendor:/opt/ros/jazzy/opt/gz_utils_vendor:/opt/ros/jazzy/opt/gz_cmake_vendor:/opt/ros/jazzy DEBUGINFOD_URLS=https://debuginfod.ubuntu.com LD_LIBRARY_PATH=/home/rasp/ros2_ws/install/rosidl_typesupport_microxrcedds_cpp/lib:/home/rasp/ros2_ws/install/rosidl_typesupport_microxrcedds_c/lib:/home/rasp/ros2_ws/install/microxrcedds_client/lib:/home/rasp/ros2_ws/install/microcdr/lib:/home/rasp/ros2_ws/install/micro_ros_msgs/lib:/opt/ros/jazzy/opt/rviz_ogre_vendor/lib:/opt/ros/jazzy/lib/x86_64-linux-gnu:/opt/ros/jazzy/opt/gz_math_vendor/lib:/opt/ros/jazzy/opt/gz_utils_vendor/lib:/opt/ros/jazzy/opt/gz_cmake_vendor/lib:/opt/ros/jazzy/lib PYTHONPATH=/home/rasp/ros2_ws/install/rosidl_typesupport_microxrcedds_cpp/lib/python3.12/site-packages:/home/rasp/ros2_ws/install/rosidl_typesupport_microxrcedds_c/lib/python3.12/site-packages:/home/rasp/ros2_ws/install/micro_ros_msgs/lib/python3.12/site-packages:/opt/ros/jazzy/lib/python3.12/site-packages /usr/bin/cmake --install /home/rasp/ros2_ws/build/rmw_microxrcedds
[27.902s] Level 1:colcon.colcon_core.environment:create_environment_scripts_only(rmw_microxrcedds)
[27.903s] Level 1:colcon.colcon_core.environment:checking '/home/rasp/ros2_ws/install/rmw_microxrcedds' for CMake module files
[27.903s] Level 1:colcon.colcon_core.environment:checking '/home/rasp/ros2_ws/install/rmw_microxrcedds' for CMake config files
[27.903s] Level 1:colcon.colcon_core.shell:create_environment_hook('rmw_microxrcedds', 'cmake_prefix_path')
[27.903s] INFO:colcon.colcon_core.shell:Creating environment hook '/home/rasp/ros2_ws/install/rmw_microxrcedds/share/rmw_microxrcedds/hook/cmake_prefix_path.ps1'
[27.904s] INFO:colcon.colcon_core.shell:Creating environment descriptor '/home/rasp/ros2_ws/install/rmw_microxrcedds/share/rmw_microxrcedds/hook/cmake_prefix_path.dsv'
[27.904s] INFO:colcon.colcon_core.shell:Creating environment hook '/home/rasp/ros2_ws/install/rmw_microxrcedds/share/rmw_microxrcedds/hook/cmake_prefix_path.sh'
[27.907s] DEBUG:colcon.colcon_core.event_handler.log_command:Invoked command in '/home/rasp/ros2_ws/build/rmw_microxrcedds' returned '0': AMENT_PREFIX_PATH=/home/rasp/ros2_ws/install/micro_ros_msgs:${AMENT_PREFIX_PATH} CMAKE_PREFIX_PATH=/home/rasp/ros2_ws/install/rosidl_typesupport_microxrcedds_cpp:/home/rasp/ros2_ws/install/rosidl_typesupport_microxrcedds_c:/home/rasp/ros2_ws/install/microxrcedds_client:/home/rasp/ros2_ws/install/microcdr:/home/rasp/ros2_ws/install/micro_ros_msgs:/home/rasp/ros2_ws/install/micro_ros_setup:/opt/ros/jazzy/opt/gz_math_vendor:/opt/ros/jazzy/opt/gz_utils_vendor:/opt/ros/jazzy/opt/gz_cmake_vendor:/opt/ros/jazzy DEBUGINFOD_URLS=https://debuginfod.ubuntu.com LD_LIBRARY_PATH=/home/rasp/ros2_ws/install/rosidl_typesupport_microxrcedds_cpp/lib:/home/rasp/ros2_ws/install/rosidl_typesupport_microxrcedds_c/lib:/home/rasp/ros2_ws/install/microxrcedds_client/lib:/home/rasp/ros2_ws/install/microcdr/lib:/home/rasp/ros2_ws/install/micro_ros_msgs/lib:/opt/ros/jazzy/opt/rviz_ogre_vendor/lib:/opt/ros/jazzy/lib/x86_64-linux-gnu:/opt/ros/jazzy/opt/gz_math_vendor/lib:/opt/ros/jazzy/opt/gz_utils_vendor/lib:/opt/ros/jazzy/opt/gz_cmake_vendor/lib:/opt/ros/jazzy/lib PYTHONPATH=/home/rasp/ros2_ws/install/rosidl_typesupport_microxrcedds_cpp/lib/python3.12/site-packages:/home/rasp/ros2_ws/install/rosidl_typesupport_microxrcedds_c/lib/python3.12/site-packages:/home/rasp/ros2_ws/install/micro_ros_msgs/lib/python3.12/site-packages:/opt/ros/jazzy/lib/python3.12/site-packages /usr/bin/cmake --install /home/rasp/ros2_ws/build/rmw_microxrcedds
[27.907s] Level 1:colcon.colcon_core.environment:checking '/home/rasp/ros2_ws/install/rmw_microxrcedds/lib'
[27.907s] Level 1:colcon.colcon_core.shell:create_environment_hook('rmw_microxrcedds', 'ld_library_path_lib')
[27.907s] INFO:colcon.colcon_core.shell:Creating environment hook '/home/rasp/ros2_ws/install/rmw_microxrcedds/share/rmw_microxrcedds/hook/ld_library_path_lib.ps1'
[27.908s] INFO:colcon.colcon_core.shell:Creating environment descriptor '/home/rasp/ros2_ws/install/rmw_microxrcedds/share/rmw_microxrcedds/hook/ld_library_path_lib.dsv'
[27.908s] INFO:colcon.colcon_core.shell:Creating environment hook '/home/rasp/ros2_ws/install/rmw_microxrcedds/share/rmw_microxrcedds/hook/ld_library_path_lib.sh'
[27.908s] Level 1:colcon.colcon_core.environment:checking '/home/rasp/ros2_ws/install/rmw_microxrcedds/bin'
[27.908s] Level 1:colcon.colcon_core.environment:checking '/home/rasp/ros2_ws/install/rmw_microxrcedds/lib/pkgconfig/rmw_microxrcedds.pc'
[27.909s] Level 1:colcon.colcon_core.environment:checking '/home/rasp/ros2_ws/install/rmw_microxrcedds/lib/python3.12/site-packages'
[27.909s] Level 1:colcon.colcon_core.environment:checking '/home/rasp/ros2_ws/install/rmw_microxrcedds/bin'
[27.910s] INFO:colcon.colcon_core.shell:Creating package script '/home/rasp/ros2_ws/install/rmw_microxrcedds/share/rmw_microxrcedds/package.ps1'
[27.911s] INFO:colcon.colcon_core.shell:Creating package descriptor '/home/rasp/ros2_ws/install/rmw_microxrcedds/share/rmw_microxrcedds/package.dsv'
[27.911s] INFO:colcon.colcon_core.shell:Creating package script '/home/rasp/ros2_ws/install/rmw_microxrcedds/share/rmw_microxrcedds/package.sh'
[27.912s] INFO:colcon.colcon_core.shell:Creating package script '/home/rasp/ros2_ws/install/rmw_microxrcedds/share/rmw_microxrcedds/package.bash'
[27.912s] INFO:colcon.colcon_core.shell:Creating package script '/home/rasp/ros2_ws/install/rmw_microxrcedds/share/rmw_microxrcedds/package.zsh'
[27.912s] Level 1:colcon.colcon_core.environment:create_file_with_runtime_dependencies(/home/rasp/ros2_ws/install/rmw_microxrcedds/share/colcon-core/packages/rmw_microxrcedds)
[27.913s] Level 1:colcon.colcon_core.environment:create_environment_scripts_only(rmw_microxrcedds)
[27.913s] Level 1:colcon.colcon_core.environment:checking '/home/rasp/ros2_ws/install/rmw_microxrcedds' for CMake module files
[27.913s] Level 1:colcon.colcon_core.environment:checking '/home/rasp/ros2_ws/install/rmw_microxrcedds' for CMake config files
[27.913s] Level 1:colcon.colcon_core.shell:create_environment_hook('rmw_microxrcedds', 'cmake_prefix_path')
[27.914s] INFO:colcon.colcon_core.shell:Creating environment hook '/home/rasp/ros2_ws/install/rmw_microxrcedds/share/rmw_microxrcedds/hook/cmake_prefix_path.ps1'
[27.914s] INFO:colcon.colcon_core.shell:Creating environment descriptor '/home/rasp/ros2_ws/install/rmw_microxrcedds/share/rmw_microxrcedds/hook/cmake_prefix_path.dsv'
[27.915s] INFO:colcon.colcon_core.shell:Creating environment hook '/home/rasp/ros2_ws/install/rmw_microxrcedds/share/rmw_microxrcedds/hook/cmake_prefix_path.sh'
[27.915s] Level 1:colcon.colcon_core.environment:checking '/home/rasp/ros2_ws/install/rmw_microxrcedds/lib'
[27.915s] Level 1:colcon.colcon_core.shell:create_environment_hook('rmw_microxrcedds', 'ld_library_path_lib')
[27.916s] INFO:colcon.colcon_core.shell:Creating environment hook '/home/rasp/ros2_ws/install/rmw_microxrcedds/share/rmw_microxrcedds/hook/ld_library_path_lib.ps1'
[27.916s] INFO:colcon.colcon_core.shell:Creating environment descriptor '/home/rasp/ros2_ws/install/rmw_microxrcedds/share/rmw_microxrcedds/hook/ld_library_path_lib.dsv'
[27.917s] INFO:colcon.colcon_core.shell:Creating environment hook '/home/rasp/ros2_ws/install/rmw_microxrcedds/share/rmw_microxrcedds/hook/ld_library_path_lib.sh'
[27.917s] Level 1:colcon.colcon_core.environment:checking '/home/rasp/ros2_ws/install/rmw_microxrcedds/bin'
[27.917s] Level 1:colcon.colcon_core.environment:checking '/home/rasp/ros2_ws/install/rmw_microxrcedds/lib/pkgconfig/rmw_microxrcedds.pc'
[27.917s] Level 1:colcon.colcon_core.environment:checking '/home/rasp/ros2_ws/install/rmw_microxrcedds/lib/python3.12/site-packages'
[27.917s] Level 1:colcon.colcon_core.environment:checking '/home/rasp/ros2_ws/install/rmw_microxrcedds/bin'
[27.918s] INFO:colcon.colcon_core.shell:Creating package script '/home/rasp/ros2_ws/install/rmw_microxrcedds/share/rmw_microxrcedds/package.ps1'
[27.918s] INFO:colcon.colcon_core.shell:Creating package descriptor '/home/rasp/ros2_ws/install/rmw_microxrcedds/share/rmw_microxrcedds/package.dsv'
[27.919s] INFO:colcon.colcon_core.shell:Creating package script '/home/rasp/ros2_ws/install/rmw_microxrcedds/share/rmw_microxrcedds/package.sh'
[27.920s] INFO:colcon.colcon_core.shell:Creating package script '/home/rasp/ros2_ws/install/rmw_microxrcedds/share/rmw_microxrcedds/package.bash'
[27.920s] INFO:colcon.colcon_core.shell:Creating package script '/home/rasp/ros2_ws/install/rmw_microxrcedds/share/rmw_microxrcedds/package.zsh'
[27.921s] Level 1:colcon.colcon_core.environment:create_file_with_runtime_dependencies(/home/rasp/ros2_ws/install/rmw_microxrcedds/share/colcon-core/packages/rmw_microxrcedds)
[27.922s] INFO:colcon.colcon_ros.task.ament_cmake.build:Building ROS package in '/home/rasp/ros2_ws/src/ros2/example_interfaces' with build type 'ament_cmake'
[27.923s] INFO:colcon.colcon_cmake.task.cmake.build:Building CMake package in '/home/rasp/ros2_ws/src/ros2/example_interfaces'
[27.923s] INFO:colcon.colcon_core.shell:Skip shell extension 'powershell' for command environment: Not usable outside of PowerShell
[27.923s] DEBUG:colcon.colcon_core.shell:Skip shell extension 'dsv' for command environment
[27.933s] DEBUG:colcon.colcon_core.event_handler.log_command:Invoking command in '/home/rasp/ros2_ws/build/example_interfaces': CMAKE_PREFIX_PATH=${CMAKE_PREFIX_PATH}:/opt/ros/jazzy DEBUGINFOD_URLS=https://debuginfod.ubuntu.com /usr/bin/cmake /home/rasp/ros2_ws/src/ros2/example_interfaces -DBUILD_TESTING=OFF -DBUILD_SHARED_LIBS=ON -DCMAKE_INSTALL_PREFIX=/home/rasp/ros2_ws/install/example_interfaces
[34.698s] DEBUG:colcon.colcon_core.event_handler.log_command:Invoked command in '/home/rasp/ros2_ws/build/example_interfaces' returned '0': CMAKE_PREFIX_PATH=${CMAKE_PREFIX_PATH}:/opt/ros/jazzy DEBUGINFOD_URLS=https://debuginfod.ubuntu.com /usr/bin/cmake /home/rasp/ros2_ws/src/ros2/example_interfaces -DBUILD_TESTING=OFF -DBUILD_SHARED_LIBS=ON -DCMAKE_INSTALL_PREFIX=/home/rasp/ros2_ws/install/example_interfaces
[34.699s] DEBUG:colcon.colcon_core.event_handler.log_command:Invoking command in '/home/rasp/ros2_ws/build/example_interfaces': CMAKE_PREFIX_PATH=${CMAKE_PREFIX_PATH}:/opt/ros/jazzy DEBUGINFOD_URLS=https://debuginfod.ubuntu.com /usr/bin/cmake --build /home/rasp/ros2_ws/build/example_interfaces -- -j2 -l2
[116.167s] DEBUG:colcon.colcon_core.event_handler.log_command:Invoked command in '/home/rasp/ros2_ws/build/std_msgs' returned '0': AMENT_PREFIX_PATH=/home/rasp/ros2_ws/install/builtin_interfaces:${AMENT_PREFIX_PATH} CMAKE_PREFIX_PATH=/home/rasp/ros2_ws/install/builtin_interfaces:/home/rasp/ros2_ws/install/rosidl_typesupport_microxrcedds_cpp:/home/rasp/ros2_ws/install/rosidl_typesupport_microxrcedds_c:/home/rasp/ros2_ws/install/microcdr:/home/rasp/ros2_ws/install/micro_ros_setup:/opt/ros/jazzy/opt/gz_math_vendor:/opt/ros/jazzy/opt/gz_utils_vendor:/opt/ros/jazzy/opt/gz_cmake_vendor:/opt/ros/jazzy DEBUGINFOD_URLS=https://debuginfod.ubuntu.com LD_LIBRARY_PATH=/home/rasp/ros2_ws/install/builtin_interfaces/lib:${LD_LIBRARY_PATH} PYTHONPATH=/home/rasp/ros2_ws/install/builtin_interfaces/lib/python3.12/site-packages:${PYTHONPATH} /usr/bin/cmake --build /home/rasp/ros2_ws/build/std_msgs -- -j2 -l2
[116.168s] DEBUG:colcon.colcon_core.event_handler.log_command:Invoking command in '/home/rasp/ros2_ws/build/std_msgs': AMENT_PREFIX_PATH=/home/rasp/ros2_ws/install/builtin_interfaces:${AMENT_PREFIX_PATH} CMAKE_PREFIX_PATH=/home/rasp/ros2_ws/install/builtin_interfaces:/home/rasp/ros2_ws/install/rosidl_typesupport_microxrcedds_cpp:/home/rasp/ros2_ws/install/rosidl_typesupport_microxrcedds_c:/home/rasp/ros2_ws/install/microcdr:/home/rasp/ros2_ws/install/micro_ros_setup:/opt/ros/jazzy/opt/gz_math_vendor:/opt/ros/jazzy/opt/gz_utils_vendor:/opt/ros/jazzy/opt/gz_cmake_vendor:/opt/ros/jazzy DEBUGINFOD_URLS=https://debuginfod.ubuntu.com LD_LIBRARY_PATH=/home/rasp/ros2_ws/install/builtin_interfaces/lib:${LD_LIBRARY_PATH} PYTHONPATH=/home/rasp/ros2_ws/install/builtin_interfaces/lib/python3.12/site-packages:${PYTHONPATH} /usr/bin/cmake --install /home/rasp/ros2_ws/build/std_msgs
[116.577s] Level 1:colcon.colcon_core.environment:create_environment_scripts_only(std_msgs)
[116.577s] Level 1:colcon.colcon_core.environment:checking '/home/rasp/ros2_ws/install/std_msgs' for CMake module files
[116.578s] Level 1:colcon.colcon_core.environment:checking '/home/rasp/ros2_ws/install/std_msgs' for CMake config files
[116.579s] Level 1:colcon.colcon_core.shell:create_environment_hook('std_msgs', 'cmake_prefix_path')
[116.579s] INFO:colcon.colcon_core.shell:Creating environment hook '/home/rasp/ros2_ws/install/std_msgs/share/std_msgs/hook/cmake_prefix_path.ps1'
[116.579s] INFO:colcon.colcon_core.shell:Creating environment descriptor '/home/rasp/ros2_ws/install/std_msgs/share/std_msgs/hook/cmake_prefix_path.dsv'
[116.579s] INFO:colcon.colcon_core.shell:Creating environment hook '/home/rasp/ros2_ws/install/std_msgs/share/std_msgs/hook/cmake_prefix_path.sh'
[116.580s] DEBUG:colcon.colcon_core.event_handler.log_command:Invoked command in '/home/rasp/ros2_ws/build/std_msgs' returned '0': AMENT_PREFIX_PATH=/home/rasp/ros2_ws/install/builtin_interfaces:${AMENT_PREFIX_PATH} CMAKE_PREFIX_PATH=/home/rasp/ros2_ws/install/builtin_interfaces:/home/rasp/ros2_ws/install/rosidl_typesupport_microxrcedds_cpp:/home/rasp/ros2_ws/install/rosidl_typesupport_microxrcedds_c:/home/rasp/ros2_ws/install/microcdr:/home/rasp/ros2_ws/install/micro_ros_setup:/opt/ros/jazzy/opt/gz_math_vendor:/opt/ros/jazzy/opt/gz_utils_vendor:/opt/ros/jazzy/opt/gz_cmake_vendor:/opt/ros/jazzy DEBUGINFOD_URLS=https://debuginfod.ubuntu.com LD_LIBRARY_PATH=/home/rasp/ros2_ws/install/builtin_interfaces/lib:${LD_LIBRARY_PATH} PYTHONPATH=/home/rasp/ros2_ws/install/builtin_interfaces/lib/python3.12/site-packages:${PYTHONPATH} /usr/bin/cmake --install /home/rasp/ros2_ws/build/std_msgs
[116.580s] Level 1:colcon.colcon_core.environment:checking '/home/rasp/ros2_ws/install/std_msgs/lib'
[116.581s] Level 1:colcon.colcon_core.shell:create_environment_hook('std_msgs', 'ld_library_path_lib')
[116.581s] INFO:colcon.colcon_core.shell:Creating environment hook '/home/rasp/ros2_ws/install/std_msgs/share/std_msgs/hook/ld_library_path_lib.ps1'
[116.582s] INFO:colcon.colcon_core.shell:Creating environment descriptor '/home/rasp/ros2_ws/install/std_msgs/share/std_msgs/hook/ld_library_path_lib.dsv'
[116.582s] INFO:colcon.colcon_core.shell:Creating environment hook '/home/rasp/ros2_ws/install/std_msgs/share/std_msgs/hook/ld_library_path_lib.sh'
[116.582s] Level 1:colcon.colcon_core.environment:checking '/home/rasp/ros2_ws/install/std_msgs/bin'
[116.582s] Level 1:colcon.colcon_core.environment:checking '/home/rasp/ros2_ws/install/std_msgs/lib/pkgconfig/std_msgs.pc'
[116.582s] Level 1:colcon.colcon_core.environment:checking '/home/rasp/ros2_ws/install/std_msgs/lib/python3.12/site-packages'
[116.582s] Level 1:colcon.colcon_core.shell:create_environment_hook('std_msgs', 'pythonpath')
[116.583s] INFO:colcon.colcon_core.shell:Creating environment hook '/home/rasp/ros2_ws/install/std_msgs/share/std_msgs/hook/pythonpath.ps1'
[116.583s] INFO:colcon.colcon_core.shell:Creating environment descriptor '/home/rasp/ros2_ws/install/std_msgs/share/std_msgs/hook/pythonpath.dsv'
[116.583s] INFO:colcon.colcon_core.shell:Creating environment hook '/home/rasp/ros2_ws/install/std_msgs/share/std_msgs/hook/pythonpath.sh'
[116.584s] Level 1:colcon.colcon_core.environment:checking '/home/rasp/ros2_ws/install/std_msgs/bin'
[116.584s] INFO:colcon.colcon_core.shell:Creating package script '/home/rasp/ros2_ws/install/std_msgs/share/std_msgs/package.ps1'
[116.584s] INFO:colcon.colcon_core.shell:Creating package descriptor '/home/rasp/ros2_ws/install/std_msgs/share/std_msgs/package.dsv'
[116.585s] INFO:colcon.colcon_core.shell:Creating package script '/home/rasp/ros2_ws/install/std_msgs/share/std_msgs/package.sh'
[116.585s] INFO:colcon.colcon_core.shell:Creating package script '/home/rasp/ros2_ws/install/std_msgs/share/std_msgs/package.bash'
[116.585s] INFO:colcon.colcon_core.shell:Creating package script '/home/rasp/ros2_ws/install/std_msgs/share/std_msgs/package.zsh'
[116.586s] Level 1:colcon.colcon_core.environment:create_file_with_runtime_dependencies(/home/rasp/ros2_ws/install/std_msgs/share/colcon-core/packages/std_msgs)
[116.586s] Level 1:colcon.colcon_core.environment:create_environment_scripts_only(std_msgs)
[116.586s] Level 1:colcon.colcon_core.environment:checking '/home/rasp/ros2_ws/install/std_msgs' for CMake module files
[116.587s] Level 1:colcon.colcon_core.environment:checking '/home/rasp/ros2_ws/install/std_msgs' for CMake config files
[116.587s] Level 1:colcon.colcon_core.shell:create_environment_hook('std_msgs', 'cmake_prefix_path')
[116.588s] INFO:colcon.colcon_core.shell:Creating environment hook '/home/rasp/ros2_ws/install/std_msgs/share/std_msgs/hook/cmake_prefix_path.ps1'
[116.588s] INFO:colcon.colcon_core.shell:Creating environment descriptor '/home/rasp/ros2_ws/install/std_msgs/share/std_msgs/hook/cmake_prefix_path.dsv'
[116.589s] INFO:colcon.colcon_core.shell:Creating environment hook '/home/rasp/ros2_ws/install/std_msgs/share/std_msgs/hook/cmake_prefix_path.sh'
[116.589s] Level 1:colcon.colcon_core.environment:checking '/home/rasp/ros2_ws/install/std_msgs/lib'
[116.589s] Level 1:colcon.colcon_core.shell:create_environment_hook('std_msgs', 'ld_library_path_lib')
[116.589s] INFO:colcon.colcon_core.shell:Creating environment hook '/home/rasp/ros2_ws/install/std_msgs/share/std_msgs/hook/ld_library_path_lib.ps1'
[116.590s] INFO:colcon.colcon_core.shell:Creating environment descriptor '/home/rasp/ros2_ws/install/std_msgs/share/std_msgs/hook/ld_library_path_lib.dsv'
[116.590s] INFO:colcon.colcon_core.shell:Creating environment hook '/home/rasp/ros2_ws/install/std_msgs/share/std_msgs/hook/ld_library_path_lib.sh'
[116.591s] Level 1:colcon.colcon_core.environment:checking '/home/rasp/ros2_ws/install/std_msgs/bin'
[116.591s] Level 1:colcon.colcon_core.environment:checking '/home/rasp/ros2_ws/install/std_msgs/lib/pkgconfig/std_msgs.pc'
[116.591s] Level 1:colcon.colcon_core.environment:checking '/home/rasp/ros2_ws/install/std_msgs/lib/python3.12/site-packages'
[116.591s] Level 1:colcon.colcon_core.shell:create_environment_hook('std_msgs', 'pythonpath')
[116.591s] INFO:colcon.colcon_core.shell:Creating environment hook '/home/rasp/ros2_ws/install/std_msgs/share/std_msgs/hook/pythonpath.ps1'
[116.592s] INFO:colcon.colcon_core.shell:Creating environment descriptor '/home/rasp/ros2_ws/install/std_msgs/share/std_msgs/hook/pythonpath.dsv'
[116.592s] INFO:colcon.colcon_core.shell:Creating environment hook '/home/rasp/ros2_ws/install/std_msgs/share/std_msgs/hook/pythonpath.sh'
[116.593s] Level 1:colcon.colcon_core.environment:checking '/home/rasp/ros2_ws/install/std_msgs/bin'
[116.593s] INFO:colcon.colcon_core.shell:Creating package script '/home/rasp/ros2_ws/install/std_msgs/share/std_msgs/package.ps1'
[116.594s] INFO:colcon.colcon_core.shell:Creating package descriptor '/home/rasp/ros2_ws/install/std_msgs/share/std_msgs/package.dsv'
[116.594s] INFO:colcon.colcon_core.shell:Creating package script '/home/rasp/ros2_ws/install/std_msgs/share/std_msgs/package.sh'
[116.595s] INFO:colcon.colcon_core.shell:Creating package script '/home/rasp/ros2_ws/install/std_msgs/share/std_msgs/package.bash'
[116.595s] INFO:colcon.colcon_core.shell:Creating package script '/home/rasp/ros2_ws/install/std_msgs/share/std_msgs/package.zsh'
[116.596s] Level 1:colcon.colcon_core.environment:create_file_with_runtime_dependencies(/home/rasp/ros2_ws/install/std_msgs/share/colcon-core/packages/std_msgs)
[116.598s] INFO:colcon.colcon_ros.task.ament_cmake.build:Building ROS package in '/home/rasp/ros2_ws/src/ros2/common_interfaces/geometry_msgs' with build type 'ament_cmake'
[116.598s] INFO:colcon.colcon_cmake.task.cmake.build:Building CMake package in '/home/rasp/ros2_ws/src/ros2/common_interfaces/geometry_msgs'
[116.598s] INFO:colcon.colcon_core.shell:Skip shell extension 'powershell' for command environment: Not usable outside of PowerShell
[116.598s] DEBUG:colcon.colcon_core.shell:Skip shell extension 'dsv' for command environment
[116.623s] DEBUG:colcon.colcon_core.event_handler.log_command:Invoking command in '/home/rasp/ros2_ws/build/geometry_msgs': AMENT_PREFIX_PATH=/home/rasp/ros2_ws/install/std_msgs:/home/rasp/ros2_ws/install/builtin_interfaces:${AMENT_PREFIX_PATH} CMAKE_PREFIX_PATH=/home/rasp/ros2_ws/install/std_msgs:/home/rasp/ros2_ws/install/builtin_interfaces:/home/rasp/ros2_ws/install/rosidl_typesupport_microxrcedds_cpp:/home/rasp/ros2_ws/install/rosidl_typesupport_microxrcedds_c:/home/rasp/ros2_ws/install/microcdr:/home/rasp/ros2_ws/install/micro_ros_setup:/opt/ros/jazzy/opt/gz_math_vendor:/opt/ros/jazzy/opt/gz_utils_vendor:/opt/ros/jazzy/opt/gz_cmake_vendor:/opt/ros/jazzy DEBUGINFOD_URLS=https://debuginfod.ubuntu.com LD_LIBRARY_PATH=/home/rasp/ros2_ws/install/std_msgs/lib:/home/rasp/ros2_ws/install/builtin_interfaces/lib:${LD_LIBRARY_PATH} PYTHONPATH=/home/rasp/ros2_ws/install/std_msgs/lib/python3.12/site-packages:/home/rasp/ros2_ws/install/builtin_interfaces/lib/python3.12/site-packages:${PYTHONPATH} /usr/bin/cmake /home/rasp/ros2_ws/src/ros2/common_interfaces/geometry_msgs -DBUILD_TESTING=OFF -DBUILD_SHARED_LIBS=ON -DCMAKE_INSTALL_PREFIX=/home/rasp/ros2_ws/install/geometry_msgs
[120.636s] DEBUG:colcon.colcon_core.event_handler.log_command:Invoked command in '/home/rasp/ros2_ws/build/geometry_msgs' returned '0': AMENT_PREFIX_PATH=/home/rasp/ros2_ws/install/std_msgs:/home/rasp/ros2_ws/install/builtin_interfaces:${AMENT_PREFIX_PATH} CMAKE_PREFIX_PATH=/home/rasp/ros2_ws/install/std_msgs:/home/rasp/ros2_ws/install/builtin_interfaces:/home/rasp/ros2_ws/install/rosidl_typesupport_microxrcedds_cpp:/home/rasp/ros2_ws/install/rosidl_typesupport_microxrcedds_c:/home/rasp/ros2_ws/install/microcdr:/home/rasp/ros2_ws/install/micro_ros_setup:/opt/ros/jazzy/opt/gz_math_vendor:/opt/ros/jazzy/opt/gz_utils_vendor:/opt/ros/jazzy/opt/gz_cmake_vendor:/opt/ros/jazzy DEBUGINFOD_URLS=https://debuginfod.ubuntu.com LD_LIBRARY_PATH=/home/rasp/ros2_ws/install/std_msgs/lib:/home/rasp/ros2_ws/install/builtin_interfaces/lib:${LD_LIBRARY_PATH} PYTHONPATH=/home/rasp/ros2_ws/install/std_msgs/lib/python3.12/site-packages:/home/rasp/ros2_ws/install/builtin_interfaces/lib/python3.12/site-packages:${PYTHONPATH} /usr/bin/cmake /home/rasp/ros2_ws/src/ros2/common_interfaces/geometry_msgs -DBUILD_TESTING=OFF -DBUILD_SHARED_LIBS=ON -DCMAKE_INSTALL_PREFIX=/home/rasp/ros2_ws/install/geometry_msgs
[120.637s] DEBUG:colcon.colcon_core.event_handler.log_command:Invoking command in '/home/rasp/ros2_ws/build/geometry_msgs': AMENT_PREFIX_PATH=/home/rasp/ros2_ws/install/std_msgs:/home/rasp/ros2_ws/install/builtin_interfaces:${AMENT_PREFIX_PATH} CMAKE_PREFIX_PATH=/home/rasp/ros2_ws/install/std_msgs:/home/rasp/ros2_ws/install/builtin_interfaces:/home/rasp/ros2_ws/install/rosidl_typesupport_microxrcedds_cpp:/home/rasp/ros2_ws/install/rosidl_typesupport_microxrcedds_c:/home/rasp/ros2_ws/install/microcdr:/home/rasp/ros2_ws/install/micro_ros_setup:/opt/ros/jazzy/opt/gz_math_vendor:/opt/ros/jazzy/opt/gz_utils_vendor:/opt/ros/jazzy/opt/gz_cmake_vendor:/opt/ros/jazzy DEBUGINFOD_URLS=https://debuginfod.ubuntu.com LD_LIBRARY_PATH=/home/rasp/ros2_ws/install/std_msgs/lib:/home/rasp/ros2_ws/install/builtin_interfaces/lib:${LD_LIBRARY_PATH} PYTHONPATH=/home/rasp/ros2_ws/install/std_msgs/lib/python3.12/site-packages:/home/rasp/ros2_ws/install/builtin_interfaces/lib/python3.12/site-packages:${PYTHONPATH} /usr/bin/cmake --build /home/rasp/ros2_ws/build/geometry_msgs -- -j2 -l2
[154.468s] DEBUG:colcon.colcon_core.event_handler.log_command:Invoked command in '/home/rasp/ros2_ws/build/example_interfaces' returned '0': CMAKE_PREFIX_PATH=${CMAKE_PREFIX_PATH}:/opt/ros/jazzy DEBUGINFOD_URLS=https://debuginfod.ubuntu.com /usr/bin/cmake --build /home/rasp/ros2_ws/build/example_interfaces -- -j2 -l2
[154.470s] DEBUG:colcon.colcon_core.event_handler.log_command:Invoking command in '/home/rasp/ros2_ws/build/example_interfaces': CMAKE_PREFIX_PATH=${CMAKE_PREFIX_PATH}:/opt/ros/jazzy DEBUGINFOD_URLS=https://debuginfod.ubuntu.com /usr/bin/cmake --install /home/rasp/ros2_ws/build/example_interfaces
[154.874s] Level 1:colcon.colcon_core.environment:create_environment_scripts_only(example_interfaces)
[154.875s] Level 1:colcon.colcon_core.environment:checking '/home/rasp/ros2_ws/install/example_interfaces' for CMake module files
[154.875s] DEBUG:colcon.colcon_core.event_handler.log_command:Invoked command in '/home/rasp/ros2_ws/build/example_interfaces' returned '0': CMAKE_PREFIX_PATH=${CMAKE_PREFIX_PATH}:/opt/ros/jazzy DEBUGINFOD_URLS=https://debuginfod.ubuntu.com /usr/bin/cmake --install /home/rasp/ros2_ws/build/example_interfaces
[154.876s] Level 1:colcon.colcon_core.environment:checking '/home/rasp/ros2_ws/install/example_interfaces' for CMake config files
[154.876s] Level 1:colcon.colcon_core.shell:create_environment_hook('example_interfaces', 'cmake_prefix_path')
[154.877s] INFO:colcon.colcon_core.shell:Creating environment hook '/home/rasp/ros2_ws/install/example_interfaces/share/example_interfaces/hook/cmake_prefix_path.ps1'
[154.877s] INFO:colcon.colcon_core.shell:Creating environment descriptor '/home/rasp/ros2_ws/install/example_interfaces/share/example_interfaces/hook/cmake_prefix_path.dsv'
[154.877s] INFO:colcon.colcon_core.shell:Creating environment hook '/home/rasp/ros2_ws/install/example_interfaces/share/example_interfaces/hook/cmake_prefix_path.sh'
[154.878s] Level 1:colcon.colcon_core.environment:checking '/home/rasp/ros2_ws/install/example_interfaces/lib'
[154.878s] Level 1:colcon.colcon_core.shell:create_environment_hook('example_interfaces', 'ld_library_path_lib')
[154.878s] INFO:colcon.colcon_core.shell:Creating environment hook '/home/rasp/ros2_ws/install/example_interfaces/share/example_interfaces/hook/ld_library_path_lib.ps1'
[154.879s] INFO:colcon.colcon_core.shell:Creating environment descriptor '/home/rasp/ros2_ws/install/example_interfaces/share/example_interfaces/hook/ld_library_path_lib.dsv'
[154.879s] INFO:colcon.colcon_core.shell:Creating environment hook '/home/rasp/ros2_ws/install/example_interfaces/share/example_interfaces/hook/ld_library_path_lib.sh'
[154.879s] Level 1:colcon.colcon_core.environment:checking '/home/rasp/ros2_ws/install/example_interfaces/bin'
[154.879s] Level 1:colcon.colcon_core.environment:checking '/home/rasp/ros2_ws/install/example_interfaces/lib/pkgconfig/example_interfaces.pc'
[154.879s] Level 1:colcon.colcon_core.environment:checking '/home/rasp/ros2_ws/install/example_interfaces/lib/python3.12/site-packages'
[154.880s] Level 1:colcon.colcon_core.shell:create_environment_hook('example_interfaces', 'pythonpath')
[154.880s] INFO:colcon.colcon_core.shell:Creating environment hook '/home/rasp/ros2_ws/install/example_interfaces/share/example_interfaces/hook/pythonpath.ps1'
[154.880s] INFO:colcon.colcon_core.shell:Creating environment descriptor '/home/rasp/ros2_ws/install/example_interfaces/share/example_interfaces/hook/pythonpath.dsv'
[154.880s] INFO:colcon.colcon_core.shell:Creating environment hook '/home/rasp/ros2_ws/install/example_interfaces/share/example_interfaces/hook/pythonpath.sh'
[154.881s] Level 1:colcon.colcon_core.environment:checking '/home/rasp/ros2_ws/install/example_interfaces/bin'
[154.881s] INFO:colcon.colcon_core.shell:Creating package script '/home/rasp/ros2_ws/install/example_interfaces/share/example_interfaces/package.ps1'
[154.881s] INFO:colcon.colcon_core.shell:Creating package descriptor '/home/rasp/ros2_ws/install/example_interfaces/share/example_interfaces/package.dsv'
[154.882s] INFO:colcon.colcon_core.shell:Creating package script '/home/rasp/ros2_ws/install/example_interfaces/share/example_interfaces/package.sh'
[154.882s] INFO:colcon.colcon_core.shell:Creating package script '/home/rasp/ros2_ws/install/example_interfaces/share/example_interfaces/package.bash'
[154.882s] INFO:colcon.colcon_core.shell:Creating package script '/home/rasp/ros2_ws/install/example_interfaces/share/example_interfaces/package.zsh'
[154.883s] Level 1:colcon.colcon_core.environment:create_file_with_runtime_dependencies(/home/rasp/ros2_ws/install/example_interfaces/share/colcon-core/packages/example_interfaces)
[154.883s] Level 1:colcon.colcon_core.environment:create_environment_scripts_only(example_interfaces)
[154.883s] Level 1:colcon.colcon_core.environment:checking '/home/rasp/ros2_ws/install/example_interfaces' for CMake module files
[154.884s] Level 1:colcon.colcon_core.environment:checking '/home/rasp/ros2_ws/install/example_interfaces' for CMake config files
[154.885s] Level 1:colcon.colcon_core.shell:create_environment_hook('example_interfaces', 'cmake_prefix_path')
[154.885s] INFO:colcon.colcon_core.shell:Creating environment hook '/home/rasp/ros2_ws/install/example_interfaces/share/example_interfaces/hook/cmake_prefix_path.ps1'
[154.885s] INFO:colcon.colcon_core.shell:Creating environment descriptor '/home/rasp/ros2_ws/install/example_interfaces/share/example_interfaces/hook/cmake_prefix_path.dsv'
[154.886s] INFO:colcon.colcon_core.shell:Creating environment hook '/home/rasp/ros2_ws/install/example_interfaces/share/example_interfaces/hook/cmake_prefix_path.sh'
[154.886s] Level 1:colcon.colcon_core.environment:checking '/home/rasp/ros2_ws/install/example_interfaces/lib'
[154.886s] Level 1:colcon.colcon_core.shell:create_environment_hook('example_interfaces', 'ld_library_path_lib')
[154.887s] INFO:colcon.colcon_core.shell:Creating environment hook '/home/rasp/ros2_ws/install/example_interfaces/share/example_interfaces/hook/ld_library_path_lib.ps1'
[154.887s] INFO:colcon.colcon_core.shell:Creating environment descriptor '/home/rasp/ros2_ws/install/example_interfaces/share/example_interfaces/hook/ld_library_path_lib.dsv'
[154.888s] INFO:colcon.colcon_core.shell:Creating environment hook '/home/rasp/ros2_ws/install/example_interfaces/share/example_interfaces/hook/ld_library_path_lib.sh'
[154.888s] Level 1:colcon.colcon_core.environment:checking '/home/rasp/ros2_ws/install/example_interfaces/bin'
[154.888s] Level 1:colcon.colcon_core.environment:checking '/home/rasp/ros2_ws/install/example_interfaces/lib/pkgconfig/example_interfaces.pc'
[154.888s] Level 1:colcon.colcon_core.environment:checking '/home/rasp/ros2_ws/install/example_interfaces/lib/python3.12/site-packages'
[154.888s] Level 1:colcon.colcon_core.shell:create_environment_hook('example_interfaces', 'pythonpath')
[154.888s] INFO:colcon.colcon_core.shell:Creating environment hook '/home/rasp/ros2_ws/install/example_interfaces/share/example_interfaces/hook/pythonpath.ps1'
[154.889s] INFO:colcon.colcon_core.shell:Creating environment descriptor '/home/rasp/ros2_ws/install/example_interfaces/share/example_interfaces/hook/pythonpath.dsv'
[154.889s] INFO:colcon.colcon_core.shell:Creating environment hook '/home/rasp/ros2_ws/install/example_interfaces/share/example_interfaces/hook/pythonpath.sh'
[154.890s] Level 1:colcon.colcon_core.environment:checking '/home/rasp/ros2_ws/install/example_interfaces/bin'
[154.890s] INFO:colcon.colcon_core.shell:Creating package script '/home/rasp/ros2_ws/install/example_interfaces/share/example_interfaces/package.ps1'
[154.891s] INFO:colcon.colcon_core.shell:Creating package descriptor '/home/rasp/ros2_ws/install/example_interfaces/share/example_interfaces/package.dsv'
[154.891s] INFO:colcon.colcon_core.shell:Creating package script '/home/rasp/ros2_ws/install/example_interfaces/share/example_interfaces/package.sh'
[154.892s] INFO:colcon.colcon_core.shell:Creating package script '/home/rasp/ros2_ws/install/example_interfaces/share/example_interfaces/package.bash'
[154.892s] INFO:colcon.colcon_core.shell:Creating package script '/home/rasp/ros2_ws/install/example_interfaces/share/example_interfaces/package.zsh'
[154.892s] Level 1:colcon.colcon_core.environment:create_file_with_runtime_dependencies(/home/rasp/ros2_ws/install/example_interfaces/share/colcon-core/packages/example_interfaces)
[154.893s] INFO:colcon.colcon_ros.task.ament_cmake.build:Building ROS package in '/home/rasp/ros2_ws/src/ros2/rcl_interfaces/rcl_interfaces' with build type 'ament_cmake'
[154.893s] INFO:colcon.colcon_cmake.task.cmake.build:Building CMake package in '/home/rasp/ros2_ws/src/ros2/rcl_interfaces/rcl_interfaces'
[154.893s] INFO:colcon.colcon_core.shell:Skip shell extension 'powershell' for command environment: Not usable outside of PowerShell
[154.893s] DEBUG:colcon.colcon_core.shell:Skip shell extension 'dsv' for command environment
[154.908s] DEBUG:colcon.colcon_core.event_handler.log_command:Invoking command in '/home/rasp/ros2_ws/build/rcl_interfaces': AMENT_PREFIX_PATH=/home/rasp/ros2_ws/install/builtin_interfaces:${AMENT_PREFIX_PATH} CMAKE_PREFIX_PATH=/home/rasp/ros2_ws/install/builtin_interfaces:/home/rasp/ros2_ws/install/rosidl_typesupport_microxrcedds_cpp:/home/rasp/ros2_ws/install/rosidl_typesupport_microxrcedds_c:/home/rasp/ros2_ws/install/microcdr:/home/rasp/ros2_ws/install/micro_ros_setup:/opt/ros/jazzy/opt/gz_math_vendor:/opt/ros/jazzy/opt/gz_utils_vendor:/opt/ros/jazzy/opt/gz_cmake_vendor:/opt/ros/jazzy DEBUGINFOD_URLS=https://debuginfod.ubuntu.com LD_LIBRARY_PATH=/home/rasp/ros2_ws/install/builtin_interfaces/lib:${LD_LIBRARY_PATH} PYTHONPATH=/home/rasp/ros2_ws/install/builtin_interfaces/lib/python3.12/site-packages:${PYTHONPATH} /usr/bin/cmake /home/rasp/ros2_ws/src/ros2/rcl_interfaces/rcl_interfaces -DBUILD_TESTING=OFF -DBUILD_SHARED_LIBS=ON -DCMAKE_INSTALL_PREFIX=/home/rasp/ros2_ws/install/rcl_interfaces
[158.627s] DEBUG:colcon.colcon_core.event_handler.log_command:Invoked command in '/home/rasp/ros2_ws/build/rcl_interfaces' returned '0': AMENT_PREFIX_PATH=/home/rasp/ros2_ws/install/builtin_interfaces:${AMENT_PREFIX_PATH} CMAKE_PREFIX_PATH=/home/rasp/ros2_ws/install/builtin_interfaces:/home/rasp/ros2_ws/install/rosidl_typesupport_microxrcedds_cpp:/home/rasp/ros2_ws/install/rosidl_typesupport_microxrcedds_c:/home/rasp/ros2_ws/install/microcdr:/home/rasp/ros2_ws/install/micro_ros_setup:/opt/ros/jazzy/opt/gz_math_vendor:/opt/ros/jazzy/opt/gz_utils_vendor:/opt/ros/jazzy/opt/gz_cmake_vendor:/opt/ros/jazzy DEBUGINFOD_URLS=https://debuginfod.ubuntu.com LD_LIBRARY_PATH=/home/rasp/ros2_ws/install/builtin_interfaces/lib:${LD_LIBRARY_PATH} PYTHONPATH=/home/rasp/ros2_ws/install/builtin_interfaces/lib/python3.12/site-packages:${PYTHONPATH} /usr/bin/cmake /home/rasp/ros2_ws/src/ros2/rcl_interfaces/rcl_interfaces -DBUILD_TESTING=OFF -DBUILD_SHARED_LIBS=ON -DCMAKE_INSTALL_PREFIX=/home/rasp/ros2_ws/install/rcl_interfaces
[158.629s] DEBUG:colcon.colcon_core.event_handler.log_command:Invoking command in '/home/rasp/ros2_ws/build/rcl_interfaces': AMENT_PREFIX_PATH=/home/rasp/ros2_ws/install/builtin_interfaces:${AMENT_PREFIX_PATH} CMAKE_PREFIX_PATH=/home/rasp/ros2_ws/install/builtin_interfaces:/home/rasp/ros2_ws/install/rosidl_typesupport_microxrcedds_cpp:/home/rasp/ros2_ws/install/rosidl_typesupport_microxrcedds_c:/home/rasp/ros2_ws/install/microcdr:/home/rasp/ros2_ws/install/micro_ros_setup:/opt/ros/jazzy/opt/gz_math_vendor:/opt/ros/jazzy/opt/gz_utils_vendor:/opt/ros/jazzy/opt/gz_cmake_vendor:/opt/ros/jazzy DEBUGINFOD_URLS=https://debuginfod.ubuntu.com LD_LIBRARY_PATH=/home/rasp/ros2_ws/install/builtin_interfaces/lib:${LD_LIBRARY_PATH} PYTHONPATH=/home/rasp/ros2_ws/install/builtin_interfaces/lib/python3.12/site-packages:${PYTHONPATH} /usr/bin/cmake --build /home/rasp/ros2_ws/build/rcl_interfaces -- -j2 -l2
[226.087s] DEBUG:colcon.colcon_core.event_handler.log_command:Invoked command in '/home/rasp/ros2_ws/build/geometry_msgs' returned '0': AMENT_PREFIX_PATH=/home/rasp/ros2_ws/install/std_msgs:/home/rasp/ros2_ws/install/builtin_interfaces:${AMENT_PREFIX_PATH} CMAKE_PREFIX_PATH=/home/rasp/ros2_ws/install/std_msgs:/home/rasp/ros2_ws/install/builtin_interfaces:/home/rasp/ros2_ws/install/rosidl_typesupport_microxrcedds_cpp:/home/rasp/ros2_ws/install/rosidl_typesupport_microxrcedds_c:/home/rasp/ros2_ws/install/microcdr:/home/rasp/ros2_ws/install/micro_ros_setup:/opt/ros/jazzy/opt/gz_math_vendor:/opt/ros/jazzy/opt/gz_utils_vendor:/opt/ros/jazzy/opt/gz_cmake_vendor:/opt/ros/jazzy DEBUGINFOD_URLS=https://debuginfod.ubuntu.com LD_LIBRARY_PATH=/home/rasp/ros2_ws/install/std_msgs/lib:/home/rasp/ros2_ws/install/builtin_interfaces/lib:${LD_LIBRARY_PATH} PYTHONPATH=/home/rasp/ros2_ws/install/std_msgs/lib/python3.12/site-packages:/home/rasp/ros2_ws/install/builtin_interfaces/lib/python3.12/site-packages:${PYTHONPATH} /usr/bin/cmake --build /home/rasp/ros2_ws/build/geometry_msgs -- -j2 -l2
[226.088s] DEBUG:colcon.colcon_core.event_handler.log_command:Invoking command in '/home/rasp/ros2_ws/build/geometry_msgs': AMENT_PREFIX_PATH=/home/rasp/ros2_ws/install/std_msgs:/home/rasp/ros2_ws/install/builtin_interfaces:${AMENT_PREFIX_PATH} CMAKE_PREFIX_PATH=/home/rasp/ros2_ws/install/std_msgs:/home/rasp/ros2_ws/install/builtin_interfaces:/home/rasp/ros2_ws/install/rosidl_typesupport_microxrcedds_cpp:/home/rasp/ros2_ws/install/rosidl_typesupport_microxrcedds_c:/home/rasp/ros2_ws/install/microcdr:/home/rasp/ros2_ws/install/micro_ros_setup:/opt/ros/jazzy/opt/gz_math_vendor:/opt/ros/jazzy/opt/gz_utils_vendor:/opt/ros/jazzy/opt/gz_cmake_vendor:/opt/ros/jazzy DEBUGINFOD_URLS=https://debuginfod.ubuntu.com LD_LIBRARY_PATH=/home/rasp/ros2_ws/install/std_msgs/lib:/home/rasp/ros2_ws/install/builtin_interfaces/lib:${LD_LIBRARY_PATH} PYTHONPATH=/home/rasp/ros2_ws/install/std_msgs/lib/python3.12/site-packages:/home/rasp/ros2_ws/install/builtin_interfaces/lib/python3.12/site-packages:${PYTHONPATH} /usr/bin/cmake --install /home/rasp/ros2_ws/build/geometry_msgs
[226.464s] Level 1:colcon.colcon_core.environment:create_environment_scripts_only(geometry_msgs)
[226.464s] Level 1:colcon.colcon_core.environment:checking '/home/rasp/ros2_ws/install/geometry_msgs' for CMake module files
[226.465s] Level 1:colcon.colcon_core.environment:checking '/home/rasp/ros2_ws/install/geometry_msgs' for CMake config files
[226.465s] Level 1:colcon.colcon_core.shell:create_environment_hook('geometry_msgs', 'cmake_prefix_path')
[226.465s] INFO:colcon.colcon_core.shell:Creating environment hook '/home/rasp/ros2_ws/install/geometry_msgs/share/geometry_msgs/hook/cmake_prefix_path.ps1'
[226.466s] DEBUG:colcon.colcon_core.event_handler.log_command:Invoked command in '/home/rasp/ros2_ws/build/geometry_msgs' returned '0': AMENT_PREFIX_PATH=/home/rasp/ros2_ws/install/std_msgs:/home/rasp/ros2_ws/install/builtin_interfaces:${AMENT_PREFIX_PATH} CMAKE_PREFIX_PATH=/home/rasp/ros2_ws/install/std_msgs:/home/rasp/ros2_ws/install/builtin_interfaces:/home/rasp/ros2_ws/install/rosidl_typesupport_microxrcedds_cpp:/home/rasp/ros2_ws/install/rosidl_typesupport_microxrcedds_c:/home/rasp/ros2_ws/install/microcdr:/home/rasp/ros2_ws/install/micro_ros_setup:/opt/ros/jazzy/opt/gz_math_vendor:/opt/ros/jazzy/opt/gz_utils_vendor:/opt/ros/jazzy/opt/gz_cmake_vendor:/opt/ros/jazzy DEBUGINFOD_URLS=https://debuginfod.ubuntu.com LD_LIBRARY_PATH=/home/rasp/ros2_ws/install/std_msgs/lib:/home/rasp/ros2_ws/install/builtin_interfaces/lib:${LD_LIBRARY_PATH} PYTHONPATH=/home/rasp/ros2_ws/install/std_msgs/lib/python3.12/site-packages:/home/rasp/ros2_ws/install/builtin_interfaces/lib/python3.12/site-packages:${PYTHONPATH} /usr/bin/cmake --install /home/rasp/ros2_ws/build/geometry_msgs
[226.466s] INFO:colcon.colcon_core.shell:Creating environment descriptor '/home/rasp/ros2_ws/install/geometry_msgs/share/geometry_msgs/hook/cmake_prefix_path.dsv'
[226.466s] INFO:colcon.colcon_core.shell:Creating environment hook '/home/rasp/ros2_ws/install/geometry_msgs/share/geometry_msgs/hook/cmake_prefix_path.sh'
[226.467s] Level 1:colcon.colcon_core.environment:checking '/home/rasp/ros2_ws/install/geometry_msgs/lib'
[226.467s] Level 1:colcon.colcon_core.shell:create_environment_hook('geometry_msgs', 'ld_library_path_lib')
[226.467s] INFO:colcon.colcon_core.shell:Creating environment hook '/home/rasp/ros2_ws/install/geometry_msgs/share/geometry_msgs/hook/ld_library_path_lib.ps1'
[226.468s] INFO:colcon.colcon_core.shell:Creating environment descriptor '/home/rasp/ros2_ws/install/geometry_msgs/share/geometry_msgs/hook/ld_library_path_lib.dsv'
[226.468s] INFO:colcon.colcon_core.shell:Creating environment hook '/home/rasp/ros2_ws/install/geometry_msgs/share/geometry_msgs/hook/ld_library_path_lib.sh'
[226.468s] Level 1:colcon.colcon_core.environment:checking '/home/rasp/ros2_ws/install/geometry_msgs/bin'
[226.468s] Level 1:colcon.colcon_core.environment:checking '/home/rasp/ros2_ws/install/geometry_msgs/lib/pkgconfig/geometry_msgs.pc'
[226.468s] Level 1:colcon.colcon_core.environment:checking '/home/rasp/ros2_ws/install/geometry_msgs/lib/python3.12/site-packages'
[226.468s] Level 1:colcon.colcon_core.shell:create_environment_hook('geometry_msgs', 'pythonpath')
[226.469s] INFO:colcon.colcon_core.shell:Creating environment hook '/home/rasp/ros2_ws/install/geometry_msgs/share/geometry_msgs/hook/pythonpath.ps1'
[226.469s] INFO:colcon.colcon_core.shell:Creating environment descriptor '/home/rasp/ros2_ws/install/geometry_msgs/share/geometry_msgs/hook/pythonpath.dsv'
[226.469s] INFO:colcon.colcon_core.shell:Creating environment hook '/home/rasp/ros2_ws/install/geometry_msgs/share/geometry_msgs/hook/pythonpath.sh'
[226.470s] Level 1:colcon.colcon_core.environment:checking '/home/rasp/ros2_ws/install/geometry_msgs/bin'
[226.470s] INFO:colcon.colcon_core.shell:Creating package script '/home/rasp/ros2_ws/install/geometry_msgs/share/geometry_msgs/package.ps1'
[226.470s] INFO:colcon.colcon_core.shell:Creating package descriptor '/home/rasp/ros2_ws/install/geometry_msgs/share/geometry_msgs/package.dsv'
[226.471s] INFO:colcon.colcon_core.shell:Creating package script '/home/rasp/ros2_ws/install/geometry_msgs/share/geometry_msgs/package.sh'
[226.471s] INFO:colcon.colcon_core.shell:Creating package script '/home/rasp/ros2_ws/install/geometry_msgs/share/geometry_msgs/package.bash'
[226.471s] INFO:colcon.colcon_core.shell:Creating package script '/home/rasp/ros2_ws/install/geometry_msgs/share/geometry_msgs/package.zsh'
[226.472s] Level 1:colcon.colcon_core.environment:create_file_with_runtime_dependencies(/home/rasp/ros2_ws/install/geometry_msgs/share/colcon-core/packages/geometry_msgs)
[226.472s] Level 1:colcon.colcon_core.environment:create_environment_scripts_only(geometry_msgs)
[226.472s] Level 1:colcon.colcon_core.environment:checking '/home/rasp/ros2_ws/install/geometry_msgs' for CMake module files
[226.473s] Level 1:colcon.colcon_core.environment:checking '/home/rasp/ros2_ws/install/geometry_msgs' for CMake config files
[226.474s] Level 1:colcon.colcon_core.shell:create_environment_hook('geometry_msgs', 'cmake_prefix_path')
[226.474s] INFO:colcon.colcon_core.shell:Creating environment hook '/home/rasp/ros2_ws/install/geometry_msgs/share/geometry_msgs/hook/cmake_prefix_path.ps1'
[226.475s] INFO:colcon.colcon_core.shell:Creating environment descriptor '/home/rasp/ros2_ws/install/geometry_msgs/share/geometry_msgs/hook/cmake_prefix_path.dsv'
[226.475s] INFO:colcon.colcon_core.shell:Creating environment hook '/home/rasp/ros2_ws/install/geometry_msgs/share/geometry_msgs/hook/cmake_prefix_path.sh'
[226.476s] Level 1:colcon.colcon_core.environment:checking '/home/rasp/ros2_ws/install/geometry_msgs/lib'
[226.476s] Level 1:colcon.colcon_core.shell:create_environment_hook('geometry_msgs', 'ld_library_path_lib')
[226.476s] INFO:colcon.colcon_core.shell:Creating environment hook '/home/rasp/ros2_ws/install/geometry_msgs/share/geometry_msgs/hook/ld_library_path_lib.ps1'
[226.476s] INFO:colcon.colcon_core.shell:Creating environment descriptor '/home/rasp/ros2_ws/install/geometry_msgs/share/geometry_msgs/hook/ld_library_path_lib.dsv'
[226.477s] INFO:colcon.colcon_core.shell:Creating environment hook '/home/rasp/ros2_ws/install/geometry_msgs/share/geometry_msgs/hook/ld_library_path_lib.sh'
[226.477s] Level 1:colcon.colcon_core.environment:checking '/home/rasp/ros2_ws/install/geometry_msgs/bin'
[226.477s] Level 1:colcon.colcon_core.environment:checking '/home/rasp/ros2_ws/install/geometry_msgs/lib/pkgconfig/geometry_msgs.pc'
[226.477s] Level 1:colcon.colcon_core.environment:checking '/home/rasp/ros2_ws/install/geometry_msgs/lib/python3.12/site-packages'
[226.478s] Level 1:colcon.colcon_core.shell:create_environment_hook('geometry_msgs', 'pythonpath')
[226.478s] INFO:colcon.colcon_core.shell:Creating environment hook '/home/rasp/ros2_ws/install/geometry_msgs/share/geometry_msgs/hook/pythonpath.ps1'
[226.478s] INFO:colcon.colcon_core.shell:Creating environment descriptor '/home/rasp/ros2_ws/install/geometry_msgs/share/geometry_msgs/hook/pythonpath.dsv'
[226.478s] INFO:colcon.colcon_core.shell:Creating environment hook '/home/rasp/ros2_ws/install/geometry_msgs/share/geometry_msgs/hook/pythonpath.sh'
[226.479s] Level 1:colcon.colcon_core.environment:checking '/home/rasp/ros2_ws/install/geometry_msgs/bin'
[226.479s] INFO:colcon.colcon_core.shell:Creating package script '/home/rasp/ros2_ws/install/geometry_msgs/share/geometry_msgs/package.ps1'
[226.480s] INFO:colcon.colcon_core.shell:Creating package descriptor '/home/rasp/ros2_ws/install/geometry_msgs/share/geometry_msgs/package.dsv'
[226.480s] INFO:colcon.colcon_core.shell:Creating package script '/home/rasp/ros2_ws/install/geometry_msgs/share/geometry_msgs/package.sh'
[226.481s] INFO:colcon.colcon_core.shell:Creating package script '/home/rasp/ros2_ws/install/geometry_msgs/share/geometry_msgs/package.bash'
[226.481s] INFO:colcon.colcon_core.shell:Creating package script '/home/rasp/ros2_ws/install/geometry_msgs/share/geometry_msgs/package.zsh'
[226.482s] Level 1:colcon.colcon_core.environment:create_file_with_runtime_dependencies(/home/rasp/ros2_ws/install/geometry_msgs/share/colcon-core/packages/geometry_msgs)
[226.482s] INFO:colcon.colcon_ros.task.ament_cmake.build:Building ROS package in '/home/rasp/ros2_ws/src/ros2/common_interfaces/sensor_msgs' with build type 'ament_cmake'
[226.482s] INFO:colcon.colcon_cmake.task.cmake.build:Building CMake package in '/home/rasp/ros2_ws/src/ros2/common_interfaces/sensor_msgs'
[226.482s] INFO:colcon.colcon_core.shell:Skip shell extension 'powershell' for command environment: Not usable outside of PowerShell
[226.483s] DEBUG:colcon.colcon_core.shell:Skip shell extension 'dsv' for command environment
[226.520s] DEBUG:colcon.colcon_core.event_handler.log_command:Invoking command in '/home/rasp/ros2_ws/build/sensor_msgs': AMENT_PREFIX_PATH=/home/rasp/ros2_ws/install/geometry_msgs:/home/rasp/ros2_ws/install/std_msgs:/home/rasp/ros2_ws/install/builtin_interfaces:${AMENT_PREFIX_PATH} CMAKE_PREFIX_PATH=/home/rasp/ros2_ws/install/geometry_msgs:/home/rasp/ros2_ws/install/std_msgs:/home/rasp/ros2_ws/install/builtin_interfaces:/home/rasp/ros2_ws/install/rosidl_typesupport_microxrcedds_cpp:/home/rasp/ros2_ws/install/rosidl_typesupport_microxrcedds_c:/home/rasp/ros2_ws/install/microcdr:/home/rasp/ros2_ws/install/micro_ros_setup:/opt/ros/jazzy/opt/gz_math_vendor:/opt/ros/jazzy/opt/gz_utils_vendor:/opt/ros/jazzy/opt/gz_cmake_vendor:/opt/ros/jazzy DEBUGINFOD_URLS=https://debuginfod.ubuntu.com LD_LIBRARY_PATH=/home/rasp/ros2_ws/install/geometry_msgs/lib:/home/rasp/ros2_ws/install/std_msgs/lib:/home/rasp/ros2_ws/install/builtin_interfaces/lib:${LD_LIBRARY_PATH} PYTHONPATH=/home/rasp/ros2_ws/install/geometry_msgs/lib/python3.12/site-packages:/home/rasp/ros2_ws/install/std_msgs/lib/python3.12/site-packages:/home/rasp/ros2_ws/install/builtin_interfaces/lib/python3.12/site-packages:${PYTHONPATH} /usr/bin/cmake /home/rasp/ros2_ws/src/ros2/common_interfaces/sensor_msgs -DBUILD_TESTING=OFF -DBUILD_SHARED_LIBS=ON -DCMAKE_INSTALL_PREFIX=/home/rasp/ros2_ws/install/sensor_msgs
[230.897s] DEBUG:colcon.colcon_core.event_handler.log_command:Invoked command in '/home/rasp/ros2_ws/build/sensor_msgs' returned '0': AMENT_PREFIX_PATH=/home/rasp/ros2_ws/install/geometry_msgs:/home/rasp/ros2_ws/install/std_msgs:/home/rasp/ros2_ws/install/builtin_interfaces:${AMENT_PREFIX_PATH} CMAKE_PREFIX_PATH=/home/rasp/ros2_ws/install/geometry_msgs:/home/rasp/ros2_ws/install/std_msgs:/home/rasp/ros2_ws/install/builtin_interfaces:/home/rasp/ros2_ws/install/rosidl_typesupport_microxrcedds_cpp:/home/rasp/ros2_ws/install/rosidl_typesupport_microxrcedds_c:/home/rasp/ros2_ws/install/microcdr:/home/rasp/ros2_ws/install/micro_ros_setup:/opt/ros/jazzy/opt/gz_math_vendor:/opt/ros/jazzy/opt/gz_utils_vendor:/opt/ros/jazzy/opt/gz_cmake_vendor:/opt/ros/jazzy DEBUGINFOD_URLS=https://debuginfod.ubuntu.com LD_LIBRARY_PATH=/home/rasp/ros2_ws/install/geometry_msgs/lib:/home/rasp/ros2_ws/install/std_msgs/lib:/home/rasp/ros2_ws/install/builtin_interfaces/lib:${LD_LIBRARY_PATH} PYTHONPATH=/home/rasp/ros2_ws/install/geometry_msgs/lib/python3.12/site-packages:/home/rasp/ros2_ws/install/std_msgs/lib/python3.12/site-packages:/home/rasp/ros2_ws/install/builtin_interfaces/lib/python3.12/site-packages:${PYTHONPATH} /usr/bin/cmake /home/rasp/ros2_ws/src/ros2/common_interfaces/sensor_msgs -DBUILD_TESTING=OFF -DBUILD_SHARED_LIBS=ON -DCMAKE_INSTALL_PREFIX=/home/rasp/ros2_ws/install/sensor_msgs
[230.897s] DEBUG:colcon.colcon_core.event_handler.log_command:Invoking command in '/home/rasp/ros2_ws/build/sensor_msgs': AMENT_PREFIX_PATH=/home/rasp/ros2_ws/install/geometry_msgs:/home/rasp/ros2_ws/install/std_msgs:/home/rasp/ros2_ws/install/builtin_interfaces:${AMENT_PREFIX_PATH} CMAKE_PREFIX_PATH=/home/rasp/ros2_ws/install/geometry_msgs:/home/rasp/ros2_ws/install/std_msgs:/home/rasp/ros2_ws/install/builtin_interfaces:/home/rasp/ros2_ws/install/rosidl_typesupport_microxrcedds_cpp:/home/rasp/ros2_ws/install/rosidl_typesupport_microxrcedds_c:/home/rasp/ros2_ws/install/microcdr:/home/rasp/ros2_ws/install/micro_ros_setup:/opt/ros/jazzy/opt/gz_math_vendor:/opt/ros/jazzy/opt/gz_utils_vendor:/opt/ros/jazzy/opt/gz_cmake_vendor:/opt/ros/jazzy DEBUGINFOD_URLS=https://debuginfod.ubuntu.com LD_LIBRARY_PATH=/home/rasp/ros2_ws/install/geometry_msgs/lib:/home/rasp/ros2_ws/install/std_msgs/lib:/home/rasp/ros2_ws/install/builtin_interfaces/lib:${LD_LIBRARY_PATH} PYTHONPATH=/home/rasp/ros2_ws/install/geometry_msgs/lib/python3.12/site-packages:/home/rasp/ros2_ws/install/std_msgs/lib/python3.12/site-packages:/home/rasp/ros2_ws/install/builtin_interfaces/lib/python3.12/site-packages:${PYTHONPATH} /usr/bin/cmake --build /home/rasp/ros2_ws/build/sensor_msgs -- -j2 -l2
[249.160s] DEBUG:colcon.colcon_core.event_handler.log_command:Invoked command in '/home/rasp/ros2_ws/build/rcl_interfaces' returned '0': AMENT_PREFIX_PATH=/home/rasp/ros2_ws/install/builtin_interfaces:${AMENT_PREFIX_PATH} CMAKE_PREFIX_PATH=/home/rasp/ros2_ws/install/builtin_interfaces:/home/rasp/ros2_ws/install/rosidl_typesupport_microxrcedds_cpp:/home/rasp/ros2_ws/install/rosidl_typesupport_microxrcedds_c:/home/rasp/ros2_ws/install/microcdr:/home/rasp/ros2_ws/install/micro_ros_setup:/opt/ros/jazzy/opt/gz_math_vendor:/opt/ros/jazzy/opt/gz_utils_vendor:/opt/ros/jazzy/opt/gz_cmake_vendor:/opt/ros/jazzy DEBUGINFOD_URLS=https://debuginfod.ubuntu.com LD_LIBRARY_PATH=/home/rasp/ros2_ws/install/builtin_interfaces/lib:${LD_LIBRARY_PATH} PYTHONPATH=/home/rasp/ros2_ws/install/builtin_interfaces/lib/python3.12/site-packages:${PYTHONPATH} /usr/bin/cmake --build /home/rasp/ros2_ws/build/rcl_interfaces -- -j2 -l2
[249.161s] DEBUG:colcon.colcon_core.event_handler.log_command:Invoking command in '/home/rasp/ros2_ws/build/rcl_interfaces': AMENT_PREFIX_PATH=/home/rasp/ros2_ws/install/builtin_interfaces:${AMENT_PREFIX_PATH} CMAKE_PREFIX_PATH=/home/rasp/ros2_ws/install/builtin_interfaces:/home/rasp/ros2_ws/install/rosidl_typesupport_microxrcedds_cpp:/home/rasp/ros2_ws/install/rosidl_typesupport_microxrcedds_c:/home/rasp/ros2_ws/install/microcdr:/home/rasp/ros2_ws/install/micro_ros_setup:/opt/ros/jazzy/opt/gz_math_vendor:/opt/ros/jazzy/opt/gz_utils_vendor:/opt/ros/jazzy/opt/gz_cmake_vendor:/opt/ros/jazzy DEBUGINFOD_URLS=https://debuginfod.ubuntu.com LD_LIBRARY_PATH=/home/rasp/ros2_ws/install/builtin_interfaces/lib:${LD_LIBRARY_PATH} PYTHONPATH=/home/rasp/ros2_ws/install/builtin_interfaces/lib/python3.12/site-packages:${PYTHONPATH} /usr/bin/cmake --install /home/rasp/ros2_ws/build/rcl_interfaces
[249.512s] Level 1:colcon.colcon_core.environment:create_environment_scripts_only(rcl_interfaces)
[249.512s] DEBUG:colcon.colcon_core.event_handler.log_command:Invoked command in '/home/rasp/ros2_ws/build/rcl_interfaces' returned '0': AMENT_PREFIX_PATH=/home/rasp/ros2_ws/install/builtin_interfaces:${AMENT_PREFIX_PATH} CMAKE_PREFIX_PATH=/home/rasp/ros2_ws/install/builtin_interfaces:/home/rasp/ros2_ws/install/rosidl_typesupport_microxrcedds_cpp:/home/rasp/ros2_ws/install/rosidl_typesupport_microxrcedds_c:/home/rasp/ros2_ws/install/microcdr:/home/rasp/ros2_ws/install/micro_ros_setup:/opt/ros/jazzy/opt/gz_math_vendor:/opt/ros/jazzy/opt/gz_utils_vendor:/opt/ros/jazzy/opt/gz_cmake_vendor:/opt/ros/jazzy DEBUGINFOD_URLS=https://debuginfod.ubuntu.com LD_LIBRARY_PATH=/home/rasp/ros2_ws/install/builtin_interfaces/lib:${LD_LIBRARY_PATH} PYTHONPATH=/home/rasp/ros2_ws/install/builtin_interfaces/lib/python3.12/site-packages:${PYTHONPATH} /usr/bin/cmake --install /home/rasp/ros2_ws/build/rcl_interfaces
[249.512s] Level 1:colcon.colcon_core.environment:checking '/home/rasp/ros2_ws/install/rcl_interfaces' for CMake module files
[249.513s] Level 1:colcon.colcon_core.environment:checking '/home/rasp/ros2_ws/install/rcl_interfaces' for CMake config files
[249.513s] Level 1:colcon.colcon_core.shell:create_environment_hook('rcl_interfaces', 'cmake_prefix_path')
[249.513s] INFO:colcon.colcon_core.shell:Creating environment hook '/home/rasp/ros2_ws/install/rcl_interfaces/share/rcl_interfaces/hook/cmake_prefix_path.ps1'
[249.514s] INFO:colcon.colcon_core.shell:Creating environment descriptor '/home/rasp/ros2_ws/install/rcl_interfaces/share/rcl_interfaces/hook/cmake_prefix_path.dsv'
[249.514s] INFO:colcon.colcon_core.shell:Creating environment hook '/home/rasp/ros2_ws/install/rcl_interfaces/share/rcl_interfaces/hook/cmake_prefix_path.sh'
[249.515s] Level 1:colcon.colcon_core.environment:checking '/home/rasp/ros2_ws/install/rcl_interfaces/lib'
[249.515s] Level 1:colcon.colcon_core.shell:create_environment_hook('rcl_interfaces', 'ld_library_path_lib')
[249.515s] INFO:colcon.colcon_core.shell:Creating environment hook '/home/rasp/ros2_ws/install/rcl_interfaces/share/rcl_interfaces/hook/ld_library_path_lib.ps1'
[249.515s] INFO:colcon.colcon_core.shell:Creating environment descriptor '/home/rasp/ros2_ws/install/rcl_interfaces/share/rcl_interfaces/hook/ld_library_path_lib.dsv'
[249.515s] INFO:colcon.colcon_core.shell:Creating environment hook '/home/rasp/ros2_ws/install/rcl_interfaces/share/rcl_interfaces/hook/ld_library_path_lib.sh'
[249.516s] Level 1:colcon.colcon_core.environment:checking '/home/rasp/ros2_ws/install/rcl_interfaces/bin'
[249.516s] Level 1:colcon.colcon_core.environment:checking '/home/rasp/ros2_ws/install/rcl_interfaces/lib/pkgconfig/rcl_interfaces.pc'
[249.516s] Level 1:colcon.colcon_core.environment:checking '/home/rasp/ros2_ws/install/rcl_interfaces/lib/python3.12/site-packages'
[249.516s] Level 1:colcon.colcon_core.shell:create_environment_hook('rcl_interfaces', 'pythonpath')
[249.516s] INFO:colcon.colcon_core.shell:Creating environment hook '/home/rasp/ros2_ws/install/rcl_interfaces/share/rcl_interfaces/hook/pythonpath.ps1'
[249.516s] INFO:colcon.colcon_core.shell:Creating environment descriptor '/home/rasp/ros2_ws/install/rcl_interfaces/share/rcl_interfaces/hook/pythonpath.dsv'
[249.517s] INFO:colcon.colcon_core.shell:Creating environment hook '/home/rasp/ros2_ws/install/rcl_interfaces/share/rcl_interfaces/hook/pythonpath.sh'
[249.517s] Level 1:colcon.colcon_core.environment:checking '/home/rasp/ros2_ws/install/rcl_interfaces/bin'
[249.517s] INFO:colcon.colcon_core.shell:Creating package script '/home/rasp/ros2_ws/install/rcl_interfaces/share/rcl_interfaces/package.ps1'
[249.518s] INFO:colcon.colcon_core.shell:Creating package descriptor '/home/rasp/ros2_ws/install/rcl_interfaces/share/rcl_interfaces/package.dsv'
[249.518s] INFO:colcon.colcon_core.shell:Creating package script '/home/rasp/ros2_ws/install/rcl_interfaces/share/rcl_interfaces/package.sh'
[249.519s] INFO:colcon.colcon_core.shell:Creating package script '/home/rasp/ros2_ws/install/rcl_interfaces/share/rcl_interfaces/package.bash'
[249.519s] INFO:colcon.colcon_core.shell:Creating package script '/home/rasp/ros2_ws/install/rcl_interfaces/share/rcl_interfaces/package.zsh'
[249.519s] Level 1:colcon.colcon_core.environment:create_file_with_runtime_dependencies(/home/rasp/ros2_ws/install/rcl_interfaces/share/colcon-core/packages/rcl_interfaces)
[249.520s] Level 1:colcon.colcon_core.environment:create_environment_scripts_only(rcl_interfaces)
[249.520s] Level 1:colcon.colcon_core.environment:checking '/home/rasp/ros2_ws/install/rcl_interfaces' for CMake module files
[249.521s] Level 1:colcon.colcon_core.environment:checking '/home/rasp/ros2_ws/install/rcl_interfaces' for CMake config files
[249.521s] Level 1:colcon.colcon_core.shell:create_environment_hook('rcl_interfaces', 'cmake_prefix_path')
[249.521s] INFO:colcon.colcon_core.shell:Creating environment hook '/home/rasp/ros2_ws/install/rcl_interfaces/share/rcl_interfaces/hook/cmake_prefix_path.ps1'
[249.522s] INFO:colcon.colcon_core.shell:Creating environment descriptor '/home/rasp/ros2_ws/install/rcl_interfaces/share/rcl_interfaces/hook/cmake_prefix_path.dsv'
[249.522s] INFO:colcon.colcon_core.shell:Creating environment hook '/home/rasp/ros2_ws/install/rcl_interfaces/share/rcl_interfaces/hook/cmake_prefix_path.sh'
[249.523s] Level 1:colcon.colcon_core.environment:checking '/home/rasp/ros2_ws/install/rcl_interfaces/lib'
[249.523s] Level 1:colcon.colcon_core.shell:create_environment_hook('rcl_interfaces', 'ld_library_path_lib')
[249.523s] INFO:colcon.colcon_core.shell:Creating environment hook '/home/rasp/ros2_ws/install/rcl_interfaces/share/rcl_interfaces/hook/ld_library_path_lib.ps1'
[249.527s] INFO:colcon.colcon_core.shell:Creating environment descriptor '/home/rasp/ros2_ws/install/rcl_interfaces/share/rcl_interfaces/hook/ld_library_path_lib.dsv'
[249.528s] INFO:colcon.colcon_core.shell:Creating environment hook '/home/rasp/ros2_ws/install/rcl_interfaces/share/rcl_interfaces/hook/ld_library_path_lib.sh'
[249.531s] Level 1:colcon.colcon_core.environment:checking '/home/rasp/ros2_ws/install/rcl_interfaces/bin'
[249.531s] Level 1:colcon.colcon_core.environment:checking '/home/rasp/ros2_ws/install/rcl_interfaces/lib/pkgconfig/rcl_interfaces.pc'
[249.531s] Level 1:colcon.colcon_core.environment:checking '/home/rasp/ros2_ws/install/rcl_interfaces/lib/python3.12/site-packages'
[249.531s] Level 1:colcon.colcon_core.shell:create_environment_hook('rcl_interfaces', 'pythonpath')
[249.531s] INFO:colcon.colcon_core.shell:Creating environment hook '/home/rasp/ros2_ws/install/rcl_interfaces/share/rcl_interfaces/hook/pythonpath.ps1'
[249.532s] INFO:colcon.colcon_core.shell:Creating environment descriptor '/home/rasp/ros2_ws/install/rcl_interfaces/share/rcl_interfaces/hook/pythonpath.dsv'
[249.532s] INFO:colcon.colcon_core.shell:Creating environment hook '/home/rasp/ros2_ws/install/rcl_interfaces/share/rcl_interfaces/hook/pythonpath.sh'
[249.533s] Level 1:colcon.colcon_core.environment:checking '/home/rasp/ros2_ws/install/rcl_interfaces/bin'
[249.533s] INFO:colcon.colcon_core.shell:Creating package script '/home/rasp/ros2_ws/install/rcl_interfaces/share/rcl_interfaces/package.ps1'
[249.533s] INFO:colcon.colcon_core.shell:Creating package descriptor '/home/rasp/ros2_ws/install/rcl_interfaces/share/rcl_interfaces/package.dsv'
[249.534s] INFO:colcon.colcon_core.shell:Creating package script '/home/rasp/ros2_ws/install/rcl_interfaces/share/rcl_interfaces/package.sh'
[249.534s] INFO:colcon.colcon_core.shell:Creating package script '/home/rasp/ros2_ws/install/rcl_interfaces/share/rcl_interfaces/package.bash'
[249.535s] INFO:colcon.colcon_core.shell:Creating package script '/home/rasp/ros2_ws/install/rcl_interfaces/share/rcl_interfaces/package.zsh'
[249.536s] Level 1:colcon.colcon_core.environment:create_file_with_runtime_dependencies(/home/rasp/ros2_ws/install/rcl_interfaces/share/colcon-core/packages/rcl_interfaces)
[249.538s] INFO:colcon.colcon_ros.task.ament_cmake.build:Building ROS package in '/home/rasp/ros2_ws/src/ros2/rcl_interfaces/test_msgs' with build type 'ament_cmake'
[249.538s] INFO:colcon.colcon_cmake.task.cmake.build:Building CMake package in '/home/rasp/ros2_ws/src/ros2/rcl_interfaces/test_msgs'
[249.539s] INFO:colcon.colcon_core.shell:Skip shell extension 'powershell' for command environment: Not usable outside of PowerShell
[249.539s] DEBUG:colcon.colcon_core.shell:Skip shell extension 'dsv' for command environment
[249.568s] DEBUG:colcon.colcon_core.event_handler.log_command:Invoking command in '/home/rasp/ros2_ws/build/test_msgs': AMENT_PREFIX_PATH=/home/rasp/ros2_ws/install/test_interface_files:/home/rasp/ros2_ws/install/builtin_interfaces:${AMENT_PREFIX_PATH} CMAKE_PREFIX_PATH=/home/rasp/ros2_ws/install/test_interface_files:/home/rasp/ros2_ws/install/builtin_interfaces:/home/rasp/ros2_ws/install/rosidl_typesupport_microxrcedds_cpp:/home/rasp/ros2_ws/install/rosidl_typesupport_microxrcedds_c:/home/rasp/ros2_ws/install/microcdr:/home/rasp/ros2_ws/install/micro_ros_setup:/opt/ros/jazzy/opt/gz_math_vendor:/opt/ros/jazzy/opt/gz_utils_vendor:/opt/ros/jazzy/opt/gz_cmake_vendor:/opt/ros/jazzy DEBUGINFOD_URLS=https://debuginfod.ubuntu.com LD_LIBRARY_PATH=/home/rasp/ros2_ws/install/builtin_interfaces/lib:${LD_LIBRARY_PATH} PYTHONPATH=/home/rasp/ros2_ws/install/builtin_interfaces/lib/python3.12/site-packages:${PYTHONPATH} /usr/bin/cmake /home/rasp/ros2_ws/src/ros2/rcl_interfaces/test_msgs -DBUILD_TESTING=OFF -DBUILD_SHARED_LIBS=ON -DCMAKE_INSTALL_PREFIX=/home/rasp/ros2_ws/install/test_msgs
[253.390s] DEBUG:colcon.colcon_core.event_handler.log_command:Invoked command in '/home/rasp/ros2_ws/build/test_msgs' returned '0': AMENT_PREFIX_PATH=/home/rasp/ros2_ws/install/test_interface_files:/home/rasp/ros2_ws/install/builtin_interfaces:${AMENT_PREFIX_PATH} CMAKE_PREFIX_PATH=/home/rasp/ros2_ws/install/test_interface_files:/home/rasp/ros2_ws/install/builtin_interfaces:/home/rasp/ros2_ws/install/rosidl_typesupport_microxrcedds_cpp:/home/rasp/ros2_ws/install/rosidl_typesupport_microxrcedds_c:/home/rasp/ros2_ws/install/microcdr:/home/rasp/ros2_ws/install/micro_ros_setup:/opt/ros/jazzy/opt/gz_math_vendor:/opt/ros/jazzy/opt/gz_utils_vendor:/opt/ros/jazzy/opt/gz_cmake_vendor:/opt/ros/jazzy DEBUGINFOD_URLS=https://debuginfod.ubuntu.com LD_LIBRARY_PATH=/home/rasp/ros2_ws/install/builtin_interfaces/lib:${LD_LIBRARY_PATH} PYTHONPATH=/home/rasp/ros2_ws/install/builtin_interfaces/lib/python3.12/site-packages:${PYTHONPATH} /usr/bin/cmake /home/rasp/ros2_ws/src/ros2/rcl_interfaces/test_msgs -DBUILD_TESTING=OFF -DBUILD_SHARED_LIBS=ON -DCMAKE_INSTALL_PREFIX=/home/rasp/ros2_ws/install/test_msgs
[253.391s] DEBUG:colcon.colcon_core.event_handler.log_command:Invoking command in '/home/rasp/ros2_ws/build/test_msgs': AMENT_PREFIX_PATH=/home/rasp/ros2_ws/install/test_interface_files:/home/rasp/ros2_ws/install/builtin_interfaces:${AMENT_PREFIX_PATH} CMAKE_PREFIX_PATH=/home/rasp/ros2_ws/install/test_interface_files:/home/rasp/ros2_ws/install/builtin_interfaces:/home/rasp/ros2_ws/install/rosidl_typesupport_microxrcedds_cpp:/home/rasp/ros2_ws/install/rosidl_typesupport_microxrcedds_c:/home/rasp/ros2_ws/install/microcdr:/home/rasp/ros2_ws/install/micro_ros_setup:/opt/ros/jazzy/opt/gz_math_vendor:/opt/ros/jazzy/opt/gz_utils_vendor:/opt/ros/jazzy/opt/gz_cmake_vendor:/opt/ros/jazzy DEBUGINFOD_URLS=https://debuginfod.ubuntu.com LD_LIBRARY_PATH=/home/rasp/ros2_ws/install/builtin_interfaces/lib:${LD_LIBRARY_PATH} PYTHONPATH=/home/rasp/ros2_ws/install/builtin_interfaces/lib/python3.12/site-packages:${PYTHONPATH} /usr/bin/cmake --build /home/rasp/ros2_ws/build/test_msgs -- -j2 -l2
[351.313s] DEBUG:colcon.colcon_core.event_handler.log_command:Invoked command in '/home/rasp/ros2_ws/build/sensor_msgs' returned '0': AMENT_PREFIX_PATH=/home/rasp/ros2_ws/install/geometry_msgs:/home/rasp/ros2_ws/install/std_msgs:/home/rasp/ros2_ws/install/builtin_interfaces:${AMENT_PREFIX_PATH} CMAKE_PREFIX_PATH=/home/rasp/ros2_ws/install/geometry_msgs:/home/rasp/ros2_ws/install/std_msgs:/home/rasp/ros2_ws/install/builtin_interfaces:/home/rasp/ros2_ws/install/rosidl_typesupport_microxrcedds_cpp:/home/rasp/ros2_ws/install/rosidl_typesupport_microxrcedds_c:/home/rasp/ros2_ws/install/microcdr:/home/rasp/ros2_ws/install/micro_ros_setup:/opt/ros/jazzy/opt/gz_math_vendor:/opt/ros/jazzy/opt/gz_utils_vendor:/opt/ros/jazzy/opt/gz_cmake_vendor:/opt/ros/jazzy DEBUGINFOD_URLS=https://debuginfod.ubuntu.com LD_LIBRARY_PATH=/home/rasp/ros2_ws/install/geometry_msgs/lib:/home/rasp/ros2_ws/install/std_msgs/lib:/home/rasp/ros2_ws/install/builtin_interfaces/lib:${LD_LIBRARY_PATH} PYTHONPATH=/home/rasp/ros2_ws/install/geometry_msgs/lib/python3.12/site-packages:/home/rasp/ros2_ws/install/std_msgs/lib/python3.12/site-packages:/home/rasp/ros2_ws/install/builtin_interfaces/lib/python3.12/site-packages:${PYTHONPATH} /usr/bin/cmake --build /home/rasp/ros2_ws/build/sensor_msgs -- -j2 -l2
[351.314s] DEBUG:colcon.colcon_core.event_handler.log_command:Invoking command in '/home/rasp/ros2_ws/build/sensor_msgs': AMENT_PREFIX_PATH=/home/rasp/ros2_ws/install/geometry_msgs:/home/rasp/ros2_ws/install/std_msgs:/home/rasp/ros2_ws/install/builtin_interfaces:${AMENT_PREFIX_PATH} CMAKE_PREFIX_PATH=/home/rasp/ros2_ws/install/geometry_msgs:/home/rasp/ros2_ws/install/std_msgs:/home/rasp/ros2_ws/install/builtin_interfaces:/home/rasp/ros2_ws/install/rosidl_typesupport_microxrcedds_cpp:/home/rasp/ros2_ws/install/rosidl_typesupport_microxrcedds_c:/home/rasp/ros2_ws/install/microcdr:/home/rasp/ros2_ws/install/micro_ros_setup:/opt/ros/jazzy/opt/gz_math_vendor:/opt/ros/jazzy/opt/gz_utils_vendor:/opt/ros/jazzy/opt/gz_cmake_vendor:/opt/ros/jazzy DEBUGINFOD_URLS=https://debuginfod.ubuntu.com LD_LIBRARY_PATH=/home/rasp/ros2_ws/install/geometry_msgs/lib:/home/rasp/ros2_ws/install/std_msgs/lib:/home/rasp/ros2_ws/install/builtin_interfaces/lib:${LD_LIBRARY_PATH} PYTHONPATH=/home/rasp/ros2_ws/install/geometry_msgs/lib/python3.12/site-packages:/home/rasp/ros2_ws/install/std_msgs/lib/python3.12/site-packages:/home/rasp/ros2_ws/install/builtin_interfaces/lib/python3.12/site-packages:${PYTHONPATH} /usr/bin/cmake --install /home/rasp/ros2_ws/build/sensor_msgs
[351.733s] Level 1:colcon.colcon_core.environment:create_environment_scripts_only(sensor_msgs)
[351.734s] Level 1:colcon.colcon_core.environment:checking '/home/rasp/ros2_ws/install/sensor_msgs' for CMake module files
[351.734s] Level 1:colcon.colcon_core.environment:checking '/home/rasp/ros2_ws/install/sensor_msgs' for CMake config files
[351.735s] Level 1:colcon.colcon_core.shell:create_environment_hook('sensor_msgs', 'cmake_prefix_path')
[351.735s] DEBUG:colcon.colcon_core.event_handler.log_command:Invoked command in '/home/rasp/ros2_ws/build/sensor_msgs' returned '0': AMENT_PREFIX_PATH=/home/rasp/ros2_ws/install/geometry_msgs:/home/rasp/ros2_ws/install/std_msgs:/home/rasp/ros2_ws/install/builtin_interfaces:${AMENT_PREFIX_PATH} CMAKE_PREFIX_PATH=/home/rasp/ros2_ws/install/geometry_msgs:/home/rasp/ros2_ws/install/std_msgs:/home/rasp/ros2_ws/install/builtin_interfaces:/home/rasp/ros2_ws/install/rosidl_typesupport_microxrcedds_cpp:/home/rasp/ros2_ws/install/rosidl_typesupport_microxrcedds_c:/home/rasp/ros2_ws/install/microcdr:/home/rasp/ros2_ws/install/micro_ros_setup:/opt/ros/jazzy/opt/gz_math_vendor:/opt/ros/jazzy/opt/gz_utils_vendor:/opt/ros/jazzy/opt/gz_cmake_vendor:/opt/ros/jazzy DEBUGINFOD_URLS=https://debuginfod.ubuntu.com LD_LIBRARY_PATH=/home/rasp/ros2_ws/install/geometry_msgs/lib:/home/rasp/ros2_ws/install/std_msgs/lib:/home/rasp/ros2_ws/install/builtin_interfaces/lib:${LD_LIBRARY_PATH} PYTHONPATH=/home/rasp/ros2_ws/install/geometry_msgs/lib/python3.12/site-packages:/home/rasp/ros2_ws/install/std_msgs/lib/python3.12/site-packages:/home/rasp/ros2_ws/install/builtin_interfaces/lib/python3.12/site-packages:${PYTHONPATH} /usr/bin/cmake --install /home/rasp/ros2_ws/build/sensor_msgs
[351.735s] INFO:colcon.colcon_core.shell:Creating environment hook '/home/rasp/ros2_ws/install/sensor_msgs/share/sensor_msgs/hook/cmake_prefix_path.ps1'
[351.736s] INFO:colcon.colcon_core.shell:Creating environment descriptor '/home/rasp/ros2_ws/install/sensor_msgs/share/sensor_msgs/hook/cmake_prefix_path.dsv'
[351.736s] INFO:colcon.colcon_core.shell:Creating environment hook '/home/rasp/ros2_ws/install/sensor_msgs/share/sensor_msgs/hook/cmake_prefix_path.sh'
[351.736s] Level 1:colcon.colcon_core.environment:checking '/home/rasp/ros2_ws/install/sensor_msgs/lib'
[351.736s] Level 1:colcon.colcon_core.shell:create_environment_hook('sensor_msgs', 'ld_library_path_lib')
[351.737s] INFO:colcon.colcon_core.shell:Creating environment hook '/home/rasp/ros2_ws/install/sensor_msgs/share/sensor_msgs/hook/ld_library_path_lib.ps1'
[351.737s] INFO:colcon.colcon_core.shell:Creating environment descriptor '/home/rasp/ros2_ws/install/sensor_msgs/share/sensor_msgs/hook/ld_library_path_lib.dsv'
[351.737s] INFO:colcon.colcon_core.shell:Creating environment hook '/home/rasp/ros2_ws/install/sensor_msgs/share/sensor_msgs/hook/ld_library_path_lib.sh'
[351.738s] Level 1:colcon.colcon_core.environment:checking '/home/rasp/ros2_ws/install/sensor_msgs/bin'
[351.738s] Level 1:colcon.colcon_core.environment:checking '/home/rasp/ros2_ws/install/sensor_msgs/lib/pkgconfig/sensor_msgs.pc'
[351.738s] Level 1:colcon.colcon_core.environment:checking '/home/rasp/ros2_ws/install/sensor_msgs/lib/python3.12/site-packages'
[351.738s] Level 1:colcon.colcon_core.shell:create_environment_hook('sensor_msgs', 'pythonpath')
[351.738s] INFO:colcon.colcon_core.shell:Creating environment hook '/home/rasp/ros2_ws/install/sensor_msgs/share/sensor_msgs/hook/pythonpath.ps1'
[351.738s] INFO:colcon.colcon_core.shell:Creating environment descriptor '/home/rasp/ros2_ws/install/sensor_msgs/share/sensor_msgs/hook/pythonpath.dsv'
[351.739s] INFO:colcon.colcon_core.shell:Creating environment hook '/home/rasp/ros2_ws/install/sensor_msgs/share/sensor_msgs/hook/pythonpath.sh'
[351.739s] Level 1:colcon.colcon_core.environment:checking '/home/rasp/ros2_ws/install/sensor_msgs/bin'
[351.739s] INFO:colcon.colcon_core.shell:Creating package script '/home/rasp/ros2_ws/install/sensor_msgs/share/sensor_msgs/package.ps1'
[351.740s] INFO:colcon.colcon_core.shell:Creating package descriptor '/home/rasp/ros2_ws/install/sensor_msgs/share/sensor_msgs/package.dsv'
[351.740s] INFO:colcon.colcon_core.shell:Creating package script '/home/rasp/ros2_ws/install/sensor_msgs/share/sensor_msgs/package.sh'
[351.741s] INFO:colcon.colcon_core.shell:Creating package script '/home/rasp/ros2_ws/install/sensor_msgs/share/sensor_msgs/package.bash'
[351.741s] INFO:colcon.colcon_core.shell:Creating package script '/home/rasp/ros2_ws/install/sensor_msgs/share/sensor_msgs/package.zsh'
[351.741s] Level 1:colcon.colcon_core.environment:create_file_with_runtime_dependencies(/home/rasp/ros2_ws/install/sensor_msgs/share/colcon-core/packages/sensor_msgs)
[351.742s] Level 1:colcon.colcon_core.environment:create_environment_scripts_only(sensor_msgs)
[351.742s] Level 1:colcon.colcon_core.environment:checking '/home/rasp/ros2_ws/install/sensor_msgs' for CMake module files
[351.743s] Level 1:colcon.colcon_core.environment:checking '/home/rasp/ros2_ws/install/sensor_msgs' for CMake config files
[351.744s] Level 1:colcon.colcon_core.shell:create_environment_hook('sensor_msgs', 'cmake_prefix_path')
[351.744s] INFO:colcon.colcon_core.shell:Creating environment hook '/home/rasp/ros2_ws/install/sensor_msgs/share/sensor_msgs/hook/cmake_prefix_path.ps1'
[351.745s] INFO:colcon.colcon_core.shell:Creating environment descriptor '/home/rasp/ros2_ws/install/sensor_msgs/share/sensor_msgs/hook/cmake_prefix_path.dsv'
[351.745s] INFO:colcon.colcon_core.shell:Creating environment hook '/home/rasp/ros2_ws/install/sensor_msgs/share/sensor_msgs/hook/cmake_prefix_path.sh'
[351.746s] Level 1:colcon.colcon_core.environment:checking '/home/rasp/ros2_ws/install/sensor_msgs/lib'
[351.746s] Level 1:colcon.colcon_core.shell:create_environment_hook('sensor_msgs', 'ld_library_path_lib')
[351.746s] INFO:colcon.colcon_core.shell:Creating environment hook '/home/rasp/ros2_ws/install/sensor_msgs/share/sensor_msgs/hook/ld_library_path_lib.ps1'
[351.746s] INFO:colcon.colcon_core.shell:Creating environment descriptor '/home/rasp/ros2_ws/install/sensor_msgs/share/sensor_msgs/hook/ld_library_path_lib.dsv'
[351.747s] INFO:colcon.colcon_core.shell:Creating environment hook '/home/rasp/ros2_ws/install/sensor_msgs/share/sensor_msgs/hook/ld_library_path_lib.sh'
[351.747s] Level 1:colcon.colcon_core.environment:checking '/home/rasp/ros2_ws/install/sensor_msgs/bin'
[351.747s] Level 1:colcon.colcon_core.environment:checking '/home/rasp/ros2_ws/install/sensor_msgs/lib/pkgconfig/sensor_msgs.pc'
[351.747s] Level 1:colcon.colcon_core.environment:checking '/home/rasp/ros2_ws/install/sensor_msgs/lib/python3.12/site-packages'
[351.748s] Level 1:colcon.colcon_core.shell:create_environment_hook('sensor_msgs', 'pythonpath')
[351.748s] INFO:colcon.colcon_core.shell:Creating environment hook '/home/rasp/ros2_ws/install/sensor_msgs/share/sensor_msgs/hook/pythonpath.ps1'
[351.748s] INFO:colcon.colcon_core.shell:Creating environment descriptor '/home/rasp/ros2_ws/install/sensor_msgs/share/sensor_msgs/hook/pythonpath.dsv'
[351.749s] INFO:colcon.colcon_core.shell:Creating environment hook '/home/rasp/ros2_ws/install/sensor_msgs/share/sensor_msgs/hook/pythonpath.sh'
[351.749s] Level 1:colcon.colcon_core.environment:checking '/home/rasp/ros2_ws/install/sensor_msgs/bin'
[351.749s] INFO:colcon.colcon_core.shell:Creating package script '/home/rasp/ros2_ws/install/sensor_msgs/share/sensor_msgs/package.ps1'
[351.750s] INFO:colcon.colcon_core.shell:Creating package descriptor '/home/rasp/ros2_ws/install/sensor_msgs/share/sensor_msgs/package.dsv'
[351.751s] INFO:colcon.colcon_core.shell:Creating package script '/home/rasp/ros2_ws/install/sensor_msgs/share/sensor_msgs/package.sh'
[351.751s] INFO:colcon.colcon_core.shell:Creating package script '/home/rasp/ros2_ws/install/sensor_msgs/share/sensor_msgs/package.bash'
[351.752s] INFO:colcon.colcon_core.shell:Creating package script '/home/rasp/ros2_ws/install/sensor_msgs/share/sensor_msgs/package.zsh'
[351.752s] Level 1:colcon.colcon_core.environment:create_file_with_runtime_dependencies(/home/rasp/ros2_ws/install/sensor_msgs/share/colcon-core/packages/sensor_msgs)
[351.752s] INFO:colcon.colcon_ros.task.ament_cmake.build:Building ROS package in '/home/rasp/ros2_ws/src/ros2/rcl_interfaces/service_msgs' with build type 'ament_cmake'
[351.753s] INFO:colcon.colcon_cmake.task.cmake.build:Building CMake package in '/home/rasp/ros2_ws/src/ros2/rcl_interfaces/service_msgs'
[351.753s] INFO:colcon.colcon_core.shell:Skip shell extension 'powershell' for command environment: Not usable outside of PowerShell
[351.753s] DEBUG:colcon.colcon_core.shell:Skip shell extension 'dsv' for command environment
[351.770s] DEBUG:colcon.colcon_core.event_handler.log_command:Invoking command in '/home/rasp/ros2_ws/build/service_msgs': AMENT_PREFIX_PATH=/home/rasp/ros2_ws/install/builtin_interfaces:${AMENT_PREFIX_PATH} CMAKE_PREFIX_PATH=/home/rasp/ros2_ws/install/builtin_interfaces:/home/rasp/ros2_ws/install/rosidl_typesupport_microxrcedds_cpp:/home/rasp/ros2_ws/install/rosidl_typesupport_microxrcedds_c:/home/rasp/ros2_ws/install/microcdr:/home/rasp/ros2_ws/install/micro_ros_setup:/opt/ros/jazzy/opt/gz_math_vendor:/opt/ros/jazzy/opt/gz_utils_vendor:/opt/ros/jazzy/opt/gz_cmake_vendor:/opt/ros/jazzy DEBUGINFOD_URLS=https://debuginfod.ubuntu.com LD_LIBRARY_PATH=/home/rasp/ros2_ws/install/builtin_interfaces/lib:${LD_LIBRARY_PATH} PYTHONPATH=/home/rasp/ros2_ws/install/builtin_interfaces/lib/python3.12/site-packages:${PYTHONPATH} /usr/bin/cmake /home/rasp/ros2_ws/src/ros2/rcl_interfaces/service_msgs -DBUILD_TESTING=OFF -DBUILD_SHARED_LIBS=ON -DCMAKE_INSTALL_PREFIX=/home/rasp/ros2_ws/install/service_msgs
[354.053s] DEBUG:colcon.colcon_core.event_handler.log_command:Invoked command in '/home/rasp/ros2_ws/build/test_msgs' returned '0': AMENT_PREFIX_PATH=/home/rasp/ros2_ws/install/test_interface_files:/home/rasp/ros2_ws/install/builtin_interfaces:${AMENT_PREFIX_PATH} CMAKE_PREFIX_PATH=/home/rasp/ros2_ws/install/test_interface_files:/home/rasp/ros2_ws/install/builtin_interfaces:/home/rasp/ros2_ws/install/rosidl_typesupport_microxrcedds_cpp:/home/rasp/ros2_ws/install/rosidl_typesupport_microxrcedds_c:/home/rasp/ros2_ws/install/microcdr:/home/rasp/ros2_ws/install/micro_ros_setup:/opt/ros/jazzy/opt/gz_math_vendor:/opt/ros/jazzy/opt/gz_utils_vendor:/opt/ros/jazzy/opt/gz_cmake_vendor:/opt/ros/jazzy DEBUGINFOD_URLS=https://debuginfod.ubuntu.com LD_LIBRARY_PATH=/home/rasp/ros2_ws/install/builtin_interfaces/lib:${LD_LIBRARY_PATH} PYTHONPATH=/home/rasp/ros2_ws/install/builtin_interfaces/lib/python3.12/site-packages:${PYTHONPATH} /usr/bin/cmake --build /home/rasp/ros2_ws/build/test_msgs -- -j2 -l2
[354.055s] DEBUG:colcon.colcon_core.event_handler.log_command:Invoking command in '/home/rasp/ros2_ws/build/test_msgs': AMENT_PREFIX_PATH=/home/rasp/ros2_ws/install/test_interface_files:/home/rasp/ros2_ws/install/builtin_interfaces:${AMENT_PREFIX_PATH} CMAKE_PREFIX_PATH=/home/rasp/ros2_ws/install/test_interface_files:/home/rasp/ros2_ws/install/builtin_interfaces:/home/rasp/ros2_ws/install/rosidl_typesupport_microxrcedds_cpp:/home/rasp/ros2_ws/install/rosidl_typesupport_microxrcedds_c:/home/rasp/ros2_ws/install/microcdr:/home/rasp/ros2_ws/install/micro_ros_setup:/opt/ros/jazzy/opt/gz_math_vendor:/opt/ros/jazzy/opt/gz_utils_vendor:/opt/ros/jazzy/opt/gz_cmake_vendor:/opt/ros/jazzy DEBUGINFOD_URLS=https://debuginfod.ubuntu.com LD_LIBRARY_PATH=/home/rasp/ros2_ws/install/builtin_interfaces/lib:${LD_LIBRARY_PATH} PYTHONPATH=/home/rasp/ros2_ws/install/builtin_interfaces/lib/python3.12/site-packages:${PYTHONPATH} /usr/bin/cmake --install /home/rasp/ros2_ws/build/test_msgs
[354.369s] Level 1:colcon.colcon_core.environment:create_environment_scripts_only(test_msgs)
[354.369s] DEBUG:colcon.colcon_core.event_handler.log_command:Invoked command in '/home/rasp/ros2_ws/build/test_msgs' returned '0': AMENT_PREFIX_PATH=/home/rasp/ros2_ws/install/test_interface_files:/home/rasp/ros2_ws/install/builtin_interfaces:${AMENT_PREFIX_PATH} CMAKE_PREFIX_PATH=/home/rasp/ros2_ws/install/test_interface_files:/home/rasp/ros2_ws/install/builtin_interfaces:/home/rasp/ros2_ws/install/rosidl_typesupport_microxrcedds_cpp:/home/rasp/ros2_ws/install/rosidl_typesupport_microxrcedds_c:/home/rasp/ros2_ws/install/microcdr:/home/rasp/ros2_ws/install/micro_ros_setup:/opt/ros/jazzy/opt/gz_math_vendor:/opt/ros/jazzy/opt/gz_utils_vendor:/opt/ros/jazzy/opt/gz_cmake_vendor:/opt/ros/jazzy DEBUGINFOD_URLS=https://debuginfod.ubuntu.com LD_LIBRARY_PATH=/home/rasp/ros2_ws/install/builtin_interfaces/lib:${LD_LIBRARY_PATH} PYTHONPATH=/home/rasp/ros2_ws/install/builtin_interfaces/lib/python3.12/site-packages:${PYTHONPATH} /usr/bin/cmake --install /home/rasp/ros2_ws/build/test_msgs
[354.369s] Level 1:colcon.colcon_core.environment:checking '/home/rasp/ros2_ws/install/test_msgs' for CMake module files
[354.370s] Level 1:colcon.colcon_core.environment:checking '/home/rasp/ros2_ws/install/test_msgs' for CMake config files
[354.371s] Level 1:colcon.colcon_core.shell:create_environment_hook('test_msgs', 'cmake_prefix_path')
[354.371s] INFO:colcon.colcon_core.shell:Creating environment hook '/home/rasp/ros2_ws/install/test_msgs/share/test_msgs/hook/cmake_prefix_path.ps1'
[354.371s] INFO:colcon.colcon_core.shell:Creating environment descriptor '/home/rasp/ros2_ws/install/test_msgs/share/test_msgs/hook/cmake_prefix_path.dsv'
[354.371s] INFO:colcon.colcon_core.shell:Creating environment hook '/home/rasp/ros2_ws/install/test_msgs/share/test_msgs/hook/cmake_prefix_path.sh'
[354.372s] Level 1:colcon.colcon_core.environment:checking '/home/rasp/ros2_ws/install/test_msgs/lib'
[354.372s] Level 1:colcon.colcon_core.shell:create_environment_hook('test_msgs', 'ld_library_path_lib')
[354.372s] INFO:colcon.colcon_core.shell:Creating environment hook '/home/rasp/ros2_ws/install/test_msgs/share/test_msgs/hook/ld_library_path_lib.ps1'
[354.373s] INFO:colcon.colcon_core.shell:Creating environment descriptor '/home/rasp/ros2_ws/install/test_msgs/share/test_msgs/hook/ld_library_path_lib.dsv'
[354.373s] INFO:colcon.colcon_core.shell:Creating environment hook '/home/rasp/ros2_ws/install/test_msgs/share/test_msgs/hook/ld_library_path_lib.sh'
[354.373s] Level 1:colcon.colcon_core.environment:checking '/home/rasp/ros2_ws/install/test_msgs/bin'
[354.373s] Level 1:colcon.colcon_core.environment:checking '/home/rasp/ros2_ws/install/test_msgs/lib/pkgconfig/test_msgs.pc'
[354.373s] Level 1:colcon.colcon_core.environment:checking '/home/rasp/ros2_ws/install/test_msgs/lib/python3.12/site-packages'
[354.373s] Level 1:colcon.colcon_core.shell:create_environment_hook('test_msgs', 'pythonpath')
[354.374s] INFO:colcon.colcon_core.shell:Creating environment hook '/home/rasp/ros2_ws/install/test_msgs/share/test_msgs/hook/pythonpath.ps1'
[354.374s] INFO:colcon.colcon_core.shell:Creating environment descriptor '/home/rasp/ros2_ws/install/test_msgs/share/test_msgs/hook/pythonpath.dsv'
[354.374s] INFO:colcon.colcon_core.shell:Creating environment hook '/home/rasp/ros2_ws/install/test_msgs/share/test_msgs/hook/pythonpath.sh'
[354.375s] Level 1:colcon.colcon_core.environment:checking '/home/rasp/ros2_ws/install/test_msgs/bin'
[354.375s] INFO:colcon.colcon_core.shell:Creating package script '/home/rasp/ros2_ws/install/test_msgs/share/test_msgs/package.ps1'
[354.375s] INFO:colcon.colcon_core.shell:Creating package descriptor '/home/rasp/ros2_ws/install/test_msgs/share/test_msgs/package.dsv'
[354.376s] INFO:colcon.colcon_core.shell:Creating package script '/home/rasp/ros2_ws/install/test_msgs/share/test_msgs/package.sh'
[354.376s] INFO:colcon.colcon_core.shell:Creating package script '/home/rasp/ros2_ws/install/test_msgs/share/test_msgs/package.bash'
[354.376s] INFO:colcon.colcon_core.shell:Creating package script '/home/rasp/ros2_ws/install/test_msgs/share/test_msgs/package.zsh'
[354.377s] Level 1:colcon.colcon_core.environment:create_file_with_runtime_dependencies(/home/rasp/ros2_ws/install/test_msgs/share/colcon-core/packages/test_msgs)
[354.377s] Level 1:colcon.colcon_core.environment:create_environment_scripts_only(test_msgs)
[354.377s] Level 1:colcon.colcon_core.environment:checking '/home/rasp/ros2_ws/install/test_msgs' for CMake module files
[354.378s] Level 1:colcon.colcon_core.environment:checking '/home/rasp/ros2_ws/install/test_msgs' for CMake config files
[354.378s] Level 1:colcon.colcon_core.shell:create_environment_hook('test_msgs', 'cmake_prefix_path')
[354.379s] INFO:colcon.colcon_core.shell:Creating environment hook '/home/rasp/ros2_ws/install/test_msgs/share/test_msgs/hook/cmake_prefix_path.ps1'
[354.379s] INFO:colcon.colcon_core.shell:Creating environment descriptor '/home/rasp/ros2_ws/install/test_msgs/share/test_msgs/hook/cmake_prefix_path.dsv'
[354.380s] INFO:colcon.colcon_core.shell:Creating environment hook '/home/rasp/ros2_ws/install/test_msgs/share/test_msgs/hook/cmake_prefix_path.sh'
[354.380s] Level 1:colcon.colcon_core.environment:checking '/home/rasp/ros2_ws/install/test_msgs/lib'
[354.380s] Level 1:colcon.colcon_core.shell:create_environment_hook('test_msgs', 'ld_library_path_lib')
[354.380s] INFO:colcon.colcon_core.shell:Creating environment hook '/home/rasp/ros2_ws/install/test_msgs/share/test_msgs/hook/ld_library_path_lib.ps1'
[354.381s] INFO:colcon.colcon_core.shell:Creating environment descriptor '/home/rasp/ros2_ws/install/test_msgs/share/test_msgs/hook/ld_library_path_lib.dsv'
[354.381s] INFO:colcon.colcon_core.shell:Creating environment hook '/home/rasp/ros2_ws/install/test_msgs/share/test_msgs/hook/ld_library_path_lib.sh'
[354.382s] Level 1:colcon.colcon_core.environment:checking '/home/rasp/ros2_ws/install/test_msgs/bin'
[354.382s] Level 1:colcon.colcon_core.environment:checking '/home/rasp/ros2_ws/install/test_msgs/lib/pkgconfig/test_msgs.pc'
[354.382s] Level 1:colcon.colcon_core.environment:checking '/home/rasp/ros2_ws/install/test_msgs/lib/python3.12/site-packages'
[354.382s] Level 1:colcon.colcon_core.shell:create_environment_hook('test_msgs', 'pythonpath')
[354.382s] INFO:colcon.colcon_core.shell:Creating environment hook '/home/rasp/ros2_ws/install/test_msgs/share/test_msgs/hook/pythonpath.ps1'
[354.383s] INFO:colcon.colcon_core.shell:Creating environment descriptor '/home/rasp/ros2_ws/install/test_msgs/share/test_msgs/hook/pythonpath.dsv'
[354.383s] INFO:colcon.colcon_core.shell:Creating environment hook '/home/rasp/ros2_ws/install/test_msgs/share/test_msgs/hook/pythonpath.sh'
[354.384s] Level 1:colcon.colcon_core.environment:checking '/home/rasp/ros2_ws/install/test_msgs/bin'
[354.384s] INFO:colcon.colcon_core.shell:Creating package script '/home/rasp/ros2_ws/install/test_msgs/share/test_msgs/package.ps1'
[354.385s] INFO:colcon.colcon_core.shell:Creating package descriptor '/home/rasp/ros2_ws/install/test_msgs/share/test_msgs/package.dsv'
[354.385s] INFO:colcon.colcon_core.shell:Creating package script '/home/rasp/ros2_ws/install/test_msgs/share/test_msgs/package.sh'
[354.386s] INFO:colcon.colcon_core.shell:Creating package script '/home/rasp/ros2_ws/install/test_msgs/share/test_msgs/package.bash'
[354.386s] INFO:colcon.colcon_core.shell:Creating package script '/home/rasp/ros2_ws/install/test_msgs/share/test_msgs/package.zsh'
[354.387s] Level 1:colcon.colcon_core.environment:create_file_with_runtime_dependencies(/home/rasp/ros2_ws/install/test_msgs/share/colcon-core/packages/test_msgs)
[354.388s] INFO:colcon.colcon_ros.task.ament_cmake.build:Building ROS package in '/home/rasp/ros2_ws/src/uros/rclc/rclc' with build type 'ament_cmake'
[354.388s] INFO:colcon.colcon_cmake.task.cmake.build:Building CMake package in '/home/rasp/ros2_ws/src/uros/rclc/rclc'
[354.388s] INFO:colcon.colcon_core.shell:Skip shell extension 'powershell' for command environment: Not usable outside of PowerShell
[354.388s] DEBUG:colcon.colcon_core.shell:Skip shell extension 'dsv' for command environment
[354.434s] DEBUG:colcon.colcon_core.event_handler.log_command:Invoking command in '/home/rasp/ros2_ws/build/rclc': AMENT_PREFIX_PATH=/home/rasp/ros2_ws/install/test_msgs:/home/rasp/ros2_ws/install/std_msgs:/home/rasp/ros2_ws/install/test_interface_files:/home/rasp/ros2_ws/install/example_interfaces:/home/rasp/ros2_ws/install/builtin_interfaces:${AMENT_PREFIX_PATH} CMAKE_PREFIX_PATH=/home/rasp/ros2_ws/install/test_msgs:/home/rasp/ros2_ws/install/std_msgs:/home/rasp/ros2_ws/install/test_interface_files:/home/rasp/ros2_ws/install/example_interfaces:/home/rasp/ros2_ws/install/builtin_interfaces:/home/rasp/ros2_ws/install/rosidl_typesupport_microxrcedds_cpp:/home/rasp/ros2_ws/install/rosidl_typesupport_microxrcedds_c:/home/rasp/ros2_ws/install/microcdr:/home/rasp/ros2_ws/install/micro_ros_setup:/opt/ros/jazzy/opt/gz_math_vendor:/opt/ros/jazzy/opt/gz_utils_vendor:/opt/ros/jazzy/opt/gz_cmake_vendor:/opt/ros/jazzy DEBUGINFOD_URLS=https://debuginfod.ubuntu.com LD_LIBRARY_PATH=/home/rasp/ros2_ws/install/test_msgs/lib:/home/rasp/ros2_ws/install/std_msgs/lib:/home/rasp/ros2_ws/install/example_interfaces/lib:/home/rasp/ros2_ws/install/builtin_interfaces/lib:${LD_LIBRARY_PATH} PYTHONPATH=/home/rasp/ros2_ws/install/test_msgs/lib/python3.12/site-packages:/home/rasp/ros2_ws/install/std_msgs/lib/python3.12/site-packages:/home/rasp/ros2_ws/install/example_interfaces/lib/python3.12/site-packages:/home/rasp/ros2_ws/install/builtin_interfaces/lib/python3.12/site-packages:${PYTHONPATH} /usr/bin/cmake /home/rasp/ros2_ws/src/uros/rclc/rclc -DBUILD_TESTING=OFF -DBUILD_SHARED_LIBS=ON -DCMAKE_INSTALL_PREFIX=/home/rasp/ros2_ws/install/rclc
[355.402s] DEBUG:colcon.colcon_core.event_handler.log_command:Invoked command in '/home/rasp/ros2_ws/build/service_msgs' returned '0': AMENT_PREFIX_PATH=/home/rasp/ros2_ws/install/builtin_interfaces:${AMENT_PREFIX_PATH} CMAKE_PREFIX_PATH=/home/rasp/ros2_ws/install/builtin_interfaces:/home/rasp/ros2_ws/install/rosidl_typesupport_microxrcedds_cpp:/home/rasp/ros2_ws/install/rosidl_typesupport_microxrcedds_c:/home/rasp/ros2_ws/install/microcdr:/home/rasp/ros2_ws/install/micro_ros_setup:/opt/ros/jazzy/opt/gz_math_vendor:/opt/ros/jazzy/opt/gz_utils_vendor:/opt/ros/jazzy/opt/gz_cmake_vendor:/opt/ros/jazzy DEBUGINFOD_URLS=https://debuginfod.ubuntu.com LD_LIBRARY_PATH=/home/rasp/ros2_ws/install/builtin_interfaces/lib:${LD_LIBRARY_PATH} PYTHONPATH=/home/rasp/ros2_ws/install/builtin_interfaces/lib/python3.12/site-packages:${PYTHONPATH} /usr/bin/cmake /home/rasp/ros2_ws/src/ros2/rcl_interfaces/service_msgs -DBUILD_TESTING=OFF -DBUILD_SHARED_LIBS=ON -DCMAKE_INSTALL_PREFIX=/home/rasp/ros2_ws/install/service_msgs
[355.402s] DEBUG:colcon.colcon_core.event_handler.log_command:Invoking command in '/home/rasp/ros2_ws/build/service_msgs': AMENT_PREFIX_PATH=/home/rasp/ros2_ws/install/builtin_interfaces:${AMENT_PREFIX_PATH} CMAKE_PREFIX_PATH=/home/rasp/ros2_ws/install/builtin_interfaces:/home/rasp/ros2_ws/install/rosidl_typesupport_microxrcedds_cpp:/home/rasp/ros2_ws/install/rosidl_typesupport_microxrcedds_c:/home/rasp/ros2_ws/install/microcdr:/home/rasp/ros2_ws/install/micro_ros_setup:/opt/ros/jazzy/opt/gz_math_vendor:/opt/ros/jazzy/opt/gz_utils_vendor:/opt/ros/jazzy/opt/gz_cmake_vendor:/opt/ros/jazzy DEBUGINFOD_URLS=https://debuginfod.ubuntu.com LD_LIBRARY_PATH=/home/rasp/ros2_ws/install/builtin_interfaces/lib:${LD_LIBRARY_PATH} PYTHONPATH=/home/rasp/ros2_ws/install/builtin_interfaces/lib/python3.12/site-packages:${PYTHONPATH} /usr/bin/cmake --build /home/rasp/ros2_ws/build/service_msgs -- -j2 -l2
[355.888s] DEBUG:colcon.colcon_core.event_handler.log_command:Invoked command in '/home/rasp/ros2_ws/build/rclc' returned '0': AMENT_PREFIX_PATH=/home/rasp/ros2_ws/install/test_msgs:/home/rasp/ros2_ws/install/std_msgs:/home/rasp/ros2_ws/install/test_interface_files:/home/rasp/ros2_ws/install/example_interfaces:/home/rasp/ros2_ws/install/builtin_interfaces:${AMENT_PREFIX_PATH} CMAKE_PREFIX_PATH=/home/rasp/ros2_ws/install/test_msgs:/home/rasp/ros2_ws/install/std_msgs:/home/rasp/ros2_ws/install/test_interface_files:/home/rasp/ros2_ws/install/example_interfaces:/home/rasp/ros2_ws/install/builtin_interfaces:/home/rasp/ros2_ws/install/rosidl_typesupport_microxrcedds_cpp:/home/rasp/ros2_ws/install/rosidl_typesupport_microxrcedds_c:/home/rasp/ros2_ws/install/microcdr:/home/rasp/ros2_ws/install/micro_ros_setup:/opt/ros/jazzy/opt/gz_math_vendor:/opt/ros/jazzy/opt/gz_utils_vendor:/opt/ros/jazzy/opt/gz_cmake_vendor:/opt/ros/jazzy DEBUGINFOD_URLS=https://debuginfod.ubuntu.com LD_LIBRARY_PATH=/home/rasp/ros2_ws/install/test_msgs/lib:/home/rasp/ros2_ws/install/std_msgs/lib:/home/rasp/ros2_ws/install/example_interfaces/lib:/home/rasp/ros2_ws/install/builtin_interfaces/lib:${LD_LIBRARY_PATH} PYTHONPATH=/home/rasp/ros2_ws/install/test_msgs/lib/python3.12/site-packages:/home/rasp/ros2_ws/install/std_msgs/lib/python3.12/site-packages:/home/rasp/ros2_ws/install/example_interfaces/lib/python3.12/site-packages:/home/rasp/ros2_ws/install/builtin_interfaces/lib/python3.12/site-packages:${PYTHONPATH} /usr/bin/cmake /home/rasp/ros2_ws/src/uros/rclc/rclc -DBUILD_TESTING=OFF -DBUILD_SHARED_LIBS=ON -DCMAKE_INSTALL_PREFIX=/home/rasp/ros2_ws/install/rclc
[355.889s] DEBUG:colcon.colcon_core.event_handler.log_command:Invoking command in '/home/rasp/ros2_ws/build/rclc': AMENT_PREFIX_PATH=/home/rasp/ros2_ws/install/test_msgs:/home/rasp/ros2_ws/install/std_msgs:/home/rasp/ros2_ws/install/test_interface_files:/home/rasp/ros2_ws/install/example_interfaces:/home/rasp/ros2_ws/install/builtin_interfaces:${AMENT_PREFIX_PATH} CMAKE_PREFIX_PATH=/home/rasp/ros2_ws/install/test_msgs:/home/rasp/ros2_ws/install/std_msgs:/home/rasp/ros2_ws/install/test_interface_files:/home/rasp/ros2_ws/install/example_interfaces:/home/rasp/ros2_ws/install/builtin_interfaces:/home/rasp/ros2_ws/install/rosidl_typesupport_microxrcedds_cpp:/home/rasp/ros2_ws/install/rosidl_typesupport_microxrcedds_c:/home/rasp/ros2_ws/install/microcdr:/home/rasp/ros2_ws/install/micro_ros_setup:/opt/ros/jazzy/opt/gz_math_vendor:/opt/ros/jazzy/opt/gz_utils_vendor:/opt/ros/jazzy/opt/gz_cmake_vendor:/opt/ros/jazzy DEBUGINFOD_URLS=https://debuginfod.ubuntu.com LD_LIBRARY_PATH=/home/rasp/ros2_ws/install/test_msgs/lib:/home/rasp/ros2_ws/install/std_msgs/lib:/home/rasp/ros2_ws/install/example_interfaces/lib:/home/rasp/ros2_ws/install/builtin_interfaces/lib:${LD_LIBRARY_PATH} PYTHONPATH=/home/rasp/ros2_ws/install/test_msgs/lib/python3.12/site-packages:/home/rasp/ros2_ws/install/std_msgs/lib/python3.12/site-packages:/home/rasp/ros2_ws/install/example_interfaces/lib/python3.12/site-packages:/home/rasp/ros2_ws/install/builtin_interfaces/lib/python3.12/site-packages:${PYTHONPATH} /usr/bin/cmake --build /home/rasp/ros2_ws/build/rclc -- -j2 -l2
[357.388s] DEBUG:colcon.colcon_core.event_handler.log_command:Invoked command in '/home/rasp/ros2_ws/build/rclc' returned '0': AMENT_PREFIX_PATH=/home/rasp/ros2_ws/install/test_msgs:/home/rasp/ros2_ws/install/std_msgs:/home/rasp/ros2_ws/install/test_interface_files:/home/rasp/ros2_ws/install/example_interfaces:/home/rasp/ros2_ws/install/builtin_interfaces:${AMENT_PREFIX_PATH} CMAKE_PREFIX_PATH=/home/rasp/ros2_ws/install/test_msgs:/home/rasp/ros2_ws/install/std_msgs:/home/rasp/ros2_ws/install/test_interface_files:/home/rasp/ros2_ws/install/example_interfaces:/home/rasp/ros2_ws/install/builtin_interfaces:/home/rasp/ros2_ws/install/rosidl_typesupport_microxrcedds_cpp:/home/rasp/ros2_ws/install/rosidl_typesupport_microxrcedds_c:/home/rasp/ros2_ws/install/microcdr:/home/rasp/ros2_ws/install/micro_ros_setup:/opt/ros/jazzy/opt/gz_math_vendor:/opt/ros/jazzy/opt/gz_utils_vendor:/opt/ros/jazzy/opt/gz_cmake_vendor:/opt/ros/jazzy DEBUGINFOD_URLS=https://debuginfod.ubuntu.com LD_LIBRARY_PATH=/home/rasp/ros2_ws/install/test_msgs/lib:/home/rasp/ros2_ws/install/std_msgs/lib:/home/rasp/ros2_ws/install/example_interfaces/lib:/home/rasp/ros2_ws/install/builtin_interfaces/lib:${LD_LIBRARY_PATH} PYTHONPATH=/home/rasp/ros2_ws/install/test_msgs/lib/python3.12/site-packages:/home/rasp/ros2_ws/install/std_msgs/lib/python3.12/site-packages:/home/rasp/ros2_ws/install/example_interfaces/lib/python3.12/site-packages:/home/rasp/ros2_ws/install/builtin_interfaces/lib/python3.12/site-packages:${PYTHONPATH} /usr/bin/cmake --build /home/rasp/ros2_ws/build/rclc -- -j2 -l2
[357.389s] DEBUG:colcon.colcon_core.event_handler.log_command:Invoking command in '/home/rasp/ros2_ws/build/rclc': AMENT_PREFIX_PATH=/home/rasp/ros2_ws/install/test_msgs:/home/rasp/ros2_ws/install/std_msgs:/home/rasp/ros2_ws/install/test_interface_files:/home/rasp/ros2_ws/install/example_interfaces:/home/rasp/ros2_ws/install/builtin_interfaces:${AMENT_PREFIX_PATH} CMAKE_PREFIX_PATH=/home/rasp/ros2_ws/install/test_msgs:/home/rasp/ros2_ws/install/std_msgs:/home/rasp/ros2_ws/install/test_interface_files:/home/rasp/ros2_ws/install/example_interfaces:/home/rasp/ros2_ws/install/builtin_interfaces:/home/rasp/ros2_ws/install/rosidl_typesupport_microxrcedds_cpp:/home/rasp/ros2_ws/install/rosidl_typesupport_microxrcedds_c:/home/rasp/ros2_ws/install/microcdr:/home/rasp/ros2_ws/install/micro_ros_setup:/opt/ros/jazzy/opt/gz_math_vendor:/opt/ros/jazzy/opt/gz_utils_vendor:/opt/ros/jazzy/opt/gz_cmake_vendor:/opt/ros/jazzy DEBUGINFOD_URLS=https://debuginfod.ubuntu.com LD_LIBRARY_PATH=/home/rasp/ros2_ws/install/test_msgs/lib:/home/rasp/ros2_ws/install/std_msgs/lib:/home/rasp/ros2_ws/install/example_interfaces/lib:/home/rasp/ros2_ws/install/builtin_interfaces/lib:${LD_LIBRARY_PATH} PYTHONPATH=/home/rasp/ros2_ws/install/test_msgs/lib/python3.12/site-packages:/home/rasp/ros2_ws/install/std_msgs/lib/python3.12/site-packages:/home/rasp/ros2_ws/install/example_interfaces/lib/python3.12/site-packages:/home/rasp/ros2_ws/install/builtin_interfaces/lib/python3.12/site-packages:${PYTHONPATH} /usr/bin/cmake --install /home/rasp/ros2_ws/build/rclc
[357.417s] Level 1:colcon.colcon_core.environment:create_environment_scripts_only(rclc)
[357.418s] DEBUG:colcon.colcon_core.event_handler.log_command:Invoked command in '/home/rasp/ros2_ws/build/rclc' returned '0': AMENT_PREFIX_PATH=/home/rasp/ros2_ws/install/test_msgs:/home/rasp/ros2_ws/install/std_msgs:/home/rasp/ros2_ws/install/test_interface_files:/home/rasp/ros2_ws/install/example_interfaces:/home/rasp/ros2_ws/install/builtin_interfaces:${AMENT_PREFIX_PATH} CMAKE_PREFIX_PATH=/home/rasp/ros2_ws/install/test_msgs:/home/rasp/ros2_ws/install/std_msgs:/home/rasp/ros2_ws/install/test_interface_files:/home/rasp/ros2_ws/install/example_interfaces:/home/rasp/ros2_ws/install/builtin_interfaces:/home/rasp/ros2_ws/install/rosidl_typesupport_microxrcedds_cpp:/home/rasp/ros2_ws/install/rosidl_typesupport_microxrcedds_c:/home/rasp/ros2_ws/install/microcdr:/home/rasp/ros2_ws/install/micro_ros_setup:/opt/ros/jazzy/opt/gz_math_vendor:/opt/ros/jazzy/opt/gz_utils_vendor:/opt/ros/jazzy/opt/gz_cmake_vendor:/opt/ros/jazzy DEBUGINFOD_URLS=https://debuginfod.ubuntu.com LD_LIBRARY_PATH=/home/rasp/ros2_ws/install/test_msgs/lib:/home/rasp/ros2_ws/install/std_msgs/lib:/home/rasp/ros2_ws/install/example_interfaces/lib:/home/rasp/ros2_ws/install/builtin_interfaces/lib:${LD_LIBRARY_PATH} PYTHONPATH=/home/rasp/ros2_ws/install/test_msgs/lib/python3.12/site-packages:/home/rasp/ros2_ws/install/std_msgs/lib/python3.12/site-packages:/home/rasp/ros2_ws/install/example_interfaces/lib/python3.12/site-packages:/home/rasp/ros2_ws/install/builtin_interfaces/lib/python3.12/site-packages:${PYTHONPATH} /usr/bin/cmake --install /home/rasp/ros2_ws/build/rclc
[357.418s] Level 1:colcon.colcon_core.environment:checking '/home/rasp/ros2_ws/install/rclc' for CMake module files
[357.418s] Level 1:colcon.colcon_core.environment:checking '/home/rasp/ros2_ws/install/rclc' for CMake config files
[357.419s] Level 1:colcon.colcon_core.shell:create_environment_hook('rclc', 'cmake_prefix_path')
[357.419s] INFO:colcon.colcon_core.shell:Creating environment hook '/home/rasp/ros2_ws/install/rclc/share/rclc/hook/cmake_prefix_path.ps1'
[357.419s] INFO:colcon.colcon_core.shell:Creating environment descriptor '/home/rasp/ros2_ws/install/rclc/share/rclc/hook/cmake_prefix_path.dsv'
[357.420s] INFO:colcon.colcon_core.shell:Creating environment hook '/home/rasp/ros2_ws/install/rclc/share/rclc/hook/cmake_prefix_path.sh'
[357.420s] Level 1:colcon.colcon_core.environment:checking '/home/rasp/ros2_ws/install/rclc/lib'
[357.420s] Level 1:colcon.colcon_core.shell:create_environment_hook('rclc', 'ld_library_path_lib')
[357.420s] INFO:colcon.colcon_core.shell:Creating environment hook '/home/rasp/ros2_ws/install/rclc/share/rclc/hook/ld_library_path_lib.ps1'
[357.420s] INFO:colcon.colcon_core.shell:Creating environment descriptor '/home/rasp/ros2_ws/install/rclc/share/rclc/hook/ld_library_path_lib.dsv'
[357.421s] INFO:colcon.colcon_core.shell:Creating environment hook '/home/rasp/ros2_ws/install/rclc/share/rclc/hook/ld_library_path_lib.sh'
[357.421s] Level 1:colcon.colcon_core.environment:checking '/home/rasp/ros2_ws/install/rclc/bin'
[357.421s] Level 1:colcon.colcon_core.environment:checking '/home/rasp/ros2_ws/install/rclc/lib/pkgconfig/rclc.pc'
[357.421s] Level 1:colcon.colcon_core.environment:checking '/home/rasp/ros2_ws/install/rclc/lib/python3.12/site-packages'
[357.422s] Level 1:colcon.colcon_core.environment:checking '/home/rasp/ros2_ws/install/rclc/bin'
[357.422s] INFO:colcon.colcon_core.shell:Creating package script '/home/rasp/ros2_ws/install/rclc/share/rclc/package.ps1'
[357.422s] INFO:colcon.colcon_core.shell:Creating package descriptor '/home/rasp/ros2_ws/install/rclc/share/rclc/package.dsv'
[357.423s] INFO:colcon.colcon_core.shell:Creating package script '/home/rasp/ros2_ws/install/rclc/share/rclc/package.sh'
[357.423s] INFO:colcon.colcon_core.shell:Creating package script '/home/rasp/ros2_ws/install/rclc/share/rclc/package.bash'
[357.423s] INFO:colcon.colcon_core.shell:Creating package script '/home/rasp/ros2_ws/install/rclc/share/rclc/package.zsh'
[357.424s] Level 1:colcon.colcon_core.environment:create_file_with_runtime_dependencies(/home/rasp/ros2_ws/install/rclc/share/colcon-core/packages/rclc)
[357.424s] Level 1:colcon.colcon_core.environment:create_environment_scripts_only(rclc)
[357.424s] Level 1:colcon.colcon_core.environment:checking '/home/rasp/ros2_ws/install/rclc' for CMake module files
[357.425s] Level 1:colcon.colcon_core.environment:checking '/home/rasp/ros2_ws/install/rclc' for CMake config files
[357.425s] Level 1:colcon.colcon_core.shell:create_environment_hook('rclc', 'cmake_prefix_path')
[357.425s] INFO:colcon.colcon_core.shell:Creating environment hook '/home/rasp/ros2_ws/install/rclc/share/rclc/hook/cmake_prefix_path.ps1'
[357.426s] INFO:colcon.colcon_core.shell:Creating environment descriptor '/home/rasp/ros2_ws/install/rclc/share/rclc/hook/cmake_prefix_path.dsv'
[357.426s] INFO:colcon.colcon_core.shell:Creating environment hook '/home/rasp/ros2_ws/install/rclc/share/rclc/hook/cmake_prefix_path.sh'
[357.427s] Level 1:colcon.colcon_core.environment:checking '/home/rasp/ros2_ws/install/rclc/lib'
[357.427s] Level 1:colcon.colcon_core.shell:create_environment_hook('rclc', 'ld_library_path_lib')
[357.427s] INFO:colcon.colcon_core.shell:Creating environment hook '/home/rasp/ros2_ws/install/rclc/share/rclc/hook/ld_library_path_lib.ps1'
[357.428s] INFO:colcon.colcon_core.shell:Creating environment descriptor '/home/rasp/ros2_ws/install/rclc/share/rclc/hook/ld_library_path_lib.dsv'
[357.428s] INFO:colcon.colcon_core.shell:Creating environment hook '/home/rasp/ros2_ws/install/rclc/share/rclc/hook/ld_library_path_lib.sh'
[357.429s] Level 1:colcon.colcon_core.environment:checking '/home/rasp/ros2_ws/install/rclc/bin'
[357.429s] Level 1:colcon.colcon_core.environment:checking '/home/rasp/ros2_ws/install/rclc/lib/pkgconfig/rclc.pc'
[357.429s] Level 1:colcon.colcon_core.environment:checking '/home/rasp/ros2_ws/install/rclc/lib/python3.12/site-packages'
[357.429s] Level 1:colcon.colcon_core.environment:checking '/home/rasp/ros2_ws/install/rclc/bin'
[357.429s] INFO:colcon.colcon_core.shell:Creating package script '/home/rasp/ros2_ws/install/rclc/share/rclc/package.ps1'
[357.430s] INFO:colcon.colcon_core.shell:Creating package descriptor '/home/rasp/ros2_ws/install/rclc/share/rclc/package.dsv'
[357.430s] INFO:colcon.colcon_core.shell:Creating package script '/home/rasp/ros2_ws/install/rclc/share/rclc/package.sh'
[357.431s] INFO:colcon.colcon_core.shell:Creating package script '/home/rasp/ros2_ws/install/rclc/share/rclc/package.bash'
[357.431s] INFO:colcon.colcon_core.shell:Creating package script '/home/rasp/ros2_ws/install/rclc/share/rclc/package.zsh'
[357.432s] Level 1:colcon.colcon_core.environment:create_file_with_runtime_dependencies(/home/rasp/ros2_ws/install/rclc/share/colcon-core/packages/rclc)
[357.434s] INFO:colcon.colcon_ros.task.ament_cmake.build:Building ROS package in '/home/rasp/ros2_ws/src/uros/rosidl_typesupport_microxrcedds/test/msg' with build type 'ament_cmake'
[357.435s] INFO:colcon.colcon_cmake.task.cmake.build:Building CMake package in '/home/rasp/ros2_ws/src/uros/rosidl_typesupport_microxrcedds/test/msg'
[357.435s] INFO:colcon.colcon_core.shell:Skip shell extension 'powershell' for command environment: Not usable outside of PowerShell
[357.435s] DEBUG:colcon.colcon_core.shell:Skip shell extension 'dsv' for command environment
[357.477s] DEBUG:colcon.colcon_core.event_handler.log_command:Invoking command in '/home/rasp/ros2_ws/build/rosidl_typesupport_microxrcedds_test_msg': AMENT_PREFIX_PATH=/home/rasp/ros2_ws/install/rmw_microxrcedds:/home/rasp/ros2_ws/install/micro_ros_msgs:/home/rasp/ros2_ws/install/builtin_interfaces:${AMENT_PREFIX_PATH} CMAKE_PREFIX_PATH=/home/rasp/ros2_ws/install/rmw_microxrcedds:/home/rasp/ros2_ws/install/rosidl_typesupport_microxrcedds_cpp:/home/rasp/ros2_ws/install/rosidl_typesupport_microxrcedds_c:/home/rasp/ros2_ws/install/microxrcedds_client:/home/rasp/ros2_ws/install/microcdr:/home/rasp/ros2_ws/install/micro_ros_msgs:/home/rasp/ros2_ws/install/builtin_interfaces:/home/rasp/ros2_ws/install/micro_ros_setup:/opt/ros/jazzy/opt/gz_math_vendor:/opt/ros/jazzy/opt/gz_utils_vendor:/opt/ros/jazzy/opt/gz_cmake_vendor:/opt/ros/jazzy DEBUGINFOD_URLS=https://debuginfod.ubuntu.com LD_LIBRARY_PATH=/home/rasp/ros2_ws/install/rmw_microxrcedds/lib:/home/rasp/ros2_ws/install/rosidl_typesupport_microxrcedds_cpp/lib:/home/rasp/ros2_ws/install/rosidl_typesupport_microxrcedds_c/lib:/home/rasp/ros2_ws/install/microxrcedds_client/lib:/home/rasp/ros2_ws/install/microcdr/lib:/home/rasp/ros2_ws/install/micro_ros_msgs/lib:/home/rasp/ros2_ws/install/builtin_interfaces/lib:/opt/ros/jazzy/opt/rviz_ogre_vendor/lib:/opt/ros/jazzy/lib/x86_64-linux-gnu:/opt/ros/jazzy/opt/gz_math_vendor/lib:/opt/ros/jazzy/opt/gz_utils_vendor/lib:/opt/ros/jazzy/opt/gz_cmake_vendor/lib:/opt/ros/jazzy/lib PYTHONPATH=/home/rasp/ros2_ws/install/rosidl_typesupport_microxrcedds_cpp/lib/python3.12/site-packages:/home/rasp/ros2_ws/install/rosidl_typesupport_microxrcedds_c/lib/python3.12/site-packages:/home/rasp/ros2_ws/install/micro_ros_msgs/lib/python3.12/site-packages:/home/rasp/ros2_ws/install/builtin_interfaces/lib/python3.12/site-packages:/opt/ros/jazzy/lib/python3.12/site-packages /usr/bin/cmake /home/rasp/ros2_ws/src/uros/rosidl_typesupport_microxrcedds/test/msg -DBUILD_TESTING=OFF -DBUILD_SHARED_LIBS=ON -DCMAKE_INSTALL_PREFIX=/home/rasp/ros2_ws/install/rosidl_typesupport_microxrcedds_test_msg
[358.314s] DEBUG:colcon.colcon_core.event_handler.log_command:Invoked command in '/home/rasp/ros2_ws/build/rosidl_typesupport_microxrcedds_test_msg' returned '0': AMENT_PREFIX_PATH=/home/rasp/ros2_ws/install/rmw_microxrcedds:/home/rasp/ros2_ws/install/micro_ros_msgs:/home/rasp/ros2_ws/install/builtin_interfaces:${AMENT_PREFIX_PATH} CMAKE_PREFIX_PATH=/home/rasp/ros2_ws/install/rmw_microxrcedds:/home/rasp/ros2_ws/install/rosidl_typesupport_microxrcedds_cpp:/home/rasp/ros2_ws/install/rosidl_typesupport_microxrcedds_c:/home/rasp/ros2_ws/install/microxrcedds_client:/home/rasp/ros2_ws/install/microcdr:/home/rasp/ros2_ws/install/micro_ros_msgs:/home/rasp/ros2_ws/install/builtin_interfaces:/home/rasp/ros2_ws/install/micro_ros_setup:/opt/ros/jazzy/opt/gz_math_vendor:/opt/ros/jazzy/opt/gz_utils_vendor:/opt/ros/jazzy/opt/gz_cmake_vendor:/opt/ros/jazzy DEBUGINFOD_URLS=https://debuginfod.ubuntu.com LD_LIBRARY_PATH=/home/rasp/ros2_ws/install/rmw_microxrcedds/lib:/home/rasp/ros2_ws/install/rosidl_typesupport_microxrcedds_cpp/lib:/home/rasp/ros2_ws/install/rosidl_typesupport_microxrcedds_c/lib:/home/rasp/ros2_ws/install/microxrcedds_client/lib:/home/rasp/ros2_ws/install/microcdr/lib:/home/rasp/ros2_ws/install/micro_ros_msgs/lib:/home/rasp/ros2_ws/install/builtin_interfaces/lib:/opt/ros/jazzy/opt/rviz_ogre_vendor/lib:/opt/ros/jazzy/lib/x86_64-linux-gnu:/opt/ros/jazzy/opt/gz_math_vendor/lib:/opt/ros/jazzy/opt/gz_utils_vendor/lib:/opt/ros/jazzy/opt/gz_cmake_vendor/lib:/opt/ros/jazzy/lib PYTHONPATH=/home/rasp/ros2_ws/install/rosidl_typesupport_microxrcedds_cpp/lib/python3.12/site-packages:/home/rasp/ros2_ws/install/rosidl_typesupport_microxrcedds_c/lib/python3.12/site-packages:/home/rasp/ros2_ws/install/micro_ros_msgs/lib/python3.12/site-packages:/home/rasp/ros2_ws/install/builtin_interfaces/lib/python3.12/site-packages:/opt/ros/jazzy/lib/python3.12/site-packages /usr/bin/cmake /home/rasp/ros2_ws/src/uros/rosidl_typesupport_microxrcedds/test/msg -DBUILD_TESTING=OFF -DBUILD_SHARED_LIBS=ON -DCMAKE_INSTALL_PREFIX=/home/rasp/ros2_ws/install/rosidl_typesupport_microxrcedds_test_msg
[358.316s] DEBUG:colcon.colcon_core.event_handler.log_command:Invoking command in '/home/rasp/ros2_ws/build/rosidl_typesupport_microxrcedds_test_msg': AMENT_PREFIX_PATH=/home/rasp/ros2_ws/install/rmw_microxrcedds:/home/rasp/ros2_ws/install/micro_ros_msgs:/home/rasp/ros2_ws/install/builtin_interfaces:${AMENT_PREFIX_PATH} CMAKE_PREFIX_PATH=/home/rasp/ros2_ws/install/rmw_microxrcedds:/home/rasp/ros2_ws/install/rosidl_typesupport_microxrcedds_cpp:/home/rasp/ros2_ws/install/rosidl_typesupport_microxrcedds_c:/home/rasp/ros2_ws/install/microxrcedds_client:/home/rasp/ros2_ws/install/microcdr:/home/rasp/ros2_ws/install/micro_ros_msgs:/home/rasp/ros2_ws/install/builtin_interfaces:/home/rasp/ros2_ws/install/micro_ros_setup:/opt/ros/jazzy/opt/gz_math_vendor:/opt/ros/jazzy/opt/gz_utils_vendor:/opt/ros/jazzy/opt/gz_cmake_vendor:/opt/ros/jazzy DEBUGINFOD_URLS=https://debuginfod.ubuntu.com LD_LIBRARY_PATH=/home/rasp/ros2_ws/install/rmw_microxrcedds/lib:/home/rasp/ros2_ws/install/rosidl_typesupport_microxrcedds_cpp/lib:/home/rasp/ros2_ws/install/rosidl_typesupport_microxrcedds_c/lib:/home/rasp/ros2_ws/install/microxrcedds_client/lib:/home/rasp/ros2_ws/install/microcdr/lib:/home/rasp/ros2_ws/install/micro_ros_msgs/lib:/home/rasp/ros2_ws/install/builtin_interfaces/lib:/opt/ros/jazzy/opt/rviz_ogre_vendor/lib:/opt/ros/jazzy/lib/x86_64-linux-gnu:/opt/ros/jazzy/opt/gz_math_vendor/lib:/opt/ros/jazzy/opt/gz_utils_vendor/lib:/opt/ros/jazzy/opt/gz_cmake_vendor/lib:/opt/ros/jazzy/lib PYTHONPATH=/home/rasp/ros2_ws/install/rosidl_typesupport_microxrcedds_cpp/lib/python3.12/site-packages:/home/rasp/ros2_ws/install/rosidl_typesupport_microxrcedds_c/lib/python3.12/site-packages:/home/rasp/ros2_ws/install/micro_ros_msgs/lib/python3.12/site-packages:/home/rasp/ros2_ws/install/builtin_interfaces/lib/python3.12/site-packages:/opt/ros/jazzy/lib/python3.12/site-packages /usr/bin/cmake --build /home/rasp/ros2_ws/build/rosidl_typesupport_microxrcedds_test_msg -- -j2 -l2
[358.374s] DEBUG:colcon.colcon_core.event_handler.log_command:Invoked command in '/home/rasp/ros2_ws/build/rosidl_typesupport_microxrcedds_test_msg' returned '0': AMENT_PREFIX_PATH=/home/rasp/ros2_ws/install/rmw_microxrcedds:/home/rasp/ros2_ws/install/micro_ros_msgs:/home/rasp/ros2_ws/install/builtin_interfaces:${AMENT_PREFIX_PATH} CMAKE_PREFIX_PATH=/home/rasp/ros2_ws/install/rmw_microxrcedds:/home/rasp/ros2_ws/install/rosidl_typesupport_microxrcedds_cpp:/home/rasp/ros2_ws/install/rosidl_typesupport_microxrcedds_c:/home/rasp/ros2_ws/install/microxrcedds_client:/home/rasp/ros2_ws/install/microcdr:/home/rasp/ros2_ws/install/micro_ros_msgs:/home/rasp/ros2_ws/install/builtin_interfaces:/home/rasp/ros2_ws/install/micro_ros_setup:/opt/ros/jazzy/opt/gz_math_vendor:/opt/ros/jazzy/opt/gz_utils_vendor:/opt/ros/jazzy/opt/gz_cmake_vendor:/opt/ros/jazzy DEBUGINFOD_URLS=https://debuginfod.ubuntu.com LD_LIBRARY_PATH=/home/rasp/ros2_ws/install/rmw_microxrcedds/lib:/home/rasp/ros2_ws/install/rosidl_typesupport_microxrcedds_cpp/lib:/home/rasp/ros2_ws/install/rosidl_typesupport_microxrcedds_c/lib:/home/rasp/ros2_ws/install/microxrcedds_client/lib:/home/rasp/ros2_ws/install/microcdr/lib:/home/rasp/ros2_ws/install/micro_ros_msgs/lib:/home/rasp/ros2_ws/install/builtin_interfaces/lib:/opt/ros/jazzy/opt/rviz_ogre_vendor/lib:/opt/ros/jazzy/lib/x86_64-linux-gnu:/opt/ros/jazzy/opt/gz_math_vendor/lib:/opt/ros/jazzy/opt/gz_utils_vendor/lib:/opt/ros/jazzy/opt/gz_cmake_vendor/lib:/opt/ros/jazzy/lib PYTHONPATH=/home/rasp/ros2_ws/install/rosidl_typesupport_microxrcedds_cpp/lib/python3.12/site-packages:/home/rasp/ros2_ws/install/rosidl_typesupport_microxrcedds_c/lib/python3.12/site-packages:/home/rasp/ros2_ws/install/micro_ros_msgs/lib/python3.12/site-packages:/home/rasp/ros2_ws/install/builtin_interfaces/lib/python3.12/site-packages:/opt/ros/jazzy/lib/python3.12/site-packages /usr/bin/cmake --build /home/rasp/ros2_ws/build/rosidl_typesupport_microxrcedds_test_msg -- -j2 -l2
[358.375s] DEBUG:colcon.colcon_core.event_handler.log_command:Invoking command in '/home/rasp/ros2_ws/build/rosidl_typesupport_microxrcedds_test_msg': AMENT_PREFIX_PATH=/home/rasp/ros2_ws/install/rmw_microxrcedds:/home/rasp/ros2_ws/install/micro_ros_msgs:/home/rasp/ros2_ws/install/builtin_interfaces:${AMENT_PREFIX_PATH} CMAKE_PREFIX_PATH=/home/rasp/ros2_ws/install/rmw_microxrcedds:/home/rasp/ros2_ws/install/rosidl_typesupport_microxrcedds_cpp:/home/rasp/ros2_ws/install/rosidl_typesupport_microxrcedds_c:/home/rasp/ros2_ws/install/microxrcedds_client:/home/rasp/ros2_ws/install/microcdr:/home/rasp/ros2_ws/install/micro_ros_msgs:/home/rasp/ros2_ws/install/builtin_interfaces:/home/rasp/ros2_ws/install/micro_ros_setup:/opt/ros/jazzy/opt/gz_math_vendor:/opt/ros/jazzy/opt/gz_utils_vendor:/opt/ros/jazzy/opt/gz_cmake_vendor:/opt/ros/jazzy DEBUGINFOD_URLS=https://debuginfod.ubuntu.com LD_LIBRARY_PATH=/home/rasp/ros2_ws/install/rmw_microxrcedds/lib:/home/rasp/ros2_ws/install/rosidl_typesupport_microxrcedds_cpp/lib:/home/rasp/ros2_ws/install/rosidl_typesupport_microxrcedds_c/lib:/home/rasp/ros2_ws/install/microxrcedds_client/lib:/home/rasp/ros2_ws/install/microcdr/lib:/home/rasp/ros2_ws/install/micro_ros_msgs/lib:/home/rasp/ros2_ws/install/builtin_interfaces/lib:/opt/ros/jazzy/opt/rviz_ogre_vendor/lib:/opt/ros/jazzy/lib/x86_64-linux-gnu:/opt/ros/jazzy/opt/gz_math_vendor/lib:/opt/ros/jazzy/opt/gz_utils_vendor/lib:/opt/ros/jazzy/opt/gz_cmake_vendor/lib:/opt/ros/jazzy/lib PYTHONPATH=/home/rasp/ros2_ws/install/rosidl_typesupport_microxrcedds_cpp/lib/python3.12/site-packages:/home/rasp/ros2_ws/install/rosidl_typesupport_microxrcedds_c/lib/python3.12/site-packages:/home/rasp/ros2_ws/install/micro_ros_msgs/lib/python3.12/site-packages:/home/rasp/ros2_ws/install/builtin_interfaces/lib/python3.12/site-packages:/opt/ros/jazzy/lib/python3.12/site-packages /usr/bin/cmake --install /home/rasp/ros2_ws/build/rosidl_typesupport_microxrcedds_test_msg
[358.396s] Level 1:colcon.colcon_core.environment:create_environment_scripts_only(rosidl_typesupport_microxrcedds_test_msg)
[358.397s] Level 1:colcon.colcon_core.environment:checking '/home/rasp/ros2_ws/install/rosidl_typesupport_microxrcedds_test_msg' for CMake module files
[358.397s] Level 1:colcon.colcon_core.environment:checking '/home/rasp/ros2_ws/install/rosidl_typesupport_microxrcedds_test_msg' for CMake config files
[358.397s] Level 1:colcon.colcon_core.shell:create_environment_hook('rosidl_typesupport_microxrcedds_test_msg', 'cmake_prefix_path')
[358.397s] INFO:colcon.colcon_core.shell:Creating environment hook '/home/rasp/ros2_ws/install/rosidl_typesupport_microxrcedds_test_msg/share/rosidl_typesupport_microxrcedds_test_msg/hook/cmake_prefix_path.ps1'
[358.396s] DEBUG:colcon.colcon_core.event_handler.log_command:Invoked command in '/home/rasp/ros2_ws/build/rosidl_typesupport_microxrcedds_test_msg' returned '0': AMENT_PREFIX_PATH=/home/rasp/ros2_ws/install/rmw_microxrcedds:/home/rasp/ros2_ws/install/micro_ros_msgs:/home/rasp/ros2_ws/install/builtin_interfaces:${AMENT_PREFIX_PATH} CMAKE_PREFIX_PATH=/home/rasp/ros2_ws/install/rmw_microxrcedds:/home/rasp/ros2_ws/install/rosidl_typesupport_microxrcedds_cpp:/home/rasp/ros2_ws/install/rosidl_typesupport_microxrcedds_c:/home/rasp/ros2_ws/install/microxrcedds_client:/home/rasp/ros2_ws/install/microcdr:/home/rasp/ros2_ws/install/micro_ros_msgs:/home/rasp/ros2_ws/install/builtin_interfaces:/home/rasp/ros2_ws/install/micro_ros_setup:/opt/ros/jazzy/opt/gz_math_vendor:/opt/ros/jazzy/opt/gz_utils_vendor:/opt/ros/jazzy/opt/gz_cmake_vendor:/opt/ros/jazzy DEBUGINFOD_URLS=https://debuginfod.ubuntu.com LD_LIBRARY_PATH=/home/rasp/ros2_ws/install/rmw_microxrcedds/lib:/home/rasp/ros2_ws/install/rosidl_typesupport_microxrcedds_cpp/lib:/home/rasp/ros2_ws/install/rosidl_typesupport_microxrcedds_c/lib:/home/rasp/ros2_ws/install/microxrcedds_client/lib:/home/rasp/ros2_ws/install/microcdr/lib:/home/rasp/ros2_ws/install/micro_ros_msgs/lib:/home/rasp/ros2_ws/install/builtin_interfaces/lib:/opt/ros/jazzy/opt/rviz_ogre_vendor/lib:/opt/ros/jazzy/lib/x86_64-linux-gnu:/opt/ros/jazzy/opt/gz_math_vendor/lib:/opt/ros/jazzy/opt/gz_utils_vendor/lib:/opt/ros/jazzy/opt/gz_cmake_vendor/lib:/opt/ros/jazzy/lib PYTHONPATH=/home/rasp/ros2_ws/install/rosidl_typesupport_microxrcedds_cpp/lib/python3.12/site-packages:/home/rasp/ros2_ws/install/rosidl_typesupport_microxrcedds_c/lib/python3.12/site-packages:/home/rasp/ros2_ws/install/micro_ros_msgs/lib/python3.12/site-packages:/home/rasp/ros2_ws/install/builtin_interfaces/lib/python3.12/site-packages:/opt/ros/jazzy/lib/python3.12/site-packages /usr/bin/cmake --install /home/rasp/ros2_ws/build/rosidl_typesupport_microxrcedds_test_msg
[358.398s] INFO:colcon.colcon_core.shell:Creating environment descriptor '/home/rasp/ros2_ws/install/rosidl_typesupport_microxrcedds_test_msg/share/rosidl_typesupport_microxrcedds_test_msg/hook/cmake_prefix_path.dsv'
[358.398s] INFO:colcon.colcon_core.shell:Creating environment hook '/home/rasp/ros2_ws/install/rosidl_typesupport_microxrcedds_test_msg/share/rosidl_typesupport_microxrcedds_test_msg/hook/cmake_prefix_path.sh'
[358.399s] Level 1:colcon.colcon_core.environment:checking '/home/rasp/ros2_ws/install/rosidl_typesupport_microxrcedds_test_msg/bin'
[358.399s] Level 1:colcon.colcon_core.environment:checking '/home/rasp/ros2_ws/install/rosidl_typesupport_microxrcedds_test_msg/lib/pkgconfig/rosidl_typesupport_microxrcedds_test_msg.pc'
[358.399s] Level 1:colcon.colcon_core.environment:checking '/home/rasp/ros2_ws/install/rosidl_typesupport_microxrcedds_test_msg/lib/python3.12/site-packages'
[358.399s] Level 1:colcon.colcon_core.environment:checking '/home/rasp/ros2_ws/install/rosidl_typesupport_microxrcedds_test_msg/bin'
[358.399s] INFO:colcon.colcon_core.shell:Creating package script '/home/rasp/ros2_ws/install/rosidl_typesupport_microxrcedds_test_msg/share/rosidl_typesupport_microxrcedds_test_msg/package.ps1'
[358.400s] INFO:colcon.colcon_core.shell:Creating package descriptor '/home/rasp/ros2_ws/install/rosidl_typesupport_microxrcedds_test_msg/share/rosidl_typesupport_microxrcedds_test_msg/package.dsv'
[358.400s] INFO:colcon.colcon_core.shell:Creating package script '/home/rasp/ros2_ws/install/rosidl_typesupport_microxrcedds_test_msg/share/rosidl_typesupport_microxrcedds_test_msg/package.sh'
[358.401s] INFO:colcon.colcon_core.shell:Creating package script '/home/rasp/ros2_ws/install/rosidl_typesupport_microxrcedds_test_msg/share/rosidl_typesupport_microxrcedds_test_msg/package.bash'
[358.401s] INFO:colcon.colcon_core.shell:Creating package script '/home/rasp/ros2_ws/install/rosidl_typesupport_microxrcedds_test_msg/share/rosidl_typesupport_microxrcedds_test_msg/package.zsh'
[358.401s] Level 1:colcon.colcon_core.environment:create_file_with_runtime_dependencies(/home/rasp/ros2_ws/install/rosidl_typesupport_microxrcedds_test_msg/share/colcon-core/packages/rosidl_typesupport_microxrcedds_test_msg)
[358.402s] Level 1:colcon.colcon_core.environment:create_environment_scripts_only(rosidl_typesupport_microxrcedds_test_msg)
[358.402s] Level 1:colcon.colcon_core.environment:checking '/home/rasp/ros2_ws/install/rosidl_typesupport_microxrcedds_test_msg' for CMake module files
[358.402s] Level 1:colcon.colcon_core.environment:checking '/home/rasp/ros2_ws/install/rosidl_typesupport_microxrcedds_test_msg' for CMake config files
[358.402s] Level 1:colcon.colcon_core.shell:create_environment_hook('rosidl_typesupport_microxrcedds_test_msg', 'cmake_prefix_path')
[358.402s] INFO:colcon.colcon_core.shell:Creating environment hook '/home/rasp/ros2_ws/install/rosidl_typesupport_microxrcedds_test_msg/share/rosidl_typesupport_microxrcedds_test_msg/hook/cmake_prefix_path.ps1'
[358.403s] INFO:colcon.colcon_core.shell:Creating environment descriptor '/home/rasp/ros2_ws/install/rosidl_typesupport_microxrcedds_test_msg/share/rosidl_typesupport_microxrcedds_test_msg/hook/cmake_prefix_path.dsv'
[358.404s] INFO:colcon.colcon_core.shell:Creating environment hook '/home/rasp/ros2_ws/install/rosidl_typesupport_microxrcedds_test_msg/share/rosidl_typesupport_microxrcedds_test_msg/hook/cmake_prefix_path.sh'
[358.404s] Level 1:colcon.colcon_core.environment:checking '/home/rasp/ros2_ws/install/rosidl_typesupport_microxrcedds_test_msg/bin'
[358.404s] Level 1:colcon.colcon_core.environment:checking '/home/rasp/ros2_ws/install/rosidl_typesupport_microxrcedds_test_msg/lib/pkgconfig/rosidl_typesupport_microxrcedds_test_msg.pc'
[358.404s] Level 1:colcon.colcon_core.environment:checking '/home/rasp/ros2_ws/install/rosidl_typesupport_microxrcedds_test_msg/lib/python3.12/site-packages'
[358.405s] Level 1:colcon.colcon_core.environment:checking '/home/rasp/ros2_ws/install/rosidl_typesupport_microxrcedds_test_msg/bin'
[358.405s] INFO:colcon.colcon_core.shell:Creating package script '/home/rasp/ros2_ws/install/rosidl_typesupport_microxrcedds_test_msg/share/rosidl_typesupport_microxrcedds_test_msg/package.ps1'
[358.405s] INFO:colcon.colcon_core.shell:Creating package descriptor '/home/rasp/ros2_ws/install/rosidl_typesupport_microxrcedds_test_msg/share/rosidl_typesupport_microxrcedds_test_msg/package.dsv'
[358.406s] INFO:colcon.colcon_core.shell:Creating package script '/home/rasp/ros2_ws/install/rosidl_typesupport_microxrcedds_test_msg/share/rosidl_typesupport_microxrcedds_test_msg/package.sh'
[358.407s] INFO:colcon.colcon_core.shell:Creating package script '/home/rasp/ros2_ws/install/rosidl_typesupport_microxrcedds_test_msg/share/rosidl_typesupport_microxrcedds_test_msg/package.bash'
[358.407s] INFO:colcon.colcon_core.shell:Creating package script '/home/rasp/ros2_ws/install/rosidl_typesupport_microxrcedds_test_msg/share/rosidl_typesupport_microxrcedds_test_msg/package.zsh'
[358.408s] Level 1:colcon.colcon_core.environment:create_file_with_runtime_dependencies(/home/rasp/ros2_ws/install/rosidl_typesupport_microxrcedds_test_msg/share/colcon-core/packages/rosidl_typesupport_microxrcedds_test_msg)
[358.410s] INFO:colcon.colcon_ros.task.ament_cmake.build:Building ROS package in '/home/rasp/ros2_ws/src/ros2/common_interfaces/visualization_msgs' with build type 'ament_cmake'
[358.410s] INFO:colcon.colcon_cmake.task.cmake.build:Building CMake package in '/home/rasp/ros2_ws/src/ros2/common_interfaces/visualization_msgs'
[358.410s] INFO:colcon.colcon_core.shell:Skip shell extension 'powershell' for command environment: Not usable outside of PowerShell
[358.410s] DEBUG:colcon.colcon_core.shell:Skip shell extension 'dsv' for command environment
[358.436s] DEBUG:colcon.colcon_core.event_handler.log_command:Invoking command in '/home/rasp/ros2_ws/build/visualization_msgs': AMENT_PREFIX_PATH=/home/rasp/ros2_ws/install/sensor_msgs:/home/rasp/ros2_ws/install/geometry_msgs:/home/rasp/ros2_ws/install/std_msgs:/home/rasp/ros2_ws/install/builtin_interfaces:${AMENT_PREFIX_PATH} CMAKE_PREFIX_PATH=/home/rasp/ros2_ws/install/sensor_msgs:/home/rasp/ros2_ws/install/geometry_msgs:/home/rasp/ros2_ws/install/std_msgs:/home/rasp/ros2_ws/install/builtin_interfaces:/home/rasp/ros2_ws/install/rosidl_typesupport_microxrcedds_cpp:/home/rasp/ros2_ws/install/rosidl_typesupport_microxrcedds_c:/home/rasp/ros2_ws/install/microcdr:/home/rasp/ros2_ws/install/micro_ros_setup:/opt/ros/jazzy/opt/gz_math_vendor:/opt/ros/jazzy/opt/gz_utils_vendor:/opt/ros/jazzy/opt/gz_cmake_vendor:/opt/ros/jazzy DEBUGINFOD_URLS=https://debuginfod.ubuntu.com LD_LIBRARY_PATH=/home/rasp/ros2_ws/install/sensor_msgs/lib:/home/rasp/ros2_ws/install/geometry_msgs/lib:/home/rasp/ros2_ws/install/std_msgs/lib:/home/rasp/ros2_ws/install/builtin_interfaces/lib:${LD_LIBRARY_PATH} PYTHONPATH=/home/rasp/ros2_ws/install/sensor_msgs/lib/python3.12/site-packages:/home/rasp/ros2_ws/install/geometry_msgs/lib/python3.12/site-packages:/home/rasp/ros2_ws/install/std_msgs/lib/python3.12/site-packages:/home/rasp/ros2_ws/install/builtin_interfaces/lib/python3.12/site-packages:${PYTHONPATH} /usr/bin/cmake /home/rasp/ros2_ws/src/ros2/common_interfaces/visualization_msgs -DBUILD_TESTING=OFF -DBUILD_SHARED_LIBS=ON -DCMAKE_INSTALL_PREFIX=/home/rasp/ros2_ws/install/visualization_msgs
[362.811s] DEBUG:colcon.colcon_core.event_handler.log_command:Invoked command in '/home/rasp/ros2_ws/build/visualization_msgs' returned '0': AMENT_PREFIX_PATH=/home/rasp/ros2_ws/install/sensor_msgs:/home/rasp/ros2_ws/install/geometry_msgs:/home/rasp/ros2_ws/install/std_msgs:/home/rasp/ros2_ws/install/builtin_interfaces:${AMENT_PREFIX_PATH} CMAKE_PREFIX_PATH=/home/rasp/ros2_ws/install/sensor_msgs:/home/rasp/ros2_ws/install/geometry_msgs:/home/rasp/ros2_ws/install/std_msgs:/home/rasp/ros2_ws/install/builtin_interfaces:/home/rasp/ros2_ws/install/rosidl_typesupport_microxrcedds_cpp:/home/rasp/ros2_ws/install/rosidl_typesupport_microxrcedds_c:/home/rasp/ros2_ws/install/microcdr:/home/rasp/ros2_ws/install/micro_ros_setup:/opt/ros/jazzy/opt/gz_math_vendor:/opt/ros/jazzy/opt/gz_utils_vendor:/opt/ros/jazzy/opt/gz_cmake_vendor:/opt/ros/jazzy DEBUGINFOD_URLS=https://debuginfod.ubuntu.com LD_LIBRARY_PATH=/home/rasp/ros2_ws/install/sensor_msgs/lib:/home/rasp/ros2_ws/install/geometry_msgs/lib:/home/rasp/ros2_ws/install/std_msgs/lib:/home/rasp/ros2_ws/install/builtin_interfaces/lib:${LD_LIBRARY_PATH} PYTHONPATH=/home/rasp/ros2_ws/install/sensor_msgs/lib/python3.12/site-packages:/home/rasp/ros2_ws/install/geometry_msgs/lib/python3.12/site-packages:/home/rasp/ros2_ws/install/std_msgs/lib/python3.12/site-packages:/home/rasp/ros2_ws/install/builtin_interfaces/lib/python3.12/site-packages:${PYTHONPATH} /usr/bin/cmake /home/rasp/ros2_ws/src/ros2/common_interfaces/visualization_msgs -DBUILD_TESTING=OFF -DBUILD_SHARED_LIBS=ON -DCMAKE_INSTALL_PREFIX=/home/rasp/ros2_ws/install/visualization_msgs
[362.812s] DEBUG:colcon.colcon_core.event_handler.log_command:Invoking command in '/home/rasp/ros2_ws/build/visualization_msgs': AMENT_PREFIX_PATH=/home/rasp/ros2_ws/install/sensor_msgs:/home/rasp/ros2_ws/install/geometry_msgs:/home/rasp/ros2_ws/install/std_msgs:/home/rasp/ros2_ws/install/builtin_interfaces:${AMENT_PREFIX_PATH} CMAKE_PREFIX_PATH=/home/rasp/ros2_ws/install/sensor_msgs:/home/rasp/ros2_ws/install/geometry_msgs:/home/rasp/ros2_ws/install/std_msgs:/home/rasp/ros2_ws/install/builtin_interfaces:/home/rasp/ros2_ws/install/rosidl_typesupport_microxrcedds_cpp:/home/rasp/ros2_ws/install/rosidl_typesupport_microxrcedds_c:/home/rasp/ros2_ws/install/microcdr:/home/rasp/ros2_ws/install/micro_ros_setup:/opt/ros/jazzy/opt/gz_math_vendor:/opt/ros/jazzy/opt/gz_utils_vendor:/opt/ros/jazzy/opt/gz_cmake_vendor:/opt/ros/jazzy DEBUGINFOD_URLS=https://debuginfod.ubuntu.com LD_LIBRARY_PATH=/home/rasp/ros2_ws/install/sensor_msgs/lib:/home/rasp/ros2_ws/install/geometry_msgs/lib:/home/rasp/ros2_ws/install/std_msgs/lib:/home/rasp/ros2_ws/install/builtin_interfaces/lib:${LD_LIBRARY_PATH} PYTHONPATH=/home/rasp/ros2_ws/install/sensor_msgs/lib/python3.12/site-packages:/home/rasp/ros2_ws/install/geometry_msgs/lib/python3.12/site-packages:/home/rasp/ros2_ws/install/std_msgs/lib/python3.12/site-packages:/home/rasp/ros2_ws/install/builtin_interfaces/lib/python3.12/site-packages:${PYTHONPATH} /usr/bin/cmake --build /home/rasp/ros2_ws/build/visualization_msgs -- -j2 -l2
[363.354s] DEBUG:colcon.colcon_core.event_handler.log_command:Invoked command in '/home/rasp/ros2_ws/build/service_msgs' returned '0': AMENT_PREFIX_PATH=/home/rasp/ros2_ws/install/builtin_interfaces:${AMENT_PREFIX_PATH} CMAKE_PREFIX_PATH=/home/rasp/ros2_ws/install/builtin_interfaces:/home/rasp/ros2_ws/install/rosidl_typesupport_microxrcedds_cpp:/home/rasp/ros2_ws/install/rosidl_typesupport_microxrcedds_c:/home/rasp/ros2_ws/install/microcdr:/home/rasp/ros2_ws/install/micro_ros_setup:/opt/ros/jazzy/opt/gz_math_vendor:/opt/ros/jazzy/opt/gz_utils_vendor:/opt/ros/jazzy/opt/gz_cmake_vendor:/opt/ros/jazzy DEBUGINFOD_URLS=https://debuginfod.ubuntu.com LD_LIBRARY_PATH=/home/rasp/ros2_ws/install/builtin_interfaces/lib:${LD_LIBRARY_PATH} PYTHONPATH=/home/rasp/ros2_ws/install/builtin_interfaces/lib/python3.12/site-packages:${PYTHONPATH} /usr/bin/cmake --build /home/rasp/ros2_ws/build/service_msgs -- -j2 -l2
[363.354s] DEBUG:colcon.colcon_core.event_handler.log_command:Invoking command in '/home/rasp/ros2_ws/build/service_msgs': AMENT_PREFIX_PATH=/home/rasp/ros2_ws/install/builtin_interfaces:${AMENT_PREFIX_PATH} CMAKE_PREFIX_PATH=/home/rasp/ros2_ws/install/builtin_interfaces:/home/rasp/ros2_ws/install/rosidl_typesupport_microxrcedds_cpp:/home/rasp/ros2_ws/install/rosidl_typesupport_microxrcedds_c:/home/rasp/ros2_ws/install/microcdr:/home/rasp/ros2_ws/install/micro_ros_setup:/opt/ros/jazzy/opt/gz_math_vendor:/opt/ros/jazzy/opt/gz_utils_vendor:/opt/ros/jazzy/opt/gz_cmake_vendor:/opt/ros/jazzy DEBUGINFOD_URLS=https://debuginfod.ubuntu.com LD_LIBRARY_PATH=/home/rasp/ros2_ws/install/builtin_interfaces/lib:${LD_LIBRARY_PATH} PYTHONPATH=/home/rasp/ros2_ws/install/builtin_interfaces/lib/python3.12/site-packages:${PYTHONPATH} /usr/bin/cmake --install /home/rasp/ros2_ws/build/service_msgs
[363.460s] Level 1:colcon.colcon_core.environment:create_environment_scripts_only(service_msgs)
[363.461s] Level 1:colcon.colcon_core.environment:checking '/home/rasp/ros2_ws/install/service_msgs' for CMake module files
[363.461s] DEBUG:colcon.colcon_core.event_handler.log_command:Invoked command in '/home/rasp/ros2_ws/build/service_msgs' returned '0': AMENT_PREFIX_PATH=/home/rasp/ros2_ws/install/builtin_interfaces:${AMENT_PREFIX_PATH} CMAKE_PREFIX_PATH=/home/rasp/ros2_ws/install/builtin_interfaces:/home/rasp/ros2_ws/install/rosidl_typesupport_microxrcedds_cpp:/home/rasp/ros2_ws/install/rosidl_typesupport_microxrcedds_c:/home/rasp/ros2_ws/install/microcdr:/home/rasp/ros2_ws/install/micro_ros_setup:/opt/ros/jazzy/opt/gz_math_vendor:/opt/ros/jazzy/opt/gz_utils_vendor:/opt/ros/jazzy/opt/gz_cmake_vendor:/opt/ros/jazzy DEBUGINFOD_URLS=https://debuginfod.ubuntu.com LD_LIBRARY_PATH=/home/rasp/ros2_ws/install/builtin_interfaces/lib:${LD_LIBRARY_PATH} PYTHONPATH=/home/rasp/ros2_ws/install/builtin_interfaces/lib/python3.12/site-packages:${PYTHONPATH} /usr/bin/cmake --install /home/rasp/ros2_ws/build/service_msgs
[363.462s] Level 1:colcon.colcon_core.environment:checking '/home/rasp/ros2_ws/install/service_msgs' for CMake config files
[363.463s] Level 1:colcon.colcon_core.shell:create_environment_hook('service_msgs', 'cmake_prefix_path')
[363.463s] INFO:colcon.colcon_core.shell:Creating environment hook '/home/rasp/ros2_ws/install/service_msgs/share/service_msgs/hook/cmake_prefix_path.ps1'
[363.463s] INFO:colcon.colcon_core.shell:Creating environment descriptor '/home/rasp/ros2_ws/install/service_msgs/share/service_msgs/hook/cmake_prefix_path.dsv'
[363.464s] INFO:colcon.colcon_core.shell:Creating environment hook '/home/rasp/ros2_ws/install/service_msgs/share/service_msgs/hook/cmake_prefix_path.sh'
[363.464s] Level 1:colcon.colcon_core.environment:checking '/home/rasp/ros2_ws/install/service_msgs/lib'
[363.464s] Level 1:colcon.colcon_core.shell:create_environment_hook('service_msgs', 'ld_library_path_lib')
[363.464s] INFO:colcon.colcon_core.shell:Creating environment hook '/home/rasp/ros2_ws/install/service_msgs/share/service_msgs/hook/ld_library_path_lib.ps1'
[363.465s] INFO:colcon.colcon_core.shell:Creating environment descriptor '/home/rasp/ros2_ws/install/service_msgs/share/service_msgs/hook/ld_library_path_lib.dsv'
[363.465s] INFO:colcon.colcon_core.shell:Creating environment hook '/home/rasp/ros2_ws/install/service_msgs/share/service_msgs/hook/ld_library_path_lib.sh'
[363.465s] Level 1:colcon.colcon_core.environment:checking '/home/rasp/ros2_ws/install/service_msgs/bin'
[363.465s] Level 1:colcon.colcon_core.environment:checking '/home/rasp/ros2_ws/install/service_msgs/lib/pkgconfig/service_msgs.pc'
[363.465s] Level 1:colcon.colcon_core.environment:checking '/home/rasp/ros2_ws/install/service_msgs/lib/python3.12/site-packages'
[363.465s] Level 1:colcon.colcon_core.shell:create_environment_hook('service_msgs', 'pythonpath')
[363.466s] INFO:colcon.colcon_core.shell:Creating environment hook '/home/rasp/ros2_ws/install/service_msgs/share/service_msgs/hook/pythonpath.ps1'
[363.466s] INFO:colcon.colcon_core.shell:Creating environment descriptor '/home/rasp/ros2_ws/install/service_msgs/share/service_msgs/hook/pythonpath.dsv'
[363.466s] INFO:colcon.colcon_core.shell:Creating environment hook '/home/rasp/ros2_ws/install/service_msgs/share/service_msgs/hook/pythonpath.sh'
[363.467s] Level 1:colcon.colcon_core.environment:checking '/home/rasp/ros2_ws/install/service_msgs/bin'
[363.467s] INFO:colcon.colcon_core.shell:Creating package script '/home/rasp/ros2_ws/install/service_msgs/share/service_msgs/package.ps1'
[363.467s] INFO:colcon.colcon_core.shell:Creating package descriptor '/home/rasp/ros2_ws/install/service_msgs/share/service_msgs/package.dsv'
[363.468s] INFO:colcon.colcon_core.shell:Creating package script '/home/rasp/ros2_ws/install/service_msgs/share/service_msgs/package.sh'
[363.468s] INFO:colcon.colcon_core.shell:Creating package script '/home/rasp/ros2_ws/install/service_msgs/share/service_msgs/package.bash'
[363.469s] INFO:colcon.colcon_core.shell:Creating package script '/home/rasp/ros2_ws/install/service_msgs/share/service_msgs/package.zsh'
[363.469s] Level 1:colcon.colcon_core.environment:create_file_with_runtime_dependencies(/home/rasp/ros2_ws/install/service_msgs/share/colcon-core/packages/service_msgs)
[363.470s] Level 1:colcon.colcon_core.environment:create_environment_scripts_only(service_msgs)
[363.470s] Level 1:colcon.colcon_core.environment:checking '/home/rasp/ros2_ws/install/service_msgs' for CMake module files
[363.470s] Level 1:colcon.colcon_core.environment:checking '/home/rasp/ros2_ws/install/service_msgs' for CMake config files
[363.471s] Level 1:colcon.colcon_core.shell:create_environment_hook('service_msgs', 'cmake_prefix_path')
[363.471s] INFO:colcon.colcon_core.shell:Creating environment hook '/home/rasp/ros2_ws/install/service_msgs/share/service_msgs/hook/cmake_prefix_path.ps1'
[363.472s] INFO:colcon.colcon_core.shell:Creating environment descriptor '/home/rasp/ros2_ws/install/service_msgs/share/service_msgs/hook/cmake_prefix_path.dsv'
[363.472s] INFO:colcon.colcon_core.shell:Creating environment hook '/home/rasp/ros2_ws/install/service_msgs/share/service_msgs/hook/cmake_prefix_path.sh'
[363.473s] Level 1:colcon.colcon_core.environment:checking '/home/rasp/ros2_ws/install/service_msgs/lib'
[363.473s] Level 1:colcon.colcon_core.shell:create_environment_hook('service_msgs', 'ld_library_path_lib')
[363.473s] INFO:colcon.colcon_core.shell:Creating environment hook '/home/rasp/ros2_ws/install/service_msgs/share/service_msgs/hook/ld_library_path_lib.ps1'
[363.473s] INFO:colcon.colcon_core.shell:Creating environment descriptor '/home/rasp/ros2_ws/install/service_msgs/share/service_msgs/hook/ld_library_path_lib.dsv'
[363.474s] INFO:colcon.colcon_core.shell:Creating environment hook '/home/rasp/ros2_ws/install/service_msgs/share/service_msgs/hook/ld_library_path_lib.sh'
[363.474s] Level 1:colcon.colcon_core.environment:checking '/home/rasp/ros2_ws/install/service_msgs/bin'
[363.474s] Level 1:colcon.colcon_core.environment:checking '/home/rasp/ros2_ws/install/service_msgs/lib/pkgconfig/service_msgs.pc'
[363.475s] Level 1:colcon.colcon_core.environment:checking '/home/rasp/ros2_ws/install/service_msgs/lib/python3.12/site-packages'
[363.475s] Level 1:colcon.colcon_core.shell:create_environment_hook('service_msgs', 'pythonpath')
[363.475s] INFO:colcon.colcon_core.shell:Creating environment hook '/home/rasp/ros2_ws/install/service_msgs/share/service_msgs/hook/pythonpath.ps1'
[363.475s] INFO:colcon.colcon_core.shell:Creating environment descriptor '/home/rasp/ros2_ws/install/service_msgs/share/service_msgs/hook/pythonpath.dsv'
[363.476s] INFO:colcon.colcon_core.shell:Creating environment hook '/home/rasp/ros2_ws/install/service_msgs/share/service_msgs/hook/pythonpath.sh'
[363.476s] Level 1:colcon.colcon_core.environment:checking '/home/rasp/ros2_ws/install/service_msgs/bin'
[363.477s] INFO:colcon.colcon_core.shell:Creating package script '/home/rasp/ros2_ws/install/service_msgs/share/service_msgs/package.ps1'
[363.477s] INFO:colcon.colcon_core.shell:Creating package descriptor '/home/rasp/ros2_ws/install/service_msgs/share/service_msgs/package.dsv'
[363.478s] INFO:colcon.colcon_core.shell:Creating package script '/home/rasp/ros2_ws/install/service_msgs/share/service_msgs/package.sh'
[363.479s] INFO:colcon.colcon_core.shell:Creating package script '/home/rasp/ros2_ws/install/service_msgs/share/service_msgs/package.bash'
[363.479s] INFO:colcon.colcon_core.shell:Creating package script '/home/rasp/ros2_ws/install/service_msgs/share/service_msgs/package.zsh'
[363.480s] Level 1:colcon.colcon_core.environment:create_file_with_runtime_dependencies(/home/rasp/ros2_ws/install/service_msgs/share/colcon-core/packages/service_msgs)
[363.480s] INFO:colcon.colcon_ros.task.ament_cmake.build:Building ROS package in '/home/rasp/ros2_ws/src/uros/micro_ros_utilities' with build type 'ament_cmake'
[363.480s] INFO:colcon.colcon_cmake.task.cmake.build:Building CMake package in '/home/rasp/ros2_ws/src/uros/micro_ros_utilities'
[363.480s] INFO:colcon.colcon_core.shell:Skip shell extension 'powershell' for command environment: Not usable outside of PowerShell
[363.480s] DEBUG:colcon.colcon_core.shell:Skip shell extension 'dsv' for command environment
[363.493s] DEBUG:colcon.colcon_core.event_handler.log_command:Invoking command in '/home/rasp/ros2_ws/build/micro_ros_utilities': CMAKE_PREFIX_PATH=${CMAKE_PREFIX_PATH}:/opt/ros/jazzy DEBUGINFOD_URLS=https://debuginfod.ubuntu.com /usr/bin/cmake /home/rasp/ros2_ws/src/uros/micro_ros_utilities -DBUILD_TESTING=OFF -DBUILD_SHARED_LIBS=ON -DCMAKE_INSTALL_PREFIX=/home/rasp/ros2_ws/install/micro_ros_utilities
[364.360s] DEBUG:colcon.colcon_core.event_handler.log_command:Invoked command in '/home/rasp/ros2_ws/build/micro_ros_utilities' returned '0': CMAKE_PREFIX_PATH=${CMAKE_PREFIX_PATH}:/opt/ros/jazzy DEBUGINFOD_URLS=https://debuginfod.ubuntu.com /usr/bin/cmake /home/rasp/ros2_ws/src/uros/micro_ros_utilities -DBUILD_TESTING=OFF -DBUILD_SHARED_LIBS=ON -DCMAKE_INSTALL_PREFIX=/home/rasp/ros2_ws/install/micro_ros_utilities
[364.361s] DEBUG:colcon.colcon_core.event_handler.log_command:Invoking command in '/home/rasp/ros2_ws/build/micro_ros_utilities': CMAKE_PREFIX_PATH=${CMAKE_PREFIX_PATH}:/opt/ros/jazzy DEBUGINFOD_URLS=https://debuginfod.ubuntu.com /usr/bin/cmake --build /home/rasp/ros2_ws/build/micro_ros_utilities -- -j2 -l2
[364.608s] DEBUG:colcon.colcon_core.event_handler.log_command:Invoked command in '/home/rasp/ros2_ws/build/micro_ros_utilities' returned '0': CMAKE_PREFIX_PATH=${CMAKE_PREFIX_PATH}:/opt/ros/jazzy DEBUGINFOD_URLS=https://debuginfod.ubuntu.com /usr/bin/cmake --build /home/rasp/ros2_ws/build/micro_ros_utilities -- -j2 -l2
[364.609s] DEBUG:colcon.colcon_core.event_handler.log_command:Invoking command in '/home/rasp/ros2_ws/build/micro_ros_utilities': CMAKE_PREFIX_PATH=${CMAKE_PREFIX_PATH}:/opt/ros/jazzy DEBUGINFOD_URLS=https://debuginfod.ubuntu.com /usr/bin/cmake --install /home/rasp/ros2_ws/build/micro_ros_utilities
[364.637s] Level 1:colcon.colcon_core.environment:create_environment_scripts_only(micro_ros_utilities)
[364.638s] DEBUG:colcon.colcon_core.event_handler.log_command:Invoked command in '/home/rasp/ros2_ws/build/micro_ros_utilities' returned '0': CMAKE_PREFIX_PATH=${CMAKE_PREFIX_PATH}:/opt/ros/jazzy DEBUGINFOD_URLS=https://debuginfod.ubuntu.com /usr/bin/cmake --install /home/rasp/ros2_ws/build/micro_ros_utilities
[364.638s] Level 1:colcon.colcon_core.environment:checking '/home/rasp/ros2_ws/install/micro_ros_utilities' for CMake module files
[364.638s] Level 1:colcon.colcon_core.environment:checking '/home/rasp/ros2_ws/install/micro_ros_utilities' for CMake config files
[364.639s] Level 1:colcon.colcon_core.shell:create_environment_hook('micro_ros_utilities', 'cmake_prefix_path')
[364.639s] INFO:colcon.colcon_core.shell:Creating environment hook '/home/rasp/ros2_ws/install/micro_ros_utilities/share/micro_ros_utilities/hook/cmake_prefix_path.ps1'
[364.639s] INFO:colcon.colcon_core.shell:Creating environment descriptor '/home/rasp/ros2_ws/install/micro_ros_utilities/share/micro_ros_utilities/hook/cmake_prefix_path.dsv'
[364.639s] INFO:colcon.colcon_core.shell:Creating environment hook '/home/rasp/ros2_ws/install/micro_ros_utilities/share/micro_ros_utilities/hook/cmake_prefix_path.sh'
[364.640s] Level 1:colcon.colcon_core.environment:checking '/home/rasp/ros2_ws/install/micro_ros_utilities/lib'
[364.640s] Level 1:colcon.colcon_core.shell:create_environment_hook('micro_ros_utilities', 'ld_library_path_lib')
[364.640s] INFO:colcon.colcon_core.shell:Creating environment hook '/home/rasp/ros2_ws/install/micro_ros_utilities/share/micro_ros_utilities/hook/ld_library_path_lib.ps1'
[364.640s] INFO:colcon.colcon_core.shell:Creating environment descriptor '/home/rasp/ros2_ws/install/micro_ros_utilities/share/micro_ros_utilities/hook/ld_library_path_lib.dsv'
[364.641s] INFO:colcon.colcon_core.shell:Creating environment hook '/home/rasp/ros2_ws/install/micro_ros_utilities/share/micro_ros_utilities/hook/ld_library_path_lib.sh'
[364.641s] Level 1:colcon.colcon_core.environment:checking '/home/rasp/ros2_ws/install/micro_ros_utilities/bin'
[364.641s] Level 1:colcon.colcon_core.environment:checking '/home/rasp/ros2_ws/install/micro_ros_utilities/lib/pkgconfig/micro_ros_utilities.pc'
[364.641s] Level 1:colcon.colcon_core.environment:checking '/home/rasp/ros2_ws/install/micro_ros_utilities/lib/python3.12/site-packages'
[364.641s] Level 1:colcon.colcon_core.environment:checking '/home/rasp/ros2_ws/install/micro_ros_utilities/bin'
[364.642s] INFO:colcon.colcon_core.shell:Creating package script '/home/rasp/ros2_ws/install/micro_ros_utilities/share/micro_ros_utilities/package.ps1'
[364.642s] INFO:colcon.colcon_core.shell:Creating package descriptor '/home/rasp/ros2_ws/install/micro_ros_utilities/share/micro_ros_utilities/package.dsv'
[364.643s] INFO:colcon.colcon_core.shell:Creating package script '/home/rasp/ros2_ws/install/micro_ros_utilities/share/micro_ros_utilities/package.sh'
[364.643s] INFO:colcon.colcon_core.shell:Creating package script '/home/rasp/ros2_ws/install/micro_ros_utilities/share/micro_ros_utilities/package.bash'
[364.643s] INFO:colcon.colcon_core.shell:Creating package script '/home/rasp/ros2_ws/install/micro_ros_utilities/share/micro_ros_utilities/package.zsh'
[364.644s] Level 1:colcon.colcon_core.environment:create_file_with_runtime_dependencies(/home/rasp/ros2_ws/install/micro_ros_utilities/share/colcon-core/packages/micro_ros_utilities)
[364.644s] Level 1:colcon.colcon_core.environment:create_environment_scripts_only(micro_ros_utilities)
[364.644s] Level 1:colcon.colcon_core.environment:checking '/home/rasp/ros2_ws/install/micro_ros_utilities' for CMake module files
[364.645s] Level 1:colcon.colcon_core.environment:checking '/home/rasp/ros2_ws/install/micro_ros_utilities' for CMake config files
[364.645s] Level 1:colcon.colcon_core.shell:create_environment_hook('micro_ros_utilities', 'cmake_prefix_path')
[364.645s] INFO:colcon.colcon_core.shell:Creating environment hook '/home/rasp/ros2_ws/install/micro_ros_utilities/share/micro_ros_utilities/hook/cmake_prefix_path.ps1'
[364.645s] INFO:colcon.colcon_core.shell:Creating environment descriptor '/home/rasp/ros2_ws/install/micro_ros_utilities/share/micro_ros_utilities/hook/cmake_prefix_path.dsv'
[364.646s] INFO:colcon.colcon_core.shell:Creating environment hook '/home/rasp/ros2_ws/install/micro_ros_utilities/share/micro_ros_utilities/hook/cmake_prefix_path.sh'
[364.646s] Level 1:colcon.colcon_core.environment:checking '/home/rasp/ros2_ws/install/micro_ros_utilities/lib'
[364.647s] Level 1:colcon.colcon_core.shell:create_environment_hook('micro_ros_utilities', 'ld_library_path_lib')
[364.647s] INFO:colcon.colcon_core.shell:Creating environment hook '/home/rasp/ros2_ws/install/micro_ros_utilities/share/micro_ros_utilities/hook/ld_library_path_lib.ps1'
[364.647s] INFO:colcon.colcon_core.shell:Creating environment descriptor '/home/rasp/ros2_ws/install/micro_ros_utilities/share/micro_ros_utilities/hook/ld_library_path_lib.dsv'
[364.648s] INFO:colcon.colcon_core.shell:Creating environment hook '/home/rasp/ros2_ws/install/micro_ros_utilities/share/micro_ros_utilities/hook/ld_library_path_lib.sh'
[364.648s] Level 1:colcon.colcon_core.environment:checking '/home/rasp/ros2_ws/install/micro_ros_utilities/bin'
[364.648s] Level 1:colcon.colcon_core.environment:checking '/home/rasp/ros2_ws/install/micro_ros_utilities/lib/pkgconfig/micro_ros_utilities.pc'
[364.648s] Level 1:colcon.colcon_core.environment:checking '/home/rasp/ros2_ws/install/micro_ros_utilities/lib/python3.12/site-packages'
[364.649s] Level 1:colcon.colcon_core.environment:checking '/home/rasp/ros2_ws/install/micro_ros_utilities/bin'
[364.649s] INFO:colcon.colcon_core.shell:Creating package script '/home/rasp/ros2_ws/install/micro_ros_utilities/share/micro_ros_utilities/package.ps1'
[364.650s] INFO:colcon.colcon_core.shell:Creating package descriptor '/home/rasp/ros2_ws/install/micro_ros_utilities/share/micro_ros_utilities/package.dsv'
[364.650s] INFO:colcon.colcon_core.shell:Creating package script '/home/rasp/ros2_ws/install/micro_ros_utilities/share/micro_ros_utilities/package.sh'
[364.651s] INFO:colcon.colcon_core.shell:Creating package script '/home/rasp/ros2_ws/install/micro_ros_utilities/share/micro_ros_utilities/package.bash'
[364.651s] INFO:colcon.colcon_core.shell:Creating package script '/home/rasp/ros2_ws/install/micro_ros_utilities/share/micro_ros_utilities/package.zsh'
[364.652s] Level 1:colcon.colcon_core.environment:create_file_with_runtime_dependencies(/home/rasp/ros2_ws/install/micro_ros_utilities/share/colcon-core/packages/micro_ros_utilities)
[364.655s] INFO:colcon.colcon_ros.task.ament_cmake.build:Building ROS package in '/home/rasp/ros2_ws/src/ros2/common_interfaces/std_srvs' with build type 'ament_cmake'
[364.655s] INFO:colcon.colcon_cmake.task.cmake.build:Building CMake package in '/home/rasp/ros2_ws/src/ros2/common_interfaces/std_srvs'
[364.655s] INFO:colcon.colcon_core.shell:Skip shell extension 'powershell' for command environment: Not usable outside of PowerShell
[364.655s] DEBUG:colcon.colcon_core.shell:Skip shell extension 'dsv' for command environment
[364.669s] DEBUG:colcon.colcon_core.event_handler.log_command:Invoking command in '/home/rasp/ros2_ws/build/std_srvs': CMAKE_PREFIX_PATH=${CMAKE_PREFIX_PATH}:/opt/ros/jazzy DEBUGINFOD_URLS=https://debuginfod.ubuntu.com /usr/bin/cmake /home/rasp/ros2_ws/src/ros2/common_interfaces/std_srvs -DBUILD_TESTING=OFF -DBUILD_SHARED_LIBS=ON -DCMAKE_INSTALL_PREFIX=/home/rasp/ros2_ws/install/std_srvs
[368.269s] DEBUG:colcon.colcon_core.event_handler.log_command:Invoked command in '/home/rasp/ros2_ws/build/std_srvs' returned '0': CMAKE_PREFIX_PATH=${CMAKE_PREFIX_PATH}:/opt/ros/jazzy DEBUGINFOD_URLS=https://debuginfod.ubuntu.com /usr/bin/cmake /home/rasp/ros2_ws/src/ros2/common_interfaces/std_srvs -DBUILD_TESTING=OFF -DBUILD_SHARED_LIBS=ON -DCMAKE_INSTALL_PREFIX=/home/rasp/ros2_ws/install/std_srvs
[368.270s] DEBUG:colcon.colcon_core.event_handler.log_command:Invoking command in '/home/rasp/ros2_ws/build/std_srvs': CMAKE_PREFIX_PATH=${CMAKE_PREFIX_PATH}:/opt/ros/jazzy DEBUGINFOD_URLS=https://debuginfod.ubuntu.com /usr/bin/cmake --build /home/rasp/ros2_ws/build/std_srvs -- -j2 -l2
[385.543s] DEBUG:colcon.colcon_core.event_handler.log_command:Invoked command in '/home/rasp/ros2_ws/build/std_srvs' returned '0': CMAKE_PREFIX_PATH=${CMAKE_PREFIX_PATH}:/opt/ros/jazzy DEBUGINFOD_URLS=https://debuginfod.ubuntu.com /usr/bin/cmake --build /home/rasp/ros2_ws/build/std_srvs -- -j2 -l2
[385.544s] DEBUG:colcon.colcon_core.event_handler.log_command:Invoking command in '/home/rasp/ros2_ws/build/std_srvs': CMAKE_PREFIX_PATH=${CMAKE_PREFIX_PATH}:/opt/ros/jazzy DEBUGINFOD_URLS=https://debuginfod.ubuntu.com /usr/bin/cmake --install /home/rasp/ros2_ws/build/std_srvs
[385.717s] Level 1:colcon.colcon_core.environment:create_environment_scripts_only(std_srvs)
[385.717s] Level 1:colcon.colcon_core.environment:checking '/home/rasp/ros2_ws/install/std_srvs' for CMake module files
[385.718s] DEBUG:colcon.colcon_core.event_handler.log_command:Invoked command in '/home/rasp/ros2_ws/build/std_srvs' returned '0': CMAKE_PREFIX_PATH=${CMAKE_PREFIX_PATH}:/opt/ros/jazzy DEBUGINFOD_URLS=https://debuginfod.ubuntu.com /usr/bin/cmake --install /home/rasp/ros2_ws/build/std_srvs
[385.718s] Level 1:colcon.colcon_core.environment:checking '/home/rasp/ros2_ws/install/std_srvs' for CMake config files
[385.718s] Level 1:colcon.colcon_core.shell:create_environment_hook('std_srvs', 'cmake_prefix_path')
[385.719s] INFO:colcon.colcon_core.shell:Creating environment hook '/home/rasp/ros2_ws/install/std_srvs/share/std_srvs/hook/cmake_prefix_path.ps1'
[385.719s] INFO:colcon.colcon_core.shell:Creating environment descriptor '/home/rasp/ros2_ws/install/std_srvs/share/std_srvs/hook/cmake_prefix_path.dsv'
[385.719s] INFO:colcon.colcon_core.shell:Creating environment hook '/home/rasp/ros2_ws/install/std_srvs/share/std_srvs/hook/cmake_prefix_path.sh'
[385.720s] Level 1:colcon.colcon_core.environment:checking '/home/rasp/ros2_ws/install/std_srvs/lib'
[385.720s] Level 1:colcon.colcon_core.shell:create_environment_hook('std_srvs', 'ld_library_path_lib')
[385.720s] INFO:colcon.colcon_core.shell:Creating environment hook '/home/rasp/ros2_ws/install/std_srvs/share/std_srvs/hook/ld_library_path_lib.ps1'
[385.720s] INFO:colcon.colcon_core.shell:Creating environment descriptor '/home/rasp/ros2_ws/install/std_srvs/share/std_srvs/hook/ld_library_path_lib.dsv'
[385.721s] INFO:colcon.colcon_core.shell:Creating environment hook '/home/rasp/ros2_ws/install/std_srvs/share/std_srvs/hook/ld_library_path_lib.sh'
[385.721s] Level 1:colcon.colcon_core.environment:checking '/home/rasp/ros2_ws/install/std_srvs/bin'
[385.721s] Level 1:colcon.colcon_core.environment:checking '/home/rasp/ros2_ws/install/std_srvs/lib/pkgconfig/std_srvs.pc'
[385.721s] Level 1:colcon.colcon_core.environment:checking '/home/rasp/ros2_ws/install/std_srvs/lib/python3.12/site-packages'
[385.721s] Level 1:colcon.colcon_core.shell:create_environment_hook('std_srvs', 'pythonpath')
[385.721s] INFO:colcon.colcon_core.shell:Creating environment hook '/home/rasp/ros2_ws/install/std_srvs/share/std_srvs/hook/pythonpath.ps1'
[385.722s] INFO:colcon.colcon_core.shell:Creating environment descriptor '/home/rasp/ros2_ws/install/std_srvs/share/std_srvs/hook/pythonpath.dsv'
[385.722s] INFO:colcon.colcon_core.shell:Creating environment hook '/home/rasp/ros2_ws/install/std_srvs/share/std_srvs/hook/pythonpath.sh'
[385.722s] Level 1:colcon.colcon_core.environment:checking '/home/rasp/ros2_ws/install/std_srvs/bin'
[385.723s] INFO:colcon.colcon_core.shell:Creating package script '/home/rasp/ros2_ws/install/std_srvs/share/std_srvs/package.ps1'
[385.723s] INFO:colcon.colcon_core.shell:Creating package descriptor '/home/rasp/ros2_ws/install/std_srvs/share/std_srvs/package.dsv'
[385.724s] INFO:colcon.colcon_core.shell:Creating package script '/home/rasp/ros2_ws/install/std_srvs/share/std_srvs/package.sh'
[385.724s] INFO:colcon.colcon_core.shell:Creating package script '/home/rasp/ros2_ws/install/std_srvs/share/std_srvs/package.bash'
[385.725s] INFO:colcon.colcon_core.shell:Creating package script '/home/rasp/ros2_ws/install/std_srvs/share/std_srvs/package.zsh'
[385.725s] Level 1:colcon.colcon_core.environment:create_file_with_runtime_dependencies(/home/rasp/ros2_ws/install/std_srvs/share/colcon-core/packages/std_srvs)
[385.726s] Level 1:colcon.colcon_core.environment:create_environment_scripts_only(std_srvs)
[385.726s] Level 1:colcon.colcon_core.environment:checking '/home/rasp/ros2_ws/install/std_srvs' for CMake module files
[385.727s] Level 1:colcon.colcon_core.environment:checking '/home/rasp/ros2_ws/install/std_srvs' for CMake config files
[385.727s] Level 1:colcon.colcon_core.shell:create_environment_hook('std_srvs', 'cmake_prefix_path')
[385.727s] INFO:colcon.colcon_core.shell:Creating environment hook '/home/rasp/ros2_ws/install/std_srvs/share/std_srvs/hook/cmake_prefix_path.ps1'
[385.728s] INFO:colcon.colcon_core.shell:Creating environment descriptor '/home/rasp/ros2_ws/install/std_srvs/share/std_srvs/hook/cmake_prefix_path.dsv'
[385.728s] INFO:colcon.colcon_core.shell:Creating environment hook '/home/rasp/ros2_ws/install/std_srvs/share/std_srvs/hook/cmake_prefix_path.sh'
[385.729s] Level 1:colcon.colcon_core.environment:checking '/home/rasp/ros2_ws/install/std_srvs/lib'
[385.729s] Level 1:colcon.colcon_core.shell:create_environment_hook('std_srvs', 'ld_library_path_lib')
[385.729s] INFO:colcon.colcon_core.shell:Creating environment hook '/home/rasp/ros2_ws/install/std_srvs/share/std_srvs/hook/ld_library_path_lib.ps1'
[385.729s] INFO:colcon.colcon_core.shell:Creating environment descriptor '/home/rasp/ros2_ws/install/std_srvs/share/std_srvs/hook/ld_library_path_lib.dsv'
[385.730s] INFO:colcon.colcon_core.shell:Creating environment hook '/home/rasp/ros2_ws/install/std_srvs/share/std_srvs/hook/ld_library_path_lib.sh'
[385.730s] Level 1:colcon.colcon_core.environment:checking '/home/rasp/ros2_ws/install/std_srvs/bin'
[385.730s] Level 1:colcon.colcon_core.environment:checking '/home/rasp/ros2_ws/install/std_srvs/lib/pkgconfig/std_srvs.pc'
[385.731s] Level 1:colcon.colcon_core.environment:checking '/home/rasp/ros2_ws/install/std_srvs/lib/python3.12/site-packages'
[385.731s] Level 1:colcon.colcon_core.shell:create_environment_hook('std_srvs', 'pythonpath')
[385.731s] INFO:colcon.colcon_core.shell:Creating environment hook '/home/rasp/ros2_ws/install/std_srvs/share/std_srvs/hook/pythonpath.ps1'
[385.731s] INFO:colcon.colcon_core.shell:Creating environment descriptor '/home/rasp/ros2_ws/install/std_srvs/share/std_srvs/hook/pythonpath.dsv'
[385.732s] INFO:colcon.colcon_core.shell:Creating environment hook '/home/rasp/ros2_ws/install/std_srvs/share/std_srvs/hook/pythonpath.sh'
[385.732s] Level 1:colcon.colcon_core.environment:checking '/home/rasp/ros2_ws/install/std_srvs/bin'
[385.732s] INFO:colcon.colcon_core.shell:Creating package script '/home/rasp/ros2_ws/install/std_srvs/share/std_srvs/package.ps1'
[385.733s] INFO:colcon.colcon_core.shell:Creating package descriptor '/home/rasp/ros2_ws/install/std_srvs/share/std_srvs/package.dsv'
[385.734s] INFO:colcon.colcon_core.shell:Creating package script '/home/rasp/ros2_ws/install/std_srvs/share/std_srvs/package.sh'
[385.734s] INFO:colcon.colcon_core.shell:Creating package script '/home/rasp/ros2_ws/install/std_srvs/share/std_srvs/package.bash'
[385.735s] INFO:colcon.colcon_core.shell:Creating package script '/home/rasp/ros2_ws/install/std_srvs/share/std_srvs/package.zsh'
[385.735s] Level 1:colcon.colcon_core.environment:create_file_with_runtime_dependencies(/home/rasp/ros2_ws/install/std_srvs/share/colcon-core/packages/std_srvs)
[385.736s] INFO:colcon.colcon_ros.task.ament_cmake.build:Building ROS package in '/home/rasp/ros2_ws/src/ros2/unique_identifier_msgs' with build type 'ament_cmake'
[385.736s] INFO:colcon.colcon_cmake.task.cmake.build:Building CMake package in '/home/rasp/ros2_ws/src/ros2/unique_identifier_msgs'
[385.737s] INFO:colcon.colcon_core.shell:Skip shell extension 'powershell' for command environment: Not usable outside of PowerShell
[385.737s] DEBUG:colcon.colcon_core.shell:Skip shell extension 'dsv' for command environment
[385.754s] DEBUG:colcon.colcon_core.event_handler.log_command:Invoking command in '/home/rasp/ros2_ws/build/unique_identifier_msgs': CMAKE_PREFIX_PATH=${CMAKE_PREFIX_PATH}:/opt/ros/jazzy DEBUGINFOD_URLS=https://debuginfod.ubuntu.com /usr/bin/cmake /home/rasp/ros2_ws/src/ros2/unique_identifier_msgs -DBUILD_TESTING=OFF -DBUILD_SHARED_LIBS=ON -DCMAKE_INSTALL_PREFIX=/home/rasp/ros2_ws/install/unique_identifier_msgs
[390.756s] DEBUG:colcon.colcon_core.event_handler.log_command:Invoked command in '/home/rasp/ros2_ws/build/unique_identifier_msgs' returned '0': CMAKE_PREFIX_PATH=${CMAKE_PREFIX_PATH}:/opt/ros/jazzy DEBUGINFOD_URLS=https://debuginfod.ubuntu.com /usr/bin/cmake /home/rasp/ros2_ws/src/ros2/unique_identifier_msgs -DBUILD_TESTING=OFF -DBUILD_SHARED_LIBS=ON -DCMAKE_INSTALL_PREFIX=/home/rasp/ros2_ws/install/unique_identifier_msgs
[390.757s] DEBUG:colcon.colcon_core.event_handler.log_command:Invoking command in '/home/rasp/ros2_ws/build/unique_identifier_msgs': CMAKE_PREFIX_PATH=${CMAKE_PREFIX_PATH}:/opt/ros/jazzy DEBUGINFOD_URLS=https://debuginfod.ubuntu.com /usr/bin/cmake --build /home/rasp/ros2_ws/build/unique_identifier_msgs -- -j2 -l2
[399.273s] DEBUG:colcon.colcon_core.event_handler.log_command:Invoked command in '/home/rasp/ros2_ws/build/unique_identifier_msgs' returned '0': CMAKE_PREFIX_PATH=${CMAKE_PREFIX_PATH}:/opt/ros/jazzy DEBUGINFOD_URLS=https://debuginfod.ubuntu.com /usr/bin/cmake --build /home/rasp/ros2_ws/build/unique_identifier_msgs -- -j2 -l2
[399.277s] DEBUG:colcon.colcon_core.event_handler.log_command:Invoking command in '/home/rasp/ros2_ws/build/unique_identifier_msgs': CMAKE_PREFIX_PATH=${CMAKE_PREFIX_PATH}:/opt/ros/jazzy DEBUGINFOD_URLS=https://debuginfod.ubuntu.com /usr/bin/cmake --install /home/rasp/ros2_ws/build/unique_identifier_msgs
[399.395s] Level 1:colcon.colcon_core.environment:create_environment_scripts_only(unique_identifier_msgs)
[399.395s] Level 1:colcon.colcon_core.environment:checking '/home/rasp/ros2_ws/install/unique_identifier_msgs' for CMake module files
[399.396s] Level 1:colcon.colcon_core.environment:checking '/home/rasp/ros2_ws/install/unique_identifier_msgs' for CMake config files
[399.396s] Level 1:colcon.colcon_core.shell:create_environment_hook('unique_identifier_msgs', 'cmake_prefix_path')
[399.397s] INFO:colcon.colcon_core.shell:Creating environment hook '/home/rasp/ros2_ws/install/unique_identifier_msgs/share/unique_identifier_msgs/hook/cmake_prefix_path.ps1'
[399.397s] DEBUG:colcon.colcon_core.event_handler.log_command:Invoked command in '/home/rasp/ros2_ws/build/unique_identifier_msgs' returned '0': CMAKE_PREFIX_PATH=${CMAKE_PREFIX_PATH}:/opt/ros/jazzy DEBUGINFOD_URLS=https://debuginfod.ubuntu.com /usr/bin/cmake --install /home/rasp/ros2_ws/build/unique_identifier_msgs
[399.397s] INFO:colcon.colcon_core.shell:Creating environment descriptor '/home/rasp/ros2_ws/install/unique_identifier_msgs/share/unique_identifier_msgs/hook/cmake_prefix_path.dsv'
[399.398s] INFO:colcon.colcon_core.shell:Creating environment hook '/home/rasp/ros2_ws/install/unique_identifier_msgs/share/unique_identifier_msgs/hook/cmake_prefix_path.sh'
[399.398s] Level 1:colcon.colcon_core.environment:checking '/home/rasp/ros2_ws/install/unique_identifier_msgs/lib'
[399.398s] Level 1:colcon.colcon_core.shell:create_environment_hook('unique_identifier_msgs', 'ld_library_path_lib')
[399.398s] INFO:colcon.colcon_core.shell:Creating environment hook '/home/rasp/ros2_ws/install/unique_identifier_msgs/share/unique_identifier_msgs/hook/ld_library_path_lib.ps1'
[399.399s] INFO:colcon.colcon_core.shell:Creating environment descriptor '/home/rasp/ros2_ws/install/unique_identifier_msgs/share/unique_identifier_msgs/hook/ld_library_path_lib.dsv'
[399.399s] INFO:colcon.colcon_core.shell:Creating environment hook '/home/rasp/ros2_ws/install/unique_identifier_msgs/share/unique_identifier_msgs/hook/ld_library_path_lib.sh'
[399.400s] Level 1:colcon.colcon_core.environment:checking '/home/rasp/ros2_ws/install/unique_identifier_msgs/bin'
[399.400s] Level 1:colcon.colcon_core.environment:checking '/home/rasp/ros2_ws/install/unique_identifier_msgs/lib/pkgconfig/unique_identifier_msgs.pc'
[399.400s] Level 1:colcon.colcon_core.environment:checking '/home/rasp/ros2_ws/install/unique_identifier_msgs/lib/python3.12/site-packages'
[399.400s] Level 1:colcon.colcon_core.shell:create_environment_hook('unique_identifier_msgs', 'pythonpath')
[399.400s] INFO:colcon.colcon_core.shell:Creating environment hook '/home/rasp/ros2_ws/install/unique_identifier_msgs/share/unique_identifier_msgs/hook/pythonpath.ps1'
[399.400s] INFO:colcon.colcon_core.shell:Creating environment descriptor '/home/rasp/ros2_ws/install/unique_identifier_msgs/share/unique_identifier_msgs/hook/pythonpath.dsv'
[399.401s] INFO:colcon.colcon_core.shell:Creating environment hook '/home/rasp/ros2_ws/install/unique_identifier_msgs/share/unique_identifier_msgs/hook/pythonpath.sh'
[399.401s] Level 1:colcon.colcon_core.environment:checking '/home/rasp/ros2_ws/install/unique_identifier_msgs/bin'
[399.401s] INFO:colcon.colcon_core.shell:Creating package script '/home/rasp/ros2_ws/install/unique_identifier_msgs/share/unique_identifier_msgs/package.ps1'
[399.403s] INFO:colcon.colcon_core.shell:Creating package descriptor '/home/rasp/ros2_ws/install/unique_identifier_msgs/share/unique_identifier_msgs/package.dsv'
[399.404s] INFO:colcon.colcon_core.shell:Creating package script '/home/rasp/ros2_ws/install/unique_identifier_msgs/share/unique_identifier_msgs/package.sh'
[399.404s] INFO:colcon.colcon_core.shell:Creating package script '/home/rasp/ros2_ws/install/unique_identifier_msgs/share/unique_identifier_msgs/package.bash'
[399.404s] INFO:colcon.colcon_core.shell:Creating package script '/home/rasp/ros2_ws/install/unique_identifier_msgs/share/unique_identifier_msgs/package.zsh'
[399.405s] Level 1:colcon.colcon_core.environment:create_file_with_runtime_dependencies(/home/rasp/ros2_ws/install/unique_identifier_msgs/share/colcon-core/packages/unique_identifier_msgs)
[399.405s] Level 1:colcon.colcon_core.environment:create_environment_scripts_only(unique_identifier_msgs)
[399.406s] Level 1:colcon.colcon_core.environment:checking '/home/rasp/ros2_ws/install/unique_identifier_msgs' for CMake module files
[399.409s] Level 1:colcon.colcon_core.environment:checking '/home/rasp/ros2_ws/install/unique_identifier_msgs' for CMake config files
[399.410s] Level 1:colcon.colcon_core.shell:create_environment_hook('unique_identifier_msgs', 'cmake_prefix_path')
[399.410s] INFO:colcon.colcon_core.shell:Creating environment hook '/home/rasp/ros2_ws/install/unique_identifier_msgs/share/unique_identifier_msgs/hook/cmake_prefix_path.ps1'
[399.411s] INFO:colcon.colcon_core.shell:Creating environment descriptor '/home/rasp/ros2_ws/install/unique_identifier_msgs/share/unique_identifier_msgs/hook/cmake_prefix_path.dsv'
[399.412s] INFO:colcon.colcon_core.shell:Creating environment hook '/home/rasp/ros2_ws/install/unique_identifier_msgs/share/unique_identifier_msgs/hook/cmake_prefix_path.sh'
[399.413s] Level 1:colcon.colcon_core.environment:checking '/home/rasp/ros2_ws/install/unique_identifier_msgs/lib'
[399.413s] Level 1:colcon.colcon_core.shell:create_environment_hook('unique_identifier_msgs', 'ld_library_path_lib')
[399.413s] INFO:colcon.colcon_core.shell:Creating environment hook '/home/rasp/ros2_ws/install/unique_identifier_msgs/share/unique_identifier_msgs/hook/ld_library_path_lib.ps1'
[399.414s] INFO:colcon.colcon_core.shell:Creating environment descriptor '/home/rasp/ros2_ws/install/unique_identifier_msgs/share/unique_identifier_msgs/hook/ld_library_path_lib.dsv'
[399.414s] INFO:colcon.colcon_core.shell:Creating environment hook '/home/rasp/ros2_ws/install/unique_identifier_msgs/share/unique_identifier_msgs/hook/ld_library_path_lib.sh'
[399.415s] Level 1:colcon.colcon_core.environment:checking '/home/rasp/ros2_ws/install/unique_identifier_msgs/bin'
[399.415s] Level 1:colcon.colcon_core.environment:checking '/home/rasp/ros2_ws/install/unique_identifier_msgs/lib/pkgconfig/unique_identifier_msgs.pc'
[399.415s] Level 1:colcon.colcon_core.environment:checking '/home/rasp/ros2_ws/install/unique_identifier_msgs/lib/python3.12/site-packages'
[399.415s] Level 1:colcon.colcon_core.shell:create_environment_hook('unique_identifier_msgs', 'pythonpath')
[399.415s] INFO:colcon.colcon_core.shell:Creating environment hook '/home/rasp/ros2_ws/install/unique_identifier_msgs/share/unique_identifier_msgs/hook/pythonpath.ps1'
[399.416s] INFO:colcon.colcon_core.shell:Creating environment descriptor '/home/rasp/ros2_ws/install/unique_identifier_msgs/share/unique_identifier_msgs/hook/pythonpath.dsv'
[399.416s] INFO:colcon.colcon_core.shell:Creating environment hook '/home/rasp/ros2_ws/install/unique_identifier_msgs/share/unique_identifier_msgs/hook/pythonpath.sh'
[399.417s] Level 1:colcon.colcon_core.environment:checking '/home/rasp/ros2_ws/install/unique_identifier_msgs/bin'
[399.417s] INFO:colcon.colcon_core.shell:Creating package script '/home/rasp/ros2_ws/install/unique_identifier_msgs/share/unique_identifier_msgs/package.ps1'
[399.418s] INFO:colcon.colcon_core.shell:Creating package descriptor '/home/rasp/ros2_ws/install/unique_identifier_msgs/share/unique_identifier_msgs/package.dsv'
[399.418s] INFO:colcon.colcon_core.shell:Creating package script '/home/rasp/ros2_ws/install/unique_identifier_msgs/share/unique_identifier_msgs/package.sh'
[399.420s] INFO:colcon.colcon_core.shell:Creating package script '/home/rasp/ros2_ws/install/unique_identifier_msgs/share/unique_identifier_msgs/package.bash'
[399.420s] INFO:colcon.colcon_core.shell:Creating package script '/home/rasp/ros2_ws/install/unique_identifier_msgs/share/unique_identifier_msgs/package.zsh'
[399.421s] Level 1:colcon.colcon_core.environment:create_file_with_runtime_dependencies(/home/rasp/ros2_ws/install/unique_identifier_msgs/share/colcon-core/packages/unique_identifier_msgs)
[399.422s] INFO:colcon.colcon_ros.task.ament_cmake.build:Building ROS package in '/home/rasp/ros2_ws/src/uros/micro-ROS-demos/messages/complex_msg' with build type 'ament_cmake'
[399.422s] INFO:colcon.colcon_cmake.task.cmake.build:Building CMake package in '/home/rasp/ros2_ws/src/uros/micro-ROS-demos/messages/complex_msg'
[399.422s] INFO:colcon.colcon_core.shell:Skip shell extension 'powershell' for command environment: Not usable outside of PowerShell
[399.422s] DEBUG:colcon.colcon_core.shell:Skip shell extension 'dsv' for command environment
[399.435s] DEBUG:colcon.colcon_core.event_handler.log_command:Invoking command in '/home/rasp/ros2_ws/build/complex_msgs': AMENT_PREFIX_PATH=/home/rasp/ros2_ws/install/builtin_interfaces:${AMENT_PREFIX_PATH} CMAKE_PREFIX_PATH=/home/rasp/ros2_ws/install/builtin_interfaces:/home/rasp/ros2_ws/install/rosidl_typesupport_microxrcedds_cpp:/home/rasp/ros2_ws/install/rosidl_typesupport_microxrcedds_c:/home/rasp/ros2_ws/install/microcdr:/home/rasp/ros2_ws/install/micro_ros_setup:/opt/ros/jazzy/opt/gz_math_vendor:/opt/ros/jazzy/opt/gz_utils_vendor:/opt/ros/jazzy/opt/gz_cmake_vendor:/opt/ros/jazzy DEBUGINFOD_URLS=https://debuginfod.ubuntu.com LD_LIBRARY_PATH=/home/rasp/ros2_ws/install/builtin_interfaces/lib:${LD_LIBRARY_PATH} PYTHONPATH=/home/rasp/ros2_ws/install/builtin_interfaces/lib/python3.12/site-packages:${PYTHONPATH} /usr/bin/cmake /home/rasp/ros2_ws/src/uros/micro-ROS-demos/messages/complex_msg -DBUILD_TESTING=OFF -DBUILD_SHARED_LIBS=ON -DCMAKE_INSTALL_PREFIX=/home/rasp/ros2_ws/install/complex_msgs
[403.815s] DEBUG:colcon.colcon_core.event_handler.log_command:Invoked command in '/home/rasp/ros2_ws/build/complex_msgs' returned '0': AMENT_PREFIX_PATH=/home/rasp/ros2_ws/install/builtin_interfaces:${AMENT_PREFIX_PATH} CMAKE_PREFIX_PATH=/home/rasp/ros2_ws/install/builtin_interfaces:/home/rasp/ros2_ws/install/rosidl_typesupport_microxrcedds_cpp:/home/rasp/ros2_ws/install/rosidl_typesupport_microxrcedds_c:/home/rasp/ros2_ws/install/microcdr:/home/rasp/ros2_ws/install/micro_ros_setup:/opt/ros/jazzy/opt/gz_math_vendor:/opt/ros/jazzy/opt/gz_utils_vendor:/opt/ros/jazzy/opt/gz_cmake_vendor:/opt/ros/jazzy DEBUGINFOD_URLS=https://debuginfod.ubuntu.com LD_LIBRARY_PATH=/home/rasp/ros2_ws/install/builtin_interfaces/lib:${LD_LIBRARY_PATH} PYTHONPATH=/home/rasp/ros2_ws/install/builtin_interfaces/lib/python3.12/site-packages:${PYTHONPATH} /usr/bin/cmake /home/rasp/ros2_ws/src/uros/micro-ROS-demos/messages/complex_msg -DBUILD_TESTING=OFF -DBUILD_SHARED_LIBS=ON -DCMAKE_INSTALL_PREFIX=/home/rasp/ros2_ws/install/complex_msgs
[403.816s] DEBUG:colcon.colcon_core.event_handler.log_command:Invoking command in '/home/rasp/ros2_ws/build/complex_msgs': AMENT_PREFIX_PATH=/home/rasp/ros2_ws/install/builtin_interfaces:${AMENT_PREFIX_PATH} CMAKE_PREFIX_PATH=/home/rasp/ros2_ws/install/builtin_interfaces:/home/rasp/ros2_ws/install/rosidl_typesupport_microxrcedds_cpp:/home/rasp/ros2_ws/install/rosidl_typesupport_microxrcedds_c:/home/rasp/ros2_ws/install/microcdr:/home/rasp/ros2_ws/install/micro_ros_setup:/opt/ros/jazzy/opt/gz_math_vendor:/opt/ros/jazzy/opt/gz_utils_vendor:/opt/ros/jazzy/opt/gz_cmake_vendor:/opt/ros/jazzy DEBUGINFOD_URLS=https://debuginfod.ubuntu.com LD_LIBRARY_PATH=/home/rasp/ros2_ws/install/builtin_interfaces/lib:${LD_LIBRARY_PATH} PYTHONPATH=/home/rasp/ros2_ws/install/builtin_interfaces/lib/python3.12/site-packages:${PYTHONPATH} /usr/bin/cmake --build /home/rasp/ros2_ws/build/complex_msgs -- -j2 -l2
[414.950s] DEBUG:colcon.colcon_core.event_handler.log_command:Invoked command in '/home/rasp/ros2_ws/build/complex_msgs' returned '0': AMENT_PREFIX_PATH=/home/rasp/ros2_ws/install/builtin_interfaces:${AMENT_PREFIX_PATH} CMAKE_PREFIX_PATH=/home/rasp/ros2_ws/install/builtin_interfaces:/home/rasp/ros2_ws/install/rosidl_typesupport_microxrcedds_cpp:/home/rasp/ros2_ws/install/rosidl_typesupport_microxrcedds_c:/home/rasp/ros2_ws/install/microcdr:/home/rasp/ros2_ws/install/micro_ros_setup:/opt/ros/jazzy/opt/gz_math_vendor:/opt/ros/jazzy/opt/gz_utils_vendor:/opt/ros/jazzy/opt/gz_cmake_vendor:/opt/ros/jazzy DEBUGINFOD_URLS=https://debuginfod.ubuntu.com LD_LIBRARY_PATH=/home/rasp/ros2_ws/install/builtin_interfaces/lib:${LD_LIBRARY_PATH} PYTHONPATH=/home/rasp/ros2_ws/install/builtin_interfaces/lib/python3.12/site-packages:${PYTHONPATH} /usr/bin/cmake --build /home/rasp/ros2_ws/build/complex_msgs -- -j2 -l2
[414.954s] DEBUG:colcon.colcon_core.event_handler.log_command:Invoking command in '/home/rasp/ros2_ws/build/complex_msgs': AMENT_PREFIX_PATH=/home/rasp/ros2_ws/install/builtin_interfaces:${AMENT_PREFIX_PATH} CMAKE_PREFIX_PATH=/home/rasp/ros2_ws/install/builtin_interfaces:/home/rasp/ros2_ws/install/rosidl_typesupport_microxrcedds_cpp:/home/rasp/ros2_ws/install/rosidl_typesupport_microxrcedds_c:/home/rasp/ros2_ws/install/microcdr:/home/rasp/ros2_ws/install/micro_ros_setup:/opt/ros/jazzy/opt/gz_math_vendor:/opt/ros/jazzy/opt/gz_utils_vendor:/opt/ros/jazzy/opt/gz_cmake_vendor:/opt/ros/jazzy DEBUGINFOD_URLS=https://debuginfod.ubuntu.com LD_LIBRARY_PATH=/home/rasp/ros2_ws/install/builtin_interfaces/lib:${LD_LIBRARY_PATH} PYTHONPATH=/home/rasp/ros2_ws/install/builtin_interfaces/lib/python3.12/site-packages:${PYTHONPATH} /usr/bin/cmake --install /home/rasp/ros2_ws/build/complex_msgs
[415.068s] Level 1:colcon.colcon_core.environment:create_environment_scripts_only(complex_msgs)
[415.068s] Level 1:colcon.colcon_core.environment:checking '/home/rasp/ros2_ws/install/complex_msgs' for CMake module files
[415.068s] Level 1:colcon.colcon_core.environment:checking '/home/rasp/ros2_ws/install/complex_msgs' for CMake config files
[415.069s] Level 1:colcon.colcon_core.shell:create_environment_hook('complex_msgs', 'cmake_prefix_path')
[415.069s] INFO:colcon.colcon_core.shell:Creating environment hook '/home/rasp/ros2_ws/install/complex_msgs/share/complex_msgs/hook/cmake_prefix_path.ps1'
[415.070s] DEBUG:colcon.colcon_core.event_handler.log_command:Invoked command in '/home/rasp/ros2_ws/build/complex_msgs' returned '0': AMENT_PREFIX_PATH=/home/rasp/ros2_ws/install/builtin_interfaces:${AMENT_PREFIX_PATH} CMAKE_PREFIX_PATH=/home/rasp/ros2_ws/install/builtin_interfaces:/home/rasp/ros2_ws/install/rosidl_typesupport_microxrcedds_cpp:/home/rasp/ros2_ws/install/rosidl_typesupport_microxrcedds_c:/home/rasp/ros2_ws/install/microcdr:/home/rasp/ros2_ws/install/micro_ros_setup:/opt/ros/jazzy/opt/gz_math_vendor:/opt/ros/jazzy/opt/gz_utils_vendor:/opt/ros/jazzy/opt/gz_cmake_vendor:/opt/ros/jazzy DEBUGINFOD_URLS=https://debuginfod.ubuntu.com LD_LIBRARY_PATH=/home/rasp/ros2_ws/install/builtin_interfaces/lib:${LD_LIBRARY_PATH} PYTHONPATH=/home/rasp/ros2_ws/install/builtin_interfaces/lib/python3.12/site-packages:${PYTHONPATH} /usr/bin/cmake --install /home/rasp/ros2_ws/build/complex_msgs
[415.070s] INFO:colcon.colcon_core.shell:Creating environment descriptor '/home/rasp/ros2_ws/install/complex_msgs/share/complex_msgs/hook/cmake_prefix_path.dsv'
[415.070s] INFO:colcon.colcon_core.shell:Creating environment hook '/home/rasp/ros2_ws/install/complex_msgs/share/complex_msgs/hook/cmake_prefix_path.sh'
[415.071s] Level 1:colcon.colcon_core.environment:checking '/home/rasp/ros2_ws/install/complex_msgs/lib'
[415.071s] Level 1:colcon.colcon_core.shell:create_environment_hook('complex_msgs', 'ld_library_path_lib')
[415.071s] INFO:colcon.colcon_core.shell:Creating environment hook '/home/rasp/ros2_ws/install/complex_msgs/share/complex_msgs/hook/ld_library_path_lib.ps1'
[415.072s] INFO:colcon.colcon_core.shell:Creating environment descriptor '/home/rasp/ros2_ws/install/complex_msgs/share/complex_msgs/hook/ld_library_path_lib.dsv'
[415.072s] INFO:colcon.colcon_core.shell:Creating environment hook '/home/rasp/ros2_ws/install/complex_msgs/share/complex_msgs/hook/ld_library_path_lib.sh'
[415.072s] Level 1:colcon.colcon_core.environment:checking '/home/rasp/ros2_ws/install/complex_msgs/bin'
[415.072s] Level 1:colcon.colcon_core.environment:checking '/home/rasp/ros2_ws/install/complex_msgs/lib/pkgconfig/complex_msgs.pc'
[415.072s] Level 1:colcon.colcon_core.environment:checking '/home/rasp/ros2_ws/install/complex_msgs/lib/python3.12/site-packages'
[415.073s] Level 1:colcon.colcon_core.shell:create_environment_hook('complex_msgs', 'pythonpath')
[415.073s] INFO:colcon.colcon_core.shell:Creating environment hook '/home/rasp/ros2_ws/install/complex_msgs/share/complex_msgs/hook/pythonpath.ps1'
[415.073s] INFO:colcon.colcon_core.shell:Creating environment descriptor '/home/rasp/ros2_ws/install/complex_msgs/share/complex_msgs/hook/pythonpath.dsv'
[415.073s] INFO:colcon.colcon_core.shell:Creating environment hook '/home/rasp/ros2_ws/install/complex_msgs/share/complex_msgs/hook/pythonpath.sh'
[415.074s] Level 1:colcon.colcon_core.environment:checking '/home/rasp/ros2_ws/install/complex_msgs/bin'
[415.074s] INFO:colcon.colcon_core.shell:Creating package script '/home/rasp/ros2_ws/install/complex_msgs/share/complex_msgs/package.ps1'
[415.074s] INFO:colcon.colcon_core.shell:Creating package descriptor '/home/rasp/ros2_ws/install/complex_msgs/share/complex_msgs/package.dsv'
[415.075s] INFO:colcon.colcon_core.shell:Creating package script '/home/rasp/ros2_ws/install/complex_msgs/share/complex_msgs/package.sh'
[415.075s] INFO:colcon.colcon_core.shell:Creating package script '/home/rasp/ros2_ws/install/complex_msgs/share/complex_msgs/package.bash'
[415.076s] INFO:colcon.colcon_core.shell:Creating package script '/home/rasp/ros2_ws/install/complex_msgs/share/complex_msgs/package.zsh'
[415.076s] Level 1:colcon.colcon_core.environment:create_file_with_runtime_dependencies(/home/rasp/ros2_ws/install/complex_msgs/share/colcon-core/packages/complex_msgs)
[415.076s] Level 1:colcon.colcon_core.environment:create_environment_scripts_only(complex_msgs)
[415.077s] Level 1:colcon.colcon_core.environment:checking '/home/rasp/ros2_ws/install/complex_msgs' for CMake module files
[415.077s] Level 1:colcon.colcon_core.environment:checking '/home/rasp/ros2_ws/install/complex_msgs' for CMake config files
[415.078s] Level 1:colcon.colcon_core.shell:create_environment_hook('complex_msgs', 'cmake_prefix_path')
[415.078s] INFO:colcon.colcon_core.shell:Creating environment hook '/home/rasp/ros2_ws/install/complex_msgs/share/complex_msgs/hook/cmake_prefix_path.ps1'
[415.078s] INFO:colcon.colcon_core.shell:Creating environment descriptor '/home/rasp/ros2_ws/install/complex_msgs/share/complex_msgs/hook/cmake_prefix_path.dsv'
[415.079s] INFO:colcon.colcon_core.shell:Creating environment hook '/home/rasp/ros2_ws/install/complex_msgs/share/complex_msgs/hook/cmake_prefix_path.sh'
[415.080s] Level 1:colcon.colcon_core.environment:checking '/home/rasp/ros2_ws/install/complex_msgs/lib'
[415.080s] Level 1:colcon.colcon_core.shell:create_environment_hook('complex_msgs', 'ld_library_path_lib')
[415.080s] INFO:colcon.colcon_core.shell:Creating environment hook '/home/rasp/ros2_ws/install/complex_msgs/share/complex_msgs/hook/ld_library_path_lib.ps1'
[415.080s] INFO:colcon.colcon_core.shell:Creating environment descriptor '/home/rasp/ros2_ws/install/complex_msgs/share/complex_msgs/hook/ld_library_path_lib.dsv'
[415.081s] INFO:colcon.colcon_core.shell:Creating environment hook '/home/rasp/ros2_ws/install/complex_msgs/share/complex_msgs/hook/ld_library_path_lib.sh'
[415.081s] Level 1:colcon.colcon_core.environment:checking '/home/rasp/ros2_ws/install/complex_msgs/bin'
[415.081s] Level 1:colcon.colcon_core.environment:checking '/home/rasp/ros2_ws/install/complex_msgs/lib/pkgconfig/complex_msgs.pc'
[415.081s] Level 1:colcon.colcon_core.environment:checking '/home/rasp/ros2_ws/install/complex_msgs/lib/python3.12/site-packages'
[415.082s] Level 1:colcon.colcon_core.shell:create_environment_hook('complex_msgs', 'pythonpath')
[415.082s] INFO:colcon.colcon_core.shell:Creating environment hook '/home/rasp/ros2_ws/install/complex_msgs/share/complex_msgs/hook/pythonpath.ps1'
[415.082s] INFO:colcon.colcon_core.shell:Creating environment descriptor '/home/rasp/ros2_ws/install/complex_msgs/share/complex_msgs/hook/pythonpath.dsv'
[415.083s] INFO:colcon.colcon_core.shell:Creating environment hook '/home/rasp/ros2_ws/install/complex_msgs/share/complex_msgs/hook/pythonpath.sh'
[415.083s] Level 1:colcon.colcon_core.environment:checking '/home/rasp/ros2_ws/install/complex_msgs/bin'
[415.083s] INFO:colcon.colcon_core.shell:Creating package script '/home/rasp/ros2_ws/install/complex_msgs/share/complex_msgs/package.ps1'
[415.084s] INFO:colcon.colcon_core.shell:Creating package descriptor '/home/rasp/ros2_ws/install/complex_msgs/share/complex_msgs/package.dsv'
[415.085s] INFO:colcon.colcon_core.shell:Creating package script '/home/rasp/ros2_ws/install/complex_msgs/share/complex_msgs/package.sh'
[415.085s] INFO:colcon.colcon_core.shell:Creating package script '/home/rasp/ros2_ws/install/complex_msgs/share/complex_msgs/package.bash'
[415.086s] INFO:colcon.colcon_core.shell:Creating package script '/home/rasp/ros2_ws/install/complex_msgs/share/complex_msgs/package.zsh'
[415.086s] Level 1:colcon.colcon_core.environment:create_file_with_runtime_dependencies(/home/rasp/ros2_ws/install/complex_msgs/share/colcon-core/packages/complex_msgs)
[415.087s] INFO:colcon.colcon_ros.task.ament_cmake.build:Building ROS package in '/home/rasp/ros2_ws/src/ros2/common_interfaces/actionlib_msgs' with build type 'ament_cmake'
[415.088s] INFO:colcon.colcon_cmake.task.cmake.build:Building CMake package in '/home/rasp/ros2_ws/src/ros2/common_interfaces/actionlib_msgs'
[415.088s] INFO:colcon.colcon_core.shell:Skip shell extension 'powershell' for command environment: Not usable outside of PowerShell
[415.088s] DEBUG:colcon.colcon_core.shell:Skip shell extension 'dsv' for command environment
[415.103s] DEBUG:colcon.colcon_core.event_handler.log_command:Invoking command in '/home/rasp/ros2_ws/build/actionlib_msgs': AMENT_PREFIX_PATH=/home/rasp/ros2_ws/install/std_msgs:/home/rasp/ros2_ws/install/builtin_interfaces:${AMENT_PREFIX_PATH} CMAKE_PREFIX_PATH=/home/rasp/ros2_ws/install/std_msgs:/home/rasp/ros2_ws/install/builtin_interfaces:/home/rasp/ros2_ws/install/rosidl_typesupport_microxrcedds_cpp:/home/rasp/ros2_ws/install/rosidl_typesupport_microxrcedds_c:/home/rasp/ros2_ws/install/microcdr:/home/rasp/ros2_ws/install/micro_ros_setup:/opt/ros/jazzy/opt/gz_math_vendor:/opt/ros/jazzy/opt/gz_utils_vendor:/opt/ros/jazzy/opt/gz_cmake_vendor:/opt/ros/jazzy DEBUGINFOD_URLS=https://debuginfod.ubuntu.com LD_LIBRARY_PATH=/home/rasp/ros2_ws/install/std_msgs/lib:/home/rasp/ros2_ws/install/builtin_interfaces/lib:${LD_LIBRARY_PATH} PYTHONPATH=/home/rasp/ros2_ws/install/std_msgs/lib/python3.12/site-packages:/home/rasp/ros2_ws/install/builtin_interfaces/lib/python3.12/site-packages:${PYTHONPATH} /usr/bin/cmake /home/rasp/ros2_ws/src/ros2/common_interfaces/actionlib_msgs -DBUILD_TESTING=OFF -DBUILD_SHARED_LIBS=ON -DCMAKE_INSTALL_PREFIX=/home/rasp/ros2_ws/install/actionlib_msgs
[418.935s] DEBUG:colcon.colcon_core.event_handler.log_command:Invoked command in '/home/rasp/ros2_ws/build/actionlib_msgs' returned '0': AMENT_PREFIX_PATH=/home/rasp/ros2_ws/install/std_msgs:/home/rasp/ros2_ws/install/builtin_interfaces:${AMENT_PREFIX_PATH} CMAKE_PREFIX_PATH=/home/rasp/ros2_ws/install/std_msgs:/home/rasp/ros2_ws/install/builtin_interfaces:/home/rasp/ros2_ws/install/rosidl_typesupport_microxrcedds_cpp:/home/rasp/ros2_ws/install/rosidl_typesupport_microxrcedds_c:/home/rasp/ros2_ws/install/microcdr:/home/rasp/ros2_ws/install/micro_ros_setup:/opt/ros/jazzy/opt/gz_math_vendor:/opt/ros/jazzy/opt/gz_utils_vendor:/opt/ros/jazzy/opt/gz_cmake_vendor:/opt/ros/jazzy DEBUGINFOD_URLS=https://debuginfod.ubuntu.com LD_LIBRARY_PATH=/home/rasp/ros2_ws/install/std_msgs/lib:/home/rasp/ros2_ws/install/builtin_interfaces/lib:${LD_LIBRARY_PATH} PYTHONPATH=/home/rasp/ros2_ws/install/std_msgs/lib/python3.12/site-packages:/home/rasp/ros2_ws/install/builtin_interfaces/lib/python3.12/site-packages:${PYTHONPATH} /usr/bin/cmake /home/rasp/ros2_ws/src/ros2/common_interfaces/actionlib_msgs -DBUILD_TESTING=OFF -DBUILD_SHARED_LIBS=ON -DCMAKE_INSTALL_PREFIX=/home/rasp/ros2_ws/install/actionlib_msgs
[418.936s] DEBUG:colcon.colcon_core.event_handler.log_command:Invoking command in '/home/rasp/ros2_ws/build/actionlib_msgs': AMENT_PREFIX_PATH=/home/rasp/ros2_ws/install/std_msgs:/home/rasp/ros2_ws/install/builtin_interfaces:${AMENT_PREFIX_PATH} CMAKE_PREFIX_PATH=/home/rasp/ros2_ws/install/std_msgs:/home/rasp/ros2_ws/install/builtin_interfaces:/home/rasp/ros2_ws/install/rosidl_typesupport_microxrcedds_cpp:/home/rasp/ros2_ws/install/rosidl_typesupport_microxrcedds_c:/home/rasp/ros2_ws/install/microcdr:/home/rasp/ros2_ws/install/micro_ros_setup:/opt/ros/jazzy/opt/gz_math_vendor:/opt/ros/jazzy/opt/gz_utils_vendor:/opt/ros/jazzy/opt/gz_cmake_vendor:/opt/ros/jazzy DEBUGINFOD_URLS=https://debuginfod.ubuntu.com LD_LIBRARY_PATH=/home/rasp/ros2_ws/install/std_msgs/lib:/home/rasp/ros2_ws/install/builtin_interfaces/lib:${LD_LIBRARY_PATH} PYTHONPATH=/home/rasp/ros2_ws/install/std_msgs/lib/python3.12/site-packages:/home/rasp/ros2_ws/install/builtin_interfaces/lib/python3.12/site-packages:${PYTHONPATH} /usr/bin/cmake --build /home/rasp/ros2_ws/build/actionlib_msgs -- -j2 -l2
[431.538s] DEBUG:colcon.colcon_core.event_handler.log_command:Invoked command in '/home/rasp/ros2_ws/build/visualization_msgs' returned '0': AMENT_PREFIX_PATH=/home/rasp/ros2_ws/install/sensor_msgs:/home/rasp/ros2_ws/install/geometry_msgs:/home/rasp/ros2_ws/install/std_msgs:/home/rasp/ros2_ws/install/builtin_interfaces:${AMENT_PREFIX_PATH} CMAKE_PREFIX_PATH=/home/rasp/ros2_ws/install/sensor_msgs:/home/rasp/ros2_ws/install/geometry_msgs:/home/rasp/ros2_ws/install/std_msgs:/home/rasp/ros2_ws/install/builtin_interfaces:/home/rasp/ros2_ws/install/rosidl_typesupport_microxrcedds_cpp:/home/rasp/ros2_ws/install/rosidl_typesupport_microxrcedds_c:/home/rasp/ros2_ws/install/microcdr:/home/rasp/ros2_ws/install/micro_ros_setup:/opt/ros/jazzy/opt/gz_math_vendor:/opt/ros/jazzy/opt/gz_utils_vendor:/opt/ros/jazzy/opt/gz_cmake_vendor:/opt/ros/jazzy DEBUGINFOD_URLS=https://debuginfod.ubuntu.com LD_LIBRARY_PATH=/home/rasp/ros2_ws/install/sensor_msgs/lib:/home/rasp/ros2_ws/install/geometry_msgs/lib:/home/rasp/ros2_ws/install/std_msgs/lib:/home/rasp/ros2_ws/install/builtin_interfaces/lib:${LD_LIBRARY_PATH} PYTHONPATH=/home/rasp/ros2_ws/install/sensor_msgs/lib/python3.12/site-packages:/home/rasp/ros2_ws/install/geometry_msgs/lib/python3.12/site-packages:/home/rasp/ros2_ws/install/std_msgs/lib/python3.12/site-packages:/home/rasp/ros2_ws/install/builtin_interfaces/lib/python3.12/site-packages:${PYTHONPATH} /usr/bin/cmake --build /home/rasp/ros2_ws/build/visualization_msgs -- -j2 -l2
[431.539s] DEBUG:colcon.colcon_core.event_handler.log_command:Invoking command in '/home/rasp/ros2_ws/build/visualization_msgs': AMENT_PREFIX_PATH=/home/rasp/ros2_ws/install/sensor_msgs:/home/rasp/ros2_ws/install/geometry_msgs:/home/rasp/ros2_ws/install/std_msgs:/home/rasp/ros2_ws/install/builtin_interfaces:${AMENT_PREFIX_PATH} CMAKE_PREFIX_PATH=/home/rasp/ros2_ws/install/sensor_msgs:/home/rasp/ros2_ws/install/geometry_msgs:/home/rasp/ros2_ws/install/std_msgs:/home/rasp/ros2_ws/install/builtin_interfaces:/home/rasp/ros2_ws/install/rosidl_typesupport_microxrcedds_cpp:/home/rasp/ros2_ws/install/rosidl_typesupport_microxrcedds_c:/home/rasp/ros2_ws/install/microcdr:/home/rasp/ros2_ws/install/micro_ros_setup:/opt/ros/jazzy/opt/gz_math_vendor:/opt/ros/jazzy/opt/gz_utils_vendor:/opt/ros/jazzy/opt/gz_cmake_vendor:/opt/ros/jazzy DEBUGINFOD_URLS=https://debuginfod.ubuntu.com LD_LIBRARY_PATH=/home/rasp/ros2_ws/install/sensor_msgs/lib:/home/rasp/ros2_ws/install/geometry_msgs/lib:/home/rasp/ros2_ws/install/std_msgs/lib:/home/rasp/ros2_ws/install/builtin_interfaces/lib:${LD_LIBRARY_PATH} PYTHONPATH=/home/rasp/ros2_ws/install/sensor_msgs/lib/python3.12/site-packages:/home/rasp/ros2_ws/install/geometry_msgs/lib/python3.12/site-packages:/home/rasp/ros2_ws/install/std_msgs/lib/python3.12/site-packages:/home/rasp/ros2_ws/install/builtin_interfaces/lib/python3.12/site-packages:${PYTHONPATH} /usr/bin/cmake --install /home/rasp/ros2_ws/build/visualization_msgs
[431.717s] Level 1:colcon.colcon_core.environment:create_environment_scripts_only(visualization_msgs)
[431.718s] Level 1:colcon.colcon_core.environment:checking '/home/rasp/ros2_ws/install/visualization_msgs' for CMake module files
[431.719s] DEBUG:colcon.colcon_core.event_handler.log_command:Invoked command in '/home/rasp/ros2_ws/build/visualization_msgs' returned '0': AMENT_PREFIX_PATH=/home/rasp/ros2_ws/install/sensor_msgs:/home/rasp/ros2_ws/install/geometry_msgs:/home/rasp/ros2_ws/install/std_msgs:/home/rasp/ros2_ws/install/builtin_interfaces:${AMENT_PREFIX_PATH} CMAKE_PREFIX_PATH=/home/rasp/ros2_ws/install/sensor_msgs:/home/rasp/ros2_ws/install/geometry_msgs:/home/rasp/ros2_ws/install/std_msgs:/home/rasp/ros2_ws/install/builtin_interfaces:/home/rasp/ros2_ws/install/rosidl_typesupport_microxrcedds_cpp:/home/rasp/ros2_ws/install/rosidl_typesupport_microxrcedds_c:/home/rasp/ros2_ws/install/microcdr:/home/rasp/ros2_ws/install/micro_ros_setup:/opt/ros/jazzy/opt/gz_math_vendor:/opt/ros/jazzy/opt/gz_utils_vendor:/opt/ros/jazzy/opt/gz_cmake_vendor:/opt/ros/jazzy DEBUGINFOD_URLS=https://debuginfod.ubuntu.com LD_LIBRARY_PATH=/home/rasp/ros2_ws/install/sensor_msgs/lib:/home/rasp/ros2_ws/install/geometry_msgs/lib:/home/rasp/ros2_ws/install/std_msgs/lib:/home/rasp/ros2_ws/install/builtin_interfaces/lib:${LD_LIBRARY_PATH} PYTHONPATH=/home/rasp/ros2_ws/install/sensor_msgs/lib/python3.12/site-packages:/home/rasp/ros2_ws/install/geometry_msgs/lib/python3.12/site-packages:/home/rasp/ros2_ws/install/std_msgs/lib/python3.12/site-packages:/home/rasp/ros2_ws/install/builtin_interfaces/lib/python3.12/site-packages:${PYTHONPATH} /usr/bin/cmake --install /home/rasp/ros2_ws/build/visualization_msgs
[431.719s] Level 1:colcon.colcon_core.environment:checking '/home/rasp/ros2_ws/install/visualization_msgs' for CMake config files
[431.719s] Level 1:colcon.colcon_core.shell:create_environment_hook('visualization_msgs', 'cmake_prefix_path')
[431.720s] INFO:colcon.colcon_core.shell:Creating environment hook '/home/rasp/ros2_ws/install/visualization_msgs/share/visualization_msgs/hook/cmake_prefix_path.ps1'
[431.720s] INFO:colcon.colcon_core.shell:Creating environment descriptor '/home/rasp/ros2_ws/install/visualization_msgs/share/visualization_msgs/hook/cmake_prefix_path.dsv'
[431.720s] INFO:colcon.colcon_core.shell:Creating environment hook '/home/rasp/ros2_ws/install/visualization_msgs/share/visualization_msgs/hook/cmake_prefix_path.sh'
[431.721s] Level 1:colcon.colcon_core.environment:checking '/home/rasp/ros2_ws/install/visualization_msgs/lib'
[431.721s] Level 1:colcon.colcon_core.shell:create_environment_hook('visualization_msgs', 'ld_library_path_lib')
[431.721s] INFO:colcon.colcon_core.shell:Creating environment hook '/home/rasp/ros2_ws/install/visualization_msgs/share/visualization_msgs/hook/ld_library_path_lib.ps1'
[431.721s] INFO:colcon.colcon_core.shell:Creating environment descriptor '/home/rasp/ros2_ws/install/visualization_msgs/share/visualization_msgs/hook/ld_library_path_lib.dsv'
[431.722s] INFO:colcon.colcon_core.shell:Creating environment hook '/home/rasp/ros2_ws/install/visualization_msgs/share/visualization_msgs/hook/ld_library_path_lib.sh'
[431.722s] Level 1:colcon.colcon_core.environment:checking '/home/rasp/ros2_ws/install/visualization_msgs/bin'
[431.722s] Level 1:colcon.colcon_core.environment:checking '/home/rasp/ros2_ws/install/visualization_msgs/lib/pkgconfig/visualization_msgs.pc'
[431.722s] Level 1:colcon.colcon_core.environment:checking '/home/rasp/ros2_ws/install/visualization_msgs/lib/python3.12/site-packages'
[431.722s] Level 1:colcon.colcon_core.shell:create_environment_hook('visualization_msgs', 'pythonpath')
[431.723s] INFO:colcon.colcon_core.shell:Creating environment hook '/home/rasp/ros2_ws/install/visualization_msgs/share/visualization_msgs/hook/pythonpath.ps1'
[431.725s] INFO:colcon.colcon_core.shell:Creating environment descriptor '/home/rasp/ros2_ws/install/visualization_msgs/share/visualization_msgs/hook/pythonpath.dsv'
[431.725s] INFO:colcon.colcon_core.shell:Creating environment hook '/home/rasp/ros2_ws/install/visualization_msgs/share/visualization_msgs/hook/pythonpath.sh'
[431.726s] Level 1:colcon.colcon_core.environment:checking '/home/rasp/ros2_ws/install/visualization_msgs/bin'
[431.726s] INFO:colcon.colcon_core.shell:Creating package script '/home/rasp/ros2_ws/install/visualization_msgs/share/visualization_msgs/package.ps1'
[431.727s] INFO:colcon.colcon_core.shell:Creating package descriptor '/home/rasp/ros2_ws/install/visualization_msgs/share/visualization_msgs/package.dsv'
[431.728s] INFO:colcon.colcon_core.shell:Creating package script '/home/rasp/ros2_ws/install/visualization_msgs/share/visualization_msgs/package.sh'
[431.728s] INFO:colcon.colcon_core.shell:Creating package script '/home/rasp/ros2_ws/install/visualization_msgs/share/visualization_msgs/package.bash'
[431.729s] INFO:colcon.colcon_core.shell:Creating package script '/home/rasp/ros2_ws/install/visualization_msgs/share/visualization_msgs/package.zsh'
[431.729s] Level 1:colcon.colcon_core.environment:create_file_with_runtime_dependencies(/home/rasp/ros2_ws/install/visualization_msgs/share/colcon-core/packages/visualization_msgs)
[431.730s] Level 1:colcon.colcon_core.environment:create_environment_scripts_only(visualization_msgs)
[431.730s] Level 1:colcon.colcon_core.environment:checking '/home/rasp/ros2_ws/install/visualization_msgs' for CMake module files
[431.731s] Level 1:colcon.colcon_core.environment:checking '/home/rasp/ros2_ws/install/visualization_msgs' for CMake config files
[431.731s] Level 1:colcon.colcon_core.shell:create_environment_hook('visualization_msgs', 'cmake_prefix_path')
[431.731s] INFO:colcon.colcon_core.shell:Creating environment hook '/home/rasp/ros2_ws/install/visualization_msgs/share/visualization_msgs/hook/cmake_prefix_path.ps1'
[431.732s] INFO:colcon.colcon_core.shell:Creating environment descriptor '/home/rasp/ros2_ws/install/visualization_msgs/share/visualization_msgs/hook/cmake_prefix_path.dsv'
[431.733s] INFO:colcon.colcon_core.shell:Creating environment hook '/home/rasp/ros2_ws/install/visualization_msgs/share/visualization_msgs/hook/cmake_prefix_path.sh'
[431.733s] Level 1:colcon.colcon_core.environment:checking '/home/rasp/ros2_ws/install/visualization_msgs/lib'
[431.733s] Level 1:colcon.colcon_core.shell:create_environment_hook('visualization_msgs', 'ld_library_path_lib')
[431.733s] INFO:colcon.colcon_core.shell:Creating environment hook '/home/rasp/ros2_ws/install/visualization_msgs/share/visualization_msgs/hook/ld_library_path_lib.ps1'
[431.734s] INFO:colcon.colcon_core.shell:Creating environment descriptor '/home/rasp/ros2_ws/install/visualization_msgs/share/visualization_msgs/hook/ld_library_path_lib.dsv'
[431.735s] INFO:colcon.colcon_core.shell:Creating environment hook '/home/rasp/ros2_ws/install/visualization_msgs/share/visualization_msgs/hook/ld_library_path_lib.sh'
[431.735s] Level 1:colcon.colcon_core.environment:checking '/home/rasp/ros2_ws/install/visualization_msgs/bin'
[431.735s] Level 1:colcon.colcon_core.environment:checking '/home/rasp/ros2_ws/install/visualization_msgs/lib/pkgconfig/visualization_msgs.pc'
[431.735s] Level 1:colcon.colcon_core.environment:checking '/home/rasp/ros2_ws/install/visualization_msgs/lib/python3.12/site-packages'
[431.736s] Level 1:colcon.colcon_core.shell:create_environment_hook('visualization_msgs', 'pythonpath')
[431.736s] INFO:colcon.colcon_core.shell:Creating environment hook '/home/rasp/ros2_ws/install/visualization_msgs/share/visualization_msgs/hook/pythonpath.ps1'
[431.736s] INFO:colcon.colcon_core.shell:Creating environment descriptor '/home/rasp/ros2_ws/install/visualization_msgs/share/visualization_msgs/hook/pythonpath.dsv'
[431.737s] INFO:colcon.colcon_core.shell:Creating environment hook '/home/rasp/ros2_ws/install/visualization_msgs/share/visualization_msgs/hook/pythonpath.sh'
[431.737s] Level 1:colcon.colcon_core.environment:checking '/home/rasp/ros2_ws/install/visualization_msgs/bin'
[431.738s] INFO:colcon.colcon_core.shell:Creating package script '/home/rasp/ros2_ws/install/visualization_msgs/share/visualization_msgs/package.ps1'
[431.738s] INFO:colcon.colcon_core.shell:Creating package descriptor '/home/rasp/ros2_ws/install/visualization_msgs/share/visualization_msgs/package.dsv'
[431.739s] INFO:colcon.colcon_core.shell:Creating package script '/home/rasp/ros2_ws/install/visualization_msgs/share/visualization_msgs/package.sh'
[431.740s] INFO:colcon.colcon_core.shell:Creating package script '/home/rasp/ros2_ws/install/visualization_msgs/share/visualization_msgs/package.bash'
[431.740s] INFO:colcon.colcon_core.shell:Creating package script '/home/rasp/ros2_ws/install/visualization_msgs/share/visualization_msgs/package.zsh'
[431.741s] Level 1:colcon.colcon_core.environment:create_file_with_runtime_dependencies(/home/rasp/ros2_ws/install/visualization_msgs/share/colcon-core/packages/visualization_msgs)
[431.741s] INFO:colcon.colcon_ros.task.ament_cmake.build:Building ROS package in '/home/rasp/ros2_ws/src/ros2/common_interfaces/diagnostic_msgs' with build type 'ament_cmake'
[431.741s] INFO:colcon.colcon_cmake.task.cmake.build:Building CMake package in '/home/rasp/ros2_ws/src/ros2/common_interfaces/diagnostic_msgs'
[431.741s] INFO:colcon.colcon_core.shell:Skip shell extension 'powershell' for command environment: Not usable outside of PowerShell
[431.742s] DEBUG:colcon.colcon_core.shell:Skip shell extension 'dsv' for command environment
[431.775s] DEBUG:colcon.colcon_core.event_handler.log_command:Invoking command in '/home/rasp/ros2_ws/build/diagnostic_msgs': AMENT_PREFIX_PATH=/home/rasp/ros2_ws/install/geometry_msgs:/home/rasp/ros2_ws/install/std_msgs:/home/rasp/ros2_ws/install/builtin_interfaces:${AMENT_PREFIX_PATH} CMAKE_PREFIX_PATH=/home/rasp/ros2_ws/install/geometry_msgs:/home/rasp/ros2_ws/install/std_msgs:/home/rasp/ros2_ws/install/builtin_interfaces:/home/rasp/ros2_ws/install/rosidl_typesupport_microxrcedds_cpp:/home/rasp/ros2_ws/install/rosidl_typesupport_microxrcedds_c:/home/rasp/ros2_ws/install/microcdr:/home/rasp/ros2_ws/install/micro_ros_setup:/opt/ros/jazzy/opt/gz_math_vendor:/opt/ros/jazzy/opt/gz_utils_vendor:/opt/ros/jazzy/opt/gz_cmake_vendor:/opt/ros/jazzy DEBUGINFOD_URLS=https://debuginfod.ubuntu.com LD_LIBRARY_PATH=/home/rasp/ros2_ws/install/geometry_msgs/lib:/home/rasp/ros2_ws/install/std_msgs/lib:/home/rasp/ros2_ws/install/builtin_interfaces/lib:${LD_LIBRARY_PATH} PYTHONPATH=/home/rasp/ros2_ws/install/geometry_msgs/lib/python3.12/site-packages:/home/rasp/ros2_ws/install/std_msgs/lib/python3.12/site-packages:/home/rasp/ros2_ws/install/builtin_interfaces/lib/python3.12/site-packages:${PYTHONPATH} /usr/bin/cmake /home/rasp/ros2_ws/src/ros2/common_interfaces/diagnostic_msgs -DBUILD_TESTING=OFF -DBUILD_SHARED_LIBS=ON -DCMAKE_INSTALL_PREFIX=/home/rasp/ros2_ws/install/diagnostic_msgs
[434.326s] DEBUG:colcon.colcon_core.event_handler.log_command:Invoked command in '/home/rasp/ros2_ws/build/actionlib_msgs' returned '0': AMENT_PREFIX_PATH=/home/rasp/ros2_ws/install/std_msgs:/home/rasp/ros2_ws/install/builtin_interfaces:${AMENT_PREFIX_PATH} CMAKE_PREFIX_PATH=/home/rasp/ros2_ws/install/std_msgs:/home/rasp/ros2_ws/install/builtin_interfaces:/home/rasp/ros2_ws/install/rosidl_typesupport_microxrcedds_cpp:/home/rasp/ros2_ws/install/rosidl_typesupport_microxrcedds_c:/home/rasp/ros2_ws/install/microcdr:/home/rasp/ros2_ws/install/micro_ros_setup:/opt/ros/jazzy/opt/gz_math_vendor:/opt/ros/jazzy/opt/gz_utils_vendor:/opt/ros/jazzy/opt/gz_cmake_vendor:/opt/ros/jazzy DEBUGINFOD_URLS=https://debuginfod.ubuntu.com LD_LIBRARY_PATH=/home/rasp/ros2_ws/install/std_msgs/lib:/home/rasp/ros2_ws/install/builtin_interfaces/lib:${LD_LIBRARY_PATH} PYTHONPATH=/home/rasp/ros2_ws/install/std_msgs/lib/python3.12/site-packages:/home/rasp/ros2_ws/install/builtin_interfaces/lib/python3.12/site-packages:${PYTHONPATH} /usr/bin/cmake --build /home/rasp/ros2_ws/build/actionlib_msgs -- -j2 -l2
[434.328s] DEBUG:colcon.colcon_core.event_handler.log_command:Invoking command in '/home/rasp/ros2_ws/build/actionlib_msgs': AMENT_PREFIX_PATH=/home/rasp/ros2_ws/install/std_msgs:/home/rasp/ros2_ws/install/builtin_interfaces:${AMENT_PREFIX_PATH} CMAKE_PREFIX_PATH=/home/rasp/ros2_ws/install/std_msgs:/home/rasp/ros2_ws/install/builtin_interfaces:/home/rasp/ros2_ws/install/rosidl_typesupport_microxrcedds_cpp:/home/rasp/ros2_ws/install/rosidl_typesupport_microxrcedds_c:/home/rasp/ros2_ws/install/microcdr:/home/rasp/ros2_ws/install/micro_ros_setup:/opt/ros/jazzy/opt/gz_math_vendor:/opt/ros/jazzy/opt/gz_utils_vendor:/opt/ros/jazzy/opt/gz_cmake_vendor:/opt/ros/jazzy DEBUGINFOD_URLS=https://debuginfod.ubuntu.com LD_LIBRARY_PATH=/home/rasp/ros2_ws/install/std_msgs/lib:/home/rasp/ros2_ws/install/builtin_interfaces/lib:${LD_LIBRARY_PATH} PYTHONPATH=/home/rasp/ros2_ws/install/std_msgs/lib/python3.12/site-packages:/home/rasp/ros2_ws/install/builtin_interfaces/lib/python3.12/site-packages:${PYTHONPATH} /usr/bin/cmake --install /home/rasp/ros2_ws/build/actionlib_msgs
[434.433s] Level 1:colcon.colcon_core.environment:create_environment_scripts_only(actionlib_msgs)
[434.434s] Level 1:colcon.colcon_core.environment:checking '/home/rasp/ros2_ws/install/actionlib_msgs' for CMake module files
[434.434s] Level 1:colcon.colcon_core.environment:checking '/home/rasp/ros2_ws/install/actionlib_msgs' for CMake config files
[434.435s] Level 1:colcon.colcon_core.shell:create_environment_hook('actionlib_msgs', 'cmake_prefix_path')
[434.434s] DEBUG:colcon.colcon_core.event_handler.log_command:Invoked command in '/home/rasp/ros2_ws/build/actionlib_msgs' returned '0': AMENT_PREFIX_PATH=/home/rasp/ros2_ws/install/std_msgs:/home/rasp/ros2_ws/install/builtin_interfaces:${AMENT_PREFIX_PATH} CMAKE_PREFIX_PATH=/home/rasp/ros2_ws/install/std_msgs:/home/rasp/ros2_ws/install/builtin_interfaces:/home/rasp/ros2_ws/install/rosidl_typesupport_microxrcedds_cpp:/home/rasp/ros2_ws/install/rosidl_typesupport_microxrcedds_c:/home/rasp/ros2_ws/install/microcdr:/home/rasp/ros2_ws/install/micro_ros_setup:/opt/ros/jazzy/opt/gz_math_vendor:/opt/ros/jazzy/opt/gz_utils_vendor:/opt/ros/jazzy/opt/gz_cmake_vendor:/opt/ros/jazzy DEBUGINFOD_URLS=https://debuginfod.ubuntu.com LD_LIBRARY_PATH=/home/rasp/ros2_ws/install/std_msgs/lib:/home/rasp/ros2_ws/install/builtin_interfaces/lib:${LD_LIBRARY_PATH} PYTHONPATH=/home/rasp/ros2_ws/install/std_msgs/lib/python3.12/site-packages:/home/rasp/ros2_ws/install/builtin_interfaces/lib/python3.12/site-packages:${PYTHONPATH} /usr/bin/cmake --install /home/rasp/ros2_ws/build/actionlib_msgs
[434.435s] INFO:colcon.colcon_core.shell:Creating environment hook '/home/rasp/ros2_ws/install/actionlib_msgs/share/actionlib_msgs/hook/cmake_prefix_path.ps1'
[434.436s] INFO:colcon.colcon_core.shell:Creating environment descriptor '/home/rasp/ros2_ws/install/actionlib_msgs/share/actionlib_msgs/hook/cmake_prefix_path.dsv'
[434.436s] INFO:colcon.colcon_core.shell:Creating environment hook '/home/rasp/ros2_ws/install/actionlib_msgs/share/actionlib_msgs/hook/cmake_prefix_path.sh'
[434.437s] Level 1:colcon.colcon_core.environment:checking '/home/rasp/ros2_ws/install/actionlib_msgs/lib'
[434.437s] Level 1:colcon.colcon_core.shell:create_environment_hook('actionlib_msgs', 'ld_library_path_lib')
[434.437s] INFO:colcon.colcon_core.shell:Creating environment hook '/home/rasp/ros2_ws/install/actionlib_msgs/share/actionlib_msgs/hook/ld_library_path_lib.ps1'
[434.437s] INFO:colcon.colcon_core.shell:Creating environment descriptor '/home/rasp/ros2_ws/install/actionlib_msgs/share/actionlib_msgs/hook/ld_library_path_lib.dsv'
[434.437s] INFO:colcon.colcon_core.shell:Creating environment hook '/home/rasp/ros2_ws/install/actionlib_msgs/share/actionlib_msgs/hook/ld_library_path_lib.sh'
[434.438s] Level 1:colcon.colcon_core.environment:checking '/home/rasp/ros2_ws/install/actionlib_msgs/bin'
[434.438s] Level 1:colcon.colcon_core.environment:checking '/home/rasp/ros2_ws/install/actionlib_msgs/lib/pkgconfig/actionlib_msgs.pc'
[434.438s] Level 1:colcon.colcon_core.environment:checking '/home/rasp/ros2_ws/install/actionlib_msgs/lib/python3.12/site-packages'
[434.438s] Level 1:colcon.colcon_core.shell:create_environment_hook('actionlib_msgs', 'pythonpath')
[434.438s] INFO:colcon.colcon_core.shell:Creating environment hook '/home/rasp/ros2_ws/install/actionlib_msgs/share/actionlib_msgs/hook/pythonpath.ps1'
[434.439s] INFO:colcon.colcon_core.shell:Creating environment descriptor '/home/rasp/ros2_ws/install/actionlib_msgs/share/actionlib_msgs/hook/pythonpath.dsv'
[434.439s] INFO:colcon.colcon_core.shell:Creating environment hook '/home/rasp/ros2_ws/install/actionlib_msgs/share/actionlib_msgs/hook/pythonpath.sh'
[434.439s] Level 1:colcon.colcon_core.environment:checking '/home/rasp/ros2_ws/install/actionlib_msgs/bin'
[434.439s] INFO:colcon.colcon_core.shell:Creating package script '/home/rasp/ros2_ws/install/actionlib_msgs/share/actionlib_msgs/package.ps1'
[434.440s] INFO:colcon.colcon_core.shell:Creating package descriptor '/home/rasp/ros2_ws/install/actionlib_msgs/share/actionlib_msgs/package.dsv'
[434.441s] INFO:colcon.colcon_core.shell:Creating package script '/home/rasp/ros2_ws/install/actionlib_msgs/share/actionlib_msgs/package.sh'
[434.441s] INFO:colcon.colcon_core.shell:Creating package script '/home/rasp/ros2_ws/install/actionlib_msgs/share/actionlib_msgs/package.bash'
[434.441s] INFO:colcon.colcon_core.shell:Creating package script '/home/rasp/ros2_ws/install/actionlib_msgs/share/actionlib_msgs/package.zsh'
[434.441s] Level 1:colcon.colcon_core.environment:create_file_with_runtime_dependencies(/home/rasp/ros2_ws/install/actionlib_msgs/share/colcon-core/packages/actionlib_msgs)
[434.442s] Level 1:colcon.colcon_core.environment:create_environment_scripts_only(actionlib_msgs)
[434.442s] Level 1:colcon.colcon_core.environment:checking '/home/rasp/ros2_ws/install/actionlib_msgs' for CMake module files
[434.443s] Level 1:colcon.colcon_core.environment:checking '/home/rasp/ros2_ws/install/actionlib_msgs' for CMake config files
[434.443s] Level 1:colcon.colcon_core.shell:create_environment_hook('actionlib_msgs', 'cmake_prefix_path')
[434.443s] INFO:colcon.colcon_core.shell:Creating environment hook '/home/rasp/ros2_ws/install/actionlib_msgs/share/actionlib_msgs/hook/cmake_prefix_path.ps1'
[434.444s] INFO:colcon.colcon_core.shell:Creating environment descriptor '/home/rasp/ros2_ws/install/actionlib_msgs/share/actionlib_msgs/hook/cmake_prefix_path.dsv'
[434.444s] INFO:colcon.colcon_core.shell:Creating environment hook '/home/rasp/ros2_ws/install/actionlib_msgs/share/actionlib_msgs/hook/cmake_prefix_path.sh'
[434.445s] Level 1:colcon.colcon_core.environment:checking '/home/rasp/ros2_ws/install/actionlib_msgs/lib'
[434.445s] Level 1:colcon.colcon_core.shell:create_environment_hook('actionlib_msgs', 'ld_library_path_lib')
[434.445s] INFO:colcon.colcon_core.shell:Creating environment hook '/home/rasp/ros2_ws/install/actionlib_msgs/share/actionlib_msgs/hook/ld_library_path_lib.ps1'
[434.445s] INFO:colcon.colcon_core.shell:Creating environment descriptor '/home/rasp/ros2_ws/install/actionlib_msgs/share/actionlib_msgs/hook/ld_library_path_lib.dsv'
[434.446s] INFO:colcon.colcon_core.shell:Creating environment hook '/home/rasp/ros2_ws/install/actionlib_msgs/share/actionlib_msgs/hook/ld_library_path_lib.sh'
[434.446s] Level 1:colcon.colcon_core.environment:checking '/home/rasp/ros2_ws/install/actionlib_msgs/bin'
[434.446s] Level 1:colcon.colcon_core.environment:checking '/home/rasp/ros2_ws/install/actionlib_msgs/lib/pkgconfig/actionlib_msgs.pc'
[434.448s] Level 1:colcon.colcon_core.environment:checking '/home/rasp/ros2_ws/install/actionlib_msgs/lib/python3.12/site-packages'
[434.448s] Level 1:colcon.colcon_core.shell:create_environment_hook('actionlib_msgs', 'pythonpath')
[434.448s] INFO:colcon.colcon_core.shell:Creating environment hook '/home/rasp/ros2_ws/install/actionlib_msgs/share/actionlib_msgs/hook/pythonpath.ps1'
[434.449s] INFO:colcon.colcon_core.shell:Creating environment descriptor '/home/rasp/ros2_ws/install/actionlib_msgs/share/actionlib_msgs/hook/pythonpath.dsv'
[434.449s] INFO:colcon.colcon_core.shell:Creating environment hook '/home/rasp/ros2_ws/install/actionlib_msgs/share/actionlib_msgs/hook/pythonpath.sh'
[434.450s] Level 1:colcon.colcon_core.environment:checking '/home/rasp/ros2_ws/install/actionlib_msgs/bin'
[434.450s] INFO:colcon.colcon_core.shell:Creating package script '/home/rasp/ros2_ws/install/actionlib_msgs/share/actionlib_msgs/package.ps1'
[434.451s] INFO:colcon.colcon_core.shell:Creating package descriptor '/home/rasp/ros2_ws/install/actionlib_msgs/share/actionlib_msgs/package.dsv'
[434.454s] INFO:colcon.colcon_core.shell:Creating package script '/home/rasp/ros2_ws/install/actionlib_msgs/share/actionlib_msgs/package.sh'
[434.455s] INFO:colcon.colcon_core.shell:Creating package script '/home/rasp/ros2_ws/install/actionlib_msgs/share/actionlib_msgs/package.bash'
[434.455s] INFO:colcon.colcon_core.shell:Creating package script '/home/rasp/ros2_ws/install/actionlib_msgs/share/actionlib_msgs/package.zsh'
[434.456s] Level 1:colcon.colcon_core.environment:create_file_with_runtime_dependencies(/home/rasp/ros2_ws/install/actionlib_msgs/share/colcon-core/packages/actionlib_msgs)
[434.457s] INFO:colcon.colcon_ros.task.ament_cmake.build:Building ROS package in '/home/rasp/ros2_ws/src/ros2/common_interfaces/nav_msgs' with build type 'ament_cmake'
[434.457s] INFO:colcon.colcon_cmake.task.cmake.build:Building CMake package in '/home/rasp/ros2_ws/src/ros2/common_interfaces/nav_msgs'
[434.457s] INFO:colcon.colcon_core.shell:Skip shell extension 'powershell' for command environment: Not usable outside of PowerShell
[434.457s] DEBUG:colcon.colcon_core.shell:Skip shell extension 'dsv' for command environment
[434.485s] DEBUG:colcon.colcon_core.event_handler.log_command:Invoking command in '/home/rasp/ros2_ws/build/nav_msgs': AMENT_PREFIX_PATH=/home/rasp/ros2_ws/install/geometry_msgs:/home/rasp/ros2_ws/install/std_msgs:/home/rasp/ros2_ws/install/builtin_interfaces:${AMENT_PREFIX_PATH} CMAKE_PREFIX_PATH=/home/rasp/ros2_ws/install/geometry_msgs:/home/rasp/ros2_ws/install/std_msgs:/home/rasp/ros2_ws/install/builtin_interfaces:/home/rasp/ros2_ws/install/rosidl_typesupport_microxrcedds_cpp:/home/rasp/ros2_ws/install/rosidl_typesupport_microxrcedds_c:/home/rasp/ros2_ws/install/microcdr:/home/rasp/ros2_ws/install/micro_ros_setup:/opt/ros/jazzy/opt/gz_math_vendor:/opt/ros/jazzy/opt/gz_utils_vendor:/opt/ros/jazzy/opt/gz_cmake_vendor:/opt/ros/jazzy DEBUGINFOD_URLS=https://debuginfod.ubuntu.com LD_LIBRARY_PATH=/home/rasp/ros2_ws/install/geometry_msgs/lib:/home/rasp/ros2_ws/install/std_msgs/lib:/home/rasp/ros2_ws/install/builtin_interfaces/lib:${LD_LIBRARY_PATH} PYTHONPATH=/home/rasp/ros2_ws/install/geometry_msgs/lib/python3.12/site-packages:/home/rasp/ros2_ws/install/std_msgs/lib/python3.12/site-packages:/home/rasp/ros2_ws/install/builtin_interfaces/lib/python3.12/site-packages:${PYTHONPATH} /usr/bin/cmake /home/rasp/ros2_ws/src/ros2/common_interfaces/nav_msgs -DBUILD_TESTING=OFF -DBUILD_SHARED_LIBS=ON -DCMAKE_INSTALL_PREFIX=/home/rasp/ros2_ws/install/nav_msgs
[435.671s] DEBUG:colcon.colcon_core.event_handler.log_command:Invoked command in '/home/rasp/ros2_ws/build/diagnostic_msgs' returned '0': AMENT_PREFIX_PATH=/home/rasp/ros2_ws/install/geometry_msgs:/home/rasp/ros2_ws/install/std_msgs:/home/rasp/ros2_ws/install/builtin_interfaces:${AMENT_PREFIX_PATH} CMAKE_PREFIX_PATH=/home/rasp/ros2_ws/install/geometry_msgs:/home/rasp/ros2_ws/install/std_msgs:/home/rasp/ros2_ws/install/builtin_interfaces:/home/rasp/ros2_ws/install/rosidl_typesupport_microxrcedds_cpp:/home/rasp/ros2_ws/install/rosidl_typesupport_microxrcedds_c:/home/rasp/ros2_ws/install/microcdr:/home/rasp/ros2_ws/install/micro_ros_setup:/opt/ros/jazzy/opt/gz_math_vendor:/opt/ros/jazzy/opt/gz_utils_vendor:/opt/ros/jazzy/opt/gz_cmake_vendor:/opt/ros/jazzy DEBUGINFOD_URLS=https://debuginfod.ubuntu.com LD_LIBRARY_PATH=/home/rasp/ros2_ws/install/geometry_msgs/lib:/home/rasp/ros2_ws/install/std_msgs/lib:/home/rasp/ros2_ws/install/builtin_interfaces/lib:${LD_LIBRARY_PATH} PYTHONPATH=/home/rasp/ros2_ws/install/geometry_msgs/lib/python3.12/site-packages:/home/rasp/ros2_ws/install/std_msgs/lib/python3.12/site-packages:/home/rasp/ros2_ws/install/builtin_interfaces/lib/python3.12/site-packages:${PYTHONPATH} /usr/bin/cmake /home/rasp/ros2_ws/src/ros2/common_interfaces/diagnostic_msgs -DBUILD_TESTING=OFF -DBUILD_SHARED_LIBS=ON -DCMAKE_INSTALL_PREFIX=/home/rasp/ros2_ws/install/diagnostic_msgs
[435.672s] DEBUG:colcon.colcon_core.event_handler.log_command:Invoking command in '/home/rasp/ros2_ws/build/diagnostic_msgs': AMENT_PREFIX_PATH=/home/rasp/ros2_ws/install/geometry_msgs:/home/rasp/ros2_ws/install/std_msgs:/home/rasp/ros2_ws/install/builtin_interfaces:${AMENT_PREFIX_PATH} CMAKE_PREFIX_PATH=/home/rasp/ros2_ws/install/geometry_msgs:/home/rasp/ros2_ws/install/std_msgs:/home/rasp/ros2_ws/install/builtin_interfaces:/home/rasp/ros2_ws/install/rosidl_typesupport_microxrcedds_cpp:/home/rasp/ros2_ws/install/rosidl_typesupport_microxrcedds_c:/home/rasp/ros2_ws/install/microcdr:/home/rasp/ros2_ws/install/micro_ros_setup:/opt/ros/jazzy/opt/gz_math_vendor:/opt/ros/jazzy/opt/gz_utils_vendor:/opt/ros/jazzy/opt/gz_cmake_vendor:/opt/ros/jazzy DEBUGINFOD_URLS=https://debuginfod.ubuntu.com LD_LIBRARY_PATH=/home/rasp/ros2_ws/install/geometry_msgs/lib:/home/rasp/ros2_ws/install/std_msgs/lib:/home/rasp/ros2_ws/install/builtin_interfaces/lib:${LD_LIBRARY_PATH} PYTHONPATH=/home/rasp/ros2_ws/install/geometry_msgs/lib/python3.12/site-packages:/home/rasp/ros2_ws/install/std_msgs/lib/python3.12/site-packages:/home/rasp/ros2_ws/install/builtin_interfaces/lib/python3.12/site-packages:${PYTHONPATH} /usr/bin/cmake --build /home/rasp/ros2_ws/build/diagnostic_msgs -- -j2 -l2
[438.598s] DEBUG:colcon.colcon_core.event_handler.log_command:Invoked command in '/home/rasp/ros2_ws/build/nav_msgs' returned '0': AMENT_PREFIX_PATH=/home/rasp/ros2_ws/install/geometry_msgs:/home/rasp/ros2_ws/install/std_msgs:/home/rasp/ros2_ws/install/builtin_interfaces:${AMENT_PREFIX_PATH} CMAKE_PREFIX_PATH=/home/rasp/ros2_ws/install/geometry_msgs:/home/rasp/ros2_ws/install/std_msgs:/home/rasp/ros2_ws/install/builtin_interfaces:/home/rasp/ros2_ws/install/rosidl_typesupport_microxrcedds_cpp:/home/rasp/ros2_ws/install/rosidl_typesupport_microxrcedds_c:/home/rasp/ros2_ws/install/microcdr:/home/rasp/ros2_ws/install/micro_ros_setup:/opt/ros/jazzy/opt/gz_math_vendor:/opt/ros/jazzy/opt/gz_utils_vendor:/opt/ros/jazzy/opt/gz_cmake_vendor:/opt/ros/jazzy DEBUGINFOD_URLS=https://debuginfod.ubuntu.com LD_LIBRARY_PATH=/home/rasp/ros2_ws/install/geometry_msgs/lib:/home/rasp/ros2_ws/install/std_msgs/lib:/home/rasp/ros2_ws/install/builtin_interfaces/lib:${LD_LIBRARY_PATH} PYTHONPATH=/home/rasp/ros2_ws/install/geometry_msgs/lib/python3.12/site-packages:/home/rasp/ros2_ws/install/std_msgs/lib/python3.12/site-packages:/home/rasp/ros2_ws/install/builtin_interfaces/lib/python3.12/site-packages:${PYTHONPATH} /usr/bin/cmake /home/rasp/ros2_ws/src/ros2/common_interfaces/nav_msgs -DBUILD_TESTING=OFF -DBUILD_SHARED_LIBS=ON -DCMAKE_INSTALL_PREFIX=/home/rasp/ros2_ws/install/nav_msgs
[438.598s] DEBUG:colcon.colcon_core.event_handler.log_command:Invoking command in '/home/rasp/ros2_ws/build/nav_msgs': AMENT_PREFIX_PATH=/home/rasp/ros2_ws/install/geometry_msgs:/home/rasp/ros2_ws/install/std_msgs:/home/rasp/ros2_ws/install/builtin_interfaces:${AMENT_PREFIX_PATH} CMAKE_PREFIX_PATH=/home/rasp/ros2_ws/install/geometry_msgs:/home/rasp/ros2_ws/install/std_msgs:/home/rasp/ros2_ws/install/builtin_interfaces:/home/rasp/ros2_ws/install/rosidl_typesupport_microxrcedds_cpp:/home/rasp/ros2_ws/install/rosidl_typesupport_microxrcedds_c:/home/rasp/ros2_ws/install/microcdr:/home/rasp/ros2_ws/install/micro_ros_setup:/opt/ros/jazzy/opt/gz_math_vendor:/opt/ros/jazzy/opt/gz_utils_vendor:/opt/ros/jazzy/opt/gz_cmake_vendor:/opt/ros/jazzy DEBUGINFOD_URLS=https://debuginfod.ubuntu.com LD_LIBRARY_PATH=/home/rasp/ros2_ws/install/geometry_msgs/lib:/home/rasp/ros2_ws/install/std_msgs/lib:/home/rasp/ros2_ws/install/builtin_interfaces/lib:${LD_LIBRARY_PATH} PYTHONPATH=/home/rasp/ros2_ws/install/geometry_msgs/lib/python3.12/site-packages:/home/rasp/ros2_ws/install/std_msgs/lib/python3.12/site-packages:/home/rasp/ros2_ws/install/builtin_interfaces/lib/python3.12/site-packages:${PYTHONPATH} /usr/bin/cmake --build /home/rasp/ros2_ws/build/nav_msgs -- -j2 -l2
[459.594s] DEBUG:colcon.colcon_core.event_handler.log_command:Invoked command in '/home/rasp/ros2_ws/build/diagnostic_msgs' returned '0': AMENT_PREFIX_PATH=/home/rasp/ros2_ws/install/geometry_msgs:/home/rasp/ros2_ws/install/std_msgs:/home/rasp/ros2_ws/install/builtin_interfaces:${AMENT_PREFIX_PATH} CMAKE_PREFIX_PATH=/home/rasp/ros2_ws/install/geometry_msgs:/home/rasp/ros2_ws/install/std_msgs:/home/rasp/ros2_ws/install/builtin_interfaces:/home/rasp/ros2_ws/install/rosidl_typesupport_microxrcedds_cpp:/home/rasp/ros2_ws/install/rosidl_typesupport_microxrcedds_c:/home/rasp/ros2_ws/install/microcdr:/home/rasp/ros2_ws/install/micro_ros_setup:/opt/ros/jazzy/opt/gz_math_vendor:/opt/ros/jazzy/opt/gz_utils_vendor:/opt/ros/jazzy/opt/gz_cmake_vendor:/opt/ros/jazzy DEBUGINFOD_URLS=https://debuginfod.ubuntu.com LD_LIBRARY_PATH=/home/rasp/ros2_ws/install/geometry_msgs/lib:/home/rasp/ros2_ws/install/std_msgs/lib:/home/rasp/ros2_ws/install/builtin_interfaces/lib:${LD_LIBRARY_PATH} PYTHONPATH=/home/rasp/ros2_ws/install/geometry_msgs/lib/python3.12/site-packages:/home/rasp/ros2_ws/install/std_msgs/lib/python3.12/site-packages:/home/rasp/ros2_ws/install/builtin_interfaces/lib/python3.12/site-packages:${PYTHONPATH} /usr/bin/cmake --build /home/rasp/ros2_ws/build/diagnostic_msgs -- -j2 -l2
[459.596s] DEBUG:colcon.colcon_core.event_handler.log_command:Invoking command in '/home/rasp/ros2_ws/build/diagnostic_msgs': AMENT_PREFIX_PATH=/home/rasp/ros2_ws/install/geometry_msgs:/home/rasp/ros2_ws/install/std_msgs:/home/rasp/ros2_ws/install/builtin_interfaces:${AMENT_PREFIX_PATH} CMAKE_PREFIX_PATH=/home/rasp/ros2_ws/install/geometry_msgs:/home/rasp/ros2_ws/install/std_msgs:/home/rasp/ros2_ws/install/builtin_interfaces:/home/rasp/ros2_ws/install/rosidl_typesupport_microxrcedds_cpp:/home/rasp/ros2_ws/install/rosidl_typesupport_microxrcedds_c:/home/rasp/ros2_ws/install/microcdr:/home/rasp/ros2_ws/install/micro_ros_setup:/opt/ros/jazzy/opt/gz_math_vendor:/opt/ros/jazzy/opt/gz_utils_vendor:/opt/ros/jazzy/opt/gz_cmake_vendor:/opt/ros/jazzy DEBUGINFOD_URLS=https://debuginfod.ubuntu.com LD_LIBRARY_PATH=/home/rasp/ros2_ws/install/geometry_msgs/lib:/home/rasp/ros2_ws/install/std_msgs/lib:/home/rasp/ros2_ws/install/builtin_interfaces/lib:${LD_LIBRARY_PATH} PYTHONPATH=/home/rasp/ros2_ws/install/geometry_msgs/lib/python3.12/site-packages:/home/rasp/ros2_ws/install/std_msgs/lib/python3.12/site-packages:/home/rasp/ros2_ws/install/builtin_interfaces/lib/python3.12/site-packages:${PYTHONPATH} /usr/bin/cmake --install /home/rasp/ros2_ws/build/diagnostic_msgs
[459.764s] Level 1:colcon.colcon_core.environment:create_environment_scripts_only(diagnostic_msgs)
[459.764s] Level 1:colcon.colcon_core.environment:checking '/home/rasp/ros2_ws/install/diagnostic_msgs' for CMake module files
[459.765s] Level 1:colcon.colcon_core.environment:checking '/home/rasp/ros2_ws/install/diagnostic_msgs' for CMake config files
[459.765s] DEBUG:colcon.colcon_core.event_handler.log_command:Invoked command in '/home/rasp/ros2_ws/build/diagnostic_msgs' returned '0': AMENT_PREFIX_PATH=/home/rasp/ros2_ws/install/geometry_msgs:/home/rasp/ros2_ws/install/std_msgs:/home/rasp/ros2_ws/install/builtin_interfaces:${AMENT_PREFIX_PATH} CMAKE_PREFIX_PATH=/home/rasp/ros2_ws/install/geometry_msgs:/home/rasp/ros2_ws/install/std_msgs:/home/rasp/ros2_ws/install/builtin_interfaces:/home/rasp/ros2_ws/install/rosidl_typesupport_microxrcedds_cpp:/home/rasp/ros2_ws/install/rosidl_typesupport_microxrcedds_c:/home/rasp/ros2_ws/install/microcdr:/home/rasp/ros2_ws/install/micro_ros_setup:/opt/ros/jazzy/opt/gz_math_vendor:/opt/ros/jazzy/opt/gz_utils_vendor:/opt/ros/jazzy/opt/gz_cmake_vendor:/opt/ros/jazzy DEBUGINFOD_URLS=https://debuginfod.ubuntu.com LD_LIBRARY_PATH=/home/rasp/ros2_ws/install/geometry_msgs/lib:/home/rasp/ros2_ws/install/std_msgs/lib:/home/rasp/ros2_ws/install/builtin_interfaces/lib:${LD_LIBRARY_PATH} PYTHONPATH=/home/rasp/ros2_ws/install/geometry_msgs/lib/python3.12/site-packages:/home/rasp/ros2_ws/install/std_msgs/lib/python3.12/site-packages:/home/rasp/ros2_ws/install/builtin_interfaces/lib/python3.12/site-packages:${PYTHONPATH} /usr/bin/cmake --install /home/rasp/ros2_ws/build/diagnostic_msgs
[459.766s] Level 1:colcon.colcon_core.shell:create_environment_hook('diagnostic_msgs', 'cmake_prefix_path')
[459.766s] INFO:colcon.colcon_core.shell:Creating environment hook '/home/rasp/ros2_ws/install/diagnostic_msgs/share/diagnostic_msgs/hook/cmake_prefix_path.ps1'
[459.767s] INFO:colcon.colcon_core.shell:Creating environment descriptor '/home/rasp/ros2_ws/install/diagnostic_msgs/share/diagnostic_msgs/hook/cmake_prefix_path.dsv'
[459.767s] INFO:colcon.colcon_core.shell:Creating environment hook '/home/rasp/ros2_ws/install/diagnostic_msgs/share/diagnostic_msgs/hook/cmake_prefix_path.sh'
[459.767s] Level 1:colcon.colcon_core.environment:checking '/home/rasp/ros2_ws/install/diagnostic_msgs/lib'
[459.767s] Level 1:colcon.colcon_core.shell:create_environment_hook('diagnostic_msgs', 'ld_library_path_lib')
[459.768s] INFO:colcon.colcon_core.shell:Creating environment hook '/home/rasp/ros2_ws/install/diagnostic_msgs/share/diagnostic_msgs/hook/ld_library_path_lib.ps1'
[459.768s] INFO:colcon.colcon_core.shell:Creating environment descriptor '/home/rasp/ros2_ws/install/diagnostic_msgs/share/diagnostic_msgs/hook/ld_library_path_lib.dsv'
[459.768s] INFO:colcon.colcon_core.shell:Creating environment hook '/home/rasp/ros2_ws/install/diagnostic_msgs/share/diagnostic_msgs/hook/ld_library_path_lib.sh'
[459.769s] Level 1:colcon.colcon_core.environment:checking '/home/rasp/ros2_ws/install/diagnostic_msgs/bin'
[459.769s] Level 1:colcon.colcon_core.environment:checking '/home/rasp/ros2_ws/install/diagnostic_msgs/lib/pkgconfig/diagnostic_msgs.pc'
[459.769s] Level 1:colcon.colcon_core.environment:checking '/home/rasp/ros2_ws/install/diagnostic_msgs/lib/python3.12/site-packages'
[459.769s] Level 1:colcon.colcon_core.shell:create_environment_hook('diagnostic_msgs', 'pythonpath')
[459.769s] INFO:colcon.colcon_core.shell:Creating environment hook '/home/rasp/ros2_ws/install/diagnostic_msgs/share/diagnostic_msgs/hook/pythonpath.ps1'
[459.769s] INFO:colcon.colcon_core.shell:Creating environment descriptor '/home/rasp/ros2_ws/install/diagnostic_msgs/share/diagnostic_msgs/hook/pythonpath.dsv'
[459.769s] INFO:colcon.colcon_core.shell:Creating environment hook '/home/rasp/ros2_ws/install/diagnostic_msgs/share/diagnostic_msgs/hook/pythonpath.sh'
[459.770s] Level 1:colcon.colcon_core.environment:checking '/home/rasp/ros2_ws/install/diagnostic_msgs/bin'
[459.770s] INFO:colcon.colcon_core.shell:Creating package script '/home/rasp/ros2_ws/install/diagnostic_msgs/share/diagnostic_msgs/package.ps1'
[459.770s] INFO:colcon.colcon_core.shell:Creating package descriptor '/home/rasp/ros2_ws/install/diagnostic_msgs/share/diagnostic_msgs/package.dsv'
[459.771s] INFO:colcon.colcon_core.shell:Creating package script '/home/rasp/ros2_ws/install/diagnostic_msgs/share/diagnostic_msgs/package.sh'
[459.771s] INFO:colcon.colcon_core.shell:Creating package script '/home/rasp/ros2_ws/install/diagnostic_msgs/share/diagnostic_msgs/package.bash'
[459.772s] INFO:colcon.colcon_core.shell:Creating package script '/home/rasp/ros2_ws/install/diagnostic_msgs/share/diagnostic_msgs/package.zsh'
[459.772s] Level 1:colcon.colcon_core.environment:create_file_with_runtime_dependencies(/home/rasp/ros2_ws/install/diagnostic_msgs/share/colcon-core/packages/diagnostic_msgs)
[459.772s] Level 1:colcon.colcon_core.environment:create_environment_scripts_only(diagnostic_msgs)
[459.773s] Level 1:colcon.colcon_core.environment:checking '/home/rasp/ros2_ws/install/diagnostic_msgs' for CMake module files
[459.773s] Level 1:colcon.colcon_core.environment:checking '/home/rasp/ros2_ws/install/diagnostic_msgs' for CMake config files
[459.774s] Level 1:colcon.colcon_core.shell:create_environment_hook('diagnostic_msgs', 'cmake_prefix_path')
[459.774s] INFO:colcon.colcon_core.shell:Creating environment hook '/home/rasp/ros2_ws/install/diagnostic_msgs/share/diagnostic_msgs/hook/cmake_prefix_path.ps1'
[459.774s] INFO:colcon.colcon_core.shell:Creating environment descriptor '/home/rasp/ros2_ws/install/diagnostic_msgs/share/diagnostic_msgs/hook/cmake_prefix_path.dsv'
[459.775s] INFO:colcon.colcon_core.shell:Creating environment hook '/home/rasp/ros2_ws/install/diagnostic_msgs/share/diagnostic_msgs/hook/cmake_prefix_path.sh'
[459.776s] Level 1:colcon.colcon_core.environment:checking '/home/rasp/ros2_ws/install/diagnostic_msgs/lib'
[459.776s] Level 1:colcon.colcon_core.shell:create_environment_hook('diagnostic_msgs', 'ld_library_path_lib')
[459.776s] INFO:colcon.colcon_core.shell:Creating environment hook '/home/rasp/ros2_ws/install/diagnostic_msgs/share/diagnostic_msgs/hook/ld_library_path_lib.ps1'
[459.776s] INFO:colcon.colcon_core.shell:Creating environment descriptor '/home/rasp/ros2_ws/install/diagnostic_msgs/share/diagnostic_msgs/hook/ld_library_path_lib.dsv'
[459.777s] INFO:colcon.colcon_core.shell:Creating environment hook '/home/rasp/ros2_ws/install/diagnostic_msgs/share/diagnostic_msgs/hook/ld_library_path_lib.sh'
[459.777s] Level 1:colcon.colcon_core.environment:checking '/home/rasp/ros2_ws/install/diagnostic_msgs/bin'
[459.777s] Level 1:colcon.colcon_core.environment:checking '/home/rasp/ros2_ws/install/diagnostic_msgs/lib/pkgconfig/diagnostic_msgs.pc'
[459.777s] Level 1:colcon.colcon_core.environment:checking '/home/rasp/ros2_ws/install/diagnostic_msgs/lib/python3.12/site-packages'
[459.777s] Level 1:colcon.colcon_core.shell:create_environment_hook('diagnostic_msgs', 'pythonpath')
[459.777s] INFO:colcon.colcon_core.shell:Creating environment hook '/home/rasp/ros2_ws/install/diagnostic_msgs/share/diagnostic_msgs/hook/pythonpath.ps1'
[459.778s] INFO:colcon.colcon_core.shell:Creating environment descriptor '/home/rasp/ros2_ws/install/diagnostic_msgs/share/diagnostic_msgs/hook/pythonpath.dsv'
[459.778s] INFO:colcon.colcon_core.shell:Creating environment hook '/home/rasp/ros2_ws/install/diagnostic_msgs/share/diagnostic_msgs/hook/pythonpath.sh'
[459.779s] Level 1:colcon.colcon_core.environment:checking '/home/rasp/ros2_ws/install/diagnostic_msgs/bin'
[459.779s] INFO:colcon.colcon_core.shell:Creating package script '/home/rasp/ros2_ws/install/diagnostic_msgs/share/diagnostic_msgs/package.ps1'
[459.780s] INFO:colcon.colcon_core.shell:Creating package descriptor '/home/rasp/ros2_ws/install/diagnostic_msgs/share/diagnostic_msgs/package.dsv'
[459.780s] INFO:colcon.colcon_core.shell:Creating package script '/home/rasp/ros2_ws/install/diagnostic_msgs/share/diagnostic_msgs/package.sh'
[459.781s] INFO:colcon.colcon_core.shell:Creating package script '/home/rasp/ros2_ws/install/diagnostic_msgs/share/diagnostic_msgs/package.bash'
[459.781s] INFO:colcon.colcon_core.shell:Creating package script '/home/rasp/ros2_ws/install/diagnostic_msgs/share/diagnostic_msgs/package.zsh'
[459.782s] Level 1:colcon.colcon_core.environment:create_file_with_runtime_dependencies(/home/rasp/ros2_ws/install/diagnostic_msgs/share/colcon-core/packages/diagnostic_msgs)
[459.782s] INFO:colcon.colcon_ros.task.ament_cmake.build:Building ROS package in '/home/rasp/ros2_ws/src/uros/rclc/rclc_parameter' with build type 'ament_cmake'
[459.782s] INFO:colcon.colcon_cmake.task.cmake.build:Building CMake package in '/home/rasp/ros2_ws/src/uros/rclc/rclc_parameter'
[459.783s] INFO:colcon.colcon_core.shell:Skip shell extension 'powershell' for command environment: Not usable outside of PowerShell
[459.783s] DEBUG:colcon.colcon_core.shell:Skip shell extension 'dsv' for command environment
[459.831s] DEBUG:colcon.colcon_core.event_handler.log_command:Invoking command in '/home/rasp/ros2_ws/build/rclc_parameter': AMENT_PREFIX_PATH=/home/rasp/ros2_ws/install/rclc:/home/rasp/ros2_ws/install/test_msgs:/home/rasp/ros2_ws/install/std_msgs:/home/rasp/ros2_ws/install/rcl_interfaces:/home/rasp/ros2_ws/install/test_interface_files:/home/rasp/ros2_ws/install/example_interfaces:/home/rasp/ros2_ws/install/builtin_interfaces:${AMENT_PREFIX_PATH} CMAKE_PREFIX_PATH=/home/rasp/ros2_ws/install/rclc:/home/rasp/ros2_ws/install/test_msgs:/home/rasp/ros2_ws/install/std_msgs:/home/rasp/ros2_ws/install/rcl_interfaces:/home/rasp/ros2_ws/install/test_interface_files:/home/rasp/ros2_ws/install/example_interfaces:/home/rasp/ros2_ws/install/builtin_interfaces:/home/rasp/ros2_ws/install/rosidl_typesupport_microxrcedds_cpp:/home/rasp/ros2_ws/install/rosidl_typesupport_microxrcedds_c:/home/rasp/ros2_ws/install/microcdr:/home/rasp/ros2_ws/install/micro_ros_setup:/opt/ros/jazzy/opt/gz_math_vendor:/opt/ros/jazzy/opt/gz_utils_vendor:/opt/ros/jazzy/opt/gz_cmake_vendor:/opt/ros/jazzy DEBUGINFOD_URLS=https://debuginfod.ubuntu.com LD_LIBRARY_PATH=/home/rasp/ros2_ws/install/rclc/lib:/home/rasp/ros2_ws/install/test_msgs/lib:/home/rasp/ros2_ws/install/std_msgs/lib:/home/rasp/ros2_ws/install/rcl_interfaces/lib:/home/rasp/ros2_ws/install/example_interfaces/lib:/home/rasp/ros2_ws/install/builtin_interfaces/lib:${LD_LIBRARY_PATH} PYTHONPATH=/home/rasp/ros2_ws/install/test_msgs/lib/python3.12/site-packages:/home/rasp/ros2_ws/install/std_msgs/lib/python3.12/site-packages:/home/rasp/ros2_ws/install/rcl_interfaces/lib/python3.12/site-packages:/home/rasp/ros2_ws/install/example_interfaces/lib/python3.12/site-packages:/home/rasp/ros2_ws/install/builtin_interfaces/lib/python3.12/site-packages:${PYTHONPATH} /usr/bin/cmake /home/rasp/ros2_ws/src/uros/rclc/rclc_parameter -DBUILD_TESTING=OFF -DBUILD_SHARED_LIBS=ON -DBUILD_SHARED_LIBS=ON -DCMAKE_INSTALL_PREFIX=/home/rasp/ros2_ws/install/rclc_parameter
[461.156s] DEBUG:colcon.colcon_core.event_handler.log_command:Invoked command in '/home/rasp/ros2_ws/build/rclc_parameter' returned '0': AMENT_PREFIX_PATH=/home/rasp/ros2_ws/install/rclc:/home/rasp/ros2_ws/install/test_msgs:/home/rasp/ros2_ws/install/std_msgs:/home/rasp/ros2_ws/install/rcl_interfaces:/home/rasp/ros2_ws/install/test_interface_files:/home/rasp/ros2_ws/install/example_interfaces:/home/rasp/ros2_ws/install/builtin_interfaces:${AMENT_PREFIX_PATH} CMAKE_PREFIX_PATH=/home/rasp/ros2_ws/install/rclc:/home/rasp/ros2_ws/install/test_msgs:/home/rasp/ros2_ws/install/std_msgs:/home/rasp/ros2_ws/install/rcl_interfaces:/home/rasp/ros2_ws/install/test_interface_files:/home/rasp/ros2_ws/install/example_interfaces:/home/rasp/ros2_ws/install/builtin_interfaces:/home/rasp/ros2_ws/install/rosidl_typesupport_microxrcedds_cpp:/home/rasp/ros2_ws/install/rosidl_typesupport_microxrcedds_c:/home/rasp/ros2_ws/install/microcdr:/home/rasp/ros2_ws/install/micro_ros_setup:/opt/ros/jazzy/opt/gz_math_vendor:/opt/ros/jazzy/opt/gz_utils_vendor:/opt/ros/jazzy/opt/gz_cmake_vendor:/opt/ros/jazzy DEBUGINFOD_URLS=https://debuginfod.ubuntu.com LD_LIBRARY_PATH=/home/rasp/ros2_ws/install/rclc/lib:/home/rasp/ros2_ws/install/test_msgs/lib:/home/rasp/ros2_ws/install/std_msgs/lib:/home/rasp/ros2_ws/install/rcl_interfaces/lib:/home/rasp/ros2_ws/install/example_interfaces/lib:/home/rasp/ros2_ws/install/builtin_interfaces/lib:${LD_LIBRARY_PATH} PYTHONPATH=/home/rasp/ros2_ws/install/test_msgs/lib/python3.12/site-packages:/home/rasp/ros2_ws/install/std_msgs/lib/python3.12/site-packages:/home/rasp/ros2_ws/install/rcl_interfaces/lib/python3.12/site-packages:/home/rasp/ros2_ws/install/example_interfaces/lib/python3.12/site-packages:/home/rasp/ros2_ws/install/builtin_interfaces/lib/python3.12/site-packages:${PYTHONPATH} /usr/bin/cmake /home/rasp/ros2_ws/src/uros/rclc/rclc_parameter -DBUILD_TESTING=OFF -DBUILD_SHARED_LIBS=ON -DBUILD_SHARED_LIBS=ON -DCMAKE_INSTALL_PREFIX=/home/rasp/ros2_ws/install/rclc_parameter
[461.156s] DEBUG:colcon.colcon_core.event_handler.log_command:Invoking command in '/home/rasp/ros2_ws/build/rclc_parameter': AMENT_PREFIX_PATH=/home/rasp/ros2_ws/install/rclc:/home/rasp/ros2_ws/install/test_msgs:/home/rasp/ros2_ws/install/std_msgs:/home/rasp/ros2_ws/install/rcl_interfaces:/home/rasp/ros2_ws/install/test_interface_files:/home/rasp/ros2_ws/install/example_interfaces:/home/rasp/ros2_ws/install/builtin_interfaces:${AMENT_PREFIX_PATH} CMAKE_PREFIX_PATH=/home/rasp/ros2_ws/install/rclc:/home/rasp/ros2_ws/install/test_msgs:/home/rasp/ros2_ws/install/std_msgs:/home/rasp/ros2_ws/install/rcl_interfaces:/home/rasp/ros2_ws/install/test_interface_files:/home/rasp/ros2_ws/install/example_interfaces:/home/rasp/ros2_ws/install/builtin_interfaces:/home/rasp/ros2_ws/install/rosidl_typesupport_microxrcedds_cpp:/home/rasp/ros2_ws/install/rosidl_typesupport_microxrcedds_c:/home/rasp/ros2_ws/install/microcdr:/home/rasp/ros2_ws/install/micro_ros_setup:/opt/ros/jazzy/opt/gz_math_vendor:/opt/ros/jazzy/opt/gz_utils_vendor:/opt/ros/jazzy/opt/gz_cmake_vendor:/opt/ros/jazzy DEBUGINFOD_URLS=https://debuginfod.ubuntu.com LD_LIBRARY_PATH=/home/rasp/ros2_ws/install/rclc/lib:/home/rasp/ros2_ws/install/test_msgs/lib:/home/rasp/ros2_ws/install/std_msgs/lib:/home/rasp/ros2_ws/install/rcl_interfaces/lib:/home/rasp/ros2_ws/install/example_interfaces/lib:/home/rasp/ros2_ws/install/builtin_interfaces/lib:${LD_LIBRARY_PATH} PYTHONPATH=/home/rasp/ros2_ws/install/test_msgs/lib/python3.12/site-packages:/home/rasp/ros2_ws/install/std_msgs/lib/python3.12/site-packages:/home/rasp/ros2_ws/install/rcl_interfaces/lib/python3.12/site-packages:/home/rasp/ros2_ws/install/example_interfaces/lib/python3.12/site-packages:/home/rasp/ros2_ws/install/builtin_interfaces/lib/python3.12/site-packages:${PYTHONPATH} /usr/bin/cmake --build /home/rasp/ros2_ws/build/rclc_parameter -- -j2 -l2
[461.665s] DEBUG:colcon.colcon_core.event_handler.log_command:Invoked command in '/home/rasp/ros2_ws/build/rclc_parameter' returned '0': AMENT_PREFIX_PATH=/home/rasp/ros2_ws/install/rclc:/home/rasp/ros2_ws/install/test_msgs:/home/rasp/ros2_ws/install/std_msgs:/home/rasp/ros2_ws/install/rcl_interfaces:/home/rasp/ros2_ws/install/test_interface_files:/home/rasp/ros2_ws/install/example_interfaces:/home/rasp/ros2_ws/install/builtin_interfaces:${AMENT_PREFIX_PATH} CMAKE_PREFIX_PATH=/home/rasp/ros2_ws/install/rclc:/home/rasp/ros2_ws/install/test_msgs:/home/rasp/ros2_ws/install/std_msgs:/home/rasp/ros2_ws/install/rcl_interfaces:/home/rasp/ros2_ws/install/test_interface_files:/home/rasp/ros2_ws/install/example_interfaces:/home/rasp/ros2_ws/install/builtin_interfaces:/home/rasp/ros2_ws/install/rosidl_typesupport_microxrcedds_cpp:/home/rasp/ros2_ws/install/rosidl_typesupport_microxrcedds_c:/home/rasp/ros2_ws/install/microcdr:/home/rasp/ros2_ws/install/micro_ros_setup:/opt/ros/jazzy/opt/gz_math_vendor:/opt/ros/jazzy/opt/gz_utils_vendor:/opt/ros/jazzy/opt/gz_cmake_vendor:/opt/ros/jazzy DEBUGINFOD_URLS=https://debuginfod.ubuntu.com LD_LIBRARY_PATH=/home/rasp/ros2_ws/install/rclc/lib:/home/rasp/ros2_ws/install/test_msgs/lib:/home/rasp/ros2_ws/install/std_msgs/lib:/home/rasp/ros2_ws/install/rcl_interfaces/lib:/home/rasp/ros2_ws/install/example_interfaces/lib:/home/rasp/ros2_ws/install/builtin_interfaces/lib:${LD_LIBRARY_PATH} PYTHONPATH=/home/rasp/ros2_ws/install/test_msgs/lib/python3.12/site-packages:/home/rasp/ros2_ws/install/std_msgs/lib/python3.12/site-packages:/home/rasp/ros2_ws/install/rcl_interfaces/lib/python3.12/site-packages:/home/rasp/ros2_ws/install/example_interfaces/lib/python3.12/site-packages:/home/rasp/ros2_ws/install/builtin_interfaces/lib/python3.12/site-packages:${PYTHONPATH} /usr/bin/cmake --build /home/rasp/ros2_ws/build/rclc_parameter -- -j2 -l2
[461.666s] DEBUG:colcon.colcon_core.event_handler.log_command:Invoking command in '/home/rasp/ros2_ws/build/rclc_parameter': AMENT_PREFIX_PATH=/home/rasp/ros2_ws/install/rclc:/home/rasp/ros2_ws/install/test_msgs:/home/rasp/ros2_ws/install/std_msgs:/home/rasp/ros2_ws/install/rcl_interfaces:/home/rasp/ros2_ws/install/test_interface_files:/home/rasp/ros2_ws/install/example_interfaces:/home/rasp/ros2_ws/install/builtin_interfaces:${AMENT_PREFIX_PATH} CMAKE_PREFIX_PATH=/home/rasp/ros2_ws/install/rclc:/home/rasp/ros2_ws/install/test_msgs:/home/rasp/ros2_ws/install/std_msgs:/home/rasp/ros2_ws/install/rcl_interfaces:/home/rasp/ros2_ws/install/test_interface_files:/home/rasp/ros2_ws/install/example_interfaces:/home/rasp/ros2_ws/install/builtin_interfaces:/home/rasp/ros2_ws/install/rosidl_typesupport_microxrcedds_cpp:/home/rasp/ros2_ws/install/rosidl_typesupport_microxrcedds_c:/home/rasp/ros2_ws/install/microcdr:/home/rasp/ros2_ws/install/micro_ros_setup:/opt/ros/jazzy/opt/gz_math_vendor:/opt/ros/jazzy/opt/gz_utils_vendor:/opt/ros/jazzy/opt/gz_cmake_vendor:/opt/ros/jazzy DEBUGINFOD_URLS=https://debuginfod.ubuntu.com LD_LIBRARY_PATH=/home/rasp/ros2_ws/install/rclc/lib:/home/rasp/ros2_ws/install/test_msgs/lib:/home/rasp/ros2_ws/install/std_msgs/lib:/home/rasp/ros2_ws/install/rcl_interfaces/lib:/home/rasp/ros2_ws/install/example_interfaces/lib:/home/rasp/ros2_ws/install/builtin_interfaces/lib:${LD_LIBRARY_PATH} PYTHONPATH=/home/rasp/ros2_ws/install/test_msgs/lib/python3.12/site-packages:/home/rasp/ros2_ws/install/std_msgs/lib/python3.12/site-packages:/home/rasp/ros2_ws/install/rcl_interfaces/lib/python3.12/site-packages:/home/rasp/ros2_ws/install/example_interfaces/lib/python3.12/site-packages:/home/rasp/ros2_ws/install/builtin_interfaces/lib/python3.12/site-packages:${PYTHONPATH} /usr/bin/cmake --install /home/rasp/ros2_ws/build/rclc_parameter
[461.693s] Level 1:colcon.colcon_core.environment:create_environment_scripts_only(rclc_parameter)
[461.693s] Level 1:colcon.colcon_core.environment:checking '/home/rasp/ros2_ws/install/rclc_parameter' for CMake module files
[461.694s] DEBUG:colcon.colcon_core.event_handler.log_command:Invoked command in '/home/rasp/ros2_ws/build/rclc_parameter' returned '0': AMENT_PREFIX_PATH=/home/rasp/ros2_ws/install/rclc:/home/rasp/ros2_ws/install/test_msgs:/home/rasp/ros2_ws/install/std_msgs:/home/rasp/ros2_ws/install/rcl_interfaces:/home/rasp/ros2_ws/install/test_interface_files:/home/rasp/ros2_ws/install/example_interfaces:/home/rasp/ros2_ws/install/builtin_interfaces:${AMENT_PREFIX_PATH} CMAKE_PREFIX_PATH=/home/rasp/ros2_ws/install/rclc:/home/rasp/ros2_ws/install/test_msgs:/home/rasp/ros2_ws/install/std_msgs:/home/rasp/ros2_ws/install/rcl_interfaces:/home/rasp/ros2_ws/install/test_interface_files:/home/rasp/ros2_ws/install/example_interfaces:/home/rasp/ros2_ws/install/builtin_interfaces:/home/rasp/ros2_ws/install/rosidl_typesupport_microxrcedds_cpp:/home/rasp/ros2_ws/install/rosidl_typesupport_microxrcedds_c:/home/rasp/ros2_ws/install/microcdr:/home/rasp/ros2_ws/install/micro_ros_setup:/opt/ros/jazzy/opt/gz_math_vendor:/opt/ros/jazzy/opt/gz_utils_vendor:/opt/ros/jazzy/opt/gz_cmake_vendor:/opt/ros/jazzy DEBUGINFOD_URLS=https://debuginfod.ubuntu.com LD_LIBRARY_PATH=/home/rasp/ros2_ws/install/rclc/lib:/home/rasp/ros2_ws/install/test_msgs/lib:/home/rasp/ros2_ws/install/std_msgs/lib:/home/rasp/ros2_ws/install/rcl_interfaces/lib:/home/rasp/ros2_ws/install/example_interfaces/lib:/home/rasp/ros2_ws/install/builtin_interfaces/lib:${LD_LIBRARY_PATH} PYTHONPATH=/home/rasp/ros2_ws/install/test_msgs/lib/python3.12/site-packages:/home/rasp/ros2_ws/install/std_msgs/lib/python3.12/site-packages:/home/rasp/ros2_ws/install/rcl_interfaces/lib/python3.12/site-packages:/home/rasp/ros2_ws/install/example_interfaces/lib/python3.12/site-packages:/home/rasp/ros2_ws/install/builtin_interfaces/lib/python3.12/site-packages:${PYTHONPATH} /usr/bin/cmake --install /home/rasp/ros2_ws/build/rclc_parameter
[461.694s] Level 1:colcon.colcon_core.environment:checking '/home/rasp/ros2_ws/install/rclc_parameter' for CMake config files
[461.694s] Level 1:colcon.colcon_core.shell:create_environment_hook('rclc_parameter', 'cmake_prefix_path')
[461.694s] INFO:colcon.colcon_core.shell:Creating environment hook '/home/rasp/ros2_ws/install/rclc_parameter/share/rclc_parameter/hook/cmake_prefix_path.ps1'
[461.695s] INFO:colcon.colcon_core.shell:Creating environment descriptor '/home/rasp/ros2_ws/install/rclc_parameter/share/rclc_parameter/hook/cmake_prefix_path.dsv'
[461.695s] INFO:colcon.colcon_core.shell:Creating environment hook '/home/rasp/ros2_ws/install/rclc_parameter/share/rclc_parameter/hook/cmake_prefix_path.sh'
[461.696s] Level 1:colcon.colcon_core.environment:checking '/home/rasp/ros2_ws/install/rclc_parameter/lib'
[461.696s] Level 1:colcon.colcon_core.shell:create_environment_hook('rclc_parameter', 'ld_library_path_lib')
[461.696s] INFO:colcon.colcon_core.shell:Creating environment hook '/home/rasp/ros2_ws/install/rclc_parameter/share/rclc_parameter/hook/ld_library_path_lib.ps1'
[461.696s] INFO:colcon.colcon_core.shell:Creating environment descriptor '/home/rasp/ros2_ws/install/rclc_parameter/share/rclc_parameter/hook/ld_library_path_lib.dsv'
[461.697s] INFO:colcon.colcon_core.shell:Creating environment hook '/home/rasp/ros2_ws/install/rclc_parameter/share/rclc_parameter/hook/ld_library_path_lib.sh'
[461.697s] Level 1:colcon.colcon_core.environment:checking '/home/rasp/ros2_ws/install/rclc_parameter/bin'
[461.697s] Level 1:colcon.colcon_core.environment:checking '/home/rasp/ros2_ws/install/rclc_parameter/lib/pkgconfig/rclc_parameter.pc'
[461.697s] Level 1:colcon.colcon_core.environment:checking '/home/rasp/ros2_ws/install/rclc_parameter/lib/python3.12/site-packages'
[461.697s] Level 1:colcon.colcon_core.environment:checking '/home/rasp/ros2_ws/install/rclc_parameter/bin'
[461.698s] INFO:colcon.colcon_core.shell:Creating package script '/home/rasp/ros2_ws/install/rclc_parameter/share/rclc_parameter/package.ps1'
[461.698s] INFO:colcon.colcon_core.shell:Creating package descriptor '/home/rasp/ros2_ws/install/rclc_parameter/share/rclc_parameter/package.dsv'
[461.699s] INFO:colcon.colcon_core.shell:Creating package script '/home/rasp/ros2_ws/install/rclc_parameter/share/rclc_parameter/package.sh'
[461.699s] INFO:colcon.colcon_core.shell:Creating package script '/home/rasp/ros2_ws/install/rclc_parameter/share/rclc_parameter/package.bash'
[461.699s] INFO:colcon.colcon_core.shell:Creating package script '/home/rasp/ros2_ws/install/rclc_parameter/share/rclc_parameter/package.zsh'
[461.700s] Level 1:colcon.colcon_core.environment:create_file_with_runtime_dependencies(/home/rasp/ros2_ws/install/rclc_parameter/share/colcon-core/packages/rclc_parameter)
[461.700s] Level 1:colcon.colcon_core.environment:create_environment_scripts_only(rclc_parameter)
[461.700s] Level 1:colcon.colcon_core.environment:checking '/home/rasp/ros2_ws/install/rclc_parameter' for CMake module files
[461.701s] Level 1:colcon.colcon_core.environment:checking '/home/rasp/ros2_ws/install/rclc_parameter' for CMake config files
[461.701s] Level 1:colcon.colcon_core.shell:create_environment_hook('rclc_parameter', 'cmake_prefix_path')
[461.701s] INFO:colcon.colcon_core.shell:Creating environment hook '/home/rasp/ros2_ws/install/rclc_parameter/share/rclc_parameter/hook/cmake_prefix_path.ps1'
[461.702s] INFO:colcon.colcon_core.shell:Creating environment descriptor '/home/rasp/ros2_ws/install/rclc_parameter/share/rclc_parameter/hook/cmake_prefix_path.dsv'
[461.702s] INFO:colcon.colcon_core.shell:Creating environment hook '/home/rasp/ros2_ws/install/rclc_parameter/share/rclc_parameter/hook/cmake_prefix_path.sh'
[461.703s] Level 1:colcon.colcon_core.environment:checking '/home/rasp/ros2_ws/install/rclc_parameter/lib'
[461.703s] Level 1:colcon.colcon_core.shell:create_environment_hook('rclc_parameter', 'ld_library_path_lib')
[461.703s] INFO:colcon.colcon_core.shell:Creating environment hook '/home/rasp/ros2_ws/install/rclc_parameter/share/rclc_parameter/hook/ld_library_path_lib.ps1'
[461.704s] INFO:colcon.colcon_core.shell:Creating environment descriptor '/home/rasp/ros2_ws/install/rclc_parameter/share/rclc_parameter/hook/ld_library_path_lib.dsv'
[461.704s] INFO:colcon.colcon_core.shell:Creating environment hook '/home/rasp/ros2_ws/install/rclc_parameter/share/rclc_parameter/hook/ld_library_path_lib.sh'
[461.705s] Level 1:colcon.colcon_core.environment:checking '/home/rasp/ros2_ws/install/rclc_parameter/bin'
[461.705s] Level 1:colcon.colcon_core.environment:checking '/home/rasp/ros2_ws/install/rclc_parameter/lib/pkgconfig/rclc_parameter.pc'
[461.705s] Level 1:colcon.colcon_core.environment:checking '/home/rasp/ros2_ws/install/rclc_parameter/lib/python3.12/site-packages'
[461.705s] Level 1:colcon.colcon_core.environment:checking '/home/rasp/ros2_ws/install/rclc_parameter/bin'
[461.705s] INFO:colcon.colcon_core.shell:Creating package script '/home/rasp/ros2_ws/install/rclc_parameter/share/rclc_parameter/package.ps1'
[461.706s] INFO:colcon.colcon_core.shell:Creating package descriptor '/home/rasp/ros2_ws/install/rclc_parameter/share/rclc_parameter/package.dsv'
[461.707s] INFO:colcon.colcon_core.shell:Creating package script '/home/rasp/ros2_ws/install/rclc_parameter/share/rclc_parameter/package.sh'
[461.707s] INFO:colcon.colcon_core.shell:Creating package script '/home/rasp/ros2_ws/install/rclc_parameter/share/rclc_parameter/package.bash'
[461.708s] INFO:colcon.colcon_core.shell:Creating package script '/home/rasp/ros2_ws/install/rclc_parameter/share/rclc_parameter/package.zsh'
[461.708s] Level 1:colcon.colcon_core.environment:create_file_with_runtime_dependencies(/home/rasp/ros2_ws/install/rclc_parameter/share/colcon-core/packages/rclc_parameter)
[461.709s] INFO:colcon.colcon_ros.task.ament_cmake.build:Building ROS package in '/home/rasp/ros2_ws/src/ros2/common_interfaces/shape_msgs' with build type 'ament_cmake'
[461.709s] INFO:colcon.colcon_cmake.task.cmake.build:Building CMake package in '/home/rasp/ros2_ws/src/ros2/common_interfaces/shape_msgs'
[461.709s] INFO:colcon.colcon_core.shell:Skip shell extension 'powershell' for command environment: Not usable outside of PowerShell
[461.709s] DEBUG:colcon.colcon_core.shell:Skip shell extension 'dsv' for command environment
[461.734s] DEBUG:colcon.colcon_core.event_handler.log_command:Invoking command in '/home/rasp/ros2_ws/build/shape_msgs': AMENT_PREFIX_PATH=/home/rasp/ros2_ws/install/geometry_msgs:/home/rasp/ros2_ws/install/std_msgs:/home/rasp/ros2_ws/install/builtin_interfaces:${AMENT_PREFIX_PATH} CMAKE_PREFIX_PATH=/home/rasp/ros2_ws/install/geometry_msgs:/home/rasp/ros2_ws/install/std_msgs:/home/rasp/ros2_ws/install/builtin_interfaces:/home/rasp/ros2_ws/install/rosidl_typesupport_microxrcedds_cpp:/home/rasp/ros2_ws/install/rosidl_typesupport_microxrcedds_c:/home/rasp/ros2_ws/install/microcdr:/home/rasp/ros2_ws/install/micro_ros_setup:/opt/ros/jazzy/opt/gz_math_vendor:/opt/ros/jazzy/opt/gz_utils_vendor:/opt/ros/jazzy/opt/gz_cmake_vendor:/opt/ros/jazzy DEBUGINFOD_URLS=https://debuginfod.ubuntu.com LD_LIBRARY_PATH=/home/rasp/ros2_ws/install/geometry_msgs/lib:/home/rasp/ros2_ws/install/std_msgs/lib:/home/rasp/ros2_ws/install/builtin_interfaces/lib:${LD_LIBRARY_PATH} PYTHONPATH=/home/rasp/ros2_ws/install/geometry_msgs/lib/python3.12/site-packages:/home/rasp/ros2_ws/install/std_msgs/lib/python3.12/site-packages:/home/rasp/ros2_ws/install/builtin_interfaces/lib/python3.12/site-packages:${PYTHONPATH} /usr/bin/cmake /home/rasp/ros2_ws/src/ros2/common_interfaces/shape_msgs -DBUILD_TESTING=OFF -DBUILD_SHARED_LIBS=ON -DCMAKE_INSTALL_PREFIX=/home/rasp/ros2_ws/install/shape_msgs
[465.744s] DEBUG:colcon.colcon_core.event_handler.log_command:Invoked command in '/home/rasp/ros2_ws/build/shape_msgs' returned '0': AMENT_PREFIX_PATH=/home/rasp/ros2_ws/install/geometry_msgs:/home/rasp/ros2_ws/install/std_msgs:/home/rasp/ros2_ws/install/builtin_interfaces:${AMENT_PREFIX_PATH} CMAKE_PREFIX_PATH=/home/rasp/ros2_ws/install/geometry_msgs:/home/rasp/ros2_ws/install/std_msgs:/home/rasp/ros2_ws/install/builtin_interfaces:/home/rasp/ros2_ws/install/rosidl_typesupport_microxrcedds_cpp:/home/rasp/ros2_ws/install/rosidl_typesupport_microxrcedds_c:/home/rasp/ros2_ws/install/microcdr:/home/rasp/ros2_ws/install/micro_ros_setup:/opt/ros/jazzy/opt/gz_math_vendor:/opt/ros/jazzy/opt/gz_utils_vendor:/opt/ros/jazzy/opt/gz_cmake_vendor:/opt/ros/jazzy DEBUGINFOD_URLS=https://debuginfod.ubuntu.com LD_LIBRARY_PATH=/home/rasp/ros2_ws/install/geometry_msgs/lib:/home/rasp/ros2_ws/install/std_msgs/lib:/home/rasp/ros2_ws/install/builtin_interfaces/lib:${LD_LIBRARY_PATH} PYTHONPATH=/home/rasp/ros2_ws/install/geometry_msgs/lib/python3.12/site-packages:/home/rasp/ros2_ws/install/std_msgs/lib/python3.12/site-packages:/home/rasp/ros2_ws/install/builtin_interfaces/lib/python3.12/site-packages:${PYTHONPATH} /usr/bin/cmake /home/rasp/ros2_ws/src/ros2/common_interfaces/shape_msgs -DBUILD_TESTING=OFF -DBUILD_SHARED_LIBS=ON -DCMAKE_INSTALL_PREFIX=/home/rasp/ros2_ws/install/shape_msgs
[465.746s] DEBUG:colcon.colcon_core.event_handler.log_command:Invoking command in '/home/rasp/ros2_ws/build/shape_msgs': AMENT_PREFIX_PATH=/home/rasp/ros2_ws/install/geometry_msgs:/home/rasp/ros2_ws/install/std_msgs:/home/rasp/ros2_ws/install/builtin_interfaces:${AMENT_PREFIX_PATH} CMAKE_PREFIX_PATH=/home/rasp/ros2_ws/install/geometry_msgs:/home/rasp/ros2_ws/install/std_msgs:/home/rasp/ros2_ws/install/builtin_interfaces:/home/rasp/ros2_ws/install/rosidl_typesupport_microxrcedds_cpp:/home/rasp/ros2_ws/install/rosidl_typesupport_microxrcedds_c:/home/rasp/ros2_ws/install/microcdr:/home/rasp/ros2_ws/install/micro_ros_setup:/opt/ros/jazzy/opt/gz_math_vendor:/opt/ros/jazzy/opt/gz_utils_vendor:/opt/ros/jazzy/opt/gz_cmake_vendor:/opt/ros/jazzy DEBUGINFOD_URLS=https://debuginfod.ubuntu.com LD_LIBRARY_PATH=/home/rasp/ros2_ws/install/geometry_msgs/lib:/home/rasp/ros2_ws/install/std_msgs/lib:/home/rasp/ros2_ws/install/builtin_interfaces/lib:${LD_LIBRARY_PATH} PYTHONPATH=/home/rasp/ros2_ws/install/geometry_msgs/lib/python3.12/site-packages:/home/rasp/ros2_ws/install/std_msgs/lib/python3.12/site-packages:/home/rasp/ros2_ws/install/builtin_interfaces/lib/python3.12/site-packages:${PYTHONPATH} /usr/bin/cmake --build /home/rasp/ros2_ws/build/shape_msgs -- -j2 -l2
[483.620s] DEBUG:colcon.colcon_core.event_handler.log_command:Invoked command in '/home/rasp/ros2_ws/build/nav_msgs' returned '0': AMENT_PREFIX_PATH=/home/rasp/ros2_ws/install/geometry_msgs:/home/rasp/ros2_ws/install/std_msgs:/home/rasp/ros2_ws/install/builtin_interfaces:${AMENT_PREFIX_PATH} CMAKE_PREFIX_PATH=/home/rasp/ros2_ws/install/geometry_msgs:/home/rasp/ros2_ws/install/std_msgs:/home/rasp/ros2_ws/install/builtin_interfaces:/home/rasp/ros2_ws/install/rosidl_typesupport_microxrcedds_cpp:/home/rasp/ros2_ws/install/rosidl_typesupport_microxrcedds_c:/home/rasp/ros2_ws/install/microcdr:/home/rasp/ros2_ws/install/micro_ros_setup:/opt/ros/jazzy/opt/gz_math_vendor:/opt/ros/jazzy/opt/gz_utils_vendor:/opt/ros/jazzy/opt/gz_cmake_vendor:/opt/ros/jazzy DEBUGINFOD_URLS=https://debuginfod.ubuntu.com LD_LIBRARY_PATH=/home/rasp/ros2_ws/install/geometry_msgs/lib:/home/rasp/ros2_ws/install/std_msgs/lib:/home/rasp/ros2_ws/install/builtin_interfaces/lib:${LD_LIBRARY_PATH} PYTHONPATH=/home/rasp/ros2_ws/install/geometry_msgs/lib/python3.12/site-packages:/home/rasp/ros2_ws/install/std_msgs/lib/python3.12/site-packages:/home/rasp/ros2_ws/install/builtin_interfaces/lib/python3.12/site-packages:${PYTHONPATH} /usr/bin/cmake --build /home/rasp/ros2_ws/build/nav_msgs -- -j2 -l2
[483.620s] DEBUG:colcon.colcon_core.event_handler.log_command:Invoking command in '/home/rasp/ros2_ws/build/nav_msgs': AMENT_PREFIX_PATH=/home/rasp/ros2_ws/install/geometry_msgs:/home/rasp/ros2_ws/install/std_msgs:/home/rasp/ros2_ws/install/builtin_interfaces:${AMENT_PREFIX_PATH} CMAKE_PREFIX_PATH=/home/rasp/ros2_ws/install/geometry_msgs:/home/rasp/ros2_ws/install/std_msgs:/home/rasp/ros2_ws/install/builtin_interfaces:/home/rasp/ros2_ws/install/rosidl_typesupport_microxrcedds_cpp:/home/rasp/ros2_ws/install/rosidl_typesupport_microxrcedds_c:/home/rasp/ros2_ws/install/microcdr:/home/rasp/ros2_ws/install/micro_ros_setup:/opt/ros/jazzy/opt/gz_math_vendor:/opt/ros/jazzy/opt/gz_utils_vendor:/opt/ros/jazzy/opt/gz_cmake_vendor:/opt/ros/jazzy DEBUGINFOD_URLS=https://debuginfod.ubuntu.com LD_LIBRARY_PATH=/home/rasp/ros2_ws/install/geometry_msgs/lib:/home/rasp/ros2_ws/install/std_msgs/lib:/home/rasp/ros2_ws/install/builtin_interfaces/lib:${LD_LIBRARY_PATH} PYTHONPATH=/home/rasp/ros2_ws/install/geometry_msgs/lib/python3.12/site-packages:/home/rasp/ros2_ws/install/std_msgs/lib/python3.12/site-packages:/home/rasp/ros2_ws/install/builtin_interfaces/lib/python3.12/site-packages:${PYTHONPATH} /usr/bin/cmake --install /home/rasp/ros2_ws/build/nav_msgs
[483.844s] Level 1:colcon.colcon_core.environment:create_environment_scripts_only(nav_msgs)
[483.844s] DEBUG:colcon.colcon_core.event_handler.log_command:Invoked command in '/home/rasp/ros2_ws/build/nav_msgs' returned '0': AMENT_PREFIX_PATH=/home/rasp/ros2_ws/install/geometry_msgs:/home/rasp/ros2_ws/install/std_msgs:/home/rasp/ros2_ws/install/builtin_interfaces:${AMENT_PREFIX_PATH} CMAKE_PREFIX_PATH=/home/rasp/ros2_ws/install/geometry_msgs:/home/rasp/ros2_ws/install/std_msgs:/home/rasp/ros2_ws/install/builtin_interfaces:/home/rasp/ros2_ws/install/rosidl_typesupport_microxrcedds_cpp:/home/rasp/ros2_ws/install/rosidl_typesupport_microxrcedds_c:/home/rasp/ros2_ws/install/microcdr:/home/rasp/ros2_ws/install/micro_ros_setup:/opt/ros/jazzy/opt/gz_math_vendor:/opt/ros/jazzy/opt/gz_utils_vendor:/opt/ros/jazzy/opt/gz_cmake_vendor:/opt/ros/jazzy DEBUGINFOD_URLS=https://debuginfod.ubuntu.com LD_LIBRARY_PATH=/home/rasp/ros2_ws/install/geometry_msgs/lib:/home/rasp/ros2_ws/install/std_msgs/lib:/home/rasp/ros2_ws/install/builtin_interfaces/lib:${LD_LIBRARY_PATH} PYTHONPATH=/home/rasp/ros2_ws/install/geometry_msgs/lib/python3.12/site-packages:/home/rasp/ros2_ws/install/std_msgs/lib/python3.12/site-packages:/home/rasp/ros2_ws/install/builtin_interfaces/lib/python3.12/site-packages:${PYTHONPATH} /usr/bin/cmake --install /home/rasp/ros2_ws/build/nav_msgs
[483.844s] Level 1:colcon.colcon_core.environment:checking '/home/rasp/ros2_ws/install/nav_msgs' for CMake module files
[483.845s] Level 1:colcon.colcon_core.environment:checking '/home/rasp/ros2_ws/install/nav_msgs' for CMake config files
[483.846s] Level 1:colcon.colcon_core.shell:create_environment_hook('nav_msgs', 'cmake_prefix_path')
[483.846s] INFO:colcon.colcon_core.shell:Creating environment hook '/home/rasp/ros2_ws/install/nav_msgs/share/nav_msgs/hook/cmake_prefix_path.ps1'
[483.846s] INFO:colcon.colcon_core.shell:Creating environment descriptor '/home/rasp/ros2_ws/install/nav_msgs/share/nav_msgs/hook/cmake_prefix_path.dsv'
[483.847s] INFO:colcon.colcon_core.shell:Creating environment hook '/home/rasp/ros2_ws/install/nav_msgs/share/nav_msgs/hook/cmake_prefix_path.sh'
[483.847s] Level 1:colcon.colcon_core.environment:checking '/home/rasp/ros2_ws/install/nav_msgs/lib'
[483.847s] Level 1:colcon.colcon_core.shell:create_environment_hook('nav_msgs', 'ld_library_path_lib')
[483.847s] INFO:colcon.colcon_core.shell:Creating environment hook '/home/rasp/ros2_ws/install/nav_msgs/share/nav_msgs/hook/ld_library_path_lib.ps1'
[483.848s] INFO:colcon.colcon_core.shell:Creating environment descriptor '/home/rasp/ros2_ws/install/nav_msgs/share/nav_msgs/hook/ld_library_path_lib.dsv'
[483.848s] INFO:colcon.colcon_core.shell:Creating environment hook '/home/rasp/ros2_ws/install/nav_msgs/share/nav_msgs/hook/ld_library_path_lib.sh'
[483.848s] Level 1:colcon.colcon_core.environment:checking '/home/rasp/ros2_ws/install/nav_msgs/bin'
[483.848s] Level 1:colcon.colcon_core.environment:checking '/home/rasp/ros2_ws/install/nav_msgs/lib/pkgconfig/nav_msgs.pc'
[483.849s] Level 1:colcon.colcon_core.environment:checking '/home/rasp/ros2_ws/install/nav_msgs/lib/python3.12/site-packages'
[483.849s] Level 1:colcon.colcon_core.shell:create_environment_hook('nav_msgs', 'pythonpath')
[483.849s] INFO:colcon.colcon_core.shell:Creating environment hook '/home/rasp/ros2_ws/install/nav_msgs/share/nav_msgs/hook/pythonpath.ps1'
[483.849s] INFO:colcon.colcon_core.shell:Creating environment descriptor '/home/rasp/ros2_ws/install/nav_msgs/share/nav_msgs/hook/pythonpath.dsv'
[483.849s] INFO:colcon.colcon_core.shell:Creating environment hook '/home/rasp/ros2_ws/install/nav_msgs/share/nav_msgs/hook/pythonpath.sh'
[483.850s] Level 1:colcon.colcon_core.environment:checking '/home/rasp/ros2_ws/install/nav_msgs/bin'
[483.850s] INFO:colcon.colcon_core.shell:Creating package script '/home/rasp/ros2_ws/install/nav_msgs/share/nav_msgs/package.ps1'
[483.851s] INFO:colcon.colcon_core.shell:Creating package descriptor '/home/rasp/ros2_ws/install/nav_msgs/share/nav_msgs/package.dsv'
[483.851s] INFO:colcon.colcon_core.shell:Creating package script '/home/rasp/ros2_ws/install/nav_msgs/share/nav_msgs/package.sh'
[483.852s] INFO:colcon.colcon_core.shell:Creating package script '/home/rasp/ros2_ws/install/nav_msgs/share/nav_msgs/package.bash'
[483.852s] INFO:colcon.colcon_core.shell:Creating package script '/home/rasp/ros2_ws/install/nav_msgs/share/nav_msgs/package.zsh'
[483.852s] Level 1:colcon.colcon_core.environment:create_file_with_runtime_dependencies(/home/rasp/ros2_ws/install/nav_msgs/share/colcon-core/packages/nav_msgs)
[483.853s] Level 1:colcon.colcon_core.environment:create_environment_scripts_only(nav_msgs)
[483.853s] Level 1:colcon.colcon_core.environment:checking '/home/rasp/ros2_ws/install/nav_msgs' for CMake module files
[483.854s] Level 1:colcon.colcon_core.environment:checking '/home/rasp/ros2_ws/install/nav_msgs' for CMake config files
[483.854s] Level 1:colcon.colcon_core.shell:create_environment_hook('nav_msgs', 'cmake_prefix_path')
[483.854s] INFO:colcon.colcon_core.shell:Creating environment hook '/home/rasp/ros2_ws/install/nav_msgs/share/nav_msgs/hook/cmake_prefix_path.ps1'
[483.855s] INFO:colcon.colcon_core.shell:Creating environment descriptor '/home/rasp/ros2_ws/install/nav_msgs/share/nav_msgs/hook/cmake_prefix_path.dsv'
[483.856s] INFO:colcon.colcon_core.shell:Creating environment hook '/home/rasp/ros2_ws/install/nav_msgs/share/nav_msgs/hook/cmake_prefix_path.sh'
[483.856s] Level 1:colcon.colcon_core.environment:checking '/home/rasp/ros2_ws/install/nav_msgs/lib'
[483.856s] Level 1:colcon.colcon_core.shell:create_environment_hook('nav_msgs', 'ld_library_path_lib')
[483.857s] INFO:colcon.colcon_core.shell:Creating environment hook '/home/rasp/ros2_ws/install/nav_msgs/share/nav_msgs/hook/ld_library_path_lib.ps1'
[483.857s] INFO:colcon.colcon_core.shell:Creating environment descriptor '/home/rasp/ros2_ws/install/nav_msgs/share/nav_msgs/hook/ld_library_path_lib.dsv'
[483.858s] INFO:colcon.colcon_core.shell:Creating environment hook '/home/rasp/ros2_ws/install/nav_msgs/share/nav_msgs/hook/ld_library_path_lib.sh'
[483.858s] Level 1:colcon.colcon_core.environment:checking '/home/rasp/ros2_ws/install/nav_msgs/bin'
[483.858s] Level 1:colcon.colcon_core.environment:checking '/home/rasp/ros2_ws/install/nav_msgs/lib/pkgconfig/nav_msgs.pc'
[483.858s] Level 1:colcon.colcon_core.environment:checking '/home/rasp/ros2_ws/install/nav_msgs/lib/python3.12/site-packages'
[483.859s] Level 1:colcon.colcon_core.shell:create_environment_hook('nav_msgs', 'pythonpath')
[483.859s] INFO:colcon.colcon_core.shell:Creating environment hook '/home/rasp/ros2_ws/install/nav_msgs/share/nav_msgs/hook/pythonpath.ps1'
[483.859s] INFO:colcon.colcon_core.shell:Creating environment descriptor '/home/rasp/ros2_ws/install/nav_msgs/share/nav_msgs/hook/pythonpath.dsv'
[483.860s] INFO:colcon.colcon_core.shell:Creating environment hook '/home/rasp/ros2_ws/install/nav_msgs/share/nav_msgs/hook/pythonpath.sh'
[483.860s] Level 1:colcon.colcon_core.environment:checking '/home/rasp/ros2_ws/install/nav_msgs/bin'
[483.861s] INFO:colcon.colcon_core.shell:Creating package script '/home/rasp/ros2_ws/install/nav_msgs/share/nav_msgs/package.ps1'
[483.861s] INFO:colcon.colcon_core.shell:Creating package descriptor '/home/rasp/ros2_ws/install/nav_msgs/share/nav_msgs/package.dsv'
[483.862s] INFO:colcon.colcon_core.shell:Creating package script '/home/rasp/ros2_ws/install/nav_msgs/share/nav_msgs/package.sh'
[483.863s] INFO:colcon.colcon_core.shell:Creating package script '/home/rasp/ros2_ws/install/nav_msgs/share/nav_msgs/package.bash'
[483.863s] INFO:colcon.colcon_core.shell:Creating package script '/home/rasp/ros2_ws/install/nav_msgs/share/nav_msgs/package.zsh'
[483.864s] Level 1:colcon.colcon_core.environment:create_file_with_runtime_dependencies(/home/rasp/ros2_ws/install/nav_msgs/share/colcon-core/packages/nav_msgs)
[483.865s] INFO:colcon.colcon_ros.task.ament_cmake.build:Building ROS package in '/home/rasp/ros2_ws/src/ros2/common_interfaces/trajectory_msgs' with build type 'ament_cmake'
[483.865s] INFO:colcon.colcon_cmake.task.cmake.build:Building CMake package in '/home/rasp/ros2_ws/src/ros2/common_interfaces/trajectory_msgs'
[483.865s] INFO:colcon.colcon_core.shell:Skip shell extension 'powershell' for command environment: Not usable outside of PowerShell
[483.865s] DEBUG:colcon.colcon_core.shell:Skip shell extension 'dsv' for command environment
[483.890s] DEBUG:colcon.colcon_core.event_handler.log_command:Invoking command in '/home/rasp/ros2_ws/build/trajectory_msgs': AMENT_PREFIX_PATH=/home/rasp/ros2_ws/install/geometry_msgs:/home/rasp/ros2_ws/install/std_msgs:/home/rasp/ros2_ws/install/builtin_interfaces:${AMENT_PREFIX_PATH} CMAKE_PREFIX_PATH=/home/rasp/ros2_ws/install/geometry_msgs:/home/rasp/ros2_ws/install/std_msgs:/home/rasp/ros2_ws/install/builtin_interfaces:/home/rasp/ros2_ws/install/rosidl_typesupport_microxrcedds_cpp:/home/rasp/ros2_ws/install/rosidl_typesupport_microxrcedds_c:/home/rasp/ros2_ws/install/microcdr:/home/rasp/ros2_ws/install/micro_ros_setup:/opt/ros/jazzy/opt/gz_math_vendor:/opt/ros/jazzy/opt/gz_utils_vendor:/opt/ros/jazzy/opt/gz_cmake_vendor:/opt/ros/jazzy DEBUGINFOD_URLS=https://debuginfod.ubuntu.com LD_LIBRARY_PATH=/home/rasp/ros2_ws/install/geometry_msgs/lib:/home/rasp/ros2_ws/install/std_msgs/lib:/home/rasp/ros2_ws/install/builtin_interfaces/lib:${LD_LIBRARY_PATH} PYTHONPATH=/home/rasp/ros2_ws/install/geometry_msgs/lib/python3.12/site-packages:/home/rasp/ros2_ws/install/std_msgs/lib/python3.12/site-packages:/home/rasp/ros2_ws/install/builtin_interfaces/lib/python3.12/site-packages:${PYTHONPATH} /usr/bin/cmake /home/rasp/ros2_ws/src/ros2/common_interfaces/trajectory_msgs -DBUILD_TESTING=OFF -DBUILD_SHARED_LIBS=ON -DCMAKE_INSTALL_PREFIX=/home/rasp/ros2_ws/install/trajectory_msgs
[485.828s] DEBUG:colcon.colcon_core.event_handler.log_command:Invoked command in '/home/rasp/ros2_ws/build/shape_msgs' returned '0': AMENT_PREFIX_PATH=/home/rasp/ros2_ws/install/geometry_msgs:/home/rasp/ros2_ws/install/std_msgs:/home/rasp/ros2_ws/install/builtin_interfaces:${AMENT_PREFIX_PATH} CMAKE_PREFIX_PATH=/home/rasp/ros2_ws/install/geometry_msgs:/home/rasp/ros2_ws/install/std_msgs:/home/rasp/ros2_ws/install/builtin_interfaces:/home/rasp/ros2_ws/install/rosidl_typesupport_microxrcedds_cpp:/home/rasp/ros2_ws/install/rosidl_typesupport_microxrcedds_c:/home/rasp/ros2_ws/install/microcdr:/home/rasp/ros2_ws/install/micro_ros_setup:/opt/ros/jazzy/opt/gz_math_vendor:/opt/ros/jazzy/opt/gz_utils_vendor:/opt/ros/jazzy/opt/gz_cmake_vendor:/opt/ros/jazzy DEBUGINFOD_URLS=https://debuginfod.ubuntu.com LD_LIBRARY_PATH=/home/rasp/ros2_ws/install/geometry_msgs/lib:/home/rasp/ros2_ws/install/std_msgs/lib:/home/rasp/ros2_ws/install/builtin_interfaces/lib:${LD_LIBRARY_PATH} PYTHONPATH=/home/rasp/ros2_ws/install/geometry_msgs/lib/python3.12/site-packages:/home/rasp/ros2_ws/install/std_msgs/lib/python3.12/site-packages:/home/rasp/ros2_ws/install/builtin_interfaces/lib/python3.12/site-packages:${PYTHONPATH} /usr/bin/cmake --build /home/rasp/ros2_ws/build/shape_msgs -- -j2 -l2
[485.829s] DEBUG:colcon.colcon_core.event_handler.log_command:Invoking command in '/home/rasp/ros2_ws/build/shape_msgs': AMENT_PREFIX_PATH=/home/rasp/ros2_ws/install/geometry_msgs:/home/rasp/ros2_ws/install/std_msgs:/home/rasp/ros2_ws/install/builtin_interfaces:${AMENT_PREFIX_PATH} CMAKE_PREFIX_PATH=/home/rasp/ros2_ws/install/geometry_msgs:/home/rasp/ros2_ws/install/std_msgs:/home/rasp/ros2_ws/install/builtin_interfaces:/home/rasp/ros2_ws/install/rosidl_typesupport_microxrcedds_cpp:/home/rasp/ros2_ws/install/rosidl_typesupport_microxrcedds_c:/home/rasp/ros2_ws/install/microcdr:/home/rasp/ros2_ws/install/micro_ros_setup:/opt/ros/jazzy/opt/gz_math_vendor:/opt/ros/jazzy/opt/gz_utils_vendor:/opt/ros/jazzy/opt/gz_cmake_vendor:/opt/ros/jazzy DEBUGINFOD_URLS=https://debuginfod.ubuntu.com LD_LIBRARY_PATH=/home/rasp/ros2_ws/install/geometry_msgs/lib:/home/rasp/ros2_ws/install/std_msgs/lib:/home/rasp/ros2_ws/install/builtin_interfaces/lib:${LD_LIBRARY_PATH} PYTHONPATH=/home/rasp/ros2_ws/install/geometry_msgs/lib/python3.12/site-packages:/home/rasp/ros2_ws/install/std_msgs/lib/python3.12/site-packages:/home/rasp/ros2_ws/install/builtin_interfaces/lib/python3.12/site-packages:${PYTHONPATH} /usr/bin/cmake --install /home/rasp/ros2_ws/build/shape_msgs
[485.969s] Level 1:colcon.colcon_core.environment:create_environment_scripts_only(shape_msgs)
[485.970s] Level 1:colcon.colcon_core.environment:checking '/home/rasp/ros2_ws/install/shape_msgs' for CMake module files
[485.971s] Level 1:colcon.colcon_core.environment:checking '/home/rasp/ros2_ws/install/shape_msgs' for CMake config files
[485.971s] Level 1:colcon.colcon_core.shell:create_environment_hook('shape_msgs', 'cmake_prefix_path')
[485.971s] INFO:colcon.colcon_core.shell:Creating environment hook '/home/rasp/ros2_ws/install/shape_msgs/share/shape_msgs/hook/cmake_prefix_path.ps1'
[485.972s] INFO:colcon.colcon_core.shell:Creating environment descriptor '/home/rasp/ros2_ws/install/shape_msgs/share/shape_msgs/hook/cmake_prefix_path.dsv'
[485.972s] DEBUG:colcon.colcon_core.event_handler.log_command:Invoked command in '/home/rasp/ros2_ws/build/shape_msgs' returned '0': AMENT_PREFIX_PATH=/home/rasp/ros2_ws/install/geometry_msgs:/home/rasp/ros2_ws/install/std_msgs:/home/rasp/ros2_ws/install/builtin_interfaces:${AMENT_PREFIX_PATH} CMAKE_PREFIX_PATH=/home/rasp/ros2_ws/install/geometry_msgs:/home/rasp/ros2_ws/install/std_msgs:/home/rasp/ros2_ws/install/builtin_interfaces:/home/rasp/ros2_ws/install/rosidl_typesupport_microxrcedds_cpp:/home/rasp/ros2_ws/install/rosidl_typesupport_microxrcedds_c:/home/rasp/ros2_ws/install/microcdr:/home/rasp/ros2_ws/install/micro_ros_setup:/opt/ros/jazzy/opt/gz_math_vendor:/opt/ros/jazzy/opt/gz_utils_vendor:/opt/ros/jazzy/opt/gz_cmake_vendor:/opt/ros/jazzy DEBUGINFOD_URLS=https://debuginfod.ubuntu.com LD_LIBRARY_PATH=/home/rasp/ros2_ws/install/geometry_msgs/lib:/home/rasp/ros2_ws/install/std_msgs/lib:/home/rasp/ros2_ws/install/builtin_interfaces/lib:${LD_LIBRARY_PATH} PYTHONPATH=/home/rasp/ros2_ws/install/geometry_msgs/lib/python3.12/site-packages:/home/rasp/ros2_ws/install/std_msgs/lib/python3.12/site-packages:/home/rasp/ros2_ws/install/builtin_interfaces/lib/python3.12/site-packages:${PYTHONPATH} /usr/bin/cmake --install /home/rasp/ros2_ws/build/shape_msgs
[485.973s] INFO:colcon.colcon_core.shell:Creating environment hook '/home/rasp/ros2_ws/install/shape_msgs/share/shape_msgs/hook/cmake_prefix_path.sh'
[485.973s] Level 1:colcon.colcon_core.environment:checking '/home/rasp/ros2_ws/install/shape_msgs/lib'
[485.973s] Level 1:colcon.colcon_core.shell:create_environment_hook('shape_msgs', 'ld_library_path_lib')
[485.974s] INFO:colcon.colcon_core.shell:Creating environment hook '/home/rasp/ros2_ws/install/shape_msgs/share/shape_msgs/hook/ld_library_path_lib.ps1'
[485.974s] INFO:colcon.colcon_core.shell:Creating environment descriptor '/home/rasp/ros2_ws/install/shape_msgs/share/shape_msgs/hook/ld_library_path_lib.dsv'
[485.974s] INFO:colcon.colcon_core.shell:Creating environment hook '/home/rasp/ros2_ws/install/shape_msgs/share/shape_msgs/hook/ld_library_path_lib.sh'
[485.974s] Level 1:colcon.colcon_core.environment:checking '/home/rasp/ros2_ws/install/shape_msgs/bin'
[485.974s] Level 1:colcon.colcon_core.environment:checking '/home/rasp/ros2_ws/install/shape_msgs/lib/pkgconfig/shape_msgs.pc'
[485.975s] Level 1:colcon.colcon_core.environment:checking '/home/rasp/ros2_ws/install/shape_msgs/lib/python3.12/site-packages'
[485.975s] Level 1:colcon.colcon_core.shell:create_environment_hook('shape_msgs', 'pythonpath')
[485.975s] INFO:colcon.colcon_core.shell:Creating environment hook '/home/rasp/ros2_ws/install/shape_msgs/share/shape_msgs/hook/pythonpath.ps1'
[485.975s] INFO:colcon.colcon_core.shell:Creating environment descriptor '/home/rasp/ros2_ws/install/shape_msgs/share/shape_msgs/hook/pythonpath.dsv'
[485.975s] INFO:colcon.colcon_core.shell:Creating environment hook '/home/rasp/ros2_ws/install/shape_msgs/share/shape_msgs/hook/pythonpath.sh'
[485.976s] Level 1:colcon.colcon_core.environment:checking '/home/rasp/ros2_ws/install/shape_msgs/bin'
[485.976s] INFO:colcon.colcon_core.shell:Creating package script '/home/rasp/ros2_ws/install/shape_msgs/share/shape_msgs/package.ps1'
[485.976s] INFO:colcon.colcon_core.shell:Creating package descriptor '/home/rasp/ros2_ws/install/shape_msgs/share/shape_msgs/package.dsv'
[485.977s] INFO:colcon.colcon_core.shell:Creating package script '/home/rasp/ros2_ws/install/shape_msgs/share/shape_msgs/package.sh'
[485.977s] INFO:colcon.colcon_core.shell:Creating package script '/home/rasp/ros2_ws/install/shape_msgs/share/shape_msgs/package.bash'
[485.978s] INFO:colcon.colcon_core.shell:Creating package script '/home/rasp/ros2_ws/install/shape_msgs/share/shape_msgs/package.zsh'
[485.978s] Level 1:colcon.colcon_core.environment:create_file_with_runtime_dependencies(/home/rasp/ros2_ws/install/shape_msgs/share/colcon-core/packages/shape_msgs)
[485.979s] Level 1:colcon.colcon_core.environment:create_environment_scripts_only(shape_msgs)
[485.979s] Level 1:colcon.colcon_core.environment:checking '/home/rasp/ros2_ws/install/shape_msgs' for CMake module files
[485.980s] Level 1:colcon.colcon_core.environment:checking '/home/rasp/ros2_ws/install/shape_msgs' for CMake config files
[485.980s] Level 1:colcon.colcon_core.shell:create_environment_hook('shape_msgs', 'cmake_prefix_path')
[485.980s] INFO:colcon.colcon_core.shell:Creating environment hook '/home/rasp/ros2_ws/install/shape_msgs/share/shape_msgs/hook/cmake_prefix_path.ps1'
[485.980s] INFO:colcon.colcon_core.shell:Creating environment descriptor '/home/rasp/ros2_ws/install/shape_msgs/share/shape_msgs/hook/cmake_prefix_path.dsv'
[485.981s] INFO:colcon.colcon_core.shell:Creating environment hook '/home/rasp/ros2_ws/install/shape_msgs/share/shape_msgs/hook/cmake_prefix_path.sh'
[485.982s] Level 1:colcon.colcon_core.environment:checking '/home/rasp/ros2_ws/install/shape_msgs/lib'
[485.982s] Level 1:colcon.colcon_core.shell:create_environment_hook('shape_msgs', 'ld_library_path_lib')
[485.982s] INFO:colcon.colcon_core.shell:Creating environment hook '/home/rasp/ros2_ws/install/shape_msgs/share/shape_msgs/hook/ld_library_path_lib.ps1'
[485.982s] INFO:colcon.colcon_core.shell:Creating environment descriptor '/home/rasp/ros2_ws/install/shape_msgs/share/shape_msgs/hook/ld_library_path_lib.dsv'
[485.983s] INFO:colcon.colcon_core.shell:Creating environment hook '/home/rasp/ros2_ws/install/shape_msgs/share/shape_msgs/hook/ld_library_path_lib.sh'
[485.983s] Level 1:colcon.colcon_core.environment:checking '/home/rasp/ros2_ws/install/shape_msgs/bin'
[485.983s] Level 1:colcon.colcon_core.environment:checking '/home/rasp/ros2_ws/install/shape_msgs/lib/pkgconfig/shape_msgs.pc'
[485.983s] Level 1:colcon.colcon_core.environment:checking '/home/rasp/ros2_ws/install/shape_msgs/lib/python3.12/site-packages'
[485.983s] Level 1:colcon.colcon_core.shell:create_environment_hook('shape_msgs', 'pythonpath')
[485.984s] INFO:colcon.colcon_core.shell:Creating environment hook '/home/rasp/ros2_ws/install/shape_msgs/share/shape_msgs/hook/pythonpath.ps1'
[485.984s] INFO:colcon.colcon_core.shell:Creating environment descriptor '/home/rasp/ros2_ws/install/shape_msgs/share/shape_msgs/hook/pythonpath.dsv'
[485.985s] INFO:colcon.colcon_core.shell:Creating environment hook '/home/rasp/ros2_ws/install/shape_msgs/share/shape_msgs/hook/pythonpath.sh'
[485.985s] Level 1:colcon.colcon_core.environment:checking '/home/rasp/ros2_ws/install/shape_msgs/bin'
[485.986s] INFO:colcon.colcon_core.shell:Creating package script '/home/rasp/ros2_ws/install/shape_msgs/share/shape_msgs/package.ps1'
[485.986s] INFO:colcon.colcon_core.shell:Creating package descriptor '/home/rasp/ros2_ws/install/shape_msgs/share/shape_msgs/package.dsv'
[485.987s] INFO:colcon.colcon_core.shell:Creating package script '/home/rasp/ros2_ws/install/shape_msgs/share/shape_msgs/package.sh'
[485.987s] INFO:colcon.colcon_core.shell:Creating package script '/home/rasp/ros2_ws/install/shape_msgs/share/shape_msgs/package.bash'
[485.988s] INFO:colcon.colcon_core.shell:Creating package script '/home/rasp/ros2_ws/install/shape_msgs/share/shape_msgs/package.zsh'
[485.989s] Level 1:colcon.colcon_core.environment:create_file_with_runtime_dependencies(/home/rasp/ros2_ws/install/shape_msgs/share/colcon-core/packages/shape_msgs)
[485.989s] INFO:colcon.colcon_ros.task.ament_cmake.build:Building ROS package in '/home/rasp/ros2_ws/src/ros2/common_interfaces/stereo_msgs' with build type 'ament_cmake'
[485.989s] INFO:colcon.colcon_cmake.task.cmake.build:Building CMake package in '/home/rasp/ros2_ws/src/ros2/common_interfaces/stereo_msgs'
[485.989s] INFO:colcon.colcon_core.shell:Skip shell extension 'powershell' for command environment: Not usable outside of PowerShell
[485.989s] DEBUG:colcon.colcon_core.shell:Skip shell extension 'dsv' for command environment
[486.027s] DEBUG:colcon.colcon_core.event_handler.log_command:Invoking command in '/home/rasp/ros2_ws/build/stereo_msgs': AMENT_PREFIX_PATH=/home/rasp/ros2_ws/install/sensor_msgs:/home/rasp/ros2_ws/install/geometry_msgs:/home/rasp/ros2_ws/install/std_msgs:/home/rasp/ros2_ws/install/builtin_interfaces:${AMENT_PREFIX_PATH} CMAKE_PREFIX_PATH=/home/rasp/ros2_ws/install/sensor_msgs:/home/rasp/ros2_ws/install/geometry_msgs:/home/rasp/ros2_ws/install/std_msgs:/home/rasp/ros2_ws/install/builtin_interfaces:/home/rasp/ros2_ws/install/rosidl_typesupport_microxrcedds_cpp:/home/rasp/ros2_ws/install/rosidl_typesupport_microxrcedds_c:/home/rasp/ros2_ws/install/microcdr:/home/rasp/ros2_ws/install/micro_ros_setup:/opt/ros/jazzy/opt/gz_math_vendor:/opt/ros/jazzy/opt/gz_utils_vendor:/opt/ros/jazzy/opt/gz_cmake_vendor:/opt/ros/jazzy DEBUGINFOD_URLS=https://debuginfod.ubuntu.com LD_LIBRARY_PATH=/home/rasp/ros2_ws/install/sensor_msgs/lib:/home/rasp/ros2_ws/install/geometry_msgs/lib:/home/rasp/ros2_ws/install/std_msgs/lib:/home/rasp/ros2_ws/install/builtin_interfaces/lib:${LD_LIBRARY_PATH} PYTHONPATH=/home/rasp/ros2_ws/install/sensor_msgs/lib/python3.12/site-packages:/home/rasp/ros2_ws/install/geometry_msgs/lib/python3.12/site-packages:/home/rasp/ros2_ws/install/std_msgs/lib/python3.12/site-packages:/home/rasp/ros2_ws/install/builtin_interfaces/lib/python3.12/site-packages:${PYTHONPATH} /usr/bin/cmake /home/rasp/ros2_ws/src/ros2/common_interfaces/stereo_msgs -DBUILD_TESTING=OFF -DBUILD_SHARED_LIBS=ON -DCMAKE_INSTALL_PREFIX=/home/rasp/ros2_ws/install/stereo_msgs
[488.051s] DEBUG:colcon.colcon_core.event_handler.log_command:Invoked command in '/home/rasp/ros2_ws/build/trajectory_msgs' returned '0': AMENT_PREFIX_PATH=/home/rasp/ros2_ws/install/geometry_msgs:/home/rasp/ros2_ws/install/std_msgs:/home/rasp/ros2_ws/install/builtin_interfaces:${AMENT_PREFIX_PATH} CMAKE_PREFIX_PATH=/home/rasp/ros2_ws/install/geometry_msgs:/home/rasp/ros2_ws/install/std_msgs:/home/rasp/ros2_ws/install/builtin_interfaces:/home/rasp/ros2_ws/install/rosidl_typesupport_microxrcedds_cpp:/home/rasp/ros2_ws/install/rosidl_typesupport_microxrcedds_c:/home/rasp/ros2_ws/install/microcdr:/home/rasp/ros2_ws/install/micro_ros_setup:/opt/ros/jazzy/opt/gz_math_vendor:/opt/ros/jazzy/opt/gz_utils_vendor:/opt/ros/jazzy/opt/gz_cmake_vendor:/opt/ros/jazzy DEBUGINFOD_URLS=https://debuginfod.ubuntu.com LD_LIBRARY_PATH=/home/rasp/ros2_ws/install/geometry_msgs/lib:/home/rasp/ros2_ws/install/std_msgs/lib:/home/rasp/ros2_ws/install/builtin_interfaces/lib:${LD_LIBRARY_PATH} PYTHONPATH=/home/rasp/ros2_ws/install/geometry_msgs/lib/python3.12/site-packages:/home/rasp/ros2_ws/install/std_msgs/lib/python3.12/site-packages:/home/rasp/ros2_ws/install/builtin_interfaces/lib/python3.12/site-packages:${PYTHONPATH} /usr/bin/cmake /home/rasp/ros2_ws/src/ros2/common_interfaces/trajectory_msgs -DBUILD_TESTING=OFF -DBUILD_SHARED_LIBS=ON -DCMAKE_INSTALL_PREFIX=/home/rasp/ros2_ws/install/trajectory_msgs
[488.051s] DEBUG:colcon.colcon_core.event_handler.log_command:Invoking command in '/home/rasp/ros2_ws/build/trajectory_msgs': AMENT_PREFIX_PATH=/home/rasp/ros2_ws/install/geometry_msgs:/home/rasp/ros2_ws/install/std_msgs:/home/rasp/ros2_ws/install/builtin_interfaces:${AMENT_PREFIX_PATH} CMAKE_PREFIX_PATH=/home/rasp/ros2_ws/install/geometry_msgs:/home/rasp/ros2_ws/install/std_msgs:/home/rasp/ros2_ws/install/builtin_interfaces:/home/rasp/ros2_ws/install/rosidl_typesupport_microxrcedds_cpp:/home/rasp/ros2_ws/install/rosidl_typesupport_microxrcedds_c:/home/rasp/ros2_ws/install/microcdr:/home/rasp/ros2_ws/install/micro_ros_setup:/opt/ros/jazzy/opt/gz_math_vendor:/opt/ros/jazzy/opt/gz_utils_vendor:/opt/ros/jazzy/opt/gz_cmake_vendor:/opt/ros/jazzy DEBUGINFOD_URLS=https://debuginfod.ubuntu.com LD_LIBRARY_PATH=/home/rasp/ros2_ws/install/geometry_msgs/lib:/home/rasp/ros2_ws/install/std_msgs/lib:/home/rasp/ros2_ws/install/builtin_interfaces/lib:${LD_LIBRARY_PATH} PYTHONPATH=/home/rasp/ros2_ws/install/geometry_msgs/lib/python3.12/site-packages:/home/rasp/ros2_ws/install/std_msgs/lib/python3.12/site-packages:/home/rasp/ros2_ws/install/builtin_interfaces/lib/python3.12/site-packages:${PYTHONPATH} /usr/bin/cmake --build /home/rasp/ros2_ws/build/trajectory_msgs -- -j2 -l2
[490.460s] DEBUG:colcon.colcon_core.event_handler.log_command:Invoked command in '/home/rasp/ros2_ws/build/stereo_msgs' returned '0': AMENT_PREFIX_PATH=/home/rasp/ros2_ws/install/sensor_msgs:/home/rasp/ros2_ws/install/geometry_msgs:/home/rasp/ros2_ws/install/std_msgs:/home/rasp/ros2_ws/install/builtin_interfaces:${AMENT_PREFIX_PATH} CMAKE_PREFIX_PATH=/home/rasp/ros2_ws/install/sensor_msgs:/home/rasp/ros2_ws/install/geometry_msgs:/home/rasp/ros2_ws/install/std_msgs:/home/rasp/ros2_ws/install/builtin_interfaces:/home/rasp/ros2_ws/install/rosidl_typesupport_microxrcedds_cpp:/home/rasp/ros2_ws/install/rosidl_typesupport_microxrcedds_c:/home/rasp/ros2_ws/install/microcdr:/home/rasp/ros2_ws/install/micro_ros_setup:/opt/ros/jazzy/opt/gz_math_vendor:/opt/ros/jazzy/opt/gz_utils_vendor:/opt/ros/jazzy/opt/gz_cmake_vendor:/opt/ros/jazzy DEBUGINFOD_URLS=https://debuginfod.ubuntu.com LD_LIBRARY_PATH=/home/rasp/ros2_ws/install/sensor_msgs/lib:/home/rasp/ros2_ws/install/geometry_msgs/lib:/home/rasp/ros2_ws/install/std_msgs/lib:/home/rasp/ros2_ws/install/builtin_interfaces/lib:${LD_LIBRARY_PATH} PYTHONPATH=/home/rasp/ros2_ws/install/sensor_msgs/lib/python3.12/site-packages:/home/rasp/ros2_ws/install/geometry_msgs/lib/python3.12/site-packages:/home/rasp/ros2_ws/install/std_msgs/lib/python3.12/site-packages:/home/rasp/ros2_ws/install/builtin_interfaces/lib/python3.12/site-packages:${PYTHONPATH} /usr/bin/cmake /home/rasp/ros2_ws/src/ros2/common_interfaces/stereo_msgs -DBUILD_TESTING=OFF -DBUILD_SHARED_LIBS=ON -DCMAKE_INSTALL_PREFIX=/home/rasp/ros2_ws/install/stereo_msgs
[490.461s] DEBUG:colcon.colcon_core.event_handler.log_command:Invoking command in '/home/rasp/ros2_ws/build/stereo_msgs': AMENT_PREFIX_PATH=/home/rasp/ros2_ws/install/sensor_msgs:/home/rasp/ros2_ws/install/geometry_msgs:/home/rasp/ros2_ws/install/std_msgs:/home/rasp/ros2_ws/install/builtin_interfaces:${AMENT_PREFIX_PATH} CMAKE_PREFIX_PATH=/home/rasp/ros2_ws/install/sensor_msgs:/home/rasp/ros2_ws/install/geometry_msgs:/home/rasp/ros2_ws/install/std_msgs:/home/rasp/ros2_ws/install/builtin_interfaces:/home/rasp/ros2_ws/install/rosidl_typesupport_microxrcedds_cpp:/home/rasp/ros2_ws/install/rosidl_typesupport_microxrcedds_c:/home/rasp/ros2_ws/install/microcdr:/home/rasp/ros2_ws/install/micro_ros_setup:/opt/ros/jazzy/opt/gz_math_vendor:/opt/ros/jazzy/opt/gz_utils_vendor:/opt/ros/jazzy/opt/gz_cmake_vendor:/opt/ros/jazzy DEBUGINFOD_URLS=https://debuginfod.ubuntu.com LD_LIBRARY_PATH=/home/rasp/ros2_ws/install/sensor_msgs/lib:/home/rasp/ros2_ws/install/geometry_msgs/lib:/home/rasp/ros2_ws/install/std_msgs/lib:/home/rasp/ros2_ws/install/builtin_interfaces/lib:${LD_LIBRARY_PATH} PYTHONPATH=/home/rasp/ros2_ws/install/sensor_msgs/lib/python3.12/site-packages:/home/rasp/ros2_ws/install/geometry_msgs/lib/python3.12/site-packages:/home/rasp/ros2_ws/install/std_msgs/lib/python3.12/site-packages:/home/rasp/ros2_ws/install/builtin_interfaces/lib/python3.12/site-packages:${PYTHONPATH} /usr/bin/cmake --build /home/rasp/ros2_ws/build/stereo_msgs -- -j2 -l2
[499.363s] DEBUG:colcon.colcon_core.event_handler.log_command:Invoked command in '/home/rasp/ros2_ws/build/stereo_msgs' returned '0': AMENT_PREFIX_PATH=/home/rasp/ros2_ws/install/sensor_msgs:/home/rasp/ros2_ws/install/geometry_msgs:/home/rasp/ros2_ws/install/std_msgs:/home/rasp/ros2_ws/install/builtin_interfaces:${AMENT_PREFIX_PATH} CMAKE_PREFIX_PATH=/home/rasp/ros2_ws/install/sensor_msgs:/home/rasp/ros2_ws/install/geometry_msgs:/home/rasp/ros2_ws/install/std_msgs:/home/rasp/ros2_ws/install/builtin_interfaces:/home/rasp/ros2_ws/install/rosidl_typesupport_microxrcedds_cpp:/home/rasp/ros2_ws/install/rosidl_typesupport_microxrcedds_c:/home/rasp/ros2_ws/install/microcdr:/home/rasp/ros2_ws/install/micro_ros_setup:/opt/ros/jazzy/opt/gz_math_vendor:/opt/ros/jazzy/opt/gz_utils_vendor:/opt/ros/jazzy/opt/gz_cmake_vendor:/opt/ros/jazzy DEBUGINFOD_URLS=https://debuginfod.ubuntu.com LD_LIBRARY_PATH=/home/rasp/ros2_ws/install/sensor_msgs/lib:/home/rasp/ros2_ws/install/geometry_msgs/lib:/home/rasp/ros2_ws/install/std_msgs/lib:/home/rasp/ros2_ws/install/builtin_interfaces/lib:${LD_LIBRARY_PATH} PYTHONPATH=/home/rasp/ros2_ws/install/sensor_msgs/lib/python3.12/site-packages:/home/rasp/ros2_ws/install/geometry_msgs/lib/python3.12/site-packages:/home/rasp/ros2_ws/install/std_msgs/lib/python3.12/site-packages:/home/rasp/ros2_ws/install/builtin_interfaces/lib/python3.12/site-packages:${PYTHONPATH} /usr/bin/cmake --build /home/rasp/ros2_ws/build/stereo_msgs -- -j2 -l2
[499.364s] DEBUG:colcon.colcon_core.event_handler.log_command:Invoking command in '/home/rasp/ros2_ws/build/stereo_msgs': AMENT_PREFIX_PATH=/home/rasp/ros2_ws/install/sensor_msgs:/home/rasp/ros2_ws/install/geometry_msgs:/home/rasp/ros2_ws/install/std_msgs:/home/rasp/ros2_ws/install/builtin_interfaces:${AMENT_PREFIX_PATH} CMAKE_PREFIX_PATH=/home/rasp/ros2_ws/install/sensor_msgs:/home/rasp/ros2_ws/install/geometry_msgs:/home/rasp/ros2_ws/install/std_msgs:/home/rasp/ros2_ws/install/builtin_interfaces:/home/rasp/ros2_ws/install/rosidl_typesupport_microxrcedds_cpp:/home/rasp/ros2_ws/install/rosidl_typesupport_microxrcedds_c:/home/rasp/ros2_ws/install/microcdr:/home/rasp/ros2_ws/install/micro_ros_setup:/opt/ros/jazzy/opt/gz_math_vendor:/opt/ros/jazzy/opt/gz_utils_vendor:/opt/ros/jazzy/opt/gz_cmake_vendor:/opt/ros/jazzy DEBUGINFOD_URLS=https://debuginfod.ubuntu.com LD_LIBRARY_PATH=/home/rasp/ros2_ws/install/sensor_msgs/lib:/home/rasp/ros2_ws/install/geometry_msgs/lib:/home/rasp/ros2_ws/install/std_msgs/lib:/home/rasp/ros2_ws/install/builtin_interfaces/lib:${LD_LIBRARY_PATH} PYTHONPATH=/home/rasp/ros2_ws/install/sensor_msgs/lib/python3.12/site-packages:/home/rasp/ros2_ws/install/geometry_msgs/lib/python3.12/site-packages:/home/rasp/ros2_ws/install/std_msgs/lib/python3.12/site-packages:/home/rasp/ros2_ws/install/builtin_interfaces/lib/python3.12/site-packages:${PYTHONPATH} /usr/bin/cmake --install /home/rasp/ros2_ws/build/stereo_msgs
[499.475s] Level 1:colcon.colcon_core.environment:create_environment_scripts_only(stereo_msgs)
[499.475s] Level 1:colcon.colcon_core.environment:checking '/home/rasp/ros2_ws/install/stereo_msgs' for CMake module files
[499.475s] DEBUG:colcon.colcon_core.event_handler.log_command:Invoked command in '/home/rasp/ros2_ws/build/stereo_msgs' returned '0': AMENT_PREFIX_PATH=/home/rasp/ros2_ws/install/sensor_msgs:/home/rasp/ros2_ws/install/geometry_msgs:/home/rasp/ros2_ws/install/std_msgs:/home/rasp/ros2_ws/install/builtin_interfaces:${AMENT_PREFIX_PATH} CMAKE_PREFIX_PATH=/home/rasp/ros2_ws/install/sensor_msgs:/home/rasp/ros2_ws/install/geometry_msgs:/home/rasp/ros2_ws/install/std_msgs:/home/rasp/ros2_ws/install/builtin_interfaces:/home/rasp/ros2_ws/install/rosidl_typesupport_microxrcedds_cpp:/home/rasp/ros2_ws/install/rosidl_typesupport_microxrcedds_c:/home/rasp/ros2_ws/install/microcdr:/home/rasp/ros2_ws/install/micro_ros_setup:/opt/ros/jazzy/opt/gz_math_vendor:/opt/ros/jazzy/opt/gz_utils_vendor:/opt/ros/jazzy/opt/gz_cmake_vendor:/opt/ros/jazzy DEBUGINFOD_URLS=https://debuginfod.ubuntu.com LD_LIBRARY_PATH=/home/rasp/ros2_ws/install/sensor_msgs/lib:/home/rasp/ros2_ws/install/geometry_msgs/lib:/home/rasp/ros2_ws/install/std_msgs/lib:/home/rasp/ros2_ws/install/builtin_interfaces/lib:${LD_LIBRARY_PATH} PYTHONPATH=/home/rasp/ros2_ws/install/sensor_msgs/lib/python3.12/site-packages:/home/rasp/ros2_ws/install/geometry_msgs/lib/python3.12/site-packages:/home/rasp/ros2_ws/install/std_msgs/lib/python3.12/site-packages:/home/rasp/ros2_ws/install/builtin_interfaces/lib/python3.12/site-packages:${PYTHONPATH} /usr/bin/cmake --install /home/rasp/ros2_ws/build/stereo_msgs
[499.476s] Level 1:colcon.colcon_core.environment:checking '/home/rasp/ros2_ws/install/stereo_msgs' for CMake config files
[499.476s] Level 1:colcon.colcon_core.shell:create_environment_hook('stereo_msgs', 'cmake_prefix_path')
[499.476s] INFO:colcon.colcon_core.shell:Creating environment hook '/home/rasp/ros2_ws/install/stereo_msgs/share/stereo_msgs/hook/cmake_prefix_path.ps1'
[499.477s] INFO:colcon.colcon_core.shell:Creating environment descriptor '/home/rasp/ros2_ws/install/stereo_msgs/share/stereo_msgs/hook/cmake_prefix_path.dsv'
[499.477s] INFO:colcon.colcon_core.shell:Creating environment hook '/home/rasp/ros2_ws/install/stereo_msgs/share/stereo_msgs/hook/cmake_prefix_path.sh'
[499.478s] Level 1:colcon.colcon_core.environment:checking '/home/rasp/ros2_ws/install/stereo_msgs/lib'
[499.478s] Level 1:colcon.colcon_core.shell:create_environment_hook('stereo_msgs', 'ld_library_path_lib')
[499.478s] INFO:colcon.colcon_core.shell:Creating environment hook '/home/rasp/ros2_ws/install/stereo_msgs/share/stereo_msgs/hook/ld_library_path_lib.ps1'
[499.478s] INFO:colcon.colcon_core.shell:Creating environment descriptor '/home/rasp/ros2_ws/install/stereo_msgs/share/stereo_msgs/hook/ld_library_path_lib.dsv'
[499.479s] INFO:colcon.colcon_core.shell:Creating environment hook '/home/rasp/ros2_ws/install/stereo_msgs/share/stereo_msgs/hook/ld_library_path_lib.sh'
[499.479s] Level 1:colcon.colcon_core.environment:checking '/home/rasp/ros2_ws/install/stereo_msgs/bin'
[499.479s] Level 1:colcon.colcon_core.environment:checking '/home/rasp/ros2_ws/install/stereo_msgs/lib/pkgconfig/stereo_msgs.pc'
[499.479s] Level 1:colcon.colcon_core.environment:checking '/home/rasp/ros2_ws/install/stereo_msgs/lib/python3.12/site-packages'
[499.479s] Level 1:colcon.colcon_core.shell:create_environment_hook('stereo_msgs', 'pythonpath')
[499.479s] INFO:colcon.colcon_core.shell:Creating environment hook '/home/rasp/ros2_ws/install/stereo_msgs/share/stereo_msgs/hook/pythonpath.ps1'
[499.480s] INFO:colcon.colcon_core.shell:Creating environment descriptor '/home/rasp/ros2_ws/install/stereo_msgs/share/stereo_msgs/hook/pythonpath.dsv'
[499.480s] INFO:colcon.colcon_core.shell:Creating environment hook '/home/rasp/ros2_ws/install/stereo_msgs/share/stereo_msgs/hook/pythonpath.sh'
[499.481s] Level 1:colcon.colcon_core.environment:checking '/home/rasp/ros2_ws/install/stereo_msgs/bin'
[499.481s] INFO:colcon.colcon_core.shell:Creating package script '/home/rasp/ros2_ws/install/stereo_msgs/share/stereo_msgs/package.ps1'
[499.481s] INFO:colcon.colcon_core.shell:Creating package descriptor '/home/rasp/ros2_ws/install/stereo_msgs/share/stereo_msgs/package.dsv'
[499.482s] INFO:colcon.colcon_core.shell:Creating package script '/home/rasp/ros2_ws/install/stereo_msgs/share/stereo_msgs/package.sh'
[499.483s] INFO:colcon.colcon_core.shell:Creating package script '/home/rasp/ros2_ws/install/stereo_msgs/share/stereo_msgs/package.bash'
[499.483s] INFO:colcon.colcon_core.shell:Creating package script '/home/rasp/ros2_ws/install/stereo_msgs/share/stereo_msgs/package.zsh'
[499.483s] Level 1:colcon.colcon_core.environment:create_file_with_runtime_dependencies(/home/rasp/ros2_ws/install/stereo_msgs/share/colcon-core/packages/stereo_msgs)
[499.484s] Level 1:colcon.colcon_core.environment:create_environment_scripts_only(stereo_msgs)
[499.484s] Level 1:colcon.colcon_core.environment:checking '/home/rasp/ros2_ws/install/stereo_msgs' for CMake module files
[499.484s] Level 1:colcon.colcon_core.environment:checking '/home/rasp/ros2_ws/install/stereo_msgs' for CMake config files
[499.485s] Level 1:colcon.colcon_core.shell:create_environment_hook('stereo_msgs', 'cmake_prefix_path')
[499.485s] INFO:colcon.colcon_core.shell:Creating environment hook '/home/rasp/ros2_ws/install/stereo_msgs/share/stereo_msgs/hook/cmake_prefix_path.ps1'
[499.485s] INFO:colcon.colcon_core.shell:Creating environment descriptor '/home/rasp/ros2_ws/install/stereo_msgs/share/stereo_msgs/hook/cmake_prefix_path.dsv'
[499.486s] INFO:colcon.colcon_core.shell:Creating environment hook '/home/rasp/ros2_ws/install/stereo_msgs/share/stereo_msgs/hook/cmake_prefix_path.sh'
[499.486s] Level 1:colcon.colcon_core.environment:checking '/home/rasp/ros2_ws/install/stereo_msgs/lib'
[499.486s] Level 1:colcon.colcon_core.shell:create_environment_hook('stereo_msgs', 'ld_library_path_lib')
[499.486s] INFO:colcon.colcon_core.shell:Creating environment hook '/home/rasp/ros2_ws/install/stereo_msgs/share/stereo_msgs/hook/ld_library_path_lib.ps1'
[499.487s] INFO:colcon.colcon_core.shell:Creating environment descriptor '/home/rasp/ros2_ws/install/stereo_msgs/share/stereo_msgs/hook/ld_library_path_lib.dsv'
[499.487s] INFO:colcon.colcon_core.shell:Creating environment hook '/home/rasp/ros2_ws/install/stereo_msgs/share/stereo_msgs/hook/ld_library_path_lib.sh'
[499.488s] Level 1:colcon.colcon_core.environment:checking '/home/rasp/ros2_ws/install/stereo_msgs/bin'
[499.488s] Level 1:colcon.colcon_core.environment:checking '/home/rasp/ros2_ws/install/stereo_msgs/lib/pkgconfig/stereo_msgs.pc'
[499.488s] Level 1:colcon.colcon_core.environment:checking '/home/rasp/ros2_ws/install/stereo_msgs/lib/python3.12/site-packages'
[499.488s] Level 1:colcon.colcon_core.shell:create_environment_hook('stereo_msgs', 'pythonpath')
[499.488s] INFO:colcon.colcon_core.shell:Creating environment hook '/home/rasp/ros2_ws/install/stereo_msgs/share/stereo_msgs/hook/pythonpath.ps1'
[499.489s] INFO:colcon.colcon_core.shell:Creating environment descriptor '/home/rasp/ros2_ws/install/stereo_msgs/share/stereo_msgs/hook/pythonpath.dsv'
[499.489s] INFO:colcon.colcon_core.shell:Creating environment hook '/home/rasp/ros2_ws/install/stereo_msgs/share/stereo_msgs/hook/pythonpath.sh'
[499.490s] Level 1:colcon.colcon_core.environment:checking '/home/rasp/ros2_ws/install/stereo_msgs/bin'
[499.490s] INFO:colcon.colcon_core.shell:Creating package script '/home/rasp/ros2_ws/install/stereo_msgs/share/stereo_msgs/package.ps1'
[499.490s] INFO:colcon.colcon_core.shell:Creating package descriptor '/home/rasp/ros2_ws/install/stereo_msgs/share/stereo_msgs/package.dsv'
[499.491s] INFO:colcon.colcon_core.shell:Creating package script '/home/rasp/ros2_ws/install/stereo_msgs/share/stereo_msgs/package.sh'
[499.492s] INFO:colcon.colcon_core.shell:Creating package script '/home/rasp/ros2_ws/install/stereo_msgs/share/stereo_msgs/package.bash'
[499.492s] INFO:colcon.colcon_core.shell:Creating package script '/home/rasp/ros2_ws/install/stereo_msgs/share/stereo_msgs/package.zsh'
[499.493s] Level 1:colcon.colcon_core.environment:create_file_with_runtime_dependencies(/home/rasp/ros2_ws/install/stereo_msgs/share/colcon-core/packages/stereo_msgs)
[499.493s] INFO:colcon.colcon_ros.task.ament_cmake.build:Building ROS package in '/home/rasp/ros2_ws/src/ros2/rcl_interfaces/lifecycle_msgs' with build type 'ament_cmake'
[499.493s] INFO:colcon.colcon_cmake.task.cmake.build:Building CMake package in '/home/rasp/ros2_ws/src/ros2/rcl_interfaces/lifecycle_msgs'
[499.493s] INFO:colcon.colcon_core.shell:Skip shell extension 'powershell' for command environment: Not usable outside of PowerShell
[499.493s] DEBUG:colcon.colcon_core.shell:Skip shell extension 'dsv' for command environment
[499.508s] DEBUG:colcon.colcon_core.event_handler.log_command:Invoking command in '/home/rasp/ros2_ws/build/lifecycle_msgs': CMAKE_PREFIX_PATH=${CMAKE_PREFIX_PATH}:/opt/ros/jazzy DEBUGINFOD_URLS=https://debuginfod.ubuntu.com /usr/bin/cmake /home/rasp/ros2_ws/src/ros2/rcl_interfaces/lifecycle_msgs -DBUILD_TESTING=OFF -DBUILD_SHARED_LIBS=ON -DCMAKE_INSTALL_PREFIX=/home/rasp/ros2_ws/install/lifecycle_msgs
[503.351s] DEBUG:colcon.colcon_core.event_handler.log_command:Invoked command in '/home/rasp/ros2_ws/build/lifecycle_msgs' returned '0': CMAKE_PREFIX_PATH=${CMAKE_PREFIX_PATH}:/opt/ros/jazzy DEBUGINFOD_URLS=https://debuginfod.ubuntu.com /usr/bin/cmake /home/rasp/ros2_ws/src/ros2/rcl_interfaces/lifecycle_msgs -DBUILD_TESTING=OFF -DBUILD_SHARED_LIBS=ON -DCMAKE_INSTALL_PREFIX=/home/rasp/ros2_ws/install/lifecycle_msgs
[503.352s] DEBUG:colcon.colcon_core.event_handler.log_command:Invoking command in '/home/rasp/ros2_ws/build/lifecycle_msgs': CMAKE_PREFIX_PATH=${CMAKE_PREFIX_PATH}:/opt/ros/jazzy DEBUGINFOD_URLS=https://debuginfod.ubuntu.com /usr/bin/cmake --build /home/rasp/ros2_ws/build/lifecycle_msgs -- -j2 -l2
[508.390s] DEBUG:colcon.colcon_core.event_handler.log_command:Invoked command in '/home/rasp/ros2_ws/build/trajectory_msgs' returned '0': AMENT_PREFIX_PATH=/home/rasp/ros2_ws/install/geometry_msgs:/home/rasp/ros2_ws/install/std_msgs:/home/rasp/ros2_ws/install/builtin_interfaces:${AMENT_PREFIX_PATH} CMAKE_PREFIX_PATH=/home/rasp/ros2_ws/install/geometry_msgs:/home/rasp/ros2_ws/install/std_msgs:/home/rasp/ros2_ws/install/builtin_interfaces:/home/rasp/ros2_ws/install/rosidl_typesupport_microxrcedds_cpp:/home/rasp/ros2_ws/install/rosidl_typesupport_microxrcedds_c:/home/rasp/ros2_ws/install/microcdr:/home/rasp/ros2_ws/install/micro_ros_setup:/opt/ros/jazzy/opt/gz_math_vendor:/opt/ros/jazzy/opt/gz_utils_vendor:/opt/ros/jazzy/opt/gz_cmake_vendor:/opt/ros/jazzy DEBUGINFOD_URLS=https://debuginfod.ubuntu.com LD_LIBRARY_PATH=/home/rasp/ros2_ws/install/geometry_msgs/lib:/home/rasp/ros2_ws/install/std_msgs/lib:/home/rasp/ros2_ws/install/builtin_interfaces/lib:${LD_LIBRARY_PATH} PYTHONPATH=/home/rasp/ros2_ws/install/geometry_msgs/lib/python3.12/site-packages:/home/rasp/ros2_ws/install/std_msgs/lib/python3.12/site-packages:/home/rasp/ros2_ws/install/builtin_interfaces/lib/python3.12/site-packages:${PYTHONPATH} /usr/bin/cmake --build /home/rasp/ros2_ws/build/trajectory_msgs -- -j2 -l2
[508.391s] DEBUG:colcon.colcon_core.event_handler.log_command:Invoking command in '/home/rasp/ros2_ws/build/trajectory_msgs': AMENT_PREFIX_PATH=/home/rasp/ros2_ws/install/geometry_msgs:/home/rasp/ros2_ws/install/std_msgs:/home/rasp/ros2_ws/install/builtin_interfaces:${AMENT_PREFIX_PATH} CMAKE_PREFIX_PATH=/home/rasp/ros2_ws/install/geometry_msgs:/home/rasp/ros2_ws/install/std_msgs:/home/rasp/ros2_ws/install/builtin_interfaces:/home/rasp/ros2_ws/install/rosidl_typesupport_microxrcedds_cpp:/home/rasp/ros2_ws/install/rosidl_typesupport_microxrcedds_c:/home/rasp/ros2_ws/install/microcdr:/home/rasp/ros2_ws/install/micro_ros_setup:/opt/ros/jazzy/opt/gz_math_vendor:/opt/ros/jazzy/opt/gz_utils_vendor:/opt/ros/jazzy/opt/gz_cmake_vendor:/opt/ros/jazzy DEBUGINFOD_URLS=https://debuginfod.ubuntu.com LD_LIBRARY_PATH=/home/rasp/ros2_ws/install/geometry_msgs/lib:/home/rasp/ros2_ws/install/std_msgs/lib:/home/rasp/ros2_ws/install/builtin_interfaces/lib:${LD_LIBRARY_PATH} PYTHONPATH=/home/rasp/ros2_ws/install/geometry_msgs/lib/python3.12/site-packages:/home/rasp/ros2_ws/install/std_msgs/lib/python3.12/site-packages:/home/rasp/ros2_ws/install/builtin_interfaces/lib/python3.12/site-packages:${PYTHONPATH} /usr/bin/cmake --install /home/rasp/ros2_ws/build/trajectory_msgs
[508.551s] Level 1:colcon.colcon_core.environment:create_environment_scripts_only(trajectory_msgs)
[508.552s] Level 1:colcon.colcon_core.environment:checking '/home/rasp/ros2_ws/install/trajectory_msgs' for CMake module files
[508.552s] Level 1:colcon.colcon_core.environment:checking '/home/rasp/ros2_ws/install/trajectory_msgs' for CMake config files
[508.553s] DEBUG:colcon.colcon_core.event_handler.log_command:Invoked command in '/home/rasp/ros2_ws/build/trajectory_msgs' returned '0': AMENT_PREFIX_PATH=/home/rasp/ros2_ws/install/geometry_msgs:/home/rasp/ros2_ws/install/std_msgs:/home/rasp/ros2_ws/install/builtin_interfaces:${AMENT_PREFIX_PATH} CMAKE_PREFIX_PATH=/home/rasp/ros2_ws/install/geometry_msgs:/home/rasp/ros2_ws/install/std_msgs:/home/rasp/ros2_ws/install/builtin_interfaces:/home/rasp/ros2_ws/install/rosidl_typesupport_microxrcedds_cpp:/home/rasp/ros2_ws/install/rosidl_typesupport_microxrcedds_c:/home/rasp/ros2_ws/install/microcdr:/home/rasp/ros2_ws/install/micro_ros_setup:/opt/ros/jazzy/opt/gz_math_vendor:/opt/ros/jazzy/opt/gz_utils_vendor:/opt/ros/jazzy/opt/gz_cmake_vendor:/opt/ros/jazzy DEBUGINFOD_URLS=https://debuginfod.ubuntu.com LD_LIBRARY_PATH=/home/rasp/ros2_ws/install/geometry_msgs/lib:/home/rasp/ros2_ws/install/std_msgs/lib:/home/rasp/ros2_ws/install/builtin_interfaces/lib:${LD_LIBRARY_PATH} PYTHONPATH=/home/rasp/ros2_ws/install/geometry_msgs/lib/python3.12/site-packages:/home/rasp/ros2_ws/install/std_msgs/lib/python3.12/site-packages:/home/rasp/ros2_ws/install/builtin_interfaces/lib/python3.12/site-packages:${PYTHONPATH} /usr/bin/cmake --install /home/rasp/ros2_ws/build/trajectory_msgs
[508.553s] Level 1:colcon.colcon_core.shell:create_environment_hook('trajectory_msgs', 'cmake_prefix_path')
[508.553s] INFO:colcon.colcon_core.shell:Creating environment hook '/home/rasp/ros2_ws/install/trajectory_msgs/share/trajectory_msgs/hook/cmake_prefix_path.ps1'
[508.554s] INFO:colcon.colcon_core.shell:Creating environment descriptor '/home/rasp/ros2_ws/install/trajectory_msgs/share/trajectory_msgs/hook/cmake_prefix_path.dsv'
[508.554s] INFO:colcon.colcon_core.shell:Creating environment hook '/home/rasp/ros2_ws/install/trajectory_msgs/share/trajectory_msgs/hook/cmake_prefix_path.sh'
[508.554s] Level 1:colcon.colcon_core.environment:checking '/home/rasp/ros2_ws/install/trajectory_msgs/lib'
[508.554s] Level 1:colcon.colcon_core.shell:create_environment_hook('trajectory_msgs', 'ld_library_path_lib')
[508.554s] INFO:colcon.colcon_core.shell:Creating environment hook '/home/rasp/ros2_ws/install/trajectory_msgs/share/trajectory_msgs/hook/ld_library_path_lib.ps1'
[508.555s] INFO:colcon.colcon_core.shell:Creating environment descriptor '/home/rasp/ros2_ws/install/trajectory_msgs/share/trajectory_msgs/hook/ld_library_path_lib.dsv'
[508.555s] INFO:colcon.colcon_core.shell:Creating environment hook '/home/rasp/ros2_ws/install/trajectory_msgs/share/trajectory_msgs/hook/ld_library_path_lib.sh'
[508.555s] Level 1:colcon.colcon_core.environment:checking '/home/rasp/ros2_ws/install/trajectory_msgs/bin'
[508.556s] Level 1:colcon.colcon_core.environment:checking '/home/rasp/ros2_ws/install/trajectory_msgs/lib/pkgconfig/trajectory_msgs.pc'
[508.556s] Level 1:colcon.colcon_core.environment:checking '/home/rasp/ros2_ws/install/trajectory_msgs/lib/python3.12/site-packages'
[508.556s] Level 1:colcon.colcon_core.shell:create_environment_hook('trajectory_msgs', 'pythonpath')
[508.556s] INFO:colcon.colcon_core.shell:Creating environment hook '/home/rasp/ros2_ws/install/trajectory_msgs/share/trajectory_msgs/hook/pythonpath.ps1'
[508.556s] INFO:colcon.colcon_core.shell:Creating environment descriptor '/home/rasp/ros2_ws/install/trajectory_msgs/share/trajectory_msgs/hook/pythonpath.dsv'
[508.557s] INFO:colcon.colcon_core.shell:Creating environment hook '/home/rasp/ros2_ws/install/trajectory_msgs/share/trajectory_msgs/hook/pythonpath.sh'
[508.557s] Level 1:colcon.colcon_core.environment:checking '/home/rasp/ros2_ws/install/trajectory_msgs/bin'
[508.557s] INFO:colcon.colcon_core.shell:Creating package script '/home/rasp/ros2_ws/install/trajectory_msgs/share/trajectory_msgs/package.ps1'
[508.558s] INFO:colcon.colcon_core.shell:Creating package descriptor '/home/rasp/ros2_ws/install/trajectory_msgs/share/trajectory_msgs/package.dsv'
[508.558s] INFO:colcon.colcon_core.shell:Creating package script '/home/rasp/ros2_ws/install/trajectory_msgs/share/trajectory_msgs/package.sh'
[508.559s] INFO:colcon.colcon_core.shell:Creating package script '/home/rasp/ros2_ws/install/trajectory_msgs/share/trajectory_msgs/package.bash'
[508.559s] INFO:colcon.colcon_core.shell:Creating package script '/home/rasp/ros2_ws/install/trajectory_msgs/share/trajectory_msgs/package.zsh'
[508.559s] Level 1:colcon.colcon_core.environment:create_file_with_runtime_dependencies(/home/rasp/ros2_ws/install/trajectory_msgs/share/colcon-core/packages/trajectory_msgs)
[508.560s] Level 1:colcon.colcon_core.environment:create_environment_scripts_only(trajectory_msgs)
[508.560s] Level 1:colcon.colcon_core.environment:checking '/home/rasp/ros2_ws/install/trajectory_msgs' for CMake module files
[508.561s] Level 1:colcon.colcon_core.environment:checking '/home/rasp/ros2_ws/install/trajectory_msgs' for CMake config files
[508.561s] Level 1:colcon.colcon_core.shell:create_environment_hook('trajectory_msgs', 'cmake_prefix_path')
[508.561s] INFO:colcon.colcon_core.shell:Creating environment hook '/home/rasp/ros2_ws/install/trajectory_msgs/share/trajectory_msgs/hook/cmake_prefix_path.ps1'
[508.562s] INFO:colcon.colcon_core.shell:Creating environment descriptor '/home/rasp/ros2_ws/install/trajectory_msgs/share/trajectory_msgs/hook/cmake_prefix_path.dsv'
[508.563s] INFO:colcon.colcon_core.shell:Creating environment hook '/home/rasp/ros2_ws/install/trajectory_msgs/share/trajectory_msgs/hook/cmake_prefix_path.sh'
[508.564s] Level 1:colcon.colcon_core.environment:checking '/home/rasp/ros2_ws/install/trajectory_msgs/lib'
[508.564s] Level 1:colcon.colcon_core.shell:create_environment_hook('trajectory_msgs', 'ld_library_path_lib')
[508.564s] INFO:colcon.colcon_core.shell:Creating environment hook '/home/rasp/ros2_ws/install/trajectory_msgs/share/trajectory_msgs/hook/ld_library_path_lib.ps1'
[508.564s] INFO:colcon.colcon_core.shell:Creating environment descriptor '/home/rasp/ros2_ws/install/trajectory_msgs/share/trajectory_msgs/hook/ld_library_path_lib.dsv'
[508.565s] INFO:colcon.colcon_core.shell:Creating environment hook '/home/rasp/ros2_ws/install/trajectory_msgs/share/trajectory_msgs/hook/ld_library_path_lib.sh'
[508.565s] Level 1:colcon.colcon_core.environment:checking '/home/rasp/ros2_ws/install/trajectory_msgs/bin'
[508.566s] Level 1:colcon.colcon_core.environment:checking '/home/rasp/ros2_ws/install/trajectory_msgs/lib/pkgconfig/trajectory_msgs.pc'
[508.566s] Level 1:colcon.colcon_core.environment:checking '/home/rasp/ros2_ws/install/trajectory_msgs/lib/python3.12/site-packages'
[508.566s] Level 1:colcon.colcon_core.shell:create_environment_hook('trajectory_msgs', 'pythonpath')
[508.566s] INFO:colcon.colcon_core.shell:Creating environment hook '/home/rasp/ros2_ws/install/trajectory_msgs/share/trajectory_msgs/hook/pythonpath.ps1'
[508.566s] INFO:colcon.colcon_core.shell:Creating environment descriptor '/home/rasp/ros2_ws/install/trajectory_msgs/share/trajectory_msgs/hook/pythonpath.dsv'
[508.567s] INFO:colcon.colcon_core.shell:Creating environment hook '/home/rasp/ros2_ws/install/trajectory_msgs/share/trajectory_msgs/hook/pythonpath.sh'
[508.568s] Level 1:colcon.colcon_core.environment:checking '/home/rasp/ros2_ws/install/trajectory_msgs/bin'
[508.568s] INFO:colcon.colcon_core.shell:Creating package script '/home/rasp/ros2_ws/install/trajectory_msgs/share/trajectory_msgs/package.ps1'
[508.569s] INFO:colcon.colcon_core.shell:Creating package descriptor '/home/rasp/ros2_ws/install/trajectory_msgs/share/trajectory_msgs/package.dsv'
[508.569s] INFO:colcon.colcon_core.shell:Creating package script '/home/rasp/ros2_ws/install/trajectory_msgs/share/trajectory_msgs/package.sh'
[508.570s] INFO:colcon.colcon_core.shell:Creating package script '/home/rasp/ros2_ws/install/trajectory_msgs/share/trajectory_msgs/package.bash'
[508.571s] INFO:colcon.colcon_core.shell:Creating package script '/home/rasp/ros2_ws/install/trajectory_msgs/share/trajectory_msgs/package.zsh'
[508.571s] Level 1:colcon.colcon_core.environment:create_file_with_runtime_dependencies(/home/rasp/ros2_ws/install/trajectory_msgs/share/colcon-core/packages/trajectory_msgs)
[508.574s] INFO:colcon.colcon_ros.task.ament_cmake.build:Building ROS package in '/home/rasp/ros2_ws/src/microros/src/micro_ros_setup' with build type 'ament_cmake'
[508.574s] INFO:colcon.colcon_cmake.task.cmake.build:Building CMake package in '/home/rasp/ros2_ws/src/microros/src/micro_ros_setup'
[508.575s] INFO:colcon.colcon_core.shell:Skip shell extension 'powershell' for command environment: Not usable outside of PowerShell
[508.575s] DEBUG:colcon.colcon_core.shell:Skip shell extension 'dsv' for command environment
[508.594s] DEBUG:colcon.colcon_core.event_handler.log_command:Invoking command in '/home/rasp/ros2_ws/build/micro_ros_setup': CMAKE_PREFIX_PATH=${CMAKE_PREFIX_PATH}:/opt/ros/jazzy DEBUGINFOD_URLS=https://debuginfod.ubuntu.com /usr/bin/cmake /home/rasp/ros2_ws/src/microros/src/micro_ros_setup -DBUILD_TESTING=OFF -DBUILD_SHARED_LIBS=ON -DCMAKE_INSTALL_PREFIX=/home/rasp/ros2_ws/install/micro_ros_setup
[508.964s] DEBUG:colcon.colcon_core.event_handler.log_command:Invoked command in '/home/rasp/ros2_ws/build/micro_ros_setup' returned '0': CMAKE_PREFIX_PATH=${CMAKE_PREFIX_PATH}:/opt/ros/jazzy DEBUGINFOD_URLS=https://debuginfod.ubuntu.com /usr/bin/cmake /home/rasp/ros2_ws/src/microros/src/micro_ros_setup -DBUILD_TESTING=OFF -DBUILD_SHARED_LIBS=ON -DCMAKE_INSTALL_PREFIX=/home/rasp/ros2_ws/install/micro_ros_setup
[508.965s] DEBUG:colcon.colcon_core.event_handler.log_command:Invoking command in '/home/rasp/ros2_ws/build/micro_ros_setup': CMAKE_PREFIX_PATH=${CMAKE_PREFIX_PATH}:/opt/ros/jazzy DEBUGINFOD_URLS=https://debuginfod.ubuntu.com /usr/bin/cmake --build /home/rasp/ros2_ws/build/micro_ros_setup -- -j2 -l2
[509.021s] DEBUG:colcon.colcon_core.event_handler.log_command:Invoked command in '/home/rasp/ros2_ws/build/micro_ros_setup' returned '0': CMAKE_PREFIX_PATH=${CMAKE_PREFIX_PATH}:/opt/ros/jazzy DEBUGINFOD_URLS=https://debuginfod.ubuntu.com /usr/bin/cmake --build /home/rasp/ros2_ws/build/micro_ros_setup -- -j2 -l2
[509.022s] DEBUG:colcon.colcon_core.event_handler.log_command:Invoking command in '/home/rasp/ros2_ws/build/micro_ros_setup': CMAKE_PREFIX_PATH=${CMAKE_PREFIX_PATH}:/opt/ros/jazzy DEBUGINFOD_URLS=https://debuginfod.ubuntu.com /usr/bin/cmake --install /home/rasp/ros2_ws/build/micro_ros_setup
[509.081s] Level 1:colcon.colcon_core.environment:create_environment_scripts_only(micro_ros_setup)
[509.082s] Level 1:colcon.colcon_core.environment:checking '/home/rasp/ros2_ws/install/micro_ros_setup' for CMake module files
[509.082s] Level 1:colcon.colcon_core.environment:checking '/home/rasp/ros2_ws/install/micro_ros_setup' for CMake config files
[509.083s] DEBUG:colcon.colcon_core.event_handler.log_command:Invoked command in '/home/rasp/ros2_ws/build/micro_ros_setup' returned '0': CMAKE_PREFIX_PATH=${CMAKE_PREFIX_PATH}:/opt/ros/jazzy DEBUGINFOD_URLS=https://debuginfod.ubuntu.com /usr/bin/cmake --install /home/rasp/ros2_ws/build/micro_ros_setup
[509.083s] Level 1:colcon.colcon_core.shell:create_environment_hook('micro_ros_setup', 'cmake_prefix_path')
[509.083s] INFO:colcon.colcon_core.shell:Creating environment hook '/home/rasp/ros2_ws/install/micro_ros_setup/share/micro_ros_setup/hook/cmake_prefix_path.ps1'
[509.084s] INFO:colcon.colcon_core.shell:Creating environment descriptor '/home/rasp/ros2_ws/install/micro_ros_setup/share/micro_ros_setup/hook/cmake_prefix_path.dsv'
[509.085s] INFO:colcon.colcon_core.shell:Creating environment hook '/home/rasp/ros2_ws/install/micro_ros_setup/share/micro_ros_setup/hook/cmake_prefix_path.sh'
[509.086s] Level 1:colcon.colcon_core.environment:checking '/home/rasp/ros2_ws/install/micro_ros_setup/lib'
[509.086s] Level 1:colcon.colcon_core.environment:checking '/home/rasp/ros2_ws/install/micro_ros_setup/bin'
[509.086s] Level 1:colcon.colcon_core.environment:checking '/home/rasp/ros2_ws/install/micro_ros_setup/lib/pkgconfig/micro_ros_setup.pc'
[509.086s] Level 1:colcon.colcon_core.environment:checking '/home/rasp/ros2_ws/install/micro_ros_setup/lib/python3.12/site-packages'
[509.086s] Level 1:colcon.colcon_core.environment:checking '/home/rasp/ros2_ws/install/micro_ros_setup/bin'
[509.086s] INFO:colcon.colcon_core.shell:Creating package script '/home/rasp/ros2_ws/install/micro_ros_setup/share/micro_ros_setup/package.ps1'
[509.087s] INFO:colcon.colcon_core.shell:Creating package descriptor '/home/rasp/ros2_ws/install/micro_ros_setup/share/micro_ros_setup/package.dsv'
[509.087s] INFO:colcon.colcon_core.shell:Creating package script '/home/rasp/ros2_ws/install/micro_ros_setup/share/micro_ros_setup/package.sh'
[509.088s] INFO:colcon.colcon_core.shell:Creating package script '/home/rasp/ros2_ws/install/micro_ros_setup/share/micro_ros_setup/package.bash'
[509.089s] INFO:colcon.colcon_core.shell:Creating package script '/home/rasp/ros2_ws/install/micro_ros_setup/share/micro_ros_setup/package.zsh'
[509.089s] Level 1:colcon.colcon_core.environment:create_file_with_runtime_dependencies(/home/rasp/ros2_ws/install/micro_ros_setup/share/colcon-core/packages/micro_ros_setup)
[509.090s] Level 1:colcon.colcon_core.environment:create_environment_scripts_only(micro_ros_setup)
[509.090s] Level 1:colcon.colcon_core.environment:checking '/home/rasp/ros2_ws/install/micro_ros_setup' for CMake module files
[509.090s] Level 1:colcon.colcon_core.environment:checking '/home/rasp/ros2_ws/install/micro_ros_setup' for CMake config files
[509.091s] Level 1:colcon.colcon_core.shell:create_environment_hook('micro_ros_setup', 'cmake_prefix_path')
[509.091s] INFO:colcon.colcon_core.shell:Creating environment hook '/home/rasp/ros2_ws/install/micro_ros_setup/share/micro_ros_setup/hook/cmake_prefix_path.ps1'
[509.092s] INFO:colcon.colcon_core.shell:Creating environment descriptor '/home/rasp/ros2_ws/install/micro_ros_setup/share/micro_ros_setup/hook/cmake_prefix_path.dsv'
[509.092s] INFO:colcon.colcon_core.shell:Creating environment hook '/home/rasp/ros2_ws/install/micro_ros_setup/share/micro_ros_setup/hook/cmake_prefix_path.sh'
[509.093s] Level 1:colcon.colcon_core.environment:checking '/home/rasp/ros2_ws/install/micro_ros_setup/lib'
[509.093s] Level 1:colcon.colcon_core.environment:checking '/home/rasp/ros2_ws/install/micro_ros_setup/bin'
[509.093s] Level 1:colcon.colcon_core.environment:checking '/home/rasp/ros2_ws/install/micro_ros_setup/lib/pkgconfig/micro_ros_setup.pc'
[509.093s] Level 1:colcon.colcon_core.environment:checking '/home/rasp/ros2_ws/install/micro_ros_setup/lib/python3.12/site-packages'
[509.093s] Level 1:colcon.colcon_core.environment:checking '/home/rasp/ros2_ws/install/micro_ros_setup/bin'
[509.094s] INFO:colcon.colcon_core.shell:Creating package script '/home/rasp/ros2_ws/install/micro_ros_setup/share/micro_ros_setup/package.ps1'
[509.094s] INFO:colcon.colcon_core.shell:Creating package descriptor '/home/rasp/ros2_ws/install/micro_ros_setup/share/micro_ros_setup/package.dsv'
[509.095s] INFO:colcon.colcon_core.shell:Creating package script '/home/rasp/ros2_ws/install/micro_ros_setup/share/micro_ros_setup/package.sh'
[509.095s] INFO:colcon.colcon_core.shell:Creating package script '/home/rasp/ros2_ws/install/micro_ros_setup/share/micro_ros_setup/package.bash'
[509.096s] INFO:colcon.colcon_core.shell:Creating package script '/home/rasp/ros2_ws/install/micro_ros_setup/share/micro_ros_setup/package.zsh'
[509.096s] Level 1:colcon.colcon_core.environment:create_file_with_runtime_dependencies(/home/rasp/ros2_ws/install/micro_ros_setup/share/colcon-core/packages/micro_ros_setup)
[509.099s] INFO:colcon.colcon_ros.task.ament_cmake.build:Building ROS package in '/home/rasp/ros2_ws/src/ros2/rcl_interfaces/rosgraph_msgs' with build type 'ament_cmake'
[509.099s] INFO:colcon.colcon_cmake.task.cmake.build:Building CMake package in '/home/rasp/ros2_ws/src/ros2/rcl_interfaces/rosgraph_msgs'
[509.099s] INFO:colcon.colcon_core.shell:Skip shell extension 'powershell' for command environment: Not usable outside of PowerShell
[509.099s] DEBUG:colcon.colcon_core.shell:Skip shell extension 'dsv' for command environment
[509.119s] DEBUG:colcon.colcon_core.event_handler.log_command:Invoking command in '/home/rasp/ros2_ws/build/rosgraph_msgs': AMENT_PREFIX_PATH=/home/rasp/ros2_ws/install/builtin_interfaces:${AMENT_PREFIX_PATH} CMAKE_PREFIX_PATH=/home/rasp/ros2_ws/install/builtin_interfaces:/home/rasp/ros2_ws/install/rosidl_typesupport_microxrcedds_cpp:/home/rasp/ros2_ws/install/rosidl_typesupport_microxrcedds_c:/home/rasp/ros2_ws/install/microcdr:/home/rasp/ros2_ws/install/micro_ros_setup:/opt/ros/jazzy/opt/gz_math_vendor:/opt/ros/jazzy/opt/gz_utils_vendor:/opt/ros/jazzy/opt/gz_cmake_vendor:/opt/ros/jazzy DEBUGINFOD_URLS=https://debuginfod.ubuntu.com LD_LIBRARY_PATH=/home/rasp/ros2_ws/install/builtin_interfaces/lib:${LD_LIBRARY_PATH} PYTHONPATH=/home/rasp/ros2_ws/install/builtin_interfaces/lib/python3.12/site-packages:${PYTHONPATH} /usr/bin/cmake /home/rasp/ros2_ws/src/ros2/rcl_interfaces/rosgraph_msgs -DBUILD_TESTING=OFF -DBUILD_SHARED_LIBS=ON -DCMAKE_INSTALL_PREFIX=/home/rasp/ros2_ws/install/rosgraph_msgs
[512.795s] DEBUG:colcon.colcon_core.event_handler.log_command:Invoked command in '/home/rasp/ros2_ws/build/rosgraph_msgs' returned '0': AMENT_PREFIX_PATH=/home/rasp/ros2_ws/install/builtin_interfaces:${AMENT_PREFIX_PATH} CMAKE_PREFIX_PATH=/home/rasp/ros2_ws/install/builtin_interfaces:/home/rasp/ros2_ws/install/rosidl_typesupport_microxrcedds_cpp:/home/rasp/ros2_ws/install/rosidl_typesupport_microxrcedds_c:/home/rasp/ros2_ws/install/microcdr:/home/rasp/ros2_ws/install/micro_ros_setup:/opt/ros/jazzy/opt/gz_math_vendor:/opt/ros/jazzy/opt/gz_utils_vendor:/opt/ros/jazzy/opt/gz_cmake_vendor:/opt/ros/jazzy DEBUGINFOD_URLS=https://debuginfod.ubuntu.com LD_LIBRARY_PATH=/home/rasp/ros2_ws/install/builtin_interfaces/lib:${LD_LIBRARY_PATH} PYTHONPATH=/home/rasp/ros2_ws/install/builtin_interfaces/lib/python3.12/site-packages:${PYTHONPATH} /usr/bin/cmake /home/rasp/ros2_ws/src/ros2/rcl_interfaces/rosgraph_msgs -DBUILD_TESTING=OFF -DBUILD_SHARED_LIBS=ON -DCMAKE_INSTALL_PREFIX=/home/rasp/ros2_ws/install/rosgraph_msgs
[512.795s] DEBUG:colcon.colcon_core.event_handler.log_command:Invoking command in '/home/rasp/ros2_ws/build/rosgraph_msgs': AMENT_PREFIX_PATH=/home/rasp/ros2_ws/install/builtin_interfaces:${AMENT_PREFIX_PATH} CMAKE_PREFIX_PATH=/home/rasp/ros2_ws/install/builtin_interfaces:/home/rasp/ros2_ws/install/rosidl_typesupport_microxrcedds_cpp:/home/rasp/ros2_ws/install/rosidl_typesupport_microxrcedds_c:/home/rasp/ros2_ws/install/microcdr:/home/rasp/ros2_ws/install/micro_ros_setup:/opt/ros/jazzy/opt/gz_math_vendor:/opt/ros/jazzy/opt/gz_utils_vendor:/opt/ros/jazzy/opt/gz_cmake_vendor:/opt/ros/jazzy DEBUGINFOD_URLS=https://debuginfod.ubuntu.com LD_LIBRARY_PATH=/home/rasp/ros2_ws/install/builtin_interfaces/lib:${LD_LIBRARY_PATH} PYTHONPATH=/home/rasp/ros2_ws/install/builtin_interfaces/lib/python3.12/site-packages:${PYTHONPATH} /usr/bin/cmake --build /home/rasp/ros2_ws/build/rosgraph_msgs -- -j2 -l2
[520.331s] DEBUG:colcon.colcon_core.event_handler.log_command:Invoked command in '/home/rasp/ros2_ws/build/rosgraph_msgs' returned '0': AMENT_PREFIX_PATH=/home/rasp/ros2_ws/install/builtin_interfaces:${AMENT_PREFIX_PATH} CMAKE_PREFIX_PATH=/home/rasp/ros2_ws/install/builtin_interfaces:/home/rasp/ros2_ws/install/rosidl_typesupport_microxrcedds_cpp:/home/rasp/ros2_ws/install/rosidl_typesupport_microxrcedds_c:/home/rasp/ros2_ws/install/microcdr:/home/rasp/ros2_ws/install/micro_ros_setup:/opt/ros/jazzy/opt/gz_math_vendor:/opt/ros/jazzy/opt/gz_utils_vendor:/opt/ros/jazzy/opt/gz_cmake_vendor:/opt/ros/jazzy DEBUGINFOD_URLS=https://debuginfod.ubuntu.com LD_LIBRARY_PATH=/home/rasp/ros2_ws/install/builtin_interfaces/lib:${LD_LIBRARY_PATH} PYTHONPATH=/home/rasp/ros2_ws/install/builtin_interfaces/lib/python3.12/site-packages:${PYTHONPATH} /usr/bin/cmake --build /home/rasp/ros2_ws/build/rosgraph_msgs -- -j2 -l2
[520.332s] DEBUG:colcon.colcon_core.event_handler.log_command:Invoking command in '/home/rasp/ros2_ws/build/rosgraph_msgs': AMENT_PREFIX_PATH=/home/rasp/ros2_ws/install/builtin_interfaces:${AMENT_PREFIX_PATH} CMAKE_PREFIX_PATH=/home/rasp/ros2_ws/install/builtin_interfaces:/home/rasp/ros2_ws/install/rosidl_typesupport_microxrcedds_cpp:/home/rasp/ros2_ws/install/rosidl_typesupport_microxrcedds_c:/home/rasp/ros2_ws/install/microcdr:/home/rasp/ros2_ws/install/micro_ros_setup:/opt/ros/jazzy/opt/gz_math_vendor:/opt/ros/jazzy/opt/gz_utils_vendor:/opt/ros/jazzy/opt/gz_cmake_vendor:/opt/ros/jazzy DEBUGINFOD_URLS=https://debuginfod.ubuntu.com LD_LIBRARY_PATH=/home/rasp/ros2_ws/install/builtin_interfaces/lib:${LD_LIBRARY_PATH} PYTHONPATH=/home/rasp/ros2_ws/install/builtin_interfaces/lib/python3.12/site-packages:${PYTHONPATH} /usr/bin/cmake --install /home/rasp/ros2_ws/build/rosgraph_msgs
[520.453s] Level 1:colcon.colcon_core.environment:create_environment_scripts_only(rosgraph_msgs)
[520.453s] Level 1:colcon.colcon_core.environment:checking '/home/rasp/ros2_ws/install/rosgraph_msgs' for CMake module files
[520.454s] Level 1:colcon.colcon_core.environment:checking '/home/rasp/ros2_ws/install/rosgraph_msgs' for CMake config files
[520.454s] Level 1:colcon.colcon_core.shell:create_environment_hook('rosgraph_msgs', 'cmake_prefix_path')
[520.455s] INFO:colcon.colcon_core.shell:Creating environment hook '/home/rasp/ros2_ws/install/rosgraph_msgs/share/rosgraph_msgs/hook/cmake_prefix_path.ps1'
[520.453s] DEBUG:colcon.colcon_core.event_handler.log_command:Invoked command in '/home/rasp/ros2_ws/build/rosgraph_msgs' returned '0': AMENT_PREFIX_PATH=/home/rasp/ros2_ws/install/builtin_interfaces:${AMENT_PREFIX_PATH} CMAKE_PREFIX_PATH=/home/rasp/ros2_ws/install/builtin_interfaces:/home/rasp/ros2_ws/install/rosidl_typesupport_microxrcedds_cpp:/home/rasp/ros2_ws/install/rosidl_typesupport_microxrcedds_c:/home/rasp/ros2_ws/install/microcdr:/home/rasp/ros2_ws/install/micro_ros_setup:/opt/ros/jazzy/opt/gz_math_vendor:/opt/ros/jazzy/opt/gz_utils_vendor:/opt/ros/jazzy/opt/gz_cmake_vendor:/opt/ros/jazzy DEBUGINFOD_URLS=https://debuginfod.ubuntu.com LD_LIBRARY_PATH=/home/rasp/ros2_ws/install/builtin_interfaces/lib:${LD_LIBRARY_PATH} PYTHONPATH=/home/rasp/ros2_ws/install/builtin_interfaces/lib/python3.12/site-packages:${PYTHONPATH} /usr/bin/cmake --install /home/rasp/ros2_ws/build/rosgraph_msgs
[520.455s] INFO:colcon.colcon_core.shell:Creating environment descriptor '/home/rasp/ros2_ws/install/rosgraph_msgs/share/rosgraph_msgs/hook/cmake_prefix_path.dsv'
[520.455s] INFO:colcon.colcon_core.shell:Creating environment hook '/home/rasp/ros2_ws/install/rosgraph_msgs/share/rosgraph_msgs/hook/cmake_prefix_path.sh'
[520.456s] Level 1:colcon.colcon_core.environment:checking '/home/rasp/ros2_ws/install/rosgraph_msgs/lib'
[520.456s] Level 1:colcon.colcon_core.shell:create_environment_hook('rosgraph_msgs', 'ld_library_path_lib')
[520.456s] INFO:colcon.colcon_core.shell:Creating environment hook '/home/rasp/ros2_ws/install/rosgraph_msgs/share/rosgraph_msgs/hook/ld_library_path_lib.ps1'
[520.456s] INFO:colcon.colcon_core.shell:Creating environment descriptor '/home/rasp/ros2_ws/install/rosgraph_msgs/share/rosgraph_msgs/hook/ld_library_path_lib.dsv'
[520.457s] INFO:colcon.colcon_core.shell:Creating environment hook '/home/rasp/ros2_ws/install/rosgraph_msgs/share/rosgraph_msgs/hook/ld_library_path_lib.sh'
[520.457s] Level 1:colcon.colcon_core.environment:checking '/home/rasp/ros2_ws/install/rosgraph_msgs/bin'
[520.457s] Level 1:colcon.colcon_core.environment:checking '/home/rasp/ros2_ws/install/rosgraph_msgs/lib/pkgconfig/rosgraph_msgs.pc'
[520.457s] Level 1:colcon.colcon_core.environment:checking '/home/rasp/ros2_ws/install/rosgraph_msgs/lib/python3.12/site-packages'
[520.457s] Level 1:colcon.colcon_core.shell:create_environment_hook('rosgraph_msgs', 'pythonpath')
[520.457s] INFO:colcon.colcon_core.shell:Creating environment hook '/home/rasp/ros2_ws/install/rosgraph_msgs/share/rosgraph_msgs/hook/pythonpath.ps1'
[520.458s] INFO:colcon.colcon_core.shell:Creating environment descriptor '/home/rasp/ros2_ws/install/rosgraph_msgs/share/rosgraph_msgs/hook/pythonpath.dsv'
[520.458s] INFO:colcon.colcon_core.shell:Creating environment hook '/home/rasp/ros2_ws/install/rosgraph_msgs/share/rosgraph_msgs/hook/pythonpath.sh'
[520.458s] Level 1:colcon.colcon_core.environment:checking '/home/rasp/ros2_ws/install/rosgraph_msgs/bin'
[520.459s] INFO:colcon.colcon_core.shell:Creating package script '/home/rasp/ros2_ws/install/rosgraph_msgs/share/rosgraph_msgs/package.ps1'
[520.459s] INFO:colcon.colcon_core.shell:Creating package descriptor '/home/rasp/ros2_ws/install/rosgraph_msgs/share/rosgraph_msgs/package.dsv'
[520.460s] INFO:colcon.colcon_core.shell:Creating package script '/home/rasp/ros2_ws/install/rosgraph_msgs/share/rosgraph_msgs/package.sh'
[520.460s] INFO:colcon.colcon_core.shell:Creating package script '/home/rasp/ros2_ws/install/rosgraph_msgs/share/rosgraph_msgs/package.bash'
[520.460s] INFO:colcon.colcon_core.shell:Creating package script '/home/rasp/ros2_ws/install/rosgraph_msgs/share/rosgraph_msgs/package.zsh'
[520.461s] Level 1:colcon.colcon_core.environment:create_file_with_runtime_dependencies(/home/rasp/ros2_ws/install/rosgraph_msgs/share/colcon-core/packages/rosgraph_msgs)
[520.461s] Level 1:colcon.colcon_core.environment:create_environment_scripts_only(rosgraph_msgs)
[520.461s] Level 1:colcon.colcon_core.environment:checking '/home/rasp/ros2_ws/install/rosgraph_msgs' for CMake module files
[520.462s] Level 1:colcon.colcon_core.environment:checking '/home/rasp/ros2_ws/install/rosgraph_msgs' for CMake config files
[520.462s] Level 1:colcon.colcon_core.shell:create_environment_hook('rosgraph_msgs', 'cmake_prefix_path')
[520.462s] INFO:colcon.colcon_core.shell:Creating environment hook '/home/rasp/ros2_ws/install/rosgraph_msgs/share/rosgraph_msgs/hook/cmake_prefix_path.ps1'
[520.463s] INFO:colcon.colcon_core.shell:Creating environment descriptor '/home/rasp/ros2_ws/install/rosgraph_msgs/share/rosgraph_msgs/hook/cmake_prefix_path.dsv'
[520.463s] INFO:colcon.colcon_core.shell:Creating environment hook '/home/rasp/ros2_ws/install/rosgraph_msgs/share/rosgraph_msgs/hook/cmake_prefix_path.sh'
[520.464s] Level 1:colcon.colcon_core.environment:checking '/home/rasp/ros2_ws/install/rosgraph_msgs/lib'
[520.464s] Level 1:colcon.colcon_core.shell:create_environment_hook('rosgraph_msgs', 'ld_library_path_lib')
[520.464s] INFO:colcon.colcon_core.shell:Creating environment hook '/home/rasp/ros2_ws/install/rosgraph_msgs/share/rosgraph_msgs/hook/ld_library_path_lib.ps1'
[520.464s] INFO:colcon.colcon_core.shell:Creating environment descriptor '/home/rasp/ros2_ws/install/rosgraph_msgs/share/rosgraph_msgs/hook/ld_library_path_lib.dsv'
[520.465s] INFO:colcon.colcon_core.shell:Creating environment hook '/home/rasp/ros2_ws/install/rosgraph_msgs/share/rosgraph_msgs/hook/ld_library_path_lib.sh'
[520.465s] Level 1:colcon.colcon_core.environment:checking '/home/rasp/ros2_ws/install/rosgraph_msgs/bin'
[520.465s] Level 1:colcon.colcon_core.environment:checking '/home/rasp/ros2_ws/install/rosgraph_msgs/lib/pkgconfig/rosgraph_msgs.pc'
[520.466s] Level 1:colcon.colcon_core.environment:checking '/home/rasp/ros2_ws/install/rosgraph_msgs/lib/python3.12/site-packages'
[520.466s] Level 1:colcon.colcon_core.shell:create_environment_hook('rosgraph_msgs', 'pythonpath')
[520.466s] INFO:colcon.colcon_core.shell:Creating environment hook '/home/rasp/ros2_ws/install/rosgraph_msgs/share/rosgraph_msgs/hook/pythonpath.ps1'
[520.466s] INFO:colcon.colcon_core.shell:Creating environment descriptor '/home/rasp/ros2_ws/install/rosgraph_msgs/share/rosgraph_msgs/hook/pythonpath.dsv'
[520.467s] INFO:colcon.colcon_core.shell:Creating environment hook '/home/rasp/ros2_ws/install/rosgraph_msgs/share/rosgraph_msgs/hook/pythonpath.sh'
[520.467s] Level 1:colcon.colcon_core.environment:checking '/home/rasp/ros2_ws/install/rosgraph_msgs/bin'
[520.467s] INFO:colcon.colcon_core.shell:Creating package script '/home/rasp/ros2_ws/install/rosgraph_msgs/share/rosgraph_msgs/package.ps1'
[520.468s] INFO:colcon.colcon_core.shell:Creating package descriptor '/home/rasp/ros2_ws/install/rosgraph_msgs/share/rosgraph_msgs/package.dsv'
[520.469s] INFO:colcon.colcon_core.shell:Creating package script '/home/rasp/ros2_ws/install/rosgraph_msgs/share/rosgraph_msgs/package.sh'
[520.469s] INFO:colcon.colcon_core.shell:Creating package script '/home/rasp/ros2_ws/install/rosgraph_msgs/share/rosgraph_msgs/package.bash'
[520.470s] INFO:colcon.colcon_core.shell:Creating package script '/home/rasp/ros2_ws/install/rosgraph_msgs/share/rosgraph_msgs/package.zsh'
[520.472s] Level 1:colcon.colcon_core.environment:create_file_with_runtime_dependencies(/home/rasp/ros2_ws/install/rosgraph_msgs/share/colcon-core/packages/rosgraph_msgs)
[520.474s] INFO:colcon.colcon_ros.task.ament_cmake.build:Building ROS package in '/home/rasp/ros2_ws/src/ros2/rcl_interfaces/statistics_msgs' with build type 'ament_cmake'
[520.474s] INFO:colcon.colcon_cmake.task.cmake.build:Building CMake package in '/home/rasp/ros2_ws/src/ros2/rcl_interfaces/statistics_msgs'
[520.474s] INFO:colcon.colcon_core.shell:Skip shell extension 'powershell' for command environment: Not usable outside of PowerShell
[520.474s] DEBUG:colcon.colcon_core.shell:Skip shell extension 'dsv' for command environment
[520.495s] DEBUG:colcon.colcon_core.event_handler.log_command:Invoking command in '/home/rasp/ros2_ws/build/statistics_msgs': AMENT_PREFIX_PATH=/home/rasp/ros2_ws/install/builtin_interfaces:${AMENT_PREFIX_PATH} CMAKE_PREFIX_PATH=/home/rasp/ros2_ws/install/builtin_interfaces:/home/rasp/ros2_ws/install/rosidl_typesupport_microxrcedds_cpp:/home/rasp/ros2_ws/install/rosidl_typesupport_microxrcedds_c:/home/rasp/ros2_ws/install/microcdr:/home/rasp/ros2_ws/install/micro_ros_setup:/opt/ros/jazzy/opt/gz_math_vendor:/opt/ros/jazzy/opt/gz_utils_vendor:/opt/ros/jazzy/opt/gz_cmake_vendor:/opt/ros/jazzy DEBUGINFOD_URLS=https://debuginfod.ubuntu.com LD_LIBRARY_PATH=/home/rasp/ros2_ws/install/builtin_interfaces/lib:${LD_LIBRARY_PATH} PYTHONPATH=/home/rasp/ros2_ws/install/builtin_interfaces/lib/python3.12/site-packages:${PYTHONPATH} /usr/bin/cmake /home/rasp/ros2_ws/src/ros2/rcl_interfaces/statistics_msgs -DBUILD_TESTING=OFF -DBUILD_SHARED_LIBS=ON -DCMAKE_INSTALL_PREFIX=/home/rasp/ros2_ws/install/statistics_msgs
[524.286s] DEBUG:colcon.colcon_core.event_handler.log_command:Invoked command in '/home/rasp/ros2_ws/build/statistics_msgs' returned '0': AMENT_PREFIX_PATH=/home/rasp/ros2_ws/install/builtin_interfaces:${AMENT_PREFIX_PATH} CMAKE_PREFIX_PATH=/home/rasp/ros2_ws/install/builtin_interfaces:/home/rasp/ros2_ws/install/rosidl_typesupport_microxrcedds_cpp:/home/rasp/ros2_ws/install/rosidl_typesupport_microxrcedds_c:/home/rasp/ros2_ws/install/microcdr:/home/rasp/ros2_ws/install/micro_ros_setup:/opt/ros/jazzy/opt/gz_math_vendor:/opt/ros/jazzy/opt/gz_utils_vendor:/opt/ros/jazzy/opt/gz_cmake_vendor:/opt/ros/jazzy DEBUGINFOD_URLS=https://debuginfod.ubuntu.com LD_LIBRARY_PATH=/home/rasp/ros2_ws/install/builtin_interfaces/lib:${LD_LIBRARY_PATH} PYTHONPATH=/home/rasp/ros2_ws/install/builtin_interfaces/lib/python3.12/site-packages:${PYTHONPATH} /usr/bin/cmake /home/rasp/ros2_ws/src/ros2/rcl_interfaces/statistics_msgs -DBUILD_TESTING=OFF -DBUILD_SHARED_LIBS=ON -DCMAKE_INSTALL_PREFIX=/home/rasp/ros2_ws/install/statistics_msgs
[524.288s] DEBUG:colcon.colcon_core.event_handler.log_command:Invoking command in '/home/rasp/ros2_ws/build/statistics_msgs': AMENT_PREFIX_PATH=/home/rasp/ros2_ws/install/builtin_interfaces:${AMENT_PREFIX_PATH} CMAKE_PREFIX_PATH=/home/rasp/ros2_ws/install/builtin_interfaces:/home/rasp/ros2_ws/install/rosidl_typesupport_microxrcedds_cpp:/home/rasp/ros2_ws/install/rosidl_typesupport_microxrcedds_c:/home/rasp/ros2_ws/install/microcdr:/home/rasp/ros2_ws/install/micro_ros_setup:/opt/ros/jazzy/opt/gz_math_vendor:/opt/ros/jazzy/opt/gz_utils_vendor:/opt/ros/jazzy/opt/gz_cmake_vendor:/opt/ros/jazzy DEBUGINFOD_URLS=https://debuginfod.ubuntu.com LD_LIBRARY_PATH=/home/rasp/ros2_ws/install/builtin_interfaces/lib:${LD_LIBRARY_PATH} PYTHONPATH=/home/rasp/ros2_ws/install/builtin_interfaces/lib/python3.12/site-packages:${PYTHONPATH} /usr/bin/cmake --build /home/rasp/ros2_ws/build/statistics_msgs -- -j2 -l2
[539.928s] DEBUG:colcon.colcon_core.event_handler.log_command:Invoked command in '/home/rasp/ros2_ws/build/statistics_msgs' returned '0': AMENT_PREFIX_PATH=/home/rasp/ros2_ws/install/builtin_interfaces:${AMENT_PREFIX_PATH} CMAKE_PREFIX_PATH=/home/rasp/ros2_ws/install/builtin_interfaces:/home/rasp/ros2_ws/install/rosidl_typesupport_microxrcedds_cpp:/home/rasp/ros2_ws/install/rosidl_typesupport_microxrcedds_c:/home/rasp/ros2_ws/install/microcdr:/home/rasp/ros2_ws/install/micro_ros_setup:/opt/ros/jazzy/opt/gz_math_vendor:/opt/ros/jazzy/opt/gz_utils_vendor:/opt/ros/jazzy/opt/gz_cmake_vendor:/opt/ros/jazzy DEBUGINFOD_URLS=https://debuginfod.ubuntu.com LD_LIBRARY_PATH=/home/rasp/ros2_ws/install/builtin_interfaces/lib:${LD_LIBRARY_PATH} PYTHONPATH=/home/rasp/ros2_ws/install/builtin_interfaces/lib/python3.12/site-packages:${PYTHONPATH} /usr/bin/cmake --build /home/rasp/ros2_ws/build/statistics_msgs -- -j2 -l2
[539.929s] DEBUG:colcon.colcon_core.event_handler.log_command:Invoking command in '/home/rasp/ros2_ws/build/statistics_msgs': AMENT_PREFIX_PATH=/home/rasp/ros2_ws/install/builtin_interfaces:${AMENT_PREFIX_PATH} CMAKE_PREFIX_PATH=/home/rasp/ros2_ws/install/builtin_interfaces:/home/rasp/ros2_ws/install/rosidl_typesupport_microxrcedds_cpp:/home/rasp/ros2_ws/install/rosidl_typesupport_microxrcedds_c:/home/rasp/ros2_ws/install/microcdr:/home/rasp/ros2_ws/install/micro_ros_setup:/opt/ros/jazzy/opt/gz_math_vendor:/opt/ros/jazzy/opt/gz_utils_vendor:/opt/ros/jazzy/opt/gz_cmake_vendor:/opt/ros/jazzy DEBUGINFOD_URLS=https://debuginfod.ubuntu.com LD_LIBRARY_PATH=/home/rasp/ros2_ws/install/builtin_interfaces/lib:${LD_LIBRARY_PATH} PYTHONPATH=/home/rasp/ros2_ws/install/builtin_interfaces/lib/python3.12/site-packages:${PYTHONPATH} /usr/bin/cmake --install /home/rasp/ros2_ws/build/statistics_msgs
[540.066s] Level 1:colcon.colcon_core.environment:create_environment_scripts_only(statistics_msgs)
[540.066s] Level 1:colcon.colcon_core.environment:checking '/home/rasp/ros2_ws/install/statistics_msgs' for CMake module files
[540.067s] Level 1:colcon.colcon_core.environment:checking '/home/rasp/ros2_ws/install/statistics_msgs' for CMake config files
[540.067s] Level 1:colcon.colcon_core.shell:create_environment_hook('statistics_msgs', 'cmake_prefix_path')
[540.067s] INFO:colcon.colcon_core.shell:Creating environment hook '/home/rasp/ros2_ws/install/statistics_msgs/share/statistics_msgs/hook/cmake_prefix_path.ps1'
[540.068s] INFO:colcon.colcon_core.shell:Creating environment descriptor '/home/rasp/ros2_ws/install/statistics_msgs/share/statistics_msgs/hook/cmake_prefix_path.dsv'
[540.068s] DEBUG:colcon.colcon_core.event_handler.log_command:Invoked command in '/home/rasp/ros2_ws/build/statistics_msgs' returned '0': AMENT_PREFIX_PATH=/home/rasp/ros2_ws/install/builtin_interfaces:${AMENT_PREFIX_PATH} CMAKE_PREFIX_PATH=/home/rasp/ros2_ws/install/builtin_interfaces:/home/rasp/ros2_ws/install/rosidl_typesupport_microxrcedds_cpp:/home/rasp/ros2_ws/install/rosidl_typesupport_microxrcedds_c:/home/rasp/ros2_ws/install/microcdr:/home/rasp/ros2_ws/install/micro_ros_setup:/opt/ros/jazzy/opt/gz_math_vendor:/opt/ros/jazzy/opt/gz_utils_vendor:/opt/ros/jazzy/opt/gz_cmake_vendor:/opt/ros/jazzy DEBUGINFOD_URLS=https://debuginfod.ubuntu.com LD_LIBRARY_PATH=/home/rasp/ros2_ws/install/builtin_interfaces/lib:${LD_LIBRARY_PATH} PYTHONPATH=/home/rasp/ros2_ws/install/builtin_interfaces/lib/python3.12/site-packages:${PYTHONPATH} /usr/bin/cmake --install /home/rasp/ros2_ws/build/statistics_msgs
[540.068s] INFO:colcon.colcon_core.shell:Creating environment hook '/home/rasp/ros2_ws/install/statistics_msgs/share/statistics_msgs/hook/cmake_prefix_path.sh'
[540.069s] Level 1:colcon.colcon_core.environment:checking '/home/rasp/ros2_ws/install/statistics_msgs/lib'
[540.069s] Level 1:colcon.colcon_core.shell:create_environment_hook('statistics_msgs', 'ld_library_path_lib')
[540.069s] INFO:colcon.colcon_core.shell:Creating environment hook '/home/rasp/ros2_ws/install/statistics_msgs/share/statistics_msgs/hook/ld_library_path_lib.ps1'
[540.069s] INFO:colcon.colcon_core.shell:Creating environment descriptor '/home/rasp/ros2_ws/install/statistics_msgs/share/statistics_msgs/hook/ld_library_path_lib.dsv'
[540.070s] INFO:colcon.colcon_core.shell:Creating environment hook '/home/rasp/ros2_ws/install/statistics_msgs/share/statistics_msgs/hook/ld_library_path_lib.sh'
[540.070s] Level 1:colcon.colcon_core.environment:checking '/home/rasp/ros2_ws/install/statistics_msgs/bin'
[540.070s] Level 1:colcon.colcon_core.environment:checking '/home/rasp/ros2_ws/install/statistics_msgs/lib/pkgconfig/statistics_msgs.pc'
[540.070s] Level 1:colcon.colcon_core.environment:checking '/home/rasp/ros2_ws/install/statistics_msgs/lib/python3.12/site-packages'
[540.070s] Level 1:colcon.colcon_core.shell:create_environment_hook('statistics_msgs', 'pythonpath')
[540.071s] INFO:colcon.colcon_core.shell:Creating environment hook '/home/rasp/ros2_ws/install/statistics_msgs/share/statistics_msgs/hook/pythonpath.ps1'
[540.071s] INFO:colcon.colcon_core.shell:Creating environment descriptor '/home/rasp/ros2_ws/install/statistics_msgs/share/statistics_msgs/hook/pythonpath.dsv'
[540.071s] INFO:colcon.colcon_core.shell:Creating environment hook '/home/rasp/ros2_ws/install/statistics_msgs/share/statistics_msgs/hook/pythonpath.sh'
[540.072s] Level 1:colcon.colcon_core.environment:checking '/home/rasp/ros2_ws/install/statistics_msgs/bin'
[540.072s] INFO:colcon.colcon_core.shell:Creating package script '/home/rasp/ros2_ws/install/statistics_msgs/share/statistics_msgs/package.ps1'
[540.072s] INFO:colcon.colcon_core.shell:Creating package descriptor '/home/rasp/ros2_ws/install/statistics_msgs/share/statistics_msgs/package.dsv'
[540.073s] INFO:colcon.colcon_core.shell:Creating package script '/home/rasp/ros2_ws/install/statistics_msgs/share/statistics_msgs/package.sh'
[540.073s] INFO:colcon.colcon_core.shell:Creating package script '/home/rasp/ros2_ws/install/statistics_msgs/share/statistics_msgs/package.bash'
[540.074s] INFO:colcon.colcon_core.shell:Creating package script '/home/rasp/ros2_ws/install/statistics_msgs/share/statistics_msgs/package.zsh'
[540.074s] Level 1:colcon.colcon_core.environment:create_file_with_runtime_dependencies(/home/rasp/ros2_ws/install/statistics_msgs/share/colcon-core/packages/statistics_msgs)
[540.074s] Level 1:colcon.colcon_core.environment:create_environment_scripts_only(statistics_msgs)
[540.075s] Level 1:colcon.colcon_core.environment:checking '/home/rasp/ros2_ws/install/statistics_msgs' for CMake module files
[540.075s] Level 1:colcon.colcon_core.environment:checking '/home/rasp/ros2_ws/install/statistics_msgs' for CMake config files
[540.076s] Level 1:colcon.colcon_core.shell:create_environment_hook('statistics_msgs', 'cmake_prefix_path')
[540.076s] INFO:colcon.colcon_core.shell:Creating environment hook '/home/rasp/ros2_ws/install/statistics_msgs/share/statistics_msgs/hook/cmake_prefix_path.ps1'
[540.076s] INFO:colcon.colcon_core.shell:Creating environment descriptor '/home/rasp/ros2_ws/install/statistics_msgs/share/statistics_msgs/hook/cmake_prefix_path.dsv'
[540.077s] INFO:colcon.colcon_core.shell:Creating environment hook '/home/rasp/ros2_ws/install/statistics_msgs/share/statistics_msgs/hook/cmake_prefix_path.sh'
[540.077s] Level 1:colcon.colcon_core.environment:checking '/home/rasp/ros2_ws/install/statistics_msgs/lib'
[540.077s] Level 1:colcon.colcon_core.shell:create_environment_hook('statistics_msgs', 'ld_library_path_lib')
[540.078s] INFO:colcon.colcon_core.shell:Creating environment hook '/home/rasp/ros2_ws/install/statistics_msgs/share/statistics_msgs/hook/ld_library_path_lib.ps1'
[540.078s] INFO:colcon.colcon_core.shell:Creating environment descriptor '/home/rasp/ros2_ws/install/statistics_msgs/share/statistics_msgs/hook/ld_library_path_lib.dsv'
[540.079s] INFO:colcon.colcon_core.shell:Creating environment hook '/home/rasp/ros2_ws/install/statistics_msgs/share/statistics_msgs/hook/ld_library_path_lib.sh'
[540.079s] Level 1:colcon.colcon_core.environment:checking '/home/rasp/ros2_ws/install/statistics_msgs/bin'
[540.079s] Level 1:colcon.colcon_core.environment:checking '/home/rasp/ros2_ws/install/statistics_msgs/lib/pkgconfig/statistics_msgs.pc'
[540.079s] Level 1:colcon.colcon_core.environment:checking '/home/rasp/ros2_ws/install/statistics_msgs/lib/python3.12/site-packages'
[540.079s] Level 1:colcon.colcon_core.shell:create_environment_hook('statistics_msgs', 'pythonpath')
[540.079s] INFO:colcon.colcon_core.shell:Creating environment hook '/home/rasp/ros2_ws/install/statistics_msgs/share/statistics_msgs/hook/pythonpath.ps1'
[540.080s] INFO:colcon.colcon_core.shell:Creating environment descriptor '/home/rasp/ros2_ws/install/statistics_msgs/share/statistics_msgs/hook/pythonpath.dsv'
[540.081s] INFO:colcon.colcon_core.shell:Creating environment hook '/home/rasp/ros2_ws/install/statistics_msgs/share/statistics_msgs/hook/pythonpath.sh'
[540.081s] Level 1:colcon.colcon_core.environment:checking '/home/rasp/ros2_ws/install/statistics_msgs/bin'
[540.081s] INFO:colcon.colcon_core.shell:Creating package script '/home/rasp/ros2_ws/install/statistics_msgs/share/statistics_msgs/package.ps1'
[540.082s] INFO:colcon.colcon_core.shell:Creating package descriptor '/home/rasp/ros2_ws/install/statistics_msgs/share/statistics_msgs/package.dsv'
[540.083s] INFO:colcon.colcon_core.shell:Creating package script '/home/rasp/ros2_ws/install/statistics_msgs/share/statistics_msgs/package.sh'
[540.083s] INFO:colcon.colcon_core.shell:Creating package script '/home/rasp/ros2_ws/install/statistics_msgs/share/statistics_msgs/package.bash'
[540.084s] INFO:colcon.colcon_core.shell:Creating package script '/home/rasp/ros2_ws/install/statistics_msgs/share/statistics_msgs/package.zsh'
[540.084s] Level 1:colcon.colcon_core.environment:create_file_with_runtime_dependencies(/home/rasp/ros2_ws/install/statistics_msgs/share/colcon-core/packages/statistics_msgs)
[540.087s] INFO:colcon.colcon_ros.task.ament_cmake.build:Building ROS package in '/home/rasp/ros2_ws/src/ros2/rcl_interfaces/action_msgs' with build type 'ament_cmake'
[540.087s] INFO:colcon.colcon_cmake.task.cmake.build:Building CMake package in '/home/rasp/ros2_ws/src/ros2/rcl_interfaces/action_msgs'
[540.087s] INFO:colcon.colcon_core.shell:Skip shell extension 'powershell' for command environment: Not usable outside of PowerShell
[540.087s] DEBUG:colcon.colcon_core.shell:Skip shell extension 'dsv' for command environment
[540.114s] DEBUG:colcon.colcon_core.event_handler.log_command:Invoking command in '/home/rasp/ros2_ws/build/action_msgs': AMENT_PREFIX_PATH=/home/rasp/ros2_ws/install/service_msgs:/home/rasp/ros2_ws/install/unique_identifier_msgs:/home/rasp/ros2_ws/install/builtin_interfaces:${AMENT_PREFIX_PATH} CMAKE_PREFIX_PATH=/home/rasp/ros2_ws/install/service_msgs:/home/rasp/ros2_ws/install/unique_identifier_msgs:/home/rasp/ros2_ws/install/builtin_interfaces:/home/rasp/ros2_ws/install/rosidl_typesupport_microxrcedds_cpp:/home/rasp/ros2_ws/install/rosidl_typesupport_microxrcedds_c:/home/rasp/ros2_ws/install/microcdr:/home/rasp/ros2_ws/install/micro_ros_setup:/opt/ros/jazzy/opt/gz_math_vendor:/opt/ros/jazzy/opt/gz_utils_vendor:/opt/ros/jazzy/opt/gz_cmake_vendor:/opt/ros/jazzy DEBUGINFOD_URLS=https://debuginfod.ubuntu.com LD_LIBRARY_PATH=/home/rasp/ros2_ws/install/service_msgs/lib:/home/rasp/ros2_ws/install/unique_identifier_msgs/lib:/home/rasp/ros2_ws/install/builtin_interfaces/lib:${LD_LIBRARY_PATH} PYTHONPATH=/home/rasp/ros2_ws/install/service_msgs/lib/python3.12/site-packages:/home/rasp/ros2_ws/install/unique_identifier_msgs/lib/python3.12/site-packages:/home/rasp/ros2_ws/install/builtin_interfaces/lib/python3.12/site-packages:${PYTHONPATH} /usr/bin/cmake /home/rasp/ros2_ws/src/ros2/rcl_interfaces/action_msgs -DBUILD_TESTING=OFF -DBUILD_SHARED_LIBS=ON -DCMAKE_INSTALL_PREFIX=/home/rasp/ros2_ws/install/action_msgs
[542.536s] DEBUG:colcon.colcon_core.event_handler.log_command:Invoked command in '/home/rasp/ros2_ws/build/lifecycle_msgs' returned '0': CMAKE_PREFIX_PATH=${CMAKE_PREFIX_PATH}:/opt/ros/jazzy DEBUGINFOD_URLS=https://debuginfod.ubuntu.com /usr/bin/cmake --build /home/rasp/ros2_ws/build/lifecycle_msgs -- -j2 -l2
[542.536s] DEBUG:colcon.colcon_core.event_handler.log_command:Invoking command in '/home/rasp/ros2_ws/build/lifecycle_msgs': CMAKE_PREFIX_PATH=${CMAKE_PREFIX_PATH}:/opt/ros/jazzy DEBUGINFOD_URLS=https://debuginfod.ubuntu.com /usr/bin/cmake --install /home/rasp/ros2_ws/build/lifecycle_msgs
[542.695s] Level 1:colcon.colcon_core.environment:create_environment_scripts_only(lifecycle_msgs)
[542.695s] Level 1:colcon.colcon_core.environment:checking '/home/rasp/ros2_ws/install/lifecycle_msgs' for CMake module files
[542.696s] DEBUG:colcon.colcon_core.event_handler.log_command:Invoked command in '/home/rasp/ros2_ws/build/lifecycle_msgs' returned '0': CMAKE_PREFIX_PATH=${CMAKE_PREFIX_PATH}:/opt/ros/jazzy DEBUGINFOD_URLS=https://debuginfod.ubuntu.com /usr/bin/cmake --install /home/rasp/ros2_ws/build/lifecycle_msgs
[542.696s] Level 1:colcon.colcon_core.environment:checking '/home/rasp/ros2_ws/install/lifecycle_msgs' for CMake config files
[542.697s] Level 1:colcon.colcon_core.shell:create_environment_hook('lifecycle_msgs', 'cmake_prefix_path')
[542.697s] INFO:colcon.colcon_core.shell:Creating environment hook '/home/rasp/ros2_ws/install/lifecycle_msgs/share/lifecycle_msgs/hook/cmake_prefix_path.ps1'
[542.698s] INFO:colcon.colcon_core.shell:Creating environment descriptor '/home/rasp/ros2_ws/install/lifecycle_msgs/share/lifecycle_msgs/hook/cmake_prefix_path.dsv'
[542.698s] INFO:colcon.colcon_core.shell:Creating environment hook '/home/rasp/ros2_ws/install/lifecycle_msgs/share/lifecycle_msgs/hook/cmake_prefix_path.sh'
[542.698s] Level 1:colcon.colcon_core.environment:checking '/home/rasp/ros2_ws/install/lifecycle_msgs/lib'
[542.698s] Level 1:colcon.colcon_core.shell:create_environment_hook('lifecycle_msgs', 'ld_library_path_lib')
[542.699s] INFO:colcon.colcon_core.shell:Creating environment hook '/home/rasp/ros2_ws/install/lifecycle_msgs/share/lifecycle_msgs/hook/ld_library_path_lib.ps1'
[542.699s] INFO:colcon.colcon_core.shell:Creating environment descriptor '/home/rasp/ros2_ws/install/lifecycle_msgs/share/lifecycle_msgs/hook/ld_library_path_lib.dsv'
[542.699s] INFO:colcon.colcon_core.shell:Creating environment hook '/home/rasp/ros2_ws/install/lifecycle_msgs/share/lifecycle_msgs/hook/ld_library_path_lib.sh'
[542.699s] Level 1:colcon.colcon_core.environment:checking '/home/rasp/ros2_ws/install/lifecycle_msgs/bin'
[542.699s] Level 1:colcon.colcon_core.environment:checking '/home/rasp/ros2_ws/install/lifecycle_msgs/lib/pkgconfig/lifecycle_msgs.pc'
[542.700s] Level 1:colcon.colcon_core.environment:checking '/home/rasp/ros2_ws/install/lifecycle_msgs/lib/python3.12/site-packages'
[542.700s] Level 1:colcon.colcon_core.shell:create_environment_hook('lifecycle_msgs', 'pythonpath')
[542.700s] INFO:colcon.colcon_core.shell:Creating environment hook '/home/rasp/ros2_ws/install/lifecycle_msgs/share/lifecycle_msgs/hook/pythonpath.ps1'
[542.700s] INFO:colcon.colcon_core.shell:Creating environment descriptor '/home/rasp/ros2_ws/install/lifecycle_msgs/share/lifecycle_msgs/hook/pythonpath.dsv'
[542.700s] INFO:colcon.colcon_core.shell:Creating environment hook '/home/rasp/ros2_ws/install/lifecycle_msgs/share/lifecycle_msgs/hook/pythonpath.sh'
[542.701s] Level 1:colcon.colcon_core.environment:checking '/home/rasp/ros2_ws/install/lifecycle_msgs/bin'
[542.701s] INFO:colcon.colcon_core.shell:Creating package script '/home/rasp/ros2_ws/install/lifecycle_msgs/share/lifecycle_msgs/package.ps1'
[542.701s] INFO:colcon.colcon_core.shell:Creating package descriptor '/home/rasp/ros2_ws/install/lifecycle_msgs/share/lifecycle_msgs/package.dsv'
[542.702s] INFO:colcon.colcon_core.shell:Creating package script '/home/rasp/ros2_ws/install/lifecycle_msgs/share/lifecycle_msgs/package.sh'
[542.702s] INFO:colcon.colcon_core.shell:Creating package script '/home/rasp/ros2_ws/install/lifecycle_msgs/share/lifecycle_msgs/package.bash'
[542.704s] INFO:colcon.colcon_core.shell:Creating package script '/home/rasp/ros2_ws/install/lifecycle_msgs/share/lifecycle_msgs/package.zsh'
[542.704s] Level 1:colcon.colcon_core.environment:create_file_with_runtime_dependencies(/home/rasp/ros2_ws/install/lifecycle_msgs/share/colcon-core/packages/lifecycle_msgs)
[542.705s] Level 1:colcon.colcon_core.environment:create_environment_scripts_only(lifecycle_msgs)
[542.705s] Level 1:colcon.colcon_core.environment:checking '/home/rasp/ros2_ws/install/lifecycle_msgs' for CMake module files
[542.705s] Level 1:colcon.colcon_core.environment:checking '/home/rasp/ros2_ws/install/lifecycle_msgs' for CMake config files
[542.706s] Level 1:colcon.colcon_core.shell:create_environment_hook('lifecycle_msgs', 'cmake_prefix_path')
[542.706s] INFO:colcon.colcon_core.shell:Creating environment hook '/home/rasp/ros2_ws/install/lifecycle_msgs/share/lifecycle_msgs/hook/cmake_prefix_path.ps1'
[542.706s] INFO:colcon.colcon_core.shell:Creating environment descriptor '/home/rasp/ros2_ws/install/lifecycle_msgs/share/lifecycle_msgs/hook/cmake_prefix_path.dsv'
[542.708s] INFO:colcon.colcon_core.shell:Creating environment hook '/home/rasp/ros2_ws/install/lifecycle_msgs/share/lifecycle_msgs/hook/cmake_prefix_path.sh'
[542.708s] Level 1:colcon.colcon_core.environment:checking '/home/rasp/ros2_ws/install/lifecycle_msgs/lib'
[542.709s] Level 1:colcon.colcon_core.shell:create_environment_hook('lifecycle_msgs', 'ld_library_path_lib')
[542.709s] INFO:colcon.colcon_core.shell:Creating environment hook '/home/rasp/ros2_ws/install/lifecycle_msgs/share/lifecycle_msgs/hook/ld_library_path_lib.ps1'
[542.709s] INFO:colcon.colcon_core.shell:Creating environment descriptor '/home/rasp/ros2_ws/install/lifecycle_msgs/share/lifecycle_msgs/hook/ld_library_path_lib.dsv'
[542.710s] INFO:colcon.colcon_core.shell:Creating environment hook '/home/rasp/ros2_ws/install/lifecycle_msgs/share/lifecycle_msgs/hook/ld_library_path_lib.sh'
[542.710s] Level 1:colcon.colcon_core.environment:checking '/home/rasp/ros2_ws/install/lifecycle_msgs/bin'
[542.710s] Level 1:colcon.colcon_core.environment:checking '/home/rasp/ros2_ws/install/lifecycle_msgs/lib/pkgconfig/lifecycle_msgs.pc'
[542.710s] Level 1:colcon.colcon_core.environment:checking '/home/rasp/ros2_ws/install/lifecycle_msgs/lib/python3.12/site-packages'
[542.710s] Level 1:colcon.colcon_core.shell:create_environment_hook('lifecycle_msgs', 'pythonpath')
[542.710s] INFO:colcon.colcon_core.shell:Creating environment hook '/home/rasp/ros2_ws/install/lifecycle_msgs/share/lifecycle_msgs/hook/pythonpath.ps1'
[542.711s] INFO:colcon.colcon_core.shell:Creating environment descriptor '/home/rasp/ros2_ws/install/lifecycle_msgs/share/lifecycle_msgs/hook/pythonpath.dsv'
[542.711s] INFO:colcon.colcon_core.shell:Creating environment hook '/home/rasp/ros2_ws/install/lifecycle_msgs/share/lifecycle_msgs/hook/pythonpath.sh'
[542.712s] Level 1:colcon.colcon_core.environment:checking '/home/rasp/ros2_ws/install/lifecycle_msgs/bin'
[542.712s] INFO:colcon.colcon_core.shell:Creating package script '/home/rasp/ros2_ws/install/lifecycle_msgs/share/lifecycle_msgs/package.ps1'
[542.713s] INFO:colcon.colcon_core.shell:Creating package descriptor '/home/rasp/ros2_ws/install/lifecycle_msgs/share/lifecycle_msgs/package.dsv'
[542.713s] INFO:colcon.colcon_core.shell:Creating package script '/home/rasp/ros2_ws/install/lifecycle_msgs/share/lifecycle_msgs/package.sh'
[542.714s] INFO:colcon.colcon_core.shell:Creating package script '/home/rasp/ros2_ws/install/lifecycle_msgs/share/lifecycle_msgs/package.bash'
[542.714s] INFO:colcon.colcon_core.shell:Creating package script '/home/rasp/ros2_ws/install/lifecycle_msgs/share/lifecycle_msgs/package.zsh'
[542.715s] Level 1:colcon.colcon_core.environment:create_file_with_runtime_dependencies(/home/rasp/ros2_ws/install/lifecycle_msgs/share/colcon-core/packages/lifecycle_msgs)
[542.715s] INFO:colcon.colcon_ros.task.ament_cmake.build:Building ROS package in '/home/rasp/ros2_ws/src/ros2/rcl_interfaces/composition_interfaces' with build type 'ament_cmake'
[542.715s] INFO:colcon.colcon_cmake.task.cmake.build:Building CMake package in '/home/rasp/ros2_ws/src/ros2/rcl_interfaces/composition_interfaces'
[542.715s] INFO:colcon.colcon_core.shell:Skip shell extension 'powershell' for command environment: Not usable outside of PowerShell
[542.716s] DEBUG:colcon.colcon_core.shell:Skip shell extension 'dsv' for command environment
[542.744s] DEBUG:colcon.colcon_core.event_handler.log_command:Invoking command in '/home/rasp/ros2_ws/build/composition_interfaces': AMENT_PREFIX_PATH=/home/rasp/ros2_ws/install/rcl_interfaces:/home/rasp/ros2_ws/install/builtin_interfaces:${AMENT_PREFIX_PATH} CMAKE_PREFIX_PATH=/home/rasp/ros2_ws/install/rcl_interfaces:/home/rasp/ros2_ws/install/builtin_interfaces:/home/rasp/ros2_ws/install/rosidl_typesupport_microxrcedds_cpp:/home/rasp/ros2_ws/install/rosidl_typesupport_microxrcedds_c:/home/rasp/ros2_ws/install/microcdr:/home/rasp/ros2_ws/install/micro_ros_setup:/opt/ros/jazzy/opt/gz_math_vendor:/opt/ros/jazzy/opt/gz_utils_vendor:/opt/ros/jazzy/opt/gz_cmake_vendor:/opt/ros/jazzy DEBUGINFOD_URLS=https://debuginfod.ubuntu.com LD_LIBRARY_PATH=/home/rasp/ros2_ws/install/rcl_interfaces/lib:/home/rasp/ros2_ws/install/builtin_interfaces/lib:${LD_LIBRARY_PATH} PYTHONPATH=/home/rasp/ros2_ws/install/rcl_interfaces/lib/python3.12/site-packages:/home/rasp/ros2_ws/install/builtin_interfaces/lib/python3.12/site-packages:${PYTHONPATH} /usr/bin/cmake /home/rasp/ros2_ws/src/ros2/rcl_interfaces/composition_interfaces -DBUILD_TESTING=OFF -DBUILD_SHARED_LIBS=ON -DCMAKE_INSTALL_PREFIX=/home/rasp/ros2_ws/install/composition_interfaces
[543.880s] DEBUG:colcon.colcon_core.event_handler.log_command:Invoked command in '/home/rasp/ros2_ws/build/action_msgs' returned '0': AMENT_PREFIX_PATH=/home/rasp/ros2_ws/install/service_msgs:/home/rasp/ros2_ws/install/unique_identifier_msgs:/home/rasp/ros2_ws/install/builtin_interfaces:${AMENT_PREFIX_PATH} CMAKE_PREFIX_PATH=/home/rasp/ros2_ws/install/service_msgs:/home/rasp/ros2_ws/install/unique_identifier_msgs:/home/rasp/ros2_ws/install/builtin_interfaces:/home/rasp/ros2_ws/install/rosidl_typesupport_microxrcedds_cpp:/home/rasp/ros2_ws/install/rosidl_typesupport_microxrcedds_c:/home/rasp/ros2_ws/install/microcdr:/home/rasp/ros2_ws/install/micro_ros_setup:/opt/ros/jazzy/opt/gz_math_vendor:/opt/ros/jazzy/opt/gz_utils_vendor:/opt/ros/jazzy/opt/gz_cmake_vendor:/opt/ros/jazzy DEBUGINFOD_URLS=https://debuginfod.ubuntu.com LD_LIBRARY_PATH=/home/rasp/ros2_ws/install/service_msgs/lib:/home/rasp/ros2_ws/install/unique_identifier_msgs/lib:/home/rasp/ros2_ws/install/builtin_interfaces/lib:${LD_LIBRARY_PATH} PYTHONPATH=/home/rasp/ros2_ws/install/service_msgs/lib/python3.12/site-packages:/home/rasp/ros2_ws/install/unique_identifier_msgs/lib/python3.12/site-packages:/home/rasp/ros2_ws/install/builtin_interfaces/lib/python3.12/site-packages:${PYTHONPATH} /usr/bin/cmake /home/rasp/ros2_ws/src/ros2/rcl_interfaces/action_msgs -DBUILD_TESTING=OFF -DBUILD_SHARED_LIBS=ON -DCMAKE_INSTALL_PREFIX=/home/rasp/ros2_ws/install/action_msgs
[543.881s] DEBUG:colcon.colcon_core.event_handler.log_command:Invoking command in '/home/rasp/ros2_ws/build/action_msgs': AMENT_PREFIX_PATH=/home/rasp/ros2_ws/install/service_msgs:/home/rasp/ros2_ws/install/unique_identifier_msgs:/home/rasp/ros2_ws/install/builtin_interfaces:${AMENT_PREFIX_PATH} CMAKE_PREFIX_PATH=/home/rasp/ros2_ws/install/service_msgs:/home/rasp/ros2_ws/install/unique_identifier_msgs:/home/rasp/ros2_ws/install/builtin_interfaces:/home/rasp/ros2_ws/install/rosidl_typesupport_microxrcedds_cpp:/home/rasp/ros2_ws/install/rosidl_typesupport_microxrcedds_c:/home/rasp/ros2_ws/install/microcdr:/home/rasp/ros2_ws/install/micro_ros_setup:/opt/ros/jazzy/opt/gz_math_vendor:/opt/ros/jazzy/opt/gz_utils_vendor:/opt/ros/jazzy/opt/gz_cmake_vendor:/opt/ros/jazzy DEBUGINFOD_URLS=https://debuginfod.ubuntu.com LD_LIBRARY_PATH=/home/rasp/ros2_ws/install/service_msgs/lib:/home/rasp/ros2_ws/install/unique_identifier_msgs/lib:/home/rasp/ros2_ws/install/builtin_interfaces/lib:${LD_LIBRARY_PATH} PYTHONPATH=/home/rasp/ros2_ws/install/service_msgs/lib/python3.12/site-packages:/home/rasp/ros2_ws/install/unique_identifier_msgs/lib/python3.12/site-packages:/home/rasp/ros2_ws/install/builtin_interfaces/lib/python3.12/site-packages:${PYTHONPATH} /usr/bin/cmake --build /home/rasp/ros2_ws/build/action_msgs -- -j2 -l2
[546.649s] DEBUG:colcon.colcon_core.event_handler.log_command:Invoked command in '/home/rasp/ros2_ws/build/composition_interfaces' returned '0': AMENT_PREFIX_PATH=/home/rasp/ros2_ws/install/rcl_interfaces:/home/rasp/ros2_ws/install/builtin_interfaces:${AMENT_PREFIX_PATH} CMAKE_PREFIX_PATH=/home/rasp/ros2_ws/install/rcl_interfaces:/home/rasp/ros2_ws/install/builtin_interfaces:/home/rasp/ros2_ws/install/rosidl_typesupport_microxrcedds_cpp:/home/rasp/ros2_ws/install/rosidl_typesupport_microxrcedds_c:/home/rasp/ros2_ws/install/microcdr:/home/rasp/ros2_ws/install/micro_ros_setup:/opt/ros/jazzy/opt/gz_math_vendor:/opt/ros/jazzy/opt/gz_utils_vendor:/opt/ros/jazzy/opt/gz_cmake_vendor:/opt/ros/jazzy DEBUGINFOD_URLS=https://debuginfod.ubuntu.com LD_LIBRARY_PATH=/home/rasp/ros2_ws/install/rcl_interfaces/lib:/home/rasp/ros2_ws/install/builtin_interfaces/lib:${LD_LIBRARY_PATH} PYTHONPATH=/home/rasp/ros2_ws/install/rcl_interfaces/lib/python3.12/site-packages:/home/rasp/ros2_ws/install/builtin_interfaces/lib/python3.12/site-packages:${PYTHONPATH} /usr/bin/cmake /home/rasp/ros2_ws/src/ros2/rcl_interfaces/composition_interfaces -DBUILD_TESTING=OFF -DBUILD_SHARED_LIBS=ON -DCMAKE_INSTALL_PREFIX=/home/rasp/ros2_ws/install/composition_interfaces
[546.650s] DEBUG:colcon.colcon_core.event_handler.log_command:Invoking command in '/home/rasp/ros2_ws/build/composition_interfaces': AMENT_PREFIX_PATH=/home/rasp/ros2_ws/install/rcl_interfaces:/home/rasp/ros2_ws/install/builtin_interfaces:${AMENT_PREFIX_PATH} CMAKE_PREFIX_PATH=/home/rasp/ros2_ws/install/rcl_interfaces:/home/rasp/ros2_ws/install/builtin_interfaces:/home/rasp/ros2_ws/install/rosidl_typesupport_microxrcedds_cpp:/home/rasp/ros2_ws/install/rosidl_typesupport_microxrcedds_c:/home/rasp/ros2_ws/install/microcdr:/home/rasp/ros2_ws/install/micro_ros_setup:/opt/ros/jazzy/opt/gz_math_vendor:/opt/ros/jazzy/opt/gz_utils_vendor:/opt/ros/jazzy/opt/gz_cmake_vendor:/opt/ros/jazzy DEBUGINFOD_URLS=https://debuginfod.ubuntu.com LD_LIBRARY_PATH=/home/rasp/ros2_ws/install/rcl_interfaces/lib:/home/rasp/ros2_ws/install/builtin_interfaces/lib:${LD_LIBRARY_PATH} PYTHONPATH=/home/rasp/ros2_ws/install/rcl_interfaces/lib/python3.12/site-packages:/home/rasp/ros2_ws/install/builtin_interfaces/lib/python3.12/site-packages:${PYTHONPATH} /usr/bin/cmake --build /home/rasp/ros2_ws/build/composition_interfaces -- -j2 -l2
[564.385s] DEBUG:colcon.colcon_core.event_handler.log_command:Invoked command in '/home/rasp/ros2_ws/build/action_msgs' returned '0': AMENT_PREFIX_PATH=/home/rasp/ros2_ws/install/service_msgs:/home/rasp/ros2_ws/install/unique_identifier_msgs:/home/rasp/ros2_ws/install/builtin_interfaces:${AMENT_PREFIX_PATH} CMAKE_PREFIX_PATH=/home/rasp/ros2_ws/install/service_msgs:/home/rasp/ros2_ws/install/unique_identifier_msgs:/home/rasp/ros2_ws/install/builtin_interfaces:/home/rasp/ros2_ws/install/rosidl_typesupport_microxrcedds_cpp:/home/rasp/ros2_ws/install/rosidl_typesupport_microxrcedds_c:/home/rasp/ros2_ws/install/microcdr:/home/rasp/ros2_ws/install/micro_ros_setup:/opt/ros/jazzy/opt/gz_math_vendor:/opt/ros/jazzy/opt/gz_utils_vendor:/opt/ros/jazzy/opt/gz_cmake_vendor:/opt/ros/jazzy DEBUGINFOD_URLS=https://debuginfod.ubuntu.com LD_LIBRARY_PATH=/home/rasp/ros2_ws/install/service_msgs/lib:/home/rasp/ros2_ws/install/unique_identifier_msgs/lib:/home/rasp/ros2_ws/install/builtin_interfaces/lib:${LD_LIBRARY_PATH} PYTHONPATH=/home/rasp/ros2_ws/install/service_msgs/lib/python3.12/site-packages:/home/rasp/ros2_ws/install/unique_identifier_msgs/lib/python3.12/site-packages:/home/rasp/ros2_ws/install/builtin_interfaces/lib/python3.12/site-packages:${PYTHONPATH} /usr/bin/cmake --build /home/rasp/ros2_ws/build/action_msgs -- -j2 -l2
[564.387s] DEBUG:colcon.colcon_core.event_handler.log_command:Invoking command in '/home/rasp/ros2_ws/build/action_msgs': AMENT_PREFIX_PATH=/home/rasp/ros2_ws/install/service_msgs:/home/rasp/ros2_ws/install/unique_identifier_msgs:/home/rasp/ros2_ws/install/builtin_interfaces:${AMENT_PREFIX_PATH} CMAKE_PREFIX_PATH=/home/rasp/ros2_ws/install/service_msgs:/home/rasp/ros2_ws/install/unique_identifier_msgs:/home/rasp/ros2_ws/install/builtin_interfaces:/home/rasp/ros2_ws/install/rosidl_typesupport_microxrcedds_cpp:/home/rasp/ros2_ws/install/rosidl_typesupport_microxrcedds_c:/home/rasp/ros2_ws/install/microcdr:/home/rasp/ros2_ws/install/micro_ros_setup:/opt/ros/jazzy/opt/gz_math_vendor:/opt/ros/jazzy/opt/gz_utils_vendor:/opt/ros/jazzy/opt/gz_cmake_vendor:/opt/ros/jazzy DEBUGINFOD_URLS=https://debuginfod.ubuntu.com LD_LIBRARY_PATH=/home/rasp/ros2_ws/install/service_msgs/lib:/home/rasp/ros2_ws/install/unique_identifier_msgs/lib:/home/rasp/ros2_ws/install/builtin_interfaces/lib:${LD_LIBRARY_PATH} PYTHONPATH=/home/rasp/ros2_ws/install/service_msgs/lib/python3.12/site-packages:/home/rasp/ros2_ws/install/unique_identifier_msgs/lib/python3.12/site-packages:/home/rasp/ros2_ws/install/builtin_interfaces/lib/python3.12/site-packages:${PYTHONPATH} /usr/bin/cmake --install /home/rasp/ros2_ws/build/action_msgs
[564.523s] Level 1:colcon.colcon_core.environment:create_environment_scripts_only(action_msgs)
[564.524s] Level 1:colcon.colcon_core.environment:checking '/home/rasp/ros2_ws/install/action_msgs' for CMake module files
[564.524s] DEBUG:colcon.colcon_core.event_handler.log_command:Invoked command in '/home/rasp/ros2_ws/build/action_msgs' returned '0': AMENT_PREFIX_PATH=/home/rasp/ros2_ws/install/service_msgs:/home/rasp/ros2_ws/install/unique_identifier_msgs:/home/rasp/ros2_ws/install/builtin_interfaces:${AMENT_PREFIX_PATH} CMAKE_PREFIX_PATH=/home/rasp/ros2_ws/install/service_msgs:/home/rasp/ros2_ws/install/unique_identifier_msgs:/home/rasp/ros2_ws/install/builtin_interfaces:/home/rasp/ros2_ws/install/rosidl_typesupport_microxrcedds_cpp:/home/rasp/ros2_ws/install/rosidl_typesupport_microxrcedds_c:/home/rasp/ros2_ws/install/microcdr:/home/rasp/ros2_ws/install/micro_ros_setup:/opt/ros/jazzy/opt/gz_math_vendor:/opt/ros/jazzy/opt/gz_utils_vendor:/opt/ros/jazzy/opt/gz_cmake_vendor:/opt/ros/jazzy DEBUGINFOD_URLS=https://debuginfod.ubuntu.com LD_LIBRARY_PATH=/home/rasp/ros2_ws/install/service_msgs/lib:/home/rasp/ros2_ws/install/unique_identifier_msgs/lib:/home/rasp/ros2_ws/install/builtin_interfaces/lib:${LD_LIBRARY_PATH} PYTHONPATH=/home/rasp/ros2_ws/install/service_msgs/lib/python3.12/site-packages:/home/rasp/ros2_ws/install/unique_identifier_msgs/lib/python3.12/site-packages:/home/rasp/ros2_ws/install/builtin_interfaces/lib/python3.12/site-packages:${PYTHONPATH} /usr/bin/cmake --install /home/rasp/ros2_ws/build/action_msgs
[564.525s] Level 1:colcon.colcon_core.environment:checking '/home/rasp/ros2_ws/install/action_msgs' for CMake config files
[564.525s] Level 1:colcon.colcon_core.shell:create_environment_hook('action_msgs', 'cmake_prefix_path')
[564.525s] INFO:colcon.colcon_core.shell:Creating environment hook '/home/rasp/ros2_ws/install/action_msgs/share/action_msgs/hook/cmake_prefix_path.ps1'
[564.526s] INFO:colcon.colcon_core.shell:Creating environment descriptor '/home/rasp/ros2_ws/install/action_msgs/share/action_msgs/hook/cmake_prefix_path.dsv'
[564.526s] INFO:colcon.colcon_core.shell:Creating environment hook '/home/rasp/ros2_ws/install/action_msgs/share/action_msgs/hook/cmake_prefix_path.sh'
[564.526s] Level 1:colcon.colcon_core.environment:checking '/home/rasp/ros2_ws/install/action_msgs/lib'
[564.527s] Level 1:colcon.colcon_core.shell:create_environment_hook('action_msgs', 'ld_library_path_lib')
[564.527s] INFO:colcon.colcon_core.shell:Creating environment hook '/home/rasp/ros2_ws/install/action_msgs/share/action_msgs/hook/ld_library_path_lib.ps1'
[564.527s] INFO:colcon.colcon_core.shell:Creating environment descriptor '/home/rasp/ros2_ws/install/action_msgs/share/action_msgs/hook/ld_library_path_lib.dsv'
[564.527s] INFO:colcon.colcon_core.shell:Creating environment hook '/home/rasp/ros2_ws/install/action_msgs/share/action_msgs/hook/ld_library_path_lib.sh'
[564.527s] Level 1:colcon.colcon_core.environment:checking '/home/rasp/ros2_ws/install/action_msgs/bin'
[564.528s] Level 1:colcon.colcon_core.environment:checking '/home/rasp/ros2_ws/install/action_msgs/lib/pkgconfig/action_msgs.pc'
[564.528s] Level 1:colcon.colcon_core.environment:checking '/home/rasp/ros2_ws/install/action_msgs/lib/python3.12/site-packages'
[564.528s] Level 1:colcon.colcon_core.shell:create_environment_hook('action_msgs', 'pythonpath')
[564.528s] INFO:colcon.colcon_core.shell:Creating environment hook '/home/rasp/ros2_ws/install/action_msgs/share/action_msgs/hook/pythonpath.ps1'
[564.528s] INFO:colcon.colcon_core.shell:Creating environment descriptor '/home/rasp/ros2_ws/install/action_msgs/share/action_msgs/hook/pythonpath.dsv'
[564.529s] INFO:colcon.colcon_core.shell:Creating environment hook '/home/rasp/ros2_ws/install/action_msgs/share/action_msgs/hook/pythonpath.sh'
[564.529s] Level 1:colcon.colcon_core.environment:checking '/home/rasp/ros2_ws/install/action_msgs/bin'
[564.529s] INFO:colcon.colcon_core.shell:Creating package script '/home/rasp/ros2_ws/install/action_msgs/share/action_msgs/package.ps1'
[564.530s] INFO:colcon.colcon_core.shell:Creating package descriptor '/home/rasp/ros2_ws/install/action_msgs/share/action_msgs/package.dsv'
[564.531s] INFO:colcon.colcon_core.shell:Creating package script '/home/rasp/ros2_ws/install/action_msgs/share/action_msgs/package.sh'
[564.531s] INFO:colcon.colcon_core.shell:Creating package script '/home/rasp/ros2_ws/install/action_msgs/share/action_msgs/package.bash'
[564.531s] INFO:colcon.colcon_core.shell:Creating package script '/home/rasp/ros2_ws/install/action_msgs/share/action_msgs/package.zsh'
[564.532s] Level 1:colcon.colcon_core.environment:create_file_with_runtime_dependencies(/home/rasp/ros2_ws/install/action_msgs/share/colcon-core/packages/action_msgs)
[564.532s] Level 1:colcon.colcon_core.environment:create_environment_scripts_only(action_msgs)
[564.532s] Level 1:colcon.colcon_core.environment:checking '/home/rasp/ros2_ws/install/action_msgs' for CMake module files
[564.533s] Level 1:colcon.colcon_core.environment:checking '/home/rasp/ros2_ws/install/action_msgs' for CMake config files
[564.533s] Level 1:colcon.colcon_core.shell:create_environment_hook('action_msgs', 'cmake_prefix_path')
[564.533s] INFO:colcon.colcon_core.shell:Creating environment hook '/home/rasp/ros2_ws/install/action_msgs/share/action_msgs/hook/cmake_prefix_path.ps1'
[564.534s] INFO:colcon.colcon_core.shell:Creating environment descriptor '/home/rasp/ros2_ws/install/action_msgs/share/action_msgs/hook/cmake_prefix_path.dsv'
[564.534s] INFO:colcon.colcon_core.shell:Creating environment hook '/home/rasp/ros2_ws/install/action_msgs/share/action_msgs/hook/cmake_prefix_path.sh'
[564.535s] Level 1:colcon.colcon_core.environment:checking '/home/rasp/ros2_ws/install/action_msgs/lib'
[564.535s] Level 1:colcon.colcon_core.shell:create_environment_hook('action_msgs', 'ld_library_path_lib')
[564.535s] INFO:colcon.colcon_core.shell:Creating environment hook '/home/rasp/ros2_ws/install/action_msgs/share/action_msgs/hook/ld_library_path_lib.ps1'
[564.535s] INFO:colcon.colcon_core.shell:Creating environment descriptor '/home/rasp/ros2_ws/install/action_msgs/share/action_msgs/hook/ld_library_path_lib.dsv'
[564.536s] INFO:colcon.colcon_core.shell:Creating environment hook '/home/rasp/ros2_ws/install/action_msgs/share/action_msgs/hook/ld_library_path_lib.sh'
[564.536s] Level 1:colcon.colcon_core.environment:checking '/home/rasp/ros2_ws/install/action_msgs/bin'
[564.536s] Level 1:colcon.colcon_core.environment:checking '/home/rasp/ros2_ws/install/action_msgs/lib/pkgconfig/action_msgs.pc'
[564.537s] Level 1:colcon.colcon_core.environment:checking '/home/rasp/ros2_ws/install/action_msgs/lib/python3.12/site-packages'
[564.537s] Level 1:colcon.colcon_core.shell:create_environment_hook('action_msgs', 'pythonpath')
[564.537s] INFO:colcon.colcon_core.shell:Creating environment hook '/home/rasp/ros2_ws/install/action_msgs/share/action_msgs/hook/pythonpath.ps1'
[564.537s] INFO:colcon.colcon_core.shell:Creating environment descriptor '/home/rasp/ros2_ws/install/action_msgs/share/action_msgs/hook/pythonpath.dsv'
[564.538s] INFO:colcon.colcon_core.shell:Creating environment hook '/home/rasp/ros2_ws/install/action_msgs/share/action_msgs/hook/pythonpath.sh'
[564.538s] Level 1:colcon.colcon_core.environment:checking '/home/rasp/ros2_ws/install/action_msgs/bin'
[564.538s] INFO:colcon.colcon_core.shell:Creating package script '/home/rasp/ros2_ws/install/action_msgs/share/action_msgs/package.ps1'
[564.539s] INFO:colcon.colcon_core.shell:Creating package descriptor '/home/rasp/ros2_ws/install/action_msgs/share/action_msgs/package.dsv'
[564.540s] INFO:colcon.colcon_core.shell:Creating package script '/home/rasp/ros2_ws/install/action_msgs/share/action_msgs/package.sh'
[564.540s] INFO:colcon.colcon_core.shell:Creating package script '/home/rasp/ros2_ws/install/action_msgs/share/action_msgs/package.bash'
[564.541s] INFO:colcon.colcon_core.shell:Creating package script '/home/rasp/ros2_ws/install/action_msgs/share/action_msgs/package.zsh'
[564.541s] Level 1:colcon.colcon_core.environment:create_file_with_runtime_dependencies(/home/rasp/ros2_ws/install/action_msgs/share/colcon-core/packages/action_msgs)
[564.542s] INFO:colcon.colcon_ros.task.ament_cmake.build:Building ROS package in '/home/rasp/ros2_ws/src/ros2/rcl_interfaces/type_description_interfaces' with build type 'ament_cmake'
[564.542s] INFO:colcon.colcon_cmake.task.cmake.build:Building CMake package in '/home/rasp/ros2_ws/src/ros2/rcl_interfaces/type_description_interfaces'
[564.542s] INFO:colcon.colcon_core.shell:Skip shell extension 'powershell' for command environment: Not usable outside of PowerShell
[564.542s] DEBUG:colcon.colcon_core.shell:Skip shell extension 'dsv' for command environment
[564.569s] DEBUG:colcon.colcon_core.event_handler.log_command:Invoking command in '/home/rasp/ros2_ws/build/type_description_interfaces': AMENT_PREFIX_PATH=/home/rasp/ros2_ws/install/service_msgs:/home/rasp/ros2_ws/install/builtin_interfaces:${AMENT_PREFIX_PATH} CMAKE_PREFIX_PATH=/home/rasp/ros2_ws/install/service_msgs:/home/rasp/ros2_ws/install/builtin_interfaces:/home/rasp/ros2_ws/install/rosidl_typesupport_microxrcedds_cpp:/home/rasp/ros2_ws/install/rosidl_typesupport_microxrcedds_c:/home/rasp/ros2_ws/install/microcdr:/home/rasp/ros2_ws/install/micro_ros_setup:/opt/ros/jazzy/opt/gz_math_vendor:/opt/ros/jazzy/opt/gz_utils_vendor:/opt/ros/jazzy/opt/gz_cmake_vendor:/opt/ros/jazzy DEBUGINFOD_URLS=https://debuginfod.ubuntu.com LD_LIBRARY_PATH=/home/rasp/ros2_ws/install/service_msgs/lib:/home/rasp/ros2_ws/install/builtin_interfaces/lib:${LD_LIBRARY_PATH} PYTHONPATH=/home/rasp/ros2_ws/install/service_msgs/lib/python3.12/site-packages:/home/rasp/ros2_ws/install/builtin_interfaces/lib/python3.12/site-packages:${PYTHONPATH} /usr/bin/cmake /home/rasp/ros2_ws/src/ros2/rcl_interfaces/type_description_interfaces -DBUILD_TESTING=OFF -DBUILD_SHARED_LIBS=ON -DCMAKE_INSTALL_PREFIX=/home/rasp/ros2_ws/install/type_description_interfaces
[566.184s] DEBUG:colcon.colcon_core.event_handler.log_command:Invoked command in '/home/rasp/ros2_ws/build/composition_interfaces' returned '0': AMENT_PREFIX_PATH=/home/rasp/ros2_ws/install/rcl_interfaces:/home/rasp/ros2_ws/install/builtin_interfaces:${AMENT_PREFIX_PATH} CMAKE_PREFIX_PATH=/home/rasp/ros2_ws/install/rcl_interfaces:/home/rasp/ros2_ws/install/builtin_interfaces:/home/rasp/ros2_ws/install/rosidl_typesupport_microxrcedds_cpp:/home/rasp/ros2_ws/install/rosidl_typesupport_microxrcedds_c:/home/rasp/ros2_ws/install/microcdr:/home/rasp/ros2_ws/install/micro_ros_setup:/opt/ros/jazzy/opt/gz_math_vendor:/opt/ros/jazzy/opt/gz_utils_vendor:/opt/ros/jazzy/opt/gz_cmake_vendor:/opt/ros/jazzy DEBUGINFOD_URLS=https://debuginfod.ubuntu.com LD_LIBRARY_PATH=/home/rasp/ros2_ws/install/rcl_interfaces/lib:/home/rasp/ros2_ws/install/builtin_interfaces/lib:${LD_LIBRARY_PATH} PYTHONPATH=/home/rasp/ros2_ws/install/rcl_interfaces/lib/python3.12/site-packages:/home/rasp/ros2_ws/install/builtin_interfaces/lib/python3.12/site-packages:${PYTHONPATH} /usr/bin/cmake --build /home/rasp/ros2_ws/build/composition_interfaces -- -j2 -l2
[566.185s] DEBUG:colcon.colcon_core.event_handler.log_command:Invoking command in '/home/rasp/ros2_ws/build/composition_interfaces': AMENT_PREFIX_PATH=/home/rasp/ros2_ws/install/rcl_interfaces:/home/rasp/ros2_ws/install/builtin_interfaces:${AMENT_PREFIX_PATH} CMAKE_PREFIX_PATH=/home/rasp/ros2_ws/install/rcl_interfaces:/home/rasp/ros2_ws/install/builtin_interfaces:/home/rasp/ros2_ws/install/rosidl_typesupport_microxrcedds_cpp:/home/rasp/ros2_ws/install/rosidl_typesupport_microxrcedds_c:/home/rasp/ros2_ws/install/microcdr:/home/rasp/ros2_ws/install/micro_ros_setup:/opt/ros/jazzy/opt/gz_math_vendor:/opt/ros/jazzy/opt/gz_utils_vendor:/opt/ros/jazzy/opt/gz_cmake_vendor:/opt/ros/jazzy DEBUGINFOD_URLS=https://debuginfod.ubuntu.com LD_LIBRARY_PATH=/home/rasp/ros2_ws/install/rcl_interfaces/lib:/home/rasp/ros2_ws/install/builtin_interfaces/lib:${LD_LIBRARY_PATH} PYTHONPATH=/home/rasp/ros2_ws/install/rcl_interfaces/lib/python3.12/site-packages:/home/rasp/ros2_ws/install/builtin_interfaces/lib/python3.12/site-packages:${PYTHONPATH} /usr/bin/cmake --install /home/rasp/ros2_ws/build/composition_interfaces
[566.316s] Level 1:colcon.colcon_core.environment:create_environment_scripts_only(composition_interfaces)
[566.316s] Level 1:colcon.colcon_core.environment:checking '/home/rasp/ros2_ws/install/composition_interfaces' for CMake module files
[566.317s] DEBUG:colcon.colcon_core.event_handler.log_command:Invoked command in '/home/rasp/ros2_ws/build/composition_interfaces' returned '0': AMENT_PREFIX_PATH=/home/rasp/ros2_ws/install/rcl_interfaces:/home/rasp/ros2_ws/install/builtin_interfaces:${AMENT_PREFIX_PATH} CMAKE_PREFIX_PATH=/home/rasp/ros2_ws/install/rcl_interfaces:/home/rasp/ros2_ws/install/builtin_interfaces:/home/rasp/ros2_ws/install/rosidl_typesupport_microxrcedds_cpp:/home/rasp/ros2_ws/install/rosidl_typesupport_microxrcedds_c:/home/rasp/ros2_ws/install/microcdr:/home/rasp/ros2_ws/install/micro_ros_setup:/opt/ros/jazzy/opt/gz_math_vendor:/opt/ros/jazzy/opt/gz_utils_vendor:/opt/ros/jazzy/opt/gz_cmake_vendor:/opt/ros/jazzy DEBUGINFOD_URLS=https://debuginfod.ubuntu.com LD_LIBRARY_PATH=/home/rasp/ros2_ws/install/rcl_interfaces/lib:/home/rasp/ros2_ws/install/builtin_interfaces/lib:${LD_LIBRARY_PATH} PYTHONPATH=/home/rasp/ros2_ws/install/rcl_interfaces/lib/python3.12/site-packages:/home/rasp/ros2_ws/install/builtin_interfaces/lib/python3.12/site-packages:${PYTHONPATH} /usr/bin/cmake --install /home/rasp/ros2_ws/build/composition_interfaces
[566.317s] Level 1:colcon.colcon_core.environment:checking '/home/rasp/ros2_ws/install/composition_interfaces' for CMake config files
[566.318s] Level 1:colcon.colcon_core.shell:create_environment_hook('composition_interfaces', 'cmake_prefix_path')
[566.318s] INFO:colcon.colcon_core.shell:Creating environment hook '/home/rasp/ros2_ws/install/composition_interfaces/share/composition_interfaces/hook/cmake_prefix_path.ps1'
[566.318s] INFO:colcon.colcon_core.shell:Creating environment descriptor '/home/rasp/ros2_ws/install/composition_interfaces/share/composition_interfaces/hook/cmake_prefix_path.dsv'
[566.319s] INFO:colcon.colcon_core.shell:Creating environment hook '/home/rasp/ros2_ws/install/composition_interfaces/share/composition_interfaces/hook/cmake_prefix_path.sh'
[566.319s] Level 1:colcon.colcon_core.environment:checking '/home/rasp/ros2_ws/install/composition_interfaces/lib'
[566.319s] Level 1:colcon.colcon_core.shell:create_environment_hook('composition_interfaces', 'ld_library_path_lib')
[566.319s] INFO:colcon.colcon_core.shell:Creating environment hook '/home/rasp/ros2_ws/install/composition_interfaces/share/composition_interfaces/hook/ld_library_path_lib.ps1'
[566.320s] INFO:colcon.colcon_core.shell:Creating environment descriptor '/home/rasp/ros2_ws/install/composition_interfaces/share/composition_interfaces/hook/ld_library_path_lib.dsv'
[566.320s] INFO:colcon.colcon_core.shell:Creating environment hook '/home/rasp/ros2_ws/install/composition_interfaces/share/composition_interfaces/hook/ld_library_path_lib.sh'
[566.320s] Level 1:colcon.colcon_core.environment:checking '/home/rasp/ros2_ws/install/composition_interfaces/bin'
[566.320s] Level 1:colcon.colcon_core.environment:checking '/home/rasp/ros2_ws/install/composition_interfaces/lib/pkgconfig/composition_interfaces.pc'
[566.320s] Level 1:colcon.colcon_core.environment:checking '/home/rasp/ros2_ws/install/composition_interfaces/lib/python3.12/site-packages'
[566.321s] Level 1:colcon.colcon_core.shell:create_environment_hook('composition_interfaces', 'pythonpath')
[566.321s] INFO:colcon.colcon_core.shell:Creating environment hook '/home/rasp/ros2_ws/install/composition_interfaces/share/composition_interfaces/hook/pythonpath.ps1'
[566.321s] INFO:colcon.colcon_core.shell:Creating environment descriptor '/home/rasp/ros2_ws/install/composition_interfaces/share/composition_interfaces/hook/pythonpath.dsv'
[566.321s] INFO:colcon.colcon_core.shell:Creating environment hook '/home/rasp/ros2_ws/install/composition_interfaces/share/composition_interfaces/hook/pythonpath.sh'
[566.322s] Level 1:colcon.colcon_core.environment:checking '/home/rasp/ros2_ws/install/composition_interfaces/bin'
[566.322s] INFO:colcon.colcon_core.shell:Creating package script '/home/rasp/ros2_ws/install/composition_interfaces/share/composition_interfaces/package.ps1'
[566.322s] INFO:colcon.colcon_core.shell:Creating package descriptor '/home/rasp/ros2_ws/install/composition_interfaces/share/composition_interfaces/package.dsv'
[566.323s] INFO:colcon.colcon_core.shell:Creating package script '/home/rasp/ros2_ws/install/composition_interfaces/share/composition_interfaces/package.sh'
[566.323s] INFO:colcon.colcon_core.shell:Creating package script '/home/rasp/ros2_ws/install/composition_interfaces/share/composition_interfaces/package.bash'
[566.324s] INFO:colcon.colcon_core.shell:Creating package script '/home/rasp/ros2_ws/install/composition_interfaces/share/composition_interfaces/package.zsh'
[566.324s] Level 1:colcon.colcon_core.environment:create_file_with_runtime_dependencies(/home/rasp/ros2_ws/install/composition_interfaces/share/colcon-core/packages/composition_interfaces)
[566.324s] Level 1:colcon.colcon_core.environment:create_environment_scripts_only(composition_interfaces)
[566.324s] Level 1:colcon.colcon_core.environment:checking '/home/rasp/ros2_ws/install/composition_interfaces' for CMake module files
[566.325s] Level 1:colcon.colcon_core.environment:checking '/home/rasp/ros2_ws/install/composition_interfaces' for CMake config files
[566.325s] Level 1:colcon.colcon_core.shell:create_environment_hook('composition_interfaces', 'cmake_prefix_path')
[566.325s] INFO:colcon.colcon_core.shell:Creating environment hook '/home/rasp/ros2_ws/install/composition_interfaces/share/composition_interfaces/hook/cmake_prefix_path.ps1'
[566.326s] INFO:colcon.colcon_core.shell:Creating environment descriptor '/home/rasp/ros2_ws/install/composition_interfaces/share/composition_interfaces/hook/cmake_prefix_path.dsv'
[566.326s] INFO:colcon.colcon_core.shell:Creating environment hook '/home/rasp/ros2_ws/install/composition_interfaces/share/composition_interfaces/hook/cmake_prefix_path.sh'
[566.327s] Level 1:colcon.colcon_core.environment:checking '/home/rasp/ros2_ws/install/composition_interfaces/lib'
[566.327s] Level 1:colcon.colcon_core.shell:create_environment_hook('composition_interfaces', 'ld_library_path_lib')
[566.327s] INFO:colcon.colcon_core.shell:Creating environment hook '/home/rasp/ros2_ws/install/composition_interfaces/share/composition_interfaces/hook/ld_library_path_lib.ps1'
[566.328s] INFO:colcon.colcon_core.shell:Creating environment descriptor '/home/rasp/ros2_ws/install/composition_interfaces/share/composition_interfaces/hook/ld_library_path_lib.dsv'
[566.328s] INFO:colcon.colcon_core.shell:Creating environment hook '/home/rasp/ros2_ws/install/composition_interfaces/share/composition_interfaces/hook/ld_library_path_lib.sh'
[566.329s] Level 1:colcon.colcon_core.environment:checking '/home/rasp/ros2_ws/install/composition_interfaces/bin'
[566.329s] Level 1:colcon.colcon_core.environment:checking '/home/rasp/ros2_ws/install/composition_interfaces/lib/pkgconfig/composition_interfaces.pc'
[566.329s] Level 1:colcon.colcon_core.environment:checking '/home/rasp/ros2_ws/install/composition_interfaces/lib/python3.12/site-packages'
[566.329s] Level 1:colcon.colcon_core.shell:create_environment_hook('composition_interfaces', 'pythonpath')
[566.329s] INFO:colcon.colcon_core.shell:Creating environment hook '/home/rasp/ros2_ws/install/composition_interfaces/share/composition_interfaces/hook/pythonpath.ps1'
[566.330s] INFO:colcon.colcon_core.shell:Creating environment descriptor '/home/rasp/ros2_ws/install/composition_interfaces/share/composition_interfaces/hook/pythonpath.dsv'
[566.330s] INFO:colcon.colcon_core.shell:Creating environment hook '/home/rasp/ros2_ws/install/composition_interfaces/share/composition_interfaces/hook/pythonpath.sh'
[566.331s] Level 1:colcon.colcon_core.environment:checking '/home/rasp/ros2_ws/install/composition_interfaces/bin'
[566.331s] INFO:colcon.colcon_core.shell:Creating package script '/home/rasp/ros2_ws/install/composition_interfaces/share/composition_interfaces/package.ps1'
[566.332s] INFO:colcon.colcon_core.shell:Creating package descriptor '/home/rasp/ros2_ws/install/composition_interfaces/share/composition_interfaces/package.dsv'
[566.332s] INFO:colcon.colcon_core.shell:Creating package script '/home/rasp/ros2_ws/install/composition_interfaces/share/composition_interfaces/package.sh'
[566.333s] INFO:colcon.colcon_core.shell:Creating package script '/home/rasp/ros2_ws/install/composition_interfaces/share/composition_interfaces/package.bash'
[566.333s] INFO:colcon.colcon_core.shell:Creating package script '/home/rasp/ros2_ws/install/composition_interfaces/share/composition_interfaces/package.zsh'
[566.334s] Level 1:colcon.colcon_core.environment:create_file_with_runtime_dependencies(/home/rasp/ros2_ws/install/composition_interfaces/share/colcon-core/packages/composition_interfaces)
[566.334s] INFO:colcon.colcon_ros.task.ament_python.build:Building ROS package in '/home/rasp/ros2_ws/src/ros2/common_interfaces/sensor_msgs_py' with build type 'ament_python'
[566.335s] Level 1:colcon.colcon_core.shell:create_environment_hook('sensor_msgs_py', 'ament_prefix_path')
[566.335s] INFO:colcon.colcon_core.shell:Creating environment hook '/home/rasp/ros2_ws/install/sensor_msgs_py/share/sensor_msgs_py/hook/ament_prefix_path.ps1'
[566.336s] INFO:colcon.colcon_core.shell:Creating environment descriptor '/home/rasp/ros2_ws/install/sensor_msgs_py/share/sensor_msgs_py/hook/ament_prefix_path.dsv'
[566.336s] INFO:colcon.colcon_core.shell:Creating environment hook '/home/rasp/ros2_ws/install/sensor_msgs_py/share/sensor_msgs_py/hook/ament_prefix_path.sh'
[566.336s] INFO:colcon.colcon_core.shell:Skip shell extension 'powershell' for command environment: Not usable outside of PowerShell
[566.336s] DEBUG:colcon.colcon_core.shell:Skip shell extension 'dsv' for command environment
[566.594s] INFO:colcon.colcon_core.task.python.build:Building Python package in '/home/rasp/ros2_ws/src/ros2/common_interfaces/sensor_msgs_py'
[566.595s] INFO:colcon.colcon_core.shell:Skip shell extension 'powershell' for command environment: Not usable outside of PowerShell
[566.595s] DEBUG:colcon.colcon_core.shell:Skip shell extension 'dsv' for command environment
[567.638s] DEBUG:colcon.colcon_core.event_handler.log_command:Invoking command in '/home/rasp/ros2_ws/src/ros2/common_interfaces/sensor_msgs_py': AMENT_PREFIX_PATH=/home/rasp/ros2_ws/install/sensor_msgs:/home/rasp/ros2_ws/install/geometry_msgs:/home/rasp/ros2_ws/install/std_msgs:/home/rasp/ros2_ws/install/builtin_interfaces:${AMENT_PREFIX_PATH} CMAKE_PREFIX_PATH=/home/rasp/ros2_ws/install/sensor_msgs:/home/rasp/ros2_ws/install/geometry_msgs:/home/rasp/ros2_ws/install/std_msgs:/home/rasp/ros2_ws/install/builtin_interfaces:${CMAKE_PREFIX_PATH} DEBUGINFOD_URLS=https://debuginfod.ubuntu.com LD_LIBRARY_PATH=/home/rasp/ros2_ws/install/sensor_msgs/lib:/home/rasp/ros2_ws/install/geometry_msgs/lib:/home/rasp/ros2_ws/install/std_msgs/lib:/home/rasp/ros2_ws/install/builtin_interfaces/lib:${LD_LIBRARY_PATH} PYTHONPATH=/home/rasp/ros2_ws/build/sensor_msgs_py/prefix_override:/usr/lib/python3/dist-packages/colcon_core/task/python/colcon_distutils_commands:/home/rasp/ros2_ws/install/sensor_msgs_py/lib/python3.12/site-packages:/home/rasp/ros2_ws/install/sensor_msgs/lib/python3.12/site-packages:/home/rasp/ros2_ws/install/geometry_msgs/lib/python3.12/site-packages:/home/rasp/ros2_ws/install/std_msgs/lib/python3.12/site-packages:/home/rasp/ros2_ws/install/builtin_interfaces/lib/python3.12/site-packages:${PYTHONPATH} /usr/bin/python3 -W ignore:setup.py install is deprecated -W ignore:easy_install command is deprecated setup.py egg_info --egg-base ../../../../build/sensor_msgs_py build --build-base /home/rasp/ros2_ws/build/sensor_msgs_py/build install --record /home/rasp/ros2_ws/build/sensor_msgs_py/install.log --single-version-externally-managed install_data
[568.224s] Level 1:colcon.colcon_core.environment:checking '/home/rasp/ros2_ws/install/sensor_msgs_py' for CMake module files
[568.224s] Level 1:colcon.colcon_core.environment:checking '/home/rasp/ros2_ws/install/sensor_msgs_py' for CMake config files
[568.225s] Level 1:colcon.colcon_core.environment:checking '/home/rasp/ros2_ws/install/sensor_msgs_py/lib'
[568.225s] Level 1:colcon.colcon_core.environment:checking '/home/rasp/ros2_ws/install/sensor_msgs_py/bin'
[568.225s] Level 1:colcon.colcon_core.environment:checking '/home/rasp/ros2_ws/install/sensor_msgs_py/lib/pkgconfig/sensor_msgs_py.pc'
[568.225s] Level 1:colcon.colcon_core.environment:checking '/home/rasp/ros2_ws/install/sensor_msgs_py/lib/python3.12/site-packages'
[568.225s] Level 1:colcon.colcon_core.shell:create_environment_hook('sensor_msgs_py', 'pythonpath')
[568.225s] INFO:colcon.colcon_core.shell:Creating environment hook '/home/rasp/ros2_ws/install/sensor_msgs_py/share/sensor_msgs_py/hook/pythonpath.ps1'
[568.226s] INFO:colcon.colcon_core.shell:Creating environment descriptor '/home/rasp/ros2_ws/install/sensor_msgs_py/share/sensor_msgs_py/hook/pythonpath.dsv'
[568.226s] INFO:colcon.colcon_core.shell:Creating environment hook '/home/rasp/ros2_ws/install/sensor_msgs_py/share/sensor_msgs_py/hook/pythonpath.sh'
[568.227s] Level 1:colcon.colcon_core.environment:checking '/home/rasp/ros2_ws/install/sensor_msgs_py/bin'
[568.227s] Level 1:colcon.colcon_core.environment:create_environment_scripts_only(sensor_msgs_py)
[568.227s] INFO:colcon.colcon_core.shell:Creating package script '/home/rasp/ros2_ws/install/sensor_msgs_py/share/sensor_msgs_py/package.ps1'
[568.228s] DEBUG:colcon.colcon_core.event_handler.log_command:Invoked command in '/home/rasp/ros2_ws/src/ros2/common_interfaces/sensor_msgs_py' returned '0': AMENT_PREFIX_PATH=/home/rasp/ros2_ws/install/sensor_msgs:/home/rasp/ros2_ws/install/geometry_msgs:/home/rasp/ros2_ws/install/std_msgs:/home/rasp/ros2_ws/install/builtin_interfaces:${AMENT_PREFIX_PATH} CMAKE_PREFIX_PATH=/home/rasp/ros2_ws/install/sensor_msgs:/home/rasp/ros2_ws/install/geometry_msgs:/home/rasp/ros2_ws/install/std_msgs:/home/rasp/ros2_ws/install/builtin_interfaces:${CMAKE_PREFIX_PATH} DEBUGINFOD_URLS=https://debuginfod.ubuntu.com LD_LIBRARY_PATH=/home/rasp/ros2_ws/install/sensor_msgs/lib:/home/rasp/ros2_ws/install/geometry_msgs/lib:/home/rasp/ros2_ws/install/std_msgs/lib:/home/rasp/ros2_ws/install/builtin_interfaces/lib:${LD_LIBRARY_PATH} PYTHONPATH=/home/rasp/ros2_ws/build/sensor_msgs_py/prefix_override:/usr/lib/python3/dist-packages/colcon_core/task/python/colcon_distutils_commands:/home/rasp/ros2_ws/install/sensor_msgs_py/lib/python3.12/site-packages:/home/rasp/ros2_ws/install/sensor_msgs/lib/python3.12/site-packages:/home/rasp/ros2_ws/install/geometry_msgs/lib/python3.12/site-packages:/home/rasp/ros2_ws/install/std_msgs/lib/python3.12/site-packages:/home/rasp/ros2_ws/install/builtin_interfaces/lib/python3.12/site-packages:${PYTHONPATH} /usr/bin/python3 -W ignore:setup.py install is deprecated -W ignore:easy_install command is deprecated setup.py egg_info --egg-base ../../../../build/sensor_msgs_py build --build-base /home/rasp/ros2_ws/build/sensor_msgs_py/build install --record /home/rasp/ros2_ws/build/sensor_msgs_py/install.log --single-version-externally-managed install_data
[568.228s] INFO:colcon.colcon_core.shell:Creating package descriptor '/home/rasp/ros2_ws/install/sensor_msgs_py/share/sensor_msgs_py/package.dsv'
[568.228s] INFO:colcon.colcon_core.shell:Creating package script '/home/rasp/ros2_ws/install/sensor_msgs_py/share/sensor_msgs_py/package.sh'
[568.230s] INFO:colcon.colcon_core.shell:Creating package script '/home/rasp/ros2_ws/install/sensor_msgs_py/share/sensor_msgs_py/package.bash'
[568.230s] INFO:colcon.colcon_core.shell:Creating package script '/home/rasp/ros2_ws/install/sensor_msgs_py/share/sensor_msgs_py/package.zsh'
[568.230s] Level 1:colcon.colcon_core.environment:create_file_with_runtime_dependencies(/home/rasp/ros2_ws/install/sensor_msgs_py/share/colcon-core/packages/sensor_msgs_py)
[568.231s] INFO:colcon.colcon_ros.task.ament_cmake.build:Building ROS package in '/home/rasp/ros2_ws/src/ros2/common_interfaces/common_interfaces' with build type 'ament_cmake'
[568.231s] INFO:colcon.colcon_cmake.task.cmake.build:Building CMake package in '/home/rasp/ros2_ws/src/ros2/common_interfaces/common_interfaces'
[568.231s] INFO:colcon.colcon_core.shell:Skip shell extension 'powershell' for command environment: Not usable outside of PowerShell
[568.231s] DEBUG:colcon.colcon_core.shell:Skip shell extension 'dsv' for command environment
[568.285s] DEBUG:colcon.colcon_core.event_handler.log_command:Invoking command in '/home/rasp/ros2_ws/build/common_interfaces': AMENT_PREFIX_PATH=/home/rasp/ros2_ws/install/visualization_msgs:/home/rasp/ros2_ws/install/stereo_msgs:/home/rasp/ros2_ws/install/trajectory_msgs:/home/rasp/ros2_ws/install/shape_msgs:/home/rasp/ros2_ws/install/sensor_msgs:/home/rasp/ros2_ws/install/nav_msgs:/home/rasp/ros2_ws/install/diagnostic_msgs:/home/rasp/ros2_ws/install/geometry_msgs:/home/rasp/ros2_ws/install/actionlib_msgs:/home/rasp/ros2_ws/install/std_msgs:/home/rasp/ros2_ws/install/std_srvs:/home/rasp/ros2_ws/install/builtin_interfaces:${AMENT_PREFIX_PATH} CMAKE_PREFIX_PATH=/home/rasp/ros2_ws/install/visualization_msgs:/home/rasp/ros2_ws/install/stereo_msgs:/home/rasp/ros2_ws/install/trajectory_msgs:/home/rasp/ros2_ws/install/shape_msgs:/home/rasp/ros2_ws/install/sensor_msgs:/home/rasp/ros2_ws/install/nav_msgs:/home/rasp/ros2_ws/install/diagnostic_msgs:/home/rasp/ros2_ws/install/geometry_msgs:/home/rasp/ros2_ws/install/actionlib_msgs:/home/rasp/ros2_ws/install/std_msgs:/home/rasp/ros2_ws/install/std_srvs:/home/rasp/ros2_ws/install/builtin_interfaces:/home/rasp/ros2_ws/install/rosidl_typesupport_microxrcedds_cpp:/home/rasp/ros2_ws/install/rosidl_typesupport_microxrcedds_c:/home/rasp/ros2_ws/install/microcdr:/home/rasp/ros2_ws/install/micro_ros_setup:/opt/ros/jazzy/opt/gz_math_vendor:/opt/ros/jazzy/opt/gz_utils_vendor:/opt/ros/jazzy/opt/gz_cmake_vendor:/opt/ros/jazzy DEBUGINFOD_URLS=https://debuginfod.ubuntu.com LD_LIBRARY_PATH=/home/rasp/ros2_ws/install/visualization_msgs/lib:/home/rasp/ros2_ws/install/stereo_msgs/lib:/home/rasp/ros2_ws/install/trajectory_msgs/lib:/home/rasp/ros2_ws/install/shape_msgs/lib:/home/rasp/ros2_ws/install/sensor_msgs/lib:/home/rasp/ros2_ws/install/nav_msgs/lib:/home/rasp/ros2_ws/install/diagnostic_msgs/lib:/home/rasp/ros2_ws/install/geometry_msgs/lib:/home/rasp/ros2_ws/install/actionlib_msgs/lib:/home/rasp/ros2_ws/install/std_msgs/lib:/home/rasp/ros2_ws/install/std_srvs/lib:/home/rasp/ros2_ws/install/builtin_interfaces/lib:${LD_LIBRARY_PATH} PYTHONPATH=/home/rasp/ros2_ws/install/visualization_msgs/lib/python3.12/site-packages:/home/rasp/ros2_ws/install/stereo_msgs/lib/python3.12/site-packages:/home/rasp/ros2_ws/install/trajectory_msgs/lib/python3.12/site-packages:/home/rasp/ros2_ws/install/shape_msgs/lib/python3.12/site-packages:/home/rasp/ros2_ws/install/sensor_msgs/lib/python3.12/site-packages:/home/rasp/ros2_ws/install/nav_msgs/lib/python3.12/site-packages:/home/rasp/ros2_ws/install/diagnostic_msgs/lib/python3.12/site-packages:/home/rasp/ros2_ws/install/geometry_msgs/lib/python3.12/site-packages:/home/rasp/ros2_ws/install/actionlib_msgs/lib/python3.12/site-packages:/home/rasp/ros2_ws/install/std_msgs/lib/python3.12/site-packages:/home/rasp/ros2_ws/install/std_srvs/lib/python3.12/site-packages:/home/rasp/ros2_ws/install/builtin_interfaces/lib/python3.12/site-packages:${PYTHONPATH} /usr/bin/cmake /home/rasp/ros2_ws/src/ros2/common_interfaces/common_interfaces -DBUILD_TESTING=OFF -DBUILD_SHARED_LIBS=ON -DCMAKE_INSTALL_PREFIX=/home/rasp/ros2_ws/install/common_interfaces
[568.354s] DEBUG:colcon.colcon_core.event_handler.log_command:Invoked command in '/home/rasp/ros2_ws/build/type_description_interfaces' returned '0': AMENT_PREFIX_PATH=/home/rasp/ros2_ws/install/service_msgs:/home/rasp/ros2_ws/install/builtin_interfaces:${AMENT_PREFIX_PATH} CMAKE_PREFIX_PATH=/home/rasp/ros2_ws/install/service_msgs:/home/rasp/ros2_ws/install/builtin_interfaces:/home/rasp/ros2_ws/install/rosidl_typesupport_microxrcedds_cpp:/home/rasp/ros2_ws/install/rosidl_typesupport_microxrcedds_c:/home/rasp/ros2_ws/install/microcdr:/home/rasp/ros2_ws/install/micro_ros_setup:/opt/ros/jazzy/opt/gz_math_vendor:/opt/ros/jazzy/opt/gz_utils_vendor:/opt/ros/jazzy/opt/gz_cmake_vendor:/opt/ros/jazzy DEBUGINFOD_URLS=https://debuginfod.ubuntu.com LD_LIBRARY_PATH=/home/rasp/ros2_ws/install/service_msgs/lib:/home/rasp/ros2_ws/install/builtin_interfaces/lib:${LD_LIBRARY_PATH} PYTHONPATH=/home/rasp/ros2_ws/install/service_msgs/lib/python3.12/site-packages:/home/rasp/ros2_ws/install/builtin_interfaces/lib/python3.12/site-packages:${PYTHONPATH} /usr/bin/cmake /home/rasp/ros2_ws/src/ros2/rcl_interfaces/type_description_interfaces -DBUILD_TESTING=OFF -DBUILD_SHARED_LIBS=ON -DCMAKE_INSTALL_PREFIX=/home/rasp/ros2_ws/install/type_description_interfaces
[568.356s] DEBUG:colcon.colcon_core.event_handler.log_command:Invoking command in '/home/rasp/ros2_ws/build/type_description_interfaces': AMENT_PREFIX_PATH=/home/rasp/ros2_ws/install/service_msgs:/home/rasp/ros2_ws/install/builtin_interfaces:${AMENT_PREFIX_PATH} CMAKE_PREFIX_PATH=/home/rasp/ros2_ws/install/service_msgs:/home/rasp/ros2_ws/install/builtin_interfaces:/home/rasp/ros2_ws/install/rosidl_typesupport_microxrcedds_cpp:/home/rasp/ros2_ws/install/rosidl_typesupport_microxrcedds_c:/home/rasp/ros2_ws/install/microcdr:/home/rasp/ros2_ws/install/micro_ros_setup:/opt/ros/jazzy/opt/gz_math_vendor:/opt/ros/jazzy/opt/gz_utils_vendor:/opt/ros/jazzy/opt/gz_cmake_vendor:/opt/ros/jazzy DEBUGINFOD_URLS=https://debuginfod.ubuntu.com LD_LIBRARY_PATH=/home/rasp/ros2_ws/install/service_msgs/lib:/home/rasp/ros2_ws/install/builtin_interfaces/lib:${LD_LIBRARY_PATH} PYTHONPATH=/home/rasp/ros2_ws/install/service_msgs/lib/python3.12/site-packages:/home/rasp/ros2_ws/install/builtin_interfaces/lib/python3.12/site-packages:${PYTHONPATH} /usr/bin/cmake --build /home/rasp/ros2_ws/build/type_description_interfaces -- -j2 -l2
[568.766s] DEBUG:colcon.colcon_core.event_handler.log_command:Invoked command in '/home/rasp/ros2_ws/build/common_interfaces' returned '0': AMENT_PREFIX_PATH=/home/rasp/ros2_ws/install/visualization_msgs:/home/rasp/ros2_ws/install/stereo_msgs:/home/rasp/ros2_ws/install/trajectory_msgs:/home/rasp/ros2_ws/install/shape_msgs:/home/rasp/ros2_ws/install/sensor_msgs:/home/rasp/ros2_ws/install/nav_msgs:/home/rasp/ros2_ws/install/diagnostic_msgs:/home/rasp/ros2_ws/install/geometry_msgs:/home/rasp/ros2_ws/install/actionlib_msgs:/home/rasp/ros2_ws/install/std_msgs:/home/rasp/ros2_ws/install/std_srvs:/home/rasp/ros2_ws/install/builtin_interfaces:${AMENT_PREFIX_PATH} CMAKE_PREFIX_PATH=/home/rasp/ros2_ws/install/visualization_msgs:/home/rasp/ros2_ws/install/stereo_msgs:/home/rasp/ros2_ws/install/trajectory_msgs:/home/rasp/ros2_ws/install/shape_msgs:/home/rasp/ros2_ws/install/sensor_msgs:/home/rasp/ros2_ws/install/nav_msgs:/home/rasp/ros2_ws/install/diagnostic_msgs:/home/rasp/ros2_ws/install/geometry_msgs:/home/rasp/ros2_ws/install/actionlib_msgs:/home/rasp/ros2_ws/install/std_msgs:/home/rasp/ros2_ws/install/std_srvs:/home/rasp/ros2_ws/install/builtin_interfaces:/home/rasp/ros2_ws/install/rosidl_typesupport_microxrcedds_cpp:/home/rasp/ros2_ws/install/rosidl_typesupport_microxrcedds_c:/home/rasp/ros2_ws/install/microcdr:/home/rasp/ros2_ws/install/micro_ros_setup:/opt/ros/jazzy/opt/gz_math_vendor:/opt/ros/jazzy/opt/gz_utils_vendor:/opt/ros/jazzy/opt/gz_cmake_vendor:/opt/ros/jazzy DEBUGINFOD_URLS=https://debuginfod.ubuntu.com LD_LIBRARY_PATH=/home/rasp/ros2_ws/install/visualization_msgs/lib:/home/rasp/ros2_ws/install/stereo_msgs/lib:/home/rasp/ros2_ws/install/trajectory_msgs/lib:/home/rasp/ros2_ws/install/shape_msgs/lib:/home/rasp/ros2_ws/install/sensor_msgs/lib:/home/rasp/ros2_ws/install/nav_msgs/lib:/home/rasp/ros2_ws/install/diagnostic_msgs/lib:/home/rasp/ros2_ws/install/geometry_msgs/lib:/home/rasp/ros2_ws/install/actionlib_msgs/lib:/home/rasp/ros2_ws/install/std_msgs/lib:/home/rasp/ros2_ws/install/std_srvs/lib:/home/rasp/ros2_ws/install/builtin_interfaces/lib:${LD_LIBRARY_PATH} PYTHONPATH=/home/rasp/ros2_ws/install/visualization_msgs/lib/python3.12/site-packages:/home/rasp/ros2_ws/install/stereo_msgs/lib/python3.12/site-packages:/home/rasp/ros2_ws/install/trajectory_msgs/lib/python3.12/site-packages:/home/rasp/ros2_ws/install/shape_msgs/lib/python3.12/site-packages:/home/rasp/ros2_ws/install/sensor_msgs/lib/python3.12/site-packages:/home/rasp/ros2_ws/install/nav_msgs/lib/python3.12/site-packages:/home/rasp/ros2_ws/install/diagnostic_msgs/lib/python3.12/site-packages:/home/rasp/ros2_ws/install/geometry_msgs/lib/python3.12/site-packages:/home/rasp/ros2_ws/install/actionlib_msgs/lib/python3.12/site-packages:/home/rasp/ros2_ws/install/std_msgs/lib/python3.12/site-packages:/home/rasp/ros2_ws/install/std_srvs/lib/python3.12/site-packages:/home/rasp/ros2_ws/install/builtin_interfaces/lib/python3.12/site-packages:${PYTHONPATH} /usr/bin/cmake /home/rasp/ros2_ws/src/ros2/common_interfaces/common_interfaces -DBUILD_TESTING=OFF -DBUILD_SHARED_LIBS=ON -DCMAKE_INSTALL_PREFIX=/home/rasp/ros2_ws/install/common_interfaces
[568.767s] DEBUG:colcon.colcon_core.event_handler.log_command:Invoking command in '/home/rasp/ros2_ws/build/common_interfaces': AMENT_PREFIX_PATH=/home/rasp/ros2_ws/install/visualization_msgs:/home/rasp/ros2_ws/install/stereo_msgs:/home/rasp/ros2_ws/install/trajectory_msgs:/home/rasp/ros2_ws/install/shape_msgs:/home/rasp/ros2_ws/install/sensor_msgs:/home/rasp/ros2_ws/install/nav_msgs:/home/rasp/ros2_ws/install/diagnostic_msgs:/home/rasp/ros2_ws/install/geometry_msgs:/home/rasp/ros2_ws/install/actionlib_msgs:/home/rasp/ros2_ws/install/std_msgs:/home/rasp/ros2_ws/install/std_srvs:/home/rasp/ros2_ws/install/builtin_interfaces:${AMENT_PREFIX_PATH} CMAKE_PREFIX_PATH=/home/rasp/ros2_ws/install/visualization_msgs:/home/rasp/ros2_ws/install/stereo_msgs:/home/rasp/ros2_ws/install/trajectory_msgs:/home/rasp/ros2_ws/install/shape_msgs:/home/rasp/ros2_ws/install/sensor_msgs:/home/rasp/ros2_ws/install/nav_msgs:/home/rasp/ros2_ws/install/diagnostic_msgs:/home/rasp/ros2_ws/install/geometry_msgs:/home/rasp/ros2_ws/install/actionlib_msgs:/home/rasp/ros2_ws/install/std_msgs:/home/rasp/ros2_ws/install/std_srvs:/home/rasp/ros2_ws/install/builtin_interfaces:/home/rasp/ros2_ws/install/rosidl_typesupport_microxrcedds_cpp:/home/rasp/ros2_ws/install/rosidl_typesupport_microxrcedds_c:/home/rasp/ros2_ws/install/microcdr:/home/rasp/ros2_ws/install/micro_ros_setup:/opt/ros/jazzy/opt/gz_math_vendor:/opt/ros/jazzy/opt/gz_utils_vendor:/opt/ros/jazzy/opt/gz_cmake_vendor:/opt/ros/jazzy DEBUGINFOD_URLS=https://debuginfod.ubuntu.com LD_LIBRARY_PATH=/home/rasp/ros2_ws/install/visualization_msgs/lib:/home/rasp/ros2_ws/install/stereo_msgs/lib:/home/rasp/ros2_ws/install/trajectory_msgs/lib:/home/rasp/ros2_ws/install/shape_msgs/lib:/home/rasp/ros2_ws/install/sensor_msgs/lib:/home/rasp/ros2_ws/install/nav_msgs/lib:/home/rasp/ros2_ws/install/diagnostic_msgs/lib:/home/rasp/ros2_ws/install/geometry_msgs/lib:/home/rasp/ros2_ws/install/actionlib_msgs/lib:/home/rasp/ros2_ws/install/std_msgs/lib:/home/rasp/ros2_ws/install/std_srvs/lib:/home/rasp/ros2_ws/install/builtin_interfaces/lib:${LD_LIBRARY_PATH} PYTHONPATH=/home/rasp/ros2_ws/install/visualization_msgs/lib/python3.12/site-packages:/home/rasp/ros2_ws/install/stereo_msgs/lib/python3.12/site-packages:/home/rasp/ros2_ws/install/trajectory_msgs/lib/python3.12/site-packages:/home/rasp/ros2_ws/install/shape_msgs/lib/python3.12/site-packages:/home/rasp/ros2_ws/install/sensor_msgs/lib/python3.12/site-packages:/home/rasp/ros2_ws/install/nav_msgs/lib/python3.12/site-packages:/home/rasp/ros2_ws/install/diagnostic_msgs/lib/python3.12/site-packages:/home/rasp/ros2_ws/install/geometry_msgs/lib/python3.12/site-packages:/home/rasp/ros2_ws/install/actionlib_msgs/lib/python3.12/site-packages:/home/rasp/ros2_ws/install/std_msgs/lib/python3.12/site-packages:/home/rasp/ros2_ws/install/std_srvs/lib/python3.12/site-packages:/home/rasp/ros2_ws/install/builtin_interfaces/lib/python3.12/site-packages:${PYTHONPATH} /usr/bin/cmake --build /home/rasp/ros2_ws/build/common_interfaces -- -j2 -l2
[568.830s] DEBUG:colcon.colcon_core.event_handler.log_command:Invoked command in '/home/rasp/ros2_ws/build/common_interfaces' returned '0': AMENT_PREFIX_PATH=/home/rasp/ros2_ws/install/visualization_msgs:/home/rasp/ros2_ws/install/stereo_msgs:/home/rasp/ros2_ws/install/trajectory_msgs:/home/rasp/ros2_ws/install/shape_msgs:/home/rasp/ros2_ws/install/sensor_msgs:/home/rasp/ros2_ws/install/nav_msgs:/home/rasp/ros2_ws/install/diagnostic_msgs:/home/rasp/ros2_ws/install/geometry_msgs:/home/rasp/ros2_ws/install/actionlib_msgs:/home/rasp/ros2_ws/install/std_msgs:/home/rasp/ros2_ws/install/std_srvs:/home/rasp/ros2_ws/install/builtin_interfaces:${AMENT_PREFIX_PATH} CMAKE_PREFIX_PATH=/home/rasp/ros2_ws/install/visualization_msgs:/home/rasp/ros2_ws/install/stereo_msgs:/home/rasp/ros2_ws/install/trajectory_msgs:/home/rasp/ros2_ws/install/shape_msgs:/home/rasp/ros2_ws/install/sensor_msgs:/home/rasp/ros2_ws/install/nav_msgs:/home/rasp/ros2_ws/install/diagnostic_msgs:/home/rasp/ros2_ws/install/geometry_msgs:/home/rasp/ros2_ws/install/actionlib_msgs:/home/rasp/ros2_ws/install/std_msgs:/home/rasp/ros2_ws/install/std_srvs:/home/rasp/ros2_ws/install/builtin_interfaces:/home/rasp/ros2_ws/install/rosidl_typesupport_microxrcedds_cpp:/home/rasp/ros2_ws/install/rosidl_typesupport_microxrcedds_c:/home/rasp/ros2_ws/install/microcdr:/home/rasp/ros2_ws/install/micro_ros_setup:/opt/ros/jazzy/opt/gz_math_vendor:/opt/ros/jazzy/opt/gz_utils_vendor:/opt/ros/jazzy/opt/gz_cmake_vendor:/opt/ros/jazzy DEBUGINFOD_URLS=https://debuginfod.ubuntu.com LD_LIBRARY_PATH=/home/rasp/ros2_ws/install/visualization_msgs/lib:/home/rasp/ros2_ws/install/stereo_msgs/lib:/home/rasp/ros2_ws/install/trajectory_msgs/lib:/home/rasp/ros2_ws/install/shape_msgs/lib:/home/rasp/ros2_ws/install/sensor_msgs/lib:/home/rasp/ros2_ws/install/nav_msgs/lib:/home/rasp/ros2_ws/install/diagnostic_msgs/lib:/home/rasp/ros2_ws/install/geometry_msgs/lib:/home/rasp/ros2_ws/install/actionlib_msgs/lib:/home/rasp/ros2_ws/install/std_msgs/lib:/home/rasp/ros2_ws/install/std_srvs/lib:/home/rasp/ros2_ws/install/builtin_interfaces/lib:${LD_LIBRARY_PATH} PYTHONPATH=/home/rasp/ros2_ws/install/visualization_msgs/lib/python3.12/site-packages:/home/rasp/ros2_ws/install/stereo_msgs/lib/python3.12/site-packages:/home/rasp/ros2_ws/install/trajectory_msgs/lib/python3.12/site-packages:/home/rasp/ros2_ws/install/shape_msgs/lib/python3.12/site-packages:/home/rasp/ros2_ws/install/sensor_msgs/lib/python3.12/site-packages:/home/rasp/ros2_ws/install/nav_msgs/lib/python3.12/site-packages:/home/rasp/ros2_ws/install/diagnostic_msgs/lib/python3.12/site-packages:/home/rasp/ros2_ws/install/geometry_msgs/lib/python3.12/site-packages:/home/rasp/ros2_ws/install/actionlib_msgs/lib/python3.12/site-packages:/home/rasp/ros2_ws/install/std_msgs/lib/python3.12/site-packages:/home/rasp/ros2_ws/install/std_srvs/lib/python3.12/site-packages:/home/rasp/ros2_ws/install/builtin_interfaces/lib/python3.12/site-packages:${PYTHONPATH} /usr/bin/cmake --build /home/rasp/ros2_ws/build/common_interfaces -- -j2 -l2
[568.831s] DEBUG:colcon.colcon_core.event_handler.log_command:Invoking command in '/home/rasp/ros2_ws/build/common_interfaces': AMENT_PREFIX_PATH=/home/rasp/ros2_ws/install/visualization_msgs:/home/rasp/ros2_ws/install/stereo_msgs:/home/rasp/ros2_ws/install/trajectory_msgs:/home/rasp/ros2_ws/install/shape_msgs:/home/rasp/ros2_ws/install/sensor_msgs:/home/rasp/ros2_ws/install/nav_msgs:/home/rasp/ros2_ws/install/diagnostic_msgs:/home/rasp/ros2_ws/install/geometry_msgs:/home/rasp/ros2_ws/install/actionlib_msgs:/home/rasp/ros2_ws/install/std_msgs:/home/rasp/ros2_ws/install/std_srvs:/home/rasp/ros2_ws/install/builtin_interfaces:${AMENT_PREFIX_PATH} CMAKE_PREFIX_PATH=/home/rasp/ros2_ws/install/visualization_msgs:/home/rasp/ros2_ws/install/stereo_msgs:/home/rasp/ros2_ws/install/trajectory_msgs:/home/rasp/ros2_ws/install/shape_msgs:/home/rasp/ros2_ws/install/sensor_msgs:/home/rasp/ros2_ws/install/nav_msgs:/home/rasp/ros2_ws/install/diagnostic_msgs:/home/rasp/ros2_ws/install/geometry_msgs:/home/rasp/ros2_ws/install/actionlib_msgs:/home/rasp/ros2_ws/install/std_msgs:/home/rasp/ros2_ws/install/std_srvs:/home/rasp/ros2_ws/install/builtin_interfaces:/home/rasp/ros2_ws/install/rosidl_typesupport_microxrcedds_cpp:/home/rasp/ros2_ws/install/rosidl_typesupport_microxrcedds_c:/home/rasp/ros2_ws/install/microcdr:/home/rasp/ros2_ws/install/micro_ros_setup:/opt/ros/jazzy/opt/gz_math_vendor:/opt/ros/jazzy/opt/gz_utils_vendor:/opt/ros/jazzy/opt/gz_cmake_vendor:/opt/ros/jazzy DEBUGINFOD_URLS=https://debuginfod.ubuntu.com LD_LIBRARY_PATH=/home/rasp/ros2_ws/install/visualization_msgs/lib:/home/rasp/ros2_ws/install/stereo_msgs/lib:/home/rasp/ros2_ws/install/trajectory_msgs/lib:/home/rasp/ros2_ws/install/shape_msgs/lib:/home/rasp/ros2_ws/install/sensor_msgs/lib:/home/rasp/ros2_ws/install/nav_msgs/lib:/home/rasp/ros2_ws/install/diagnostic_msgs/lib:/home/rasp/ros2_ws/install/geometry_msgs/lib:/home/rasp/ros2_ws/install/actionlib_msgs/lib:/home/rasp/ros2_ws/install/std_msgs/lib:/home/rasp/ros2_ws/install/std_srvs/lib:/home/rasp/ros2_ws/install/builtin_interfaces/lib:${LD_LIBRARY_PATH} PYTHONPATH=/home/rasp/ros2_ws/install/visualization_msgs/lib/python3.12/site-packages:/home/rasp/ros2_ws/install/stereo_msgs/lib/python3.12/site-packages:/home/rasp/ros2_ws/install/trajectory_msgs/lib/python3.12/site-packages:/home/rasp/ros2_ws/install/shape_msgs/lib/python3.12/site-packages:/home/rasp/ros2_ws/install/sensor_msgs/lib/python3.12/site-packages:/home/rasp/ros2_ws/install/nav_msgs/lib/python3.12/site-packages:/home/rasp/ros2_ws/install/diagnostic_msgs/lib/python3.12/site-packages:/home/rasp/ros2_ws/install/geometry_msgs/lib/python3.12/site-packages:/home/rasp/ros2_ws/install/actionlib_msgs/lib/python3.12/site-packages:/home/rasp/ros2_ws/install/std_msgs/lib/python3.12/site-packages:/home/rasp/ros2_ws/install/std_srvs/lib/python3.12/site-packages:/home/rasp/ros2_ws/install/builtin_interfaces/lib/python3.12/site-packages:${PYTHONPATH} /usr/bin/cmake --install /home/rasp/ros2_ws/build/common_interfaces
[568.853s] Level 1:colcon.colcon_core.environment:create_environment_scripts_only(common_interfaces)
[568.853s] DEBUG:colcon.colcon_core.event_handler.log_command:Invoked command in '/home/rasp/ros2_ws/build/common_interfaces' returned '0': AMENT_PREFIX_PATH=/home/rasp/ros2_ws/install/visualization_msgs:/home/rasp/ros2_ws/install/stereo_msgs:/home/rasp/ros2_ws/install/trajectory_msgs:/home/rasp/ros2_ws/install/shape_msgs:/home/rasp/ros2_ws/install/sensor_msgs:/home/rasp/ros2_ws/install/nav_msgs:/home/rasp/ros2_ws/install/diagnostic_msgs:/home/rasp/ros2_ws/install/geometry_msgs:/home/rasp/ros2_ws/install/actionlib_msgs:/home/rasp/ros2_ws/install/std_msgs:/home/rasp/ros2_ws/install/std_srvs:/home/rasp/ros2_ws/install/builtin_interfaces:${AMENT_PREFIX_PATH} CMAKE_PREFIX_PATH=/home/rasp/ros2_ws/install/visualization_msgs:/home/rasp/ros2_ws/install/stereo_msgs:/home/rasp/ros2_ws/install/trajectory_msgs:/home/rasp/ros2_ws/install/shape_msgs:/home/rasp/ros2_ws/install/sensor_msgs:/home/rasp/ros2_ws/install/nav_msgs:/home/rasp/ros2_ws/install/diagnostic_msgs:/home/rasp/ros2_ws/install/geometry_msgs:/home/rasp/ros2_ws/install/actionlib_msgs:/home/rasp/ros2_ws/install/std_msgs:/home/rasp/ros2_ws/install/std_srvs:/home/rasp/ros2_ws/install/builtin_interfaces:/home/rasp/ros2_ws/install/rosidl_typesupport_microxrcedds_cpp:/home/rasp/ros2_ws/install/rosidl_typesupport_microxrcedds_c:/home/rasp/ros2_ws/install/microcdr:/home/rasp/ros2_ws/install/micro_ros_setup:/opt/ros/jazzy/opt/gz_math_vendor:/opt/ros/jazzy/opt/gz_utils_vendor:/opt/ros/jazzy/opt/gz_cmake_vendor:/opt/ros/jazzy DEBUGINFOD_URLS=https://debuginfod.ubuntu.com LD_LIBRARY_PATH=/home/rasp/ros2_ws/install/visualization_msgs/lib:/home/rasp/ros2_ws/install/stereo_msgs/lib:/home/rasp/ros2_ws/install/trajectory_msgs/lib:/home/rasp/ros2_ws/install/shape_msgs/lib:/home/rasp/ros2_ws/install/sensor_msgs/lib:/home/rasp/ros2_ws/install/nav_msgs/lib:/home/rasp/ros2_ws/install/diagnostic_msgs/lib:/home/rasp/ros2_ws/install/geometry_msgs/lib:/home/rasp/ros2_ws/install/actionlib_msgs/lib:/home/rasp/ros2_ws/install/std_msgs/lib:/home/rasp/ros2_ws/install/std_srvs/lib:/home/rasp/ros2_ws/install/builtin_interfaces/lib:${LD_LIBRARY_PATH} PYTHONPATH=/home/rasp/ros2_ws/install/visualization_msgs/lib/python3.12/site-packages:/home/rasp/ros2_ws/install/stereo_msgs/lib/python3.12/site-packages:/home/rasp/ros2_ws/install/trajectory_msgs/lib/python3.12/site-packages:/home/rasp/ros2_ws/install/shape_msgs/lib/python3.12/site-packages:/home/rasp/ros2_ws/install/sensor_msgs/lib/python3.12/site-packages:/home/rasp/ros2_ws/install/nav_msgs/lib/python3.12/site-packages:/home/rasp/ros2_ws/install/diagnostic_msgs/lib/python3.12/site-packages:/home/rasp/ros2_ws/install/geometry_msgs/lib/python3.12/site-packages:/home/rasp/ros2_ws/install/actionlib_msgs/lib/python3.12/site-packages:/home/rasp/ros2_ws/install/std_msgs/lib/python3.12/site-packages:/home/rasp/ros2_ws/install/std_srvs/lib/python3.12/site-packages:/home/rasp/ros2_ws/install/builtin_interfaces/lib/python3.12/site-packages:${PYTHONPATH} /usr/bin/cmake --install /home/rasp/ros2_ws/build/common_interfaces
[568.853s] Level 1:colcon.colcon_core.environment:checking '/home/rasp/ros2_ws/install/common_interfaces' for CMake module files
[568.854s] Level 1:colcon.colcon_core.environment:checking '/home/rasp/ros2_ws/install/common_interfaces' for CMake config files
[568.854s] Level 1:colcon.colcon_core.shell:create_environment_hook('common_interfaces', 'cmake_prefix_path')
[568.854s] INFO:colcon.colcon_core.shell:Creating environment hook '/home/rasp/ros2_ws/install/common_interfaces/share/common_interfaces/hook/cmake_prefix_path.ps1'
[568.854s] INFO:colcon.colcon_core.shell:Creating environment descriptor '/home/rasp/ros2_ws/install/common_interfaces/share/common_interfaces/hook/cmake_prefix_path.dsv'
[568.855s] INFO:colcon.colcon_core.shell:Creating environment hook '/home/rasp/ros2_ws/install/common_interfaces/share/common_interfaces/hook/cmake_prefix_path.sh'
[568.855s] Level 1:colcon.colcon_core.environment:checking '/home/rasp/ros2_ws/install/common_interfaces/bin'
[568.855s] Level 1:colcon.colcon_core.environment:checking '/home/rasp/ros2_ws/install/common_interfaces/lib/pkgconfig/common_interfaces.pc'
[568.855s] Level 1:colcon.colcon_core.environment:checking '/home/rasp/ros2_ws/install/common_interfaces/lib/python3.12/site-packages'
[568.856s] Level 1:colcon.colcon_core.environment:checking '/home/rasp/ros2_ws/install/common_interfaces/bin'
[568.856s] INFO:colcon.colcon_core.shell:Creating package script '/home/rasp/ros2_ws/install/common_interfaces/share/common_interfaces/package.ps1'
[568.856s] INFO:colcon.colcon_core.shell:Creating package descriptor '/home/rasp/ros2_ws/install/common_interfaces/share/common_interfaces/package.dsv'
[568.857s] INFO:colcon.colcon_core.shell:Creating package script '/home/rasp/ros2_ws/install/common_interfaces/share/common_interfaces/package.sh'
[568.857s] INFO:colcon.colcon_core.shell:Creating package script '/home/rasp/ros2_ws/install/common_interfaces/share/common_interfaces/package.bash'
[568.857s] INFO:colcon.colcon_core.shell:Creating package script '/home/rasp/ros2_ws/install/common_interfaces/share/common_interfaces/package.zsh'
[568.858s] Level 1:colcon.colcon_core.environment:create_file_with_runtime_dependencies(/home/rasp/ros2_ws/install/common_interfaces/share/colcon-core/packages/common_interfaces)
[568.858s] Level 1:colcon.colcon_core.environment:create_environment_scripts_only(common_interfaces)
[568.858s] Level 1:colcon.colcon_core.environment:checking '/home/rasp/ros2_ws/install/common_interfaces' for CMake module files
[568.859s] Level 1:colcon.colcon_core.environment:checking '/home/rasp/ros2_ws/install/common_interfaces' for CMake config files
[568.859s] Level 1:colcon.colcon_core.shell:create_environment_hook('common_interfaces', 'cmake_prefix_path')
[568.859s] INFO:colcon.colcon_core.shell:Creating environment hook '/home/rasp/ros2_ws/install/common_interfaces/share/common_interfaces/hook/cmake_prefix_path.ps1'
[568.860s] INFO:colcon.colcon_core.shell:Creating environment descriptor '/home/rasp/ros2_ws/install/common_interfaces/share/common_interfaces/hook/cmake_prefix_path.dsv'
[568.860s] INFO:colcon.colcon_core.shell:Creating environment hook '/home/rasp/ros2_ws/install/common_interfaces/share/common_interfaces/hook/cmake_prefix_path.sh'
[568.861s] Level 1:colcon.colcon_core.environment:checking '/home/rasp/ros2_ws/install/common_interfaces/bin'
[568.861s] Level 1:colcon.colcon_core.environment:checking '/home/rasp/ros2_ws/install/common_interfaces/lib/pkgconfig/common_interfaces.pc'
[568.861s] Level 1:colcon.colcon_core.environment:checking '/home/rasp/ros2_ws/install/common_interfaces/lib/python3.12/site-packages'
[568.861s] Level 1:colcon.colcon_core.environment:checking '/home/rasp/ros2_ws/install/common_interfaces/bin'
[568.861s] INFO:colcon.colcon_core.shell:Creating package script '/home/rasp/ros2_ws/install/common_interfaces/share/common_interfaces/package.ps1'
[568.862s] INFO:colcon.colcon_core.shell:Creating package descriptor '/home/rasp/ros2_ws/install/common_interfaces/share/common_interfaces/package.dsv'
[568.862s] INFO:colcon.colcon_core.shell:Creating package script '/home/rasp/ros2_ws/install/common_interfaces/share/common_interfaces/package.sh'
[568.863s] INFO:colcon.colcon_core.shell:Creating package script '/home/rasp/ros2_ws/install/common_interfaces/share/common_interfaces/package.bash'
[568.864s] INFO:colcon.colcon_core.shell:Creating package script '/home/rasp/ros2_ws/install/common_interfaces/share/common_interfaces/package.zsh'
[568.864s] Level 1:colcon.colcon_core.environment:create_file_with_runtime_dependencies(/home/rasp/ros2_ws/install/common_interfaces/share/colcon-core/packages/common_interfaces)
[568.866s] INFO:colcon.colcon_ros.task.ament_cmake.build:Building ROS package in '/home/rasp/ros2_ws/src/uros/micro-ROS-demos/rclc' with build type 'ament_cmake'
[568.866s] INFO:colcon.colcon_cmake.task.cmake.build:Building CMake package in '/home/rasp/ros2_ws/src/uros/micro-ROS-demos/rclc'
[568.866s] INFO:colcon.colcon_core.shell:Skip shell extension 'powershell' for command environment: Not usable outside of PowerShell
[568.866s] DEBUG:colcon.colcon_core.shell:Skip shell extension 'dsv' for command environment
[568.940s] DEBUG:colcon.colcon_core.event_handler.log_command:Invoking command in '/home/rasp/ros2_ws/build/micro_ros_demos_rclc': AMENT_PREFIX_PATH=/home/rasp/ros2_ws/install/visualization_msgs:/home/rasp/ros2_ws/install/sensor_msgs:/home/rasp/ros2_ws/install/rmw_microxrcedds:/home/rasp/ros2_ws/install/rclc_parameter:/home/rasp/ros2_ws/install/rclc:/home/rasp/ros2_ws/install/geometry_msgs:/home/rasp/ros2_ws/install/test_msgs:/home/rasp/ros2_ws/install/std_msgs:/home/rasp/ros2_ws/install/rcl_interfaces:/home/rasp/ros2_ws/install/complex_msgs:/home/rasp/ros2_ws/install/test_interface_files:/home/rasp/ros2_ws/install/micro_ros_utilities:/home/rasp/ros2_ws/install/micro_ros_msgs:/home/rasp/ros2_ws/install/example_interfaces:/home/rasp/ros2_ws/install/builtin_interfaces:${AMENT_PREFIX_PATH} CMAKE_PREFIX_PATH=/home/rasp/ros2_ws/install/visualization_msgs:/home/rasp/ros2_ws/install/sensor_msgs:/home/rasp/ros2_ws/install/rmw_microxrcedds:/home/rasp/ros2_ws/install/rclc_parameter:/home/rasp/ros2_ws/install/rosidl_typesupport_microxrcedds_cpp:/home/rasp/ros2_ws/install/rclc:/home/rasp/ros2_ws/install/geometry_msgs:/home/rasp/ros2_ws/install/test_msgs:/home/rasp/ros2_ws/install/std_msgs:/home/rasp/ros2_ws/install/rosidl_typesupport_microxrcedds_c:/home/rasp/ros2_ws/install/rcl_interfaces:/home/rasp/ros2_ws/install/microxrcedds_client:/home/rasp/ros2_ws/install/complex_msgs:/home/rasp/ros2_ws/install/test_interface_files:/home/rasp/ros2_ws/install/microcdr:/home/rasp/ros2_ws/install/micro_ros_utilities:/home/rasp/ros2_ws/install/micro_ros_msgs:/home/rasp/ros2_ws/install/example_interfaces:/home/rasp/ros2_ws/install/builtin_interfaces:/home/rasp/ros2_ws/install/micro_ros_setup:/opt/ros/jazzy/opt/gz_math_vendor:/opt/ros/jazzy/opt/gz_utils_vendor:/opt/ros/jazzy/opt/gz_cmake_vendor:/opt/ros/jazzy DEBUGINFOD_URLS=https://debuginfod.ubuntu.com LD_LIBRARY_PATH=/home/rasp/ros2_ws/install/visualization_msgs/lib:/home/rasp/ros2_ws/install/sensor_msgs/lib:/home/rasp/ros2_ws/install/rmw_microxrcedds/lib:/home/rasp/ros2_ws/install/rclc_parameter/lib:/home/rasp/ros2_ws/install/rosidl_typesupport_microxrcedds_cpp/lib:/home/rasp/ros2_ws/install/rclc/lib:/home/rasp/ros2_ws/install/geometry_msgs/lib:/home/rasp/ros2_ws/install/test_msgs/lib:/home/rasp/ros2_ws/install/std_msgs/lib:/home/rasp/ros2_ws/install/rosidl_typesupport_microxrcedds_c/lib:/home/rasp/ros2_ws/install/rcl_interfaces/lib:/home/rasp/ros2_ws/install/microxrcedds_client/lib:/home/rasp/ros2_ws/install/complex_msgs/lib:/home/rasp/ros2_ws/install/microcdr/lib:/home/rasp/ros2_ws/install/micro_ros_utilities/lib:/home/rasp/ros2_ws/install/micro_ros_msgs/lib:/home/rasp/ros2_ws/install/example_interfaces/lib:/home/rasp/ros2_ws/install/builtin_interfaces/lib:/opt/ros/jazzy/opt/rviz_ogre_vendor/lib:/opt/ros/jazzy/lib/x86_64-linux-gnu:/opt/ros/jazzy/opt/gz_math_vendor/lib:/opt/ros/jazzy/opt/gz_utils_vendor/lib:/opt/ros/jazzy/opt/gz_cmake_vendor/lib:/opt/ros/jazzy/lib PYTHONPATH=/home/rasp/ros2_ws/install/visualization_msgs/lib/python3.12/site-packages:/home/rasp/ros2_ws/install/sensor_msgs/lib/python3.12/site-packages:/home/rasp/ros2_ws/install/rosidl_typesupport_microxrcedds_cpp/lib/python3.12/site-packages:/home/rasp/ros2_ws/install/geometry_msgs/lib/python3.12/site-packages:/home/rasp/ros2_ws/install/test_msgs/lib/python3.12/site-packages:/home/rasp/ros2_ws/install/std_msgs/lib/python3.12/site-packages:/home/rasp/ros2_ws/install/rosidl_typesupport_microxrcedds_c/lib/python3.12/site-packages:/home/rasp/ros2_ws/install/rcl_interfaces/lib/python3.12/site-packages:/home/rasp/ros2_ws/install/complex_msgs/lib/python3.12/site-packages:/home/rasp/ros2_ws/install/micro_ros_msgs/lib/python3.12/site-packages:/home/rasp/ros2_ws/install/example_interfaces/lib/python3.12/site-packages:/home/rasp/ros2_ws/install/builtin_interfaces/lib/python3.12/site-packages:/opt/ros/jazzy/lib/python3.12/site-packages /usr/bin/cmake /home/rasp/ros2_ws/src/uros/micro-ROS-demos/rclc -DBUILD_TESTING=OFF -DBUILD_SHARED_LIBS=ON -DCMAKE_INSTALL_PREFIX=/home/rasp/ros2_ws/install/micro_ros_demos_rclc
[570.208s] DEBUG:colcon.colcon_core.event_handler.log_command:Invoked command in '/home/rasp/ros2_ws/build/micro_ros_demos_rclc' returned '0': AMENT_PREFIX_PATH=/home/rasp/ros2_ws/install/visualization_msgs:/home/rasp/ros2_ws/install/sensor_msgs:/home/rasp/ros2_ws/install/rmw_microxrcedds:/home/rasp/ros2_ws/install/rclc_parameter:/home/rasp/ros2_ws/install/rclc:/home/rasp/ros2_ws/install/geometry_msgs:/home/rasp/ros2_ws/install/test_msgs:/home/rasp/ros2_ws/install/std_msgs:/home/rasp/ros2_ws/install/rcl_interfaces:/home/rasp/ros2_ws/install/complex_msgs:/home/rasp/ros2_ws/install/test_interface_files:/home/rasp/ros2_ws/install/micro_ros_utilities:/home/rasp/ros2_ws/install/micro_ros_msgs:/home/rasp/ros2_ws/install/example_interfaces:/home/rasp/ros2_ws/install/builtin_interfaces:${AMENT_PREFIX_PATH} CMAKE_PREFIX_PATH=/home/rasp/ros2_ws/install/visualization_msgs:/home/rasp/ros2_ws/install/sensor_msgs:/home/rasp/ros2_ws/install/rmw_microxrcedds:/home/rasp/ros2_ws/install/rclc_parameter:/home/rasp/ros2_ws/install/rosidl_typesupport_microxrcedds_cpp:/home/rasp/ros2_ws/install/rclc:/home/rasp/ros2_ws/install/geometry_msgs:/home/rasp/ros2_ws/install/test_msgs:/home/rasp/ros2_ws/install/std_msgs:/home/rasp/ros2_ws/install/rosidl_typesupport_microxrcedds_c:/home/rasp/ros2_ws/install/rcl_interfaces:/home/rasp/ros2_ws/install/microxrcedds_client:/home/rasp/ros2_ws/install/complex_msgs:/home/rasp/ros2_ws/install/test_interface_files:/home/rasp/ros2_ws/install/microcdr:/home/rasp/ros2_ws/install/micro_ros_utilities:/home/rasp/ros2_ws/install/micro_ros_msgs:/home/rasp/ros2_ws/install/example_interfaces:/home/rasp/ros2_ws/install/builtin_interfaces:/home/rasp/ros2_ws/install/micro_ros_setup:/opt/ros/jazzy/opt/gz_math_vendor:/opt/ros/jazzy/opt/gz_utils_vendor:/opt/ros/jazzy/opt/gz_cmake_vendor:/opt/ros/jazzy DEBUGINFOD_URLS=https://debuginfod.ubuntu.com LD_LIBRARY_PATH=/home/rasp/ros2_ws/install/visualization_msgs/lib:/home/rasp/ros2_ws/install/sensor_msgs/lib:/home/rasp/ros2_ws/install/rmw_microxrcedds/lib:/home/rasp/ros2_ws/install/rclc_parameter/lib:/home/rasp/ros2_ws/install/rosidl_typesupport_microxrcedds_cpp/lib:/home/rasp/ros2_ws/install/rclc/lib:/home/rasp/ros2_ws/install/geometry_msgs/lib:/home/rasp/ros2_ws/install/test_msgs/lib:/home/rasp/ros2_ws/install/std_msgs/lib:/home/rasp/ros2_ws/install/rosidl_typesupport_microxrcedds_c/lib:/home/rasp/ros2_ws/install/rcl_interfaces/lib:/home/rasp/ros2_ws/install/microxrcedds_client/lib:/home/rasp/ros2_ws/install/complex_msgs/lib:/home/rasp/ros2_ws/install/microcdr/lib:/home/rasp/ros2_ws/install/micro_ros_utilities/lib:/home/rasp/ros2_ws/install/micro_ros_msgs/lib:/home/rasp/ros2_ws/install/example_interfaces/lib:/home/rasp/ros2_ws/install/builtin_interfaces/lib:/opt/ros/jazzy/opt/rviz_ogre_vendor/lib:/opt/ros/jazzy/lib/x86_64-linux-gnu:/opt/ros/jazzy/opt/gz_math_vendor/lib:/opt/ros/jazzy/opt/gz_utils_vendor/lib:/opt/ros/jazzy/opt/gz_cmake_vendor/lib:/opt/ros/jazzy/lib PYTHONPATH=/home/rasp/ros2_ws/install/visualization_msgs/lib/python3.12/site-packages:/home/rasp/ros2_ws/install/sensor_msgs/lib/python3.12/site-packages:/home/rasp/ros2_ws/install/rosidl_typesupport_microxrcedds_cpp/lib/python3.12/site-packages:/home/rasp/ros2_ws/install/geometry_msgs/lib/python3.12/site-packages:/home/rasp/ros2_ws/install/test_msgs/lib/python3.12/site-packages:/home/rasp/ros2_ws/install/std_msgs/lib/python3.12/site-packages:/home/rasp/ros2_ws/install/rosidl_typesupport_microxrcedds_c/lib/python3.12/site-packages:/home/rasp/ros2_ws/install/rcl_interfaces/lib/python3.12/site-packages:/home/rasp/ros2_ws/install/complex_msgs/lib/python3.12/site-packages:/home/rasp/ros2_ws/install/micro_ros_msgs/lib/python3.12/site-packages:/home/rasp/ros2_ws/install/example_interfaces/lib/python3.12/site-packages:/home/rasp/ros2_ws/install/builtin_interfaces/lib/python3.12/site-packages:/opt/ros/jazzy/lib/python3.12/site-packages /usr/bin/cmake /home/rasp/ros2_ws/src/uros/micro-ROS-demos/rclc -DBUILD_TESTING=OFF -DBUILD_SHARED_LIBS=ON -DCMAKE_INSTALL_PREFIX=/home/rasp/ros2_ws/install/micro_ros_demos_rclc
[570.209s] DEBUG:colcon.colcon_core.event_handler.log_command:Invoking command in '/home/rasp/ros2_ws/build/micro_ros_demos_rclc': AMENT_PREFIX_PATH=/home/rasp/ros2_ws/install/visualization_msgs:/home/rasp/ros2_ws/install/sensor_msgs:/home/rasp/ros2_ws/install/rmw_microxrcedds:/home/rasp/ros2_ws/install/rclc_parameter:/home/rasp/ros2_ws/install/rclc:/home/rasp/ros2_ws/install/geometry_msgs:/home/rasp/ros2_ws/install/test_msgs:/home/rasp/ros2_ws/install/std_msgs:/home/rasp/ros2_ws/install/rcl_interfaces:/home/rasp/ros2_ws/install/complex_msgs:/home/rasp/ros2_ws/install/test_interface_files:/home/rasp/ros2_ws/install/micro_ros_utilities:/home/rasp/ros2_ws/install/micro_ros_msgs:/home/rasp/ros2_ws/install/example_interfaces:/home/rasp/ros2_ws/install/builtin_interfaces:${AMENT_PREFIX_PATH} CMAKE_PREFIX_PATH=/home/rasp/ros2_ws/install/visualization_msgs:/home/rasp/ros2_ws/install/sensor_msgs:/home/rasp/ros2_ws/install/rmw_microxrcedds:/home/rasp/ros2_ws/install/rclc_parameter:/home/rasp/ros2_ws/install/rosidl_typesupport_microxrcedds_cpp:/home/rasp/ros2_ws/install/rclc:/home/rasp/ros2_ws/install/geometry_msgs:/home/rasp/ros2_ws/install/test_msgs:/home/rasp/ros2_ws/install/std_msgs:/home/rasp/ros2_ws/install/rosidl_typesupport_microxrcedds_c:/home/rasp/ros2_ws/install/rcl_interfaces:/home/rasp/ros2_ws/install/microxrcedds_client:/home/rasp/ros2_ws/install/complex_msgs:/home/rasp/ros2_ws/install/test_interface_files:/home/rasp/ros2_ws/install/microcdr:/home/rasp/ros2_ws/install/micro_ros_utilities:/home/rasp/ros2_ws/install/micro_ros_msgs:/home/rasp/ros2_ws/install/example_interfaces:/home/rasp/ros2_ws/install/builtin_interfaces:/home/rasp/ros2_ws/install/micro_ros_setup:/opt/ros/jazzy/opt/gz_math_vendor:/opt/ros/jazzy/opt/gz_utils_vendor:/opt/ros/jazzy/opt/gz_cmake_vendor:/opt/ros/jazzy DEBUGINFOD_URLS=https://debuginfod.ubuntu.com LD_LIBRARY_PATH=/home/rasp/ros2_ws/install/visualization_msgs/lib:/home/rasp/ros2_ws/install/sensor_msgs/lib:/home/rasp/ros2_ws/install/rmw_microxrcedds/lib:/home/rasp/ros2_ws/install/rclc_parameter/lib:/home/rasp/ros2_ws/install/rosidl_typesupport_microxrcedds_cpp/lib:/home/rasp/ros2_ws/install/rclc/lib:/home/rasp/ros2_ws/install/geometry_msgs/lib:/home/rasp/ros2_ws/install/test_msgs/lib:/home/rasp/ros2_ws/install/std_msgs/lib:/home/rasp/ros2_ws/install/rosidl_typesupport_microxrcedds_c/lib:/home/rasp/ros2_ws/install/rcl_interfaces/lib:/home/rasp/ros2_ws/install/microxrcedds_client/lib:/home/rasp/ros2_ws/install/complex_msgs/lib:/home/rasp/ros2_ws/install/microcdr/lib:/home/rasp/ros2_ws/install/micro_ros_utilities/lib:/home/rasp/ros2_ws/install/micro_ros_msgs/lib:/home/rasp/ros2_ws/install/example_interfaces/lib:/home/rasp/ros2_ws/install/builtin_interfaces/lib:/opt/ros/jazzy/opt/rviz_ogre_vendor/lib:/opt/ros/jazzy/lib/x86_64-linux-gnu:/opt/ros/jazzy/opt/gz_math_vendor/lib:/opt/ros/jazzy/opt/gz_utils_vendor/lib:/opt/ros/jazzy/opt/gz_cmake_vendor/lib:/opt/ros/jazzy/lib PYTHONPATH=/home/rasp/ros2_ws/install/visualization_msgs/lib/python3.12/site-packages:/home/rasp/ros2_ws/install/sensor_msgs/lib/python3.12/site-packages:/home/rasp/ros2_ws/install/rosidl_typesupport_microxrcedds_cpp/lib/python3.12/site-packages:/home/rasp/ros2_ws/install/geometry_msgs/lib/python3.12/site-packages:/home/rasp/ros2_ws/install/test_msgs/lib/python3.12/site-packages:/home/rasp/ros2_ws/install/std_msgs/lib/python3.12/site-packages:/home/rasp/ros2_ws/install/rosidl_typesupport_microxrcedds_c/lib/python3.12/site-packages:/home/rasp/ros2_ws/install/rcl_interfaces/lib/python3.12/site-packages:/home/rasp/ros2_ws/install/complex_msgs/lib/python3.12/site-packages:/home/rasp/ros2_ws/install/micro_ros_msgs/lib/python3.12/site-packages:/home/rasp/ros2_ws/install/example_interfaces/lib/python3.12/site-packages:/home/rasp/ros2_ws/install/builtin_interfaces/lib/python3.12/site-packages:/opt/ros/jazzy/lib/python3.12/site-packages /usr/bin/cmake --build /home/rasp/ros2_ws/build/micro_ros_demos_rclc -- -j2 -l2
[605.002s] DEBUG:colcon.colcon_core.event_handler.log_command:Invoked command in '/home/rasp/ros2_ws/build/type_description_interfaces' returned '0': AMENT_PREFIX_PATH=/home/rasp/ros2_ws/install/service_msgs:/home/rasp/ros2_ws/install/builtin_interfaces:${AMENT_PREFIX_PATH} CMAKE_PREFIX_PATH=/home/rasp/ros2_ws/install/service_msgs:/home/rasp/ros2_ws/install/builtin_interfaces:/home/rasp/ros2_ws/install/rosidl_typesupport_microxrcedds_cpp:/home/rasp/ros2_ws/install/rosidl_typesupport_microxrcedds_c:/home/rasp/ros2_ws/install/microcdr:/home/rasp/ros2_ws/install/micro_ros_setup:/opt/ros/jazzy/opt/gz_math_vendor:/opt/ros/jazzy/opt/gz_utils_vendor:/opt/ros/jazzy/opt/gz_cmake_vendor:/opt/ros/jazzy DEBUGINFOD_URLS=https://debuginfod.ubuntu.com LD_LIBRARY_PATH=/home/rasp/ros2_ws/install/service_msgs/lib:/home/rasp/ros2_ws/install/builtin_interfaces/lib:${LD_LIBRARY_PATH} PYTHONPATH=/home/rasp/ros2_ws/install/service_msgs/lib/python3.12/site-packages:/home/rasp/ros2_ws/install/builtin_interfaces/lib/python3.12/site-packages:${PYTHONPATH} /usr/bin/cmake --build /home/rasp/ros2_ws/build/type_description_interfaces -- -j2 -l2
[605.004s] DEBUG:colcon.colcon_core.event_handler.log_command:Invoking command in '/home/rasp/ros2_ws/build/type_description_interfaces': AMENT_PREFIX_PATH=/home/rasp/ros2_ws/install/service_msgs:/home/rasp/ros2_ws/install/builtin_interfaces:${AMENT_PREFIX_PATH} CMAKE_PREFIX_PATH=/home/rasp/ros2_ws/install/service_msgs:/home/rasp/ros2_ws/install/builtin_interfaces:/home/rasp/ros2_ws/install/rosidl_typesupport_microxrcedds_cpp:/home/rasp/ros2_ws/install/rosidl_typesupport_microxrcedds_c:/home/rasp/ros2_ws/install/microcdr:/home/rasp/ros2_ws/install/micro_ros_setup:/opt/ros/jazzy/opt/gz_math_vendor:/opt/ros/jazzy/opt/gz_utils_vendor:/opt/ros/jazzy/opt/gz_cmake_vendor:/opt/ros/jazzy DEBUGINFOD_URLS=https://debuginfod.ubuntu.com LD_LIBRARY_PATH=/home/rasp/ros2_ws/install/service_msgs/lib:/home/rasp/ros2_ws/install/builtin_interfaces/lib:${LD_LIBRARY_PATH} PYTHONPATH=/home/rasp/ros2_ws/install/service_msgs/lib/python3.12/site-packages:/home/rasp/ros2_ws/install/builtin_interfaces/lib/python3.12/site-packages:${PYTHONPATH} /usr/bin/cmake --install /home/rasp/ros2_ws/build/type_description_interfaces
[605.177s] Level 1:colcon.colcon_core.environment:create_environment_scripts_only(type_description_interfaces)
[605.177s] Level 1:colcon.colcon_core.environment:checking '/home/rasp/ros2_ws/install/type_description_interfaces' for CMake module files
[605.179s] DEBUG:colcon.colcon_core.event_handler.log_command:Invoked command in '/home/rasp/ros2_ws/build/type_description_interfaces' returned '0': AMENT_PREFIX_PATH=/home/rasp/ros2_ws/install/service_msgs:/home/rasp/ros2_ws/install/builtin_interfaces:${AMENT_PREFIX_PATH} CMAKE_PREFIX_PATH=/home/rasp/ros2_ws/install/service_msgs:/home/rasp/ros2_ws/install/builtin_interfaces:/home/rasp/ros2_ws/install/rosidl_typesupport_microxrcedds_cpp:/home/rasp/ros2_ws/install/rosidl_typesupport_microxrcedds_c:/home/rasp/ros2_ws/install/microcdr:/home/rasp/ros2_ws/install/micro_ros_setup:/opt/ros/jazzy/opt/gz_math_vendor:/opt/ros/jazzy/opt/gz_utils_vendor:/opt/ros/jazzy/opt/gz_cmake_vendor:/opt/ros/jazzy DEBUGINFOD_URLS=https://debuginfod.ubuntu.com LD_LIBRARY_PATH=/home/rasp/ros2_ws/install/service_msgs/lib:/home/rasp/ros2_ws/install/builtin_interfaces/lib:${LD_LIBRARY_PATH} PYTHONPATH=/home/rasp/ros2_ws/install/service_msgs/lib/python3.12/site-packages:/home/rasp/ros2_ws/install/builtin_interfaces/lib/python3.12/site-packages:${PYTHONPATH} /usr/bin/cmake --install /home/rasp/ros2_ws/build/type_description_interfaces
[605.179s] Level 1:colcon.colcon_core.environment:checking '/home/rasp/ros2_ws/install/type_description_interfaces' for CMake config files
[605.180s] Level 1:colcon.colcon_core.shell:create_environment_hook('type_description_interfaces', 'cmake_prefix_path')
[605.180s] INFO:colcon.colcon_core.shell:Creating environment hook '/home/rasp/ros2_ws/install/type_description_interfaces/share/type_description_interfaces/hook/cmake_prefix_path.ps1'
[605.181s] INFO:colcon.colcon_core.shell:Creating environment descriptor '/home/rasp/ros2_ws/install/type_description_interfaces/share/type_description_interfaces/hook/cmake_prefix_path.dsv'
[605.181s] INFO:colcon.colcon_core.shell:Creating environment hook '/home/rasp/ros2_ws/install/type_description_interfaces/share/type_description_interfaces/hook/cmake_prefix_path.sh'
[605.182s] Level 1:colcon.colcon_core.environment:checking '/home/rasp/ros2_ws/install/type_description_interfaces/lib'
[605.182s] Level 1:colcon.colcon_core.shell:create_environment_hook('type_description_interfaces', 'ld_library_path_lib')
[605.182s] INFO:colcon.colcon_core.shell:Creating environment hook '/home/rasp/ros2_ws/install/type_description_interfaces/share/type_description_interfaces/hook/ld_library_path_lib.ps1'
[605.183s] INFO:colcon.colcon_core.shell:Creating environment descriptor '/home/rasp/ros2_ws/install/type_description_interfaces/share/type_description_interfaces/hook/ld_library_path_lib.dsv'
[605.183s] INFO:colcon.colcon_core.shell:Creating environment hook '/home/rasp/ros2_ws/install/type_description_interfaces/share/type_description_interfaces/hook/ld_library_path_lib.sh'
[605.184s] Level 1:colcon.colcon_core.environment:checking '/home/rasp/ros2_ws/install/type_description_interfaces/bin'
[605.184s] Level 1:colcon.colcon_core.environment:checking '/home/rasp/ros2_ws/install/type_description_interfaces/lib/pkgconfig/type_description_interfaces.pc'
[605.184s] Level 1:colcon.colcon_core.environment:checking '/home/rasp/ros2_ws/install/type_description_interfaces/lib/python3.12/site-packages'
[605.184s] Level 1:colcon.colcon_core.shell:create_environment_hook('type_description_interfaces', 'pythonpath')
[605.184s] INFO:colcon.colcon_core.shell:Creating environment hook '/home/rasp/ros2_ws/install/type_description_interfaces/share/type_description_interfaces/hook/pythonpath.ps1'
[605.185s] INFO:colcon.colcon_core.shell:Creating environment descriptor '/home/rasp/ros2_ws/install/type_description_interfaces/share/type_description_interfaces/hook/pythonpath.dsv'
[605.185s] INFO:colcon.colcon_core.shell:Creating environment hook '/home/rasp/ros2_ws/install/type_description_interfaces/share/type_description_interfaces/hook/pythonpath.sh'
[605.186s] Level 1:colcon.colcon_core.environment:checking '/home/rasp/ros2_ws/install/type_description_interfaces/bin'
[605.186s] INFO:colcon.colcon_core.shell:Creating package script '/home/rasp/ros2_ws/install/type_description_interfaces/share/type_description_interfaces/package.ps1'
[605.187s] INFO:colcon.colcon_core.shell:Creating package descriptor '/home/rasp/ros2_ws/install/type_description_interfaces/share/type_description_interfaces/package.dsv'
[605.188s] INFO:colcon.colcon_core.shell:Creating package script '/home/rasp/ros2_ws/install/type_description_interfaces/share/type_description_interfaces/package.sh'
[605.188s] INFO:colcon.colcon_core.shell:Creating package script '/home/rasp/ros2_ws/install/type_description_interfaces/share/type_description_interfaces/package.bash'
[605.188s] INFO:colcon.colcon_core.shell:Creating package script '/home/rasp/ros2_ws/install/type_description_interfaces/share/type_description_interfaces/package.zsh'
[605.189s] Level 1:colcon.colcon_core.environment:create_file_with_runtime_dependencies(/home/rasp/ros2_ws/install/type_description_interfaces/share/colcon-core/packages/type_description_interfaces)
[605.189s] Level 1:colcon.colcon_core.environment:create_environment_scripts_only(type_description_interfaces)
[605.189s] Level 1:colcon.colcon_core.environment:checking '/home/rasp/ros2_ws/install/type_description_interfaces' for CMake module files
[605.190s] Level 1:colcon.colcon_core.environment:checking '/home/rasp/ros2_ws/install/type_description_interfaces' for CMake config files
[605.191s] Level 1:colcon.colcon_core.shell:create_environment_hook('type_description_interfaces', 'cmake_prefix_path')
[605.191s] INFO:colcon.colcon_core.shell:Creating environment hook '/home/rasp/ros2_ws/install/type_description_interfaces/share/type_description_interfaces/hook/cmake_prefix_path.ps1'
[605.191s] INFO:colcon.colcon_core.shell:Creating environment descriptor '/home/rasp/ros2_ws/install/type_description_interfaces/share/type_description_interfaces/hook/cmake_prefix_path.dsv'
[605.192s] INFO:colcon.colcon_core.shell:Creating environment hook '/home/rasp/ros2_ws/install/type_description_interfaces/share/type_description_interfaces/hook/cmake_prefix_path.sh'
[605.193s] Level 1:colcon.colcon_core.environment:checking '/home/rasp/ros2_ws/install/type_description_interfaces/lib'
[605.193s] Level 1:colcon.colcon_core.shell:create_environment_hook('type_description_interfaces', 'ld_library_path_lib')
[605.193s] INFO:colcon.colcon_core.shell:Creating environment hook '/home/rasp/ros2_ws/install/type_description_interfaces/share/type_description_interfaces/hook/ld_library_path_lib.ps1'
[605.193s] INFO:colcon.colcon_core.shell:Creating environment descriptor '/home/rasp/ros2_ws/install/type_description_interfaces/share/type_description_interfaces/hook/ld_library_path_lib.dsv'
[605.194s] INFO:colcon.colcon_core.shell:Creating environment hook '/home/rasp/ros2_ws/install/type_description_interfaces/share/type_description_interfaces/hook/ld_library_path_lib.sh'
[605.194s] Level 1:colcon.colcon_core.environment:checking '/home/rasp/ros2_ws/install/type_description_interfaces/bin'
[605.194s] Level 1:colcon.colcon_core.environment:checking '/home/rasp/ros2_ws/install/type_description_interfaces/lib/pkgconfig/type_description_interfaces.pc'
[605.195s] Level 1:colcon.colcon_core.environment:checking '/home/rasp/ros2_ws/install/type_description_interfaces/lib/python3.12/site-packages'
[605.195s] Level 1:colcon.colcon_core.shell:create_environment_hook('type_description_interfaces', 'pythonpath')
[605.195s] INFO:colcon.colcon_core.shell:Creating environment hook '/home/rasp/ros2_ws/install/type_description_interfaces/share/type_description_interfaces/hook/pythonpath.ps1'
[605.195s] INFO:colcon.colcon_core.shell:Creating environment descriptor '/home/rasp/ros2_ws/install/type_description_interfaces/share/type_description_interfaces/hook/pythonpath.dsv'
[605.196s] INFO:colcon.colcon_core.shell:Creating environment hook '/home/rasp/ros2_ws/install/type_description_interfaces/share/type_description_interfaces/hook/pythonpath.sh'
[605.197s] Level 1:colcon.colcon_core.environment:checking '/home/rasp/ros2_ws/install/type_description_interfaces/bin'
[605.197s] INFO:colcon.colcon_core.shell:Creating package script '/home/rasp/ros2_ws/install/type_description_interfaces/share/type_description_interfaces/package.ps1'
[605.198s] INFO:colcon.colcon_core.shell:Creating package descriptor '/home/rasp/ros2_ws/install/type_description_interfaces/share/type_description_interfaces/package.dsv'
[605.199s] INFO:colcon.colcon_core.shell:Creating package script '/home/rasp/ros2_ws/install/type_description_interfaces/share/type_description_interfaces/package.sh'
[605.201s] INFO:colcon.colcon_core.shell:Creating package script '/home/rasp/ros2_ws/install/type_description_interfaces/share/type_description_interfaces/package.bash'
[605.202s] INFO:colcon.colcon_core.shell:Creating package script '/home/rasp/ros2_ws/install/type_description_interfaces/share/type_description_interfaces/package.zsh'
[605.203s] Level 1:colcon.colcon_core.environment:create_file_with_runtime_dependencies(/home/rasp/ros2_ws/install/type_description_interfaces/share/colcon-core/packages/type_description_interfaces)
[605.205s] INFO:colcon.colcon_ros.task.ament_cmake.build:Building ROS package in '/home/rasp/ros2_ws/src/uros/rosidl_typesupport_microxrcedds/test/c' with build type 'ament_cmake'
[605.205s] INFO:colcon.colcon_cmake.task.cmake.build:Building CMake package in '/home/rasp/ros2_ws/src/uros/rosidl_typesupport_microxrcedds/test/c'
[605.205s] INFO:colcon.colcon_core.shell:Skip shell extension 'powershell' for command environment: Not usable outside of PowerShell
[605.205s] DEBUG:colcon.colcon_core.shell:Skip shell extension 'dsv' for command environment
[605.244s] DEBUG:colcon.colcon_core.event_handler.log_command:Invoking command in '/home/rasp/ros2_ws/build/rosidl_typesupport_microxrcedds_c_tests': AMENT_PREFIX_PATH=/home/rasp/ros2_ws/install/rosidl_typesupport_microxrcedds_test_msg:/home/rasp/ros2_ws/install/rmw_microxrcedds:/home/rasp/ros2_ws/install/micro_ros_msgs:/home/rasp/ros2_ws/install/builtin_interfaces:${AMENT_PREFIX_PATH} CMAKE_PREFIX_PATH=/home/rasp/ros2_ws/install/rosidl_typesupport_microxrcedds_test_msg:/home/rasp/ros2_ws/install/rmw_microxrcedds:/home/rasp/ros2_ws/install/rosidl_typesupport_microxrcedds_cpp:/home/rasp/ros2_ws/install/rosidl_typesupport_microxrcedds_c:/home/rasp/ros2_ws/install/microxrcedds_client:/home/rasp/ros2_ws/install/microcdr:/home/rasp/ros2_ws/install/micro_ros_msgs:/home/rasp/ros2_ws/install/builtin_interfaces:/home/rasp/ros2_ws/install/micro_ros_setup:/opt/ros/jazzy/opt/gz_math_vendor:/opt/ros/jazzy/opt/gz_utils_vendor:/opt/ros/jazzy/opt/gz_cmake_vendor:/opt/ros/jazzy DEBUGINFOD_URLS=https://debuginfod.ubuntu.com LD_LIBRARY_PATH=/home/rasp/ros2_ws/install/rmw_microxrcedds/lib:/home/rasp/ros2_ws/install/rosidl_typesupport_microxrcedds_cpp/lib:/home/rasp/ros2_ws/install/rosidl_typesupport_microxrcedds_c/lib:/home/rasp/ros2_ws/install/microxrcedds_client/lib:/home/rasp/ros2_ws/install/microcdr/lib:/home/rasp/ros2_ws/install/micro_ros_msgs/lib:/home/rasp/ros2_ws/install/builtin_interfaces/lib:/opt/ros/jazzy/opt/rviz_ogre_vendor/lib:/opt/ros/jazzy/lib/x86_64-linux-gnu:/opt/ros/jazzy/opt/gz_math_vendor/lib:/opt/ros/jazzy/opt/gz_utils_vendor/lib:/opt/ros/jazzy/opt/gz_cmake_vendor/lib:/opt/ros/jazzy/lib PYTHONPATH=/home/rasp/ros2_ws/install/rosidl_typesupport_microxrcedds_cpp/lib/python3.12/site-packages:/home/rasp/ros2_ws/install/rosidl_typesupport_microxrcedds_c/lib/python3.12/site-packages:/home/rasp/ros2_ws/install/micro_ros_msgs/lib/python3.12/site-packages:/home/rasp/ros2_ws/install/builtin_interfaces/lib/python3.12/site-packages:/opt/ros/jazzy/lib/python3.12/site-packages /usr/bin/cmake /home/rasp/ros2_ws/src/uros/rosidl_typesupport_microxrcedds/test/c -DBUILD_TESTING=OFF -DBUILD_SHARED_LIBS=ON -DCMAKE_INSTALL_PREFIX=/home/rasp/ros2_ws/install/rosidl_typesupport_microxrcedds_c_tests
[605.978s] DEBUG:colcon.colcon_core.event_handler.log_command:Invoked command in '/home/rasp/ros2_ws/build/rosidl_typesupport_microxrcedds_c_tests' returned '0': AMENT_PREFIX_PATH=/home/rasp/ros2_ws/install/rosidl_typesupport_microxrcedds_test_msg:/home/rasp/ros2_ws/install/rmw_microxrcedds:/home/rasp/ros2_ws/install/micro_ros_msgs:/home/rasp/ros2_ws/install/builtin_interfaces:${AMENT_PREFIX_PATH} CMAKE_PREFIX_PATH=/home/rasp/ros2_ws/install/rosidl_typesupport_microxrcedds_test_msg:/home/rasp/ros2_ws/install/rmw_microxrcedds:/home/rasp/ros2_ws/install/rosidl_typesupport_microxrcedds_cpp:/home/rasp/ros2_ws/install/rosidl_typesupport_microxrcedds_c:/home/rasp/ros2_ws/install/microxrcedds_client:/home/rasp/ros2_ws/install/microcdr:/home/rasp/ros2_ws/install/micro_ros_msgs:/home/rasp/ros2_ws/install/builtin_interfaces:/home/rasp/ros2_ws/install/micro_ros_setup:/opt/ros/jazzy/opt/gz_math_vendor:/opt/ros/jazzy/opt/gz_utils_vendor:/opt/ros/jazzy/opt/gz_cmake_vendor:/opt/ros/jazzy DEBUGINFOD_URLS=https://debuginfod.ubuntu.com LD_LIBRARY_PATH=/home/rasp/ros2_ws/install/rmw_microxrcedds/lib:/home/rasp/ros2_ws/install/rosidl_typesupport_microxrcedds_cpp/lib:/home/rasp/ros2_ws/install/rosidl_typesupport_microxrcedds_c/lib:/home/rasp/ros2_ws/install/microxrcedds_client/lib:/home/rasp/ros2_ws/install/microcdr/lib:/home/rasp/ros2_ws/install/micro_ros_msgs/lib:/home/rasp/ros2_ws/install/builtin_interfaces/lib:/opt/ros/jazzy/opt/rviz_ogre_vendor/lib:/opt/ros/jazzy/lib/x86_64-linux-gnu:/opt/ros/jazzy/opt/gz_math_vendor/lib:/opt/ros/jazzy/opt/gz_utils_vendor/lib:/opt/ros/jazzy/opt/gz_cmake_vendor/lib:/opt/ros/jazzy/lib PYTHONPATH=/home/rasp/ros2_ws/install/rosidl_typesupport_microxrcedds_cpp/lib/python3.12/site-packages:/home/rasp/ros2_ws/install/rosidl_typesupport_microxrcedds_c/lib/python3.12/site-packages:/home/rasp/ros2_ws/install/micro_ros_msgs/lib/python3.12/site-packages:/home/rasp/ros2_ws/install/builtin_interfaces/lib/python3.12/site-packages:/opt/ros/jazzy/lib/python3.12/site-packages /usr/bin/cmake /home/rasp/ros2_ws/src/uros/rosidl_typesupport_microxrcedds/test/c -DBUILD_TESTING=OFF -DBUILD_SHARED_LIBS=ON -DCMAKE_INSTALL_PREFIX=/home/rasp/ros2_ws/install/rosidl_typesupport_microxrcedds_c_tests
[605.981s] DEBUG:colcon.colcon_core.event_handler.log_command:Invoking command in '/home/rasp/ros2_ws/build/rosidl_typesupport_microxrcedds_c_tests': AMENT_PREFIX_PATH=/home/rasp/ros2_ws/install/rosidl_typesupport_microxrcedds_test_msg:/home/rasp/ros2_ws/install/rmw_microxrcedds:/home/rasp/ros2_ws/install/micro_ros_msgs:/home/rasp/ros2_ws/install/builtin_interfaces:${AMENT_PREFIX_PATH} CMAKE_PREFIX_PATH=/home/rasp/ros2_ws/install/rosidl_typesupport_microxrcedds_test_msg:/home/rasp/ros2_ws/install/rmw_microxrcedds:/home/rasp/ros2_ws/install/rosidl_typesupport_microxrcedds_cpp:/home/rasp/ros2_ws/install/rosidl_typesupport_microxrcedds_c:/home/rasp/ros2_ws/install/microxrcedds_client:/home/rasp/ros2_ws/install/microcdr:/home/rasp/ros2_ws/install/micro_ros_msgs:/home/rasp/ros2_ws/install/builtin_interfaces:/home/rasp/ros2_ws/install/micro_ros_setup:/opt/ros/jazzy/opt/gz_math_vendor:/opt/ros/jazzy/opt/gz_utils_vendor:/opt/ros/jazzy/opt/gz_cmake_vendor:/opt/ros/jazzy DEBUGINFOD_URLS=https://debuginfod.ubuntu.com LD_LIBRARY_PATH=/home/rasp/ros2_ws/install/rmw_microxrcedds/lib:/home/rasp/ros2_ws/install/rosidl_typesupport_microxrcedds_cpp/lib:/home/rasp/ros2_ws/install/rosidl_typesupport_microxrcedds_c/lib:/home/rasp/ros2_ws/install/microxrcedds_client/lib:/home/rasp/ros2_ws/install/microcdr/lib:/home/rasp/ros2_ws/install/micro_ros_msgs/lib:/home/rasp/ros2_ws/install/builtin_interfaces/lib:/opt/ros/jazzy/opt/rviz_ogre_vendor/lib:/opt/ros/jazzy/lib/x86_64-linux-gnu:/opt/ros/jazzy/opt/gz_math_vendor/lib:/opt/ros/jazzy/opt/gz_utils_vendor/lib:/opt/ros/jazzy/opt/gz_cmake_vendor/lib:/opt/ros/jazzy/lib PYTHONPATH=/home/rasp/ros2_ws/install/rosidl_typesupport_microxrcedds_cpp/lib/python3.12/site-packages:/home/rasp/ros2_ws/install/rosidl_typesupport_microxrcedds_c/lib/python3.12/site-packages:/home/rasp/ros2_ws/install/micro_ros_msgs/lib/python3.12/site-packages:/home/rasp/ros2_ws/install/builtin_interfaces/lib/python3.12/site-packages:/opt/ros/jazzy/lib/python3.12/site-packages /usr/bin/cmake --build /home/rasp/ros2_ws/build/rosidl_typesupport_microxrcedds_c_tests -- -j2 -l2
[606.046s] DEBUG:colcon.colcon_core.event_handler.log_command:Invoked command in '/home/rasp/ros2_ws/build/rosidl_typesupport_microxrcedds_c_tests' returned '0': AMENT_PREFIX_PATH=/home/rasp/ros2_ws/install/rosidl_typesupport_microxrcedds_test_msg:/home/rasp/ros2_ws/install/rmw_microxrcedds:/home/rasp/ros2_ws/install/micro_ros_msgs:/home/rasp/ros2_ws/install/builtin_interfaces:${AMENT_PREFIX_PATH} CMAKE_PREFIX_PATH=/home/rasp/ros2_ws/install/rosidl_typesupport_microxrcedds_test_msg:/home/rasp/ros2_ws/install/rmw_microxrcedds:/home/rasp/ros2_ws/install/rosidl_typesupport_microxrcedds_cpp:/home/rasp/ros2_ws/install/rosidl_typesupport_microxrcedds_c:/home/rasp/ros2_ws/install/microxrcedds_client:/home/rasp/ros2_ws/install/microcdr:/home/rasp/ros2_ws/install/micro_ros_msgs:/home/rasp/ros2_ws/install/builtin_interfaces:/home/rasp/ros2_ws/install/micro_ros_setup:/opt/ros/jazzy/opt/gz_math_vendor:/opt/ros/jazzy/opt/gz_utils_vendor:/opt/ros/jazzy/opt/gz_cmake_vendor:/opt/ros/jazzy DEBUGINFOD_URLS=https://debuginfod.ubuntu.com LD_LIBRARY_PATH=/home/rasp/ros2_ws/install/rmw_microxrcedds/lib:/home/rasp/ros2_ws/install/rosidl_typesupport_microxrcedds_cpp/lib:/home/rasp/ros2_ws/install/rosidl_typesupport_microxrcedds_c/lib:/home/rasp/ros2_ws/install/microxrcedds_client/lib:/home/rasp/ros2_ws/install/microcdr/lib:/home/rasp/ros2_ws/install/micro_ros_msgs/lib:/home/rasp/ros2_ws/install/builtin_interfaces/lib:/opt/ros/jazzy/opt/rviz_ogre_vendor/lib:/opt/ros/jazzy/lib/x86_64-linux-gnu:/opt/ros/jazzy/opt/gz_math_vendor/lib:/opt/ros/jazzy/opt/gz_utils_vendor/lib:/opt/ros/jazzy/opt/gz_cmake_vendor/lib:/opt/ros/jazzy/lib PYTHONPATH=/home/rasp/ros2_ws/install/rosidl_typesupport_microxrcedds_cpp/lib/python3.12/site-packages:/home/rasp/ros2_ws/install/rosidl_typesupport_microxrcedds_c/lib/python3.12/site-packages:/home/rasp/ros2_ws/install/micro_ros_msgs/lib/python3.12/site-packages:/home/rasp/ros2_ws/install/builtin_interfaces/lib/python3.12/site-packages:/opt/ros/jazzy/lib/python3.12/site-packages /usr/bin/cmake --build /home/rasp/ros2_ws/build/rosidl_typesupport_microxrcedds_c_tests -- -j2 -l2
[606.048s] DEBUG:colcon.colcon_core.event_handler.log_command:Invoking command in '/home/rasp/ros2_ws/build/rosidl_typesupport_microxrcedds_c_tests': AMENT_PREFIX_PATH=/home/rasp/ros2_ws/install/rosidl_typesupport_microxrcedds_test_msg:/home/rasp/ros2_ws/install/rmw_microxrcedds:/home/rasp/ros2_ws/install/micro_ros_msgs:/home/rasp/ros2_ws/install/builtin_interfaces:${AMENT_PREFIX_PATH} CMAKE_PREFIX_PATH=/home/rasp/ros2_ws/install/rosidl_typesupport_microxrcedds_test_msg:/home/rasp/ros2_ws/install/rmw_microxrcedds:/home/rasp/ros2_ws/install/rosidl_typesupport_microxrcedds_cpp:/home/rasp/ros2_ws/install/rosidl_typesupport_microxrcedds_c:/home/rasp/ros2_ws/install/microxrcedds_client:/home/rasp/ros2_ws/install/microcdr:/home/rasp/ros2_ws/install/micro_ros_msgs:/home/rasp/ros2_ws/install/builtin_interfaces:/home/rasp/ros2_ws/install/micro_ros_setup:/opt/ros/jazzy/opt/gz_math_vendor:/opt/ros/jazzy/opt/gz_utils_vendor:/opt/ros/jazzy/opt/gz_cmake_vendor:/opt/ros/jazzy DEBUGINFOD_URLS=https://debuginfod.ubuntu.com LD_LIBRARY_PATH=/home/rasp/ros2_ws/install/rmw_microxrcedds/lib:/home/rasp/ros2_ws/install/rosidl_typesupport_microxrcedds_cpp/lib:/home/rasp/ros2_ws/install/rosidl_typesupport_microxrcedds_c/lib:/home/rasp/ros2_ws/install/microxrcedds_client/lib:/home/rasp/ros2_ws/install/microcdr/lib:/home/rasp/ros2_ws/install/micro_ros_msgs/lib:/home/rasp/ros2_ws/install/builtin_interfaces/lib:/opt/ros/jazzy/opt/rviz_ogre_vendor/lib:/opt/ros/jazzy/lib/x86_64-linux-gnu:/opt/ros/jazzy/opt/gz_math_vendor/lib:/opt/ros/jazzy/opt/gz_utils_vendor/lib:/opt/ros/jazzy/opt/gz_cmake_vendor/lib:/opt/ros/jazzy/lib PYTHONPATH=/home/rasp/ros2_ws/install/rosidl_typesupport_microxrcedds_cpp/lib/python3.12/site-packages:/home/rasp/ros2_ws/install/rosidl_typesupport_microxrcedds_c/lib/python3.12/site-packages:/home/rasp/ros2_ws/install/micro_ros_msgs/lib/python3.12/site-packages:/home/rasp/ros2_ws/install/builtin_interfaces/lib/python3.12/site-packages:/opt/ros/jazzy/lib/python3.12/site-packages /usr/bin/cmake --install /home/rasp/ros2_ws/build/rosidl_typesupport_microxrcedds_c_tests
[606.070s] Level 1:colcon.colcon_core.environment:create_environment_scripts_only(rosidl_typesupport_microxrcedds_c_tests)
[606.070s] DEBUG:colcon.colcon_core.event_handler.log_command:Invoked command in '/home/rasp/ros2_ws/build/rosidl_typesupport_microxrcedds_c_tests' returned '0': AMENT_PREFIX_PATH=/home/rasp/ros2_ws/install/rosidl_typesupport_microxrcedds_test_msg:/home/rasp/ros2_ws/install/rmw_microxrcedds:/home/rasp/ros2_ws/install/micro_ros_msgs:/home/rasp/ros2_ws/install/builtin_interfaces:${AMENT_PREFIX_PATH} CMAKE_PREFIX_PATH=/home/rasp/ros2_ws/install/rosidl_typesupport_microxrcedds_test_msg:/home/rasp/ros2_ws/install/rmw_microxrcedds:/home/rasp/ros2_ws/install/rosidl_typesupport_microxrcedds_cpp:/home/rasp/ros2_ws/install/rosidl_typesupport_microxrcedds_c:/home/rasp/ros2_ws/install/microxrcedds_client:/home/rasp/ros2_ws/install/microcdr:/home/rasp/ros2_ws/install/micro_ros_msgs:/home/rasp/ros2_ws/install/builtin_interfaces:/home/rasp/ros2_ws/install/micro_ros_setup:/opt/ros/jazzy/opt/gz_math_vendor:/opt/ros/jazzy/opt/gz_utils_vendor:/opt/ros/jazzy/opt/gz_cmake_vendor:/opt/ros/jazzy DEBUGINFOD_URLS=https://debuginfod.ubuntu.com LD_LIBRARY_PATH=/home/rasp/ros2_ws/install/rmw_microxrcedds/lib:/home/rasp/ros2_ws/install/rosidl_typesupport_microxrcedds_cpp/lib:/home/rasp/ros2_ws/install/rosidl_typesupport_microxrcedds_c/lib:/home/rasp/ros2_ws/install/microxrcedds_client/lib:/home/rasp/ros2_ws/install/microcdr/lib:/home/rasp/ros2_ws/install/micro_ros_msgs/lib:/home/rasp/ros2_ws/install/builtin_interfaces/lib:/opt/ros/jazzy/opt/rviz_ogre_vendor/lib:/opt/ros/jazzy/lib/x86_64-linux-gnu:/opt/ros/jazzy/opt/gz_math_vendor/lib:/opt/ros/jazzy/opt/gz_utils_vendor/lib:/opt/ros/jazzy/opt/gz_cmake_vendor/lib:/opt/ros/jazzy/lib PYTHONPATH=/home/rasp/ros2_ws/install/rosidl_typesupport_microxrcedds_cpp/lib/python3.12/site-packages:/home/rasp/ros2_ws/install/rosidl_typesupport_microxrcedds_c/lib/python3.12/site-packages:/home/rasp/ros2_ws/install/micro_ros_msgs/lib/python3.12/site-packages:/home/rasp/ros2_ws/install/builtin_interfaces/lib/python3.12/site-packages:/opt/ros/jazzy/lib/python3.12/site-packages /usr/bin/cmake --install /home/rasp/ros2_ws/build/rosidl_typesupport_microxrcedds_c_tests
[606.070s] Level 1:colcon.colcon_core.environment:checking '/home/rasp/ros2_ws/install/rosidl_typesupport_microxrcedds_c_tests' for CMake module files
[606.071s] Level 1:colcon.colcon_core.environment:checking '/home/rasp/ros2_ws/install/rosidl_typesupport_microxrcedds_c_tests' for CMake config files
[606.071s] Level 1:colcon.colcon_core.shell:create_environment_hook('rosidl_typesupport_microxrcedds_c_tests', 'cmake_prefix_path')
[606.072s] INFO:colcon.colcon_core.shell:Creating environment hook '/home/rasp/ros2_ws/install/rosidl_typesupport_microxrcedds_c_tests/share/rosidl_typesupport_microxrcedds_c_tests/hook/cmake_prefix_path.ps1'
[606.072s] INFO:colcon.colcon_core.shell:Creating environment descriptor '/home/rasp/ros2_ws/install/rosidl_typesupport_microxrcedds_c_tests/share/rosidl_typesupport_microxrcedds_c_tests/hook/cmake_prefix_path.dsv'
[606.073s] INFO:colcon.colcon_core.shell:Creating environment hook '/home/rasp/ros2_ws/install/rosidl_typesupport_microxrcedds_c_tests/share/rosidl_typesupport_microxrcedds_c_tests/hook/cmake_prefix_path.sh'
[606.073s] Level 1:colcon.colcon_core.environment:checking '/home/rasp/ros2_ws/install/rosidl_typesupport_microxrcedds_c_tests/bin'
[606.074s] Level 1:colcon.colcon_core.environment:checking '/home/rasp/ros2_ws/install/rosidl_typesupport_microxrcedds_c_tests/lib/pkgconfig/rosidl_typesupport_microxrcedds_c_tests.pc'
[606.074s] Level 1:colcon.colcon_core.environment:checking '/home/rasp/ros2_ws/install/rosidl_typesupport_microxrcedds_c_tests/lib/python3.12/site-packages'
[606.074s] Level 1:colcon.colcon_core.environment:checking '/home/rasp/ros2_ws/install/rosidl_typesupport_microxrcedds_c_tests/bin'
[606.074s] INFO:colcon.colcon_core.shell:Creating package script '/home/rasp/ros2_ws/install/rosidl_typesupport_microxrcedds_c_tests/share/rosidl_typesupport_microxrcedds_c_tests/package.ps1'
[606.075s] INFO:colcon.colcon_core.shell:Creating package descriptor '/home/rasp/ros2_ws/install/rosidl_typesupport_microxrcedds_c_tests/share/rosidl_typesupport_microxrcedds_c_tests/package.dsv'
[606.076s] INFO:colcon.colcon_core.shell:Creating package script '/home/rasp/ros2_ws/install/rosidl_typesupport_microxrcedds_c_tests/share/rosidl_typesupport_microxrcedds_c_tests/package.sh'
[606.076s] INFO:colcon.colcon_core.shell:Creating package script '/home/rasp/ros2_ws/install/rosidl_typesupport_microxrcedds_c_tests/share/rosidl_typesupport_microxrcedds_c_tests/package.bash'
[606.076s] INFO:colcon.colcon_core.shell:Creating package script '/home/rasp/ros2_ws/install/rosidl_typesupport_microxrcedds_c_tests/share/rosidl_typesupport_microxrcedds_c_tests/package.zsh'
[606.077s] Level 1:colcon.colcon_core.environment:create_file_with_runtime_dependencies(/home/rasp/ros2_ws/install/rosidl_typesupport_microxrcedds_c_tests/share/colcon-core/packages/rosidl_typesupport_microxrcedds_c_tests)
[606.077s] Level 1:colcon.colcon_core.environment:create_environment_scripts_only(rosidl_typesupport_microxrcedds_c_tests)
[606.077s] Level 1:colcon.colcon_core.environment:checking '/home/rasp/ros2_ws/install/rosidl_typesupport_microxrcedds_c_tests' for CMake module files
[606.078s] Level 1:colcon.colcon_core.environment:checking '/home/rasp/ros2_ws/install/rosidl_typesupport_microxrcedds_c_tests' for CMake config files
[606.081s] Level 1:colcon.colcon_core.shell:create_environment_hook('rosidl_typesupport_microxrcedds_c_tests', 'cmake_prefix_path')
[606.081s] INFO:colcon.colcon_core.shell:Creating environment hook '/home/rasp/ros2_ws/install/rosidl_typesupport_microxrcedds_c_tests/share/rosidl_typesupport_microxrcedds_c_tests/hook/cmake_prefix_path.ps1'
[606.083s] INFO:colcon.colcon_core.shell:Creating environment descriptor '/home/rasp/ros2_ws/install/rosidl_typesupport_microxrcedds_c_tests/share/rosidl_typesupport_microxrcedds_c_tests/hook/cmake_prefix_path.dsv'
[606.084s] INFO:colcon.colcon_core.shell:Creating environment hook '/home/rasp/ros2_ws/install/rosidl_typesupport_microxrcedds_c_tests/share/rosidl_typesupport_microxrcedds_c_tests/hook/cmake_prefix_path.sh'
[606.086s] Level 1:colcon.colcon_core.environment:checking '/home/rasp/ros2_ws/install/rosidl_typesupport_microxrcedds_c_tests/bin'
[606.086s] Level 1:colcon.colcon_core.environment:checking '/home/rasp/ros2_ws/install/rosidl_typesupport_microxrcedds_c_tests/lib/pkgconfig/rosidl_typesupport_microxrcedds_c_tests.pc'
[606.087s] Level 1:colcon.colcon_core.environment:checking '/home/rasp/ros2_ws/install/rosidl_typesupport_microxrcedds_c_tests/lib/python3.12/site-packages'
[606.087s] Level 1:colcon.colcon_core.environment:checking '/home/rasp/ros2_ws/install/rosidl_typesupport_microxrcedds_c_tests/bin'
[606.087s] INFO:colcon.colcon_core.shell:Creating package script '/home/rasp/ros2_ws/install/rosidl_typesupport_microxrcedds_c_tests/share/rosidl_typesupport_microxrcedds_c_tests/package.ps1'
[606.088s] INFO:colcon.colcon_core.shell:Creating package descriptor '/home/rasp/ros2_ws/install/rosidl_typesupport_microxrcedds_c_tests/share/rosidl_typesupport_microxrcedds_c_tests/package.dsv'
[606.089s] INFO:colcon.colcon_core.shell:Creating package script '/home/rasp/ros2_ws/install/rosidl_typesupport_microxrcedds_c_tests/share/rosidl_typesupport_microxrcedds_c_tests/package.sh'
[606.089s] INFO:colcon.colcon_core.shell:Creating package script '/home/rasp/ros2_ws/install/rosidl_typesupport_microxrcedds_c_tests/share/rosidl_typesupport_microxrcedds_c_tests/package.bash'
[606.090s] INFO:colcon.colcon_core.shell:Creating package script '/home/rasp/ros2_ws/install/rosidl_typesupport_microxrcedds_c_tests/share/rosidl_typesupport_microxrcedds_c_tests/package.zsh'
[606.091s] Level 1:colcon.colcon_core.environment:create_file_with_runtime_dependencies(/home/rasp/ros2_ws/install/rosidl_typesupport_microxrcedds_c_tests/share/colcon-core/packages/rosidl_typesupport_microxrcedds_c_tests)
[606.092s] INFO:colcon.colcon_ros.task.ament_cmake.build:Building ROS package in '/home/rasp/ros2_ws/src/uros/rosidl_typesupport_microxrcedds/test/cpp' with build type 'ament_cmake'
[606.092s] INFO:colcon.colcon_cmake.task.cmake.build:Building CMake package in '/home/rasp/ros2_ws/src/uros/rosidl_typesupport_microxrcedds/test/cpp'
[606.093s] INFO:colcon.colcon_core.shell:Skip shell extension 'powershell' for command environment: Not usable outside of PowerShell
[606.093s] DEBUG:colcon.colcon_core.shell:Skip shell extension 'dsv' for command environment
[606.134s] DEBUG:colcon.colcon_core.event_handler.log_command:Invoking command in '/home/rasp/ros2_ws/build/rosidl_typesupport_microxrcedds_cpp_tests': AMENT_PREFIX_PATH=/home/rasp/ros2_ws/install/rosidl_typesupport_microxrcedds_test_msg:/home/rasp/ros2_ws/install/rmw_microxrcedds:/home/rasp/ros2_ws/install/micro_ros_msgs:/home/rasp/ros2_ws/install/builtin_interfaces:${AMENT_PREFIX_PATH} CMAKE_PREFIX_PATH=/home/rasp/ros2_ws/install/rosidl_typesupport_microxrcedds_test_msg:/home/rasp/ros2_ws/install/rmw_microxrcedds:/home/rasp/ros2_ws/install/rosidl_typesupport_microxrcedds_cpp:/home/rasp/ros2_ws/install/rosidl_typesupport_microxrcedds_c:/home/rasp/ros2_ws/install/microxrcedds_client:/home/rasp/ros2_ws/install/microcdr:/home/rasp/ros2_ws/install/micro_ros_msgs:/home/rasp/ros2_ws/install/builtin_interfaces:/home/rasp/ros2_ws/install/micro_ros_setup:/opt/ros/jazzy/opt/gz_math_vendor:/opt/ros/jazzy/opt/gz_utils_vendor:/opt/ros/jazzy/opt/gz_cmake_vendor:/opt/ros/jazzy DEBUGINFOD_URLS=https://debuginfod.ubuntu.com LD_LIBRARY_PATH=/home/rasp/ros2_ws/install/rmw_microxrcedds/lib:/home/rasp/ros2_ws/install/rosidl_typesupport_microxrcedds_cpp/lib:/home/rasp/ros2_ws/install/rosidl_typesupport_microxrcedds_c/lib:/home/rasp/ros2_ws/install/microxrcedds_client/lib:/home/rasp/ros2_ws/install/microcdr/lib:/home/rasp/ros2_ws/install/micro_ros_msgs/lib:/home/rasp/ros2_ws/install/builtin_interfaces/lib:/opt/ros/jazzy/opt/rviz_ogre_vendor/lib:/opt/ros/jazzy/lib/x86_64-linux-gnu:/opt/ros/jazzy/opt/gz_math_vendor/lib:/opt/ros/jazzy/opt/gz_utils_vendor/lib:/opt/ros/jazzy/opt/gz_cmake_vendor/lib:/opt/ros/jazzy/lib PYTHONPATH=/home/rasp/ros2_ws/install/rosidl_typesupport_microxrcedds_cpp/lib/python3.12/site-packages:/home/rasp/ros2_ws/install/rosidl_typesupport_microxrcedds_c/lib/python3.12/site-packages:/home/rasp/ros2_ws/install/micro_ros_msgs/lib/python3.12/site-packages:/home/rasp/ros2_ws/install/builtin_interfaces/lib/python3.12/site-packages:/opt/ros/jazzy/lib/python3.12/site-packages /usr/bin/cmake /home/rasp/ros2_ws/src/uros/rosidl_typesupport_microxrcedds/test/cpp -DBUILD_TESTING=OFF -DBUILD_SHARED_LIBS=ON -DCMAKE_INSTALL_PREFIX=/home/rasp/ros2_ws/install/rosidl_typesupport_microxrcedds_cpp_tests
[606.876s] DEBUG:colcon.colcon_core.event_handler.log_command:Invoked command in '/home/rasp/ros2_ws/build/rosidl_typesupport_microxrcedds_cpp_tests' returned '0': AMENT_PREFIX_PATH=/home/rasp/ros2_ws/install/rosidl_typesupport_microxrcedds_test_msg:/home/rasp/ros2_ws/install/rmw_microxrcedds:/home/rasp/ros2_ws/install/micro_ros_msgs:/home/rasp/ros2_ws/install/builtin_interfaces:${AMENT_PREFIX_PATH} CMAKE_PREFIX_PATH=/home/rasp/ros2_ws/install/rosidl_typesupport_microxrcedds_test_msg:/home/rasp/ros2_ws/install/rmw_microxrcedds:/home/rasp/ros2_ws/install/rosidl_typesupport_microxrcedds_cpp:/home/rasp/ros2_ws/install/rosidl_typesupport_microxrcedds_c:/home/rasp/ros2_ws/install/microxrcedds_client:/home/rasp/ros2_ws/install/microcdr:/home/rasp/ros2_ws/install/micro_ros_msgs:/home/rasp/ros2_ws/install/builtin_interfaces:/home/rasp/ros2_ws/install/micro_ros_setup:/opt/ros/jazzy/opt/gz_math_vendor:/opt/ros/jazzy/opt/gz_utils_vendor:/opt/ros/jazzy/opt/gz_cmake_vendor:/opt/ros/jazzy DEBUGINFOD_URLS=https://debuginfod.ubuntu.com LD_LIBRARY_PATH=/home/rasp/ros2_ws/install/rmw_microxrcedds/lib:/home/rasp/ros2_ws/install/rosidl_typesupport_microxrcedds_cpp/lib:/home/rasp/ros2_ws/install/rosidl_typesupport_microxrcedds_c/lib:/home/rasp/ros2_ws/install/microxrcedds_client/lib:/home/rasp/ros2_ws/install/microcdr/lib:/home/rasp/ros2_ws/install/micro_ros_msgs/lib:/home/rasp/ros2_ws/install/builtin_interfaces/lib:/opt/ros/jazzy/opt/rviz_ogre_vendor/lib:/opt/ros/jazzy/lib/x86_64-linux-gnu:/opt/ros/jazzy/opt/gz_math_vendor/lib:/opt/ros/jazzy/opt/gz_utils_vendor/lib:/opt/ros/jazzy/opt/gz_cmake_vendor/lib:/opt/ros/jazzy/lib PYTHONPATH=/home/rasp/ros2_ws/install/rosidl_typesupport_microxrcedds_cpp/lib/python3.12/site-packages:/home/rasp/ros2_ws/install/rosidl_typesupport_microxrcedds_c/lib/python3.12/site-packages:/home/rasp/ros2_ws/install/micro_ros_msgs/lib/python3.12/site-packages:/home/rasp/ros2_ws/install/builtin_interfaces/lib/python3.12/site-packages:/opt/ros/jazzy/lib/python3.12/site-packages /usr/bin/cmake /home/rasp/ros2_ws/src/uros/rosidl_typesupport_microxrcedds/test/cpp -DBUILD_TESTING=OFF -DBUILD_SHARED_LIBS=ON -DCMAKE_INSTALL_PREFIX=/home/rasp/ros2_ws/install/rosidl_typesupport_microxrcedds_cpp_tests
[606.876s] DEBUG:colcon.colcon_core.event_handler.log_command:Invoking command in '/home/rasp/ros2_ws/build/rosidl_typesupport_microxrcedds_cpp_tests': AMENT_PREFIX_PATH=/home/rasp/ros2_ws/install/rosidl_typesupport_microxrcedds_test_msg:/home/rasp/ros2_ws/install/rmw_microxrcedds:/home/rasp/ros2_ws/install/micro_ros_msgs:/home/rasp/ros2_ws/install/builtin_interfaces:${AMENT_PREFIX_PATH} CMAKE_PREFIX_PATH=/home/rasp/ros2_ws/install/rosidl_typesupport_microxrcedds_test_msg:/home/rasp/ros2_ws/install/rmw_microxrcedds:/home/rasp/ros2_ws/install/rosidl_typesupport_microxrcedds_cpp:/home/rasp/ros2_ws/install/rosidl_typesupport_microxrcedds_c:/home/rasp/ros2_ws/install/microxrcedds_client:/home/rasp/ros2_ws/install/microcdr:/home/rasp/ros2_ws/install/micro_ros_msgs:/home/rasp/ros2_ws/install/builtin_interfaces:/home/rasp/ros2_ws/install/micro_ros_setup:/opt/ros/jazzy/opt/gz_math_vendor:/opt/ros/jazzy/opt/gz_utils_vendor:/opt/ros/jazzy/opt/gz_cmake_vendor:/opt/ros/jazzy DEBUGINFOD_URLS=https://debuginfod.ubuntu.com LD_LIBRARY_PATH=/home/rasp/ros2_ws/install/rmw_microxrcedds/lib:/home/rasp/ros2_ws/install/rosidl_typesupport_microxrcedds_cpp/lib:/home/rasp/ros2_ws/install/rosidl_typesupport_microxrcedds_c/lib:/home/rasp/ros2_ws/install/microxrcedds_client/lib:/home/rasp/ros2_ws/install/microcdr/lib:/home/rasp/ros2_ws/install/micro_ros_msgs/lib:/home/rasp/ros2_ws/install/builtin_interfaces/lib:/opt/ros/jazzy/opt/rviz_ogre_vendor/lib:/opt/ros/jazzy/lib/x86_64-linux-gnu:/opt/ros/jazzy/opt/gz_math_vendor/lib:/opt/ros/jazzy/opt/gz_utils_vendor/lib:/opt/ros/jazzy/opt/gz_cmake_vendor/lib:/opt/ros/jazzy/lib PYTHONPATH=/home/rasp/ros2_ws/install/rosidl_typesupport_microxrcedds_cpp/lib/python3.12/site-packages:/home/rasp/ros2_ws/install/rosidl_typesupport_microxrcedds_c/lib/python3.12/site-packages:/home/rasp/ros2_ws/install/micro_ros_msgs/lib/python3.12/site-packages:/home/rasp/ros2_ws/install/builtin_interfaces/lib/python3.12/site-packages:/opt/ros/jazzy/lib/python3.12/site-packages /usr/bin/cmake --build /home/rasp/ros2_ws/build/rosidl_typesupport_microxrcedds_cpp_tests -- -j2 -l2
[606.943s] DEBUG:colcon.colcon_core.event_handler.log_command:Invoked command in '/home/rasp/ros2_ws/build/rosidl_typesupport_microxrcedds_cpp_tests' returned '0': AMENT_PREFIX_PATH=/home/rasp/ros2_ws/install/rosidl_typesupport_microxrcedds_test_msg:/home/rasp/ros2_ws/install/rmw_microxrcedds:/home/rasp/ros2_ws/install/micro_ros_msgs:/home/rasp/ros2_ws/install/builtin_interfaces:${AMENT_PREFIX_PATH} CMAKE_PREFIX_PATH=/home/rasp/ros2_ws/install/rosidl_typesupport_microxrcedds_test_msg:/home/rasp/ros2_ws/install/rmw_microxrcedds:/home/rasp/ros2_ws/install/rosidl_typesupport_microxrcedds_cpp:/home/rasp/ros2_ws/install/rosidl_typesupport_microxrcedds_c:/home/rasp/ros2_ws/install/microxrcedds_client:/home/rasp/ros2_ws/install/microcdr:/home/rasp/ros2_ws/install/micro_ros_msgs:/home/rasp/ros2_ws/install/builtin_interfaces:/home/rasp/ros2_ws/install/micro_ros_setup:/opt/ros/jazzy/opt/gz_math_vendor:/opt/ros/jazzy/opt/gz_utils_vendor:/opt/ros/jazzy/opt/gz_cmake_vendor:/opt/ros/jazzy DEBUGINFOD_URLS=https://debuginfod.ubuntu.com LD_LIBRARY_PATH=/home/rasp/ros2_ws/install/rmw_microxrcedds/lib:/home/rasp/ros2_ws/install/rosidl_typesupport_microxrcedds_cpp/lib:/home/rasp/ros2_ws/install/rosidl_typesupport_microxrcedds_c/lib:/home/rasp/ros2_ws/install/microxrcedds_client/lib:/home/rasp/ros2_ws/install/microcdr/lib:/home/rasp/ros2_ws/install/micro_ros_msgs/lib:/home/rasp/ros2_ws/install/builtin_interfaces/lib:/opt/ros/jazzy/opt/rviz_ogre_vendor/lib:/opt/ros/jazzy/lib/x86_64-linux-gnu:/opt/ros/jazzy/opt/gz_math_vendor/lib:/opt/ros/jazzy/opt/gz_utils_vendor/lib:/opt/ros/jazzy/opt/gz_cmake_vendor/lib:/opt/ros/jazzy/lib PYTHONPATH=/home/rasp/ros2_ws/install/rosidl_typesupport_microxrcedds_cpp/lib/python3.12/site-packages:/home/rasp/ros2_ws/install/rosidl_typesupport_microxrcedds_c/lib/python3.12/site-packages:/home/rasp/ros2_ws/install/micro_ros_msgs/lib/python3.12/site-packages:/home/rasp/ros2_ws/install/builtin_interfaces/lib/python3.12/site-packages:/opt/ros/jazzy/lib/python3.12/site-packages /usr/bin/cmake --build /home/rasp/ros2_ws/build/rosidl_typesupport_microxrcedds_cpp_tests -- -j2 -l2
[606.944s] DEBUG:colcon.colcon_core.event_handler.log_command:Invoking command in '/home/rasp/ros2_ws/build/rosidl_typesupport_microxrcedds_cpp_tests': AMENT_PREFIX_PATH=/home/rasp/ros2_ws/install/rosidl_typesupport_microxrcedds_test_msg:/home/rasp/ros2_ws/install/rmw_microxrcedds:/home/rasp/ros2_ws/install/micro_ros_msgs:/home/rasp/ros2_ws/install/builtin_interfaces:${AMENT_PREFIX_PATH} CMAKE_PREFIX_PATH=/home/rasp/ros2_ws/install/rosidl_typesupport_microxrcedds_test_msg:/home/rasp/ros2_ws/install/rmw_microxrcedds:/home/rasp/ros2_ws/install/rosidl_typesupport_microxrcedds_cpp:/home/rasp/ros2_ws/install/rosidl_typesupport_microxrcedds_c:/home/rasp/ros2_ws/install/microxrcedds_client:/home/rasp/ros2_ws/install/microcdr:/home/rasp/ros2_ws/install/micro_ros_msgs:/home/rasp/ros2_ws/install/builtin_interfaces:/home/rasp/ros2_ws/install/micro_ros_setup:/opt/ros/jazzy/opt/gz_math_vendor:/opt/ros/jazzy/opt/gz_utils_vendor:/opt/ros/jazzy/opt/gz_cmake_vendor:/opt/ros/jazzy DEBUGINFOD_URLS=https://debuginfod.ubuntu.com LD_LIBRARY_PATH=/home/rasp/ros2_ws/install/rmw_microxrcedds/lib:/home/rasp/ros2_ws/install/rosidl_typesupport_microxrcedds_cpp/lib:/home/rasp/ros2_ws/install/rosidl_typesupport_microxrcedds_c/lib:/home/rasp/ros2_ws/install/microxrcedds_client/lib:/home/rasp/ros2_ws/install/microcdr/lib:/home/rasp/ros2_ws/install/micro_ros_msgs/lib:/home/rasp/ros2_ws/install/builtin_interfaces/lib:/opt/ros/jazzy/opt/rviz_ogre_vendor/lib:/opt/ros/jazzy/lib/x86_64-linux-gnu:/opt/ros/jazzy/opt/gz_math_vendor/lib:/opt/ros/jazzy/opt/gz_utils_vendor/lib:/opt/ros/jazzy/opt/gz_cmake_vendor/lib:/opt/ros/jazzy/lib PYTHONPATH=/home/rasp/ros2_ws/install/rosidl_typesupport_microxrcedds_cpp/lib/python3.12/site-packages:/home/rasp/ros2_ws/install/rosidl_typesupport_microxrcedds_c/lib/python3.12/site-packages:/home/rasp/ros2_ws/install/micro_ros_msgs/lib/python3.12/site-packages:/home/rasp/ros2_ws/install/builtin_interfaces/lib/python3.12/site-packages:/opt/ros/jazzy/lib/python3.12/site-packages /usr/bin/cmake --install /home/rasp/ros2_ws/build/rosidl_typesupport_microxrcedds_cpp_tests
[606.960s] Level 1:colcon.colcon_core.environment:create_environment_scripts_only(rosidl_typesupport_microxrcedds_cpp_tests)
[606.960s] Level 1:colcon.colcon_core.environment:checking '/home/rasp/ros2_ws/install/rosidl_typesupport_microxrcedds_cpp_tests' for CMake module files
[606.962s] DEBUG:colcon.colcon_core.event_handler.log_command:Invoked command in '/home/rasp/ros2_ws/build/rosidl_typesupport_microxrcedds_cpp_tests' returned '0': AMENT_PREFIX_PATH=/home/rasp/ros2_ws/install/rosidl_typesupport_microxrcedds_test_msg:/home/rasp/ros2_ws/install/rmw_microxrcedds:/home/rasp/ros2_ws/install/micro_ros_msgs:/home/rasp/ros2_ws/install/builtin_interfaces:${AMENT_PREFIX_PATH} CMAKE_PREFIX_PATH=/home/rasp/ros2_ws/install/rosidl_typesupport_microxrcedds_test_msg:/home/rasp/ros2_ws/install/rmw_microxrcedds:/home/rasp/ros2_ws/install/rosidl_typesupport_microxrcedds_cpp:/home/rasp/ros2_ws/install/rosidl_typesupport_microxrcedds_c:/home/rasp/ros2_ws/install/microxrcedds_client:/home/rasp/ros2_ws/install/microcdr:/home/rasp/ros2_ws/install/micro_ros_msgs:/home/rasp/ros2_ws/install/builtin_interfaces:/home/rasp/ros2_ws/install/micro_ros_setup:/opt/ros/jazzy/opt/gz_math_vendor:/opt/ros/jazzy/opt/gz_utils_vendor:/opt/ros/jazzy/opt/gz_cmake_vendor:/opt/ros/jazzy DEBUGINFOD_URLS=https://debuginfod.ubuntu.com LD_LIBRARY_PATH=/home/rasp/ros2_ws/install/rmw_microxrcedds/lib:/home/rasp/ros2_ws/install/rosidl_typesupport_microxrcedds_cpp/lib:/home/rasp/ros2_ws/install/rosidl_typesupport_microxrcedds_c/lib:/home/rasp/ros2_ws/install/microxrcedds_client/lib:/home/rasp/ros2_ws/install/microcdr/lib:/home/rasp/ros2_ws/install/micro_ros_msgs/lib:/home/rasp/ros2_ws/install/builtin_interfaces/lib:/opt/ros/jazzy/opt/rviz_ogre_vendor/lib:/opt/ros/jazzy/lib/x86_64-linux-gnu:/opt/ros/jazzy/opt/gz_math_vendor/lib:/opt/ros/jazzy/opt/gz_utils_vendor/lib:/opt/ros/jazzy/opt/gz_cmake_vendor/lib:/opt/ros/jazzy/lib PYTHONPATH=/home/rasp/ros2_ws/install/rosidl_typesupport_microxrcedds_cpp/lib/python3.12/site-packages:/home/rasp/ros2_ws/install/rosidl_typesupport_microxrcedds_c/lib/python3.12/site-packages:/home/rasp/ros2_ws/install/micro_ros_msgs/lib/python3.12/site-packages:/home/rasp/ros2_ws/install/builtin_interfaces/lib/python3.12/site-packages:/opt/ros/jazzy/lib/python3.12/site-packages /usr/bin/cmake --install /home/rasp/ros2_ws/build/rosidl_typesupport_microxrcedds_cpp_tests
[606.962s] Level 1:colcon.colcon_core.environment:checking '/home/rasp/ros2_ws/install/rosidl_typesupport_microxrcedds_cpp_tests' for CMake config files
[606.962s] Level 1:colcon.colcon_core.shell:create_environment_hook('rosidl_typesupport_microxrcedds_cpp_tests', 'cmake_prefix_path')
[606.963s] INFO:colcon.colcon_core.shell:Creating environment hook '/home/rasp/ros2_ws/install/rosidl_typesupport_microxrcedds_cpp_tests/share/rosidl_typesupport_microxrcedds_cpp_tests/hook/cmake_prefix_path.ps1'
[606.963s] INFO:colcon.colcon_core.shell:Creating environment descriptor '/home/rasp/ros2_ws/install/rosidl_typesupport_microxrcedds_cpp_tests/share/rosidl_typesupport_microxrcedds_cpp_tests/hook/cmake_prefix_path.dsv'
[606.963s] INFO:colcon.colcon_core.shell:Creating environment hook '/home/rasp/ros2_ws/install/rosidl_typesupport_microxrcedds_cpp_tests/share/rosidl_typesupport_microxrcedds_cpp_tests/hook/cmake_prefix_path.sh'
[606.964s] Level 1:colcon.colcon_core.environment:checking '/home/rasp/ros2_ws/install/rosidl_typesupport_microxrcedds_cpp_tests/bin'
[606.964s] Level 1:colcon.colcon_core.environment:checking '/home/rasp/ros2_ws/install/rosidl_typesupport_microxrcedds_cpp_tests/lib/pkgconfig/rosidl_typesupport_microxrcedds_cpp_tests.pc'
[606.964s] Level 1:colcon.colcon_core.environment:checking '/home/rasp/ros2_ws/install/rosidl_typesupport_microxrcedds_cpp_tests/lib/python3.12/site-packages'
[606.964s] Level 1:colcon.colcon_core.environment:checking '/home/rasp/ros2_ws/install/rosidl_typesupport_microxrcedds_cpp_tests/bin'
[606.965s] INFO:colcon.colcon_core.shell:Creating package script '/home/rasp/ros2_ws/install/rosidl_typesupport_microxrcedds_cpp_tests/share/rosidl_typesupport_microxrcedds_cpp_tests/package.ps1'
[606.965s] INFO:colcon.colcon_core.shell:Creating package descriptor '/home/rasp/ros2_ws/install/rosidl_typesupport_microxrcedds_cpp_tests/share/rosidl_typesupport_microxrcedds_cpp_tests/package.dsv'
[606.966s] INFO:colcon.colcon_core.shell:Creating package script '/home/rasp/ros2_ws/install/rosidl_typesupport_microxrcedds_cpp_tests/share/rosidl_typesupport_microxrcedds_cpp_tests/package.sh'
[606.966s] INFO:colcon.colcon_core.shell:Creating package script '/home/rasp/ros2_ws/install/rosidl_typesupport_microxrcedds_cpp_tests/share/rosidl_typesupport_microxrcedds_cpp_tests/package.bash'
[606.966s] INFO:colcon.colcon_core.shell:Creating package script '/home/rasp/ros2_ws/install/rosidl_typesupport_microxrcedds_cpp_tests/share/rosidl_typesupport_microxrcedds_cpp_tests/package.zsh'
[606.967s] Level 1:colcon.colcon_core.environment:create_file_with_runtime_dependencies(/home/rasp/ros2_ws/install/rosidl_typesupport_microxrcedds_cpp_tests/share/colcon-core/packages/rosidl_typesupport_microxrcedds_cpp_tests)
[606.967s] Level 1:colcon.colcon_core.environment:create_environment_scripts_only(rosidl_typesupport_microxrcedds_cpp_tests)
[606.967s] Level 1:colcon.colcon_core.environment:checking '/home/rasp/ros2_ws/install/rosidl_typesupport_microxrcedds_cpp_tests' for CMake module files
[606.968s] Level 1:colcon.colcon_core.environment:checking '/home/rasp/ros2_ws/install/rosidl_typesupport_microxrcedds_cpp_tests' for CMake config files
[606.968s] Level 1:colcon.colcon_core.shell:create_environment_hook('rosidl_typesupport_microxrcedds_cpp_tests', 'cmake_prefix_path')
[606.968s] INFO:colcon.colcon_core.shell:Creating environment hook '/home/rasp/ros2_ws/install/rosidl_typesupport_microxrcedds_cpp_tests/share/rosidl_typesupport_microxrcedds_cpp_tests/hook/cmake_prefix_path.ps1'
[606.969s] INFO:colcon.colcon_core.shell:Creating environment descriptor '/home/rasp/ros2_ws/install/rosidl_typesupport_microxrcedds_cpp_tests/share/rosidl_typesupport_microxrcedds_cpp_tests/hook/cmake_prefix_path.dsv'
[606.969s] INFO:colcon.colcon_core.shell:Creating environment hook '/home/rasp/ros2_ws/install/rosidl_typesupport_microxrcedds_cpp_tests/share/rosidl_typesupport_microxrcedds_cpp_tests/hook/cmake_prefix_path.sh'
[606.970s] Level 1:colcon.colcon_core.environment:checking '/home/rasp/ros2_ws/install/rosidl_typesupport_microxrcedds_cpp_tests/bin'
[606.970s] Level 1:colcon.colcon_core.environment:checking '/home/rasp/ros2_ws/install/rosidl_typesupport_microxrcedds_cpp_tests/lib/pkgconfig/rosidl_typesupport_microxrcedds_cpp_tests.pc'
[606.970s] Level 1:colcon.colcon_core.environment:checking '/home/rasp/ros2_ws/install/rosidl_typesupport_microxrcedds_cpp_tests/lib/python3.12/site-packages'
[606.970s] Level 1:colcon.colcon_core.environment:checking '/home/rasp/ros2_ws/install/rosidl_typesupport_microxrcedds_cpp_tests/bin'
[606.971s] INFO:colcon.colcon_core.shell:Creating package script '/home/rasp/ros2_ws/install/rosidl_typesupport_microxrcedds_cpp_tests/share/rosidl_typesupport_microxrcedds_cpp_tests/package.ps1'
[606.971s] INFO:colcon.colcon_core.shell:Creating package descriptor '/home/rasp/ros2_ws/install/rosidl_typesupport_microxrcedds_cpp_tests/share/rosidl_typesupport_microxrcedds_cpp_tests/package.dsv'
[606.972s] INFO:colcon.colcon_core.shell:Creating package script '/home/rasp/ros2_ws/install/rosidl_typesupport_microxrcedds_cpp_tests/share/rosidl_typesupport_microxrcedds_cpp_tests/package.sh'
[606.972s] INFO:colcon.colcon_core.shell:Creating package script '/home/rasp/ros2_ws/install/rosidl_typesupport_microxrcedds_cpp_tests/share/rosidl_typesupport_microxrcedds_cpp_tests/package.bash'
[606.973s] INFO:colcon.colcon_core.shell:Creating package script '/home/rasp/ros2_ws/install/rosidl_typesupport_microxrcedds_cpp_tests/share/rosidl_typesupport_microxrcedds_cpp_tests/package.zsh'
[606.973s] Level 1:colcon.colcon_core.environment:create_file_with_runtime_dependencies(/home/rasp/ros2_ws/install/rosidl_typesupport_microxrcedds_cpp_tests/share/colcon-core/packages/rosidl_typesupport_microxrcedds_cpp_tests)
[623.216s] DEBUG:colcon.colcon_core.event_handler.log_command:Invoked command in '/home/rasp/ros2_ws/build/micro_ros_demos_rclc' returned '0': AMENT_PREFIX_PATH=/home/rasp/ros2_ws/install/visualization_msgs:/home/rasp/ros2_ws/install/sensor_msgs:/home/rasp/ros2_ws/install/rmw_microxrcedds:/home/rasp/ros2_ws/install/rclc_parameter:/home/rasp/ros2_ws/install/rclc:/home/rasp/ros2_ws/install/geometry_msgs:/home/rasp/ros2_ws/install/test_msgs:/home/rasp/ros2_ws/install/std_msgs:/home/rasp/ros2_ws/install/rcl_interfaces:/home/rasp/ros2_ws/install/complex_msgs:/home/rasp/ros2_ws/install/test_interface_files:/home/rasp/ros2_ws/install/micro_ros_utilities:/home/rasp/ros2_ws/install/micro_ros_msgs:/home/rasp/ros2_ws/install/example_interfaces:/home/rasp/ros2_ws/install/builtin_interfaces:${AMENT_PREFIX_PATH} CMAKE_PREFIX_PATH=/home/rasp/ros2_ws/install/visualization_msgs:/home/rasp/ros2_ws/install/sensor_msgs:/home/rasp/ros2_ws/install/rmw_microxrcedds:/home/rasp/ros2_ws/install/rclc_parameter:/home/rasp/ros2_ws/install/rosidl_typesupport_microxrcedds_cpp:/home/rasp/ros2_ws/install/rclc:/home/rasp/ros2_ws/install/geometry_msgs:/home/rasp/ros2_ws/install/test_msgs:/home/rasp/ros2_ws/install/std_msgs:/home/rasp/ros2_ws/install/rosidl_typesupport_microxrcedds_c:/home/rasp/ros2_ws/install/rcl_interfaces:/home/rasp/ros2_ws/install/microxrcedds_client:/home/rasp/ros2_ws/install/complex_msgs:/home/rasp/ros2_ws/install/test_interface_files:/home/rasp/ros2_ws/install/microcdr:/home/rasp/ros2_ws/install/micro_ros_utilities:/home/rasp/ros2_ws/install/micro_ros_msgs:/home/rasp/ros2_ws/install/example_interfaces:/home/rasp/ros2_ws/install/builtin_interfaces:/home/rasp/ros2_ws/install/micro_ros_setup:/opt/ros/jazzy/opt/gz_math_vendor:/opt/ros/jazzy/opt/gz_utils_vendor:/opt/ros/jazzy/opt/gz_cmake_vendor:/opt/ros/jazzy DEBUGINFOD_URLS=https://debuginfod.ubuntu.com LD_LIBRARY_PATH=/home/rasp/ros2_ws/install/visualization_msgs/lib:/home/rasp/ros2_ws/install/sensor_msgs/lib:/home/rasp/ros2_ws/install/rmw_microxrcedds/lib:/home/rasp/ros2_ws/install/rclc_parameter/lib:/home/rasp/ros2_ws/install/rosidl_typesupport_microxrcedds_cpp/lib:/home/rasp/ros2_ws/install/rclc/lib:/home/rasp/ros2_ws/install/geometry_msgs/lib:/home/rasp/ros2_ws/install/test_msgs/lib:/home/rasp/ros2_ws/install/std_msgs/lib:/home/rasp/ros2_ws/install/rosidl_typesupport_microxrcedds_c/lib:/home/rasp/ros2_ws/install/rcl_interfaces/lib:/home/rasp/ros2_ws/install/microxrcedds_client/lib:/home/rasp/ros2_ws/install/complex_msgs/lib:/home/rasp/ros2_ws/install/microcdr/lib:/home/rasp/ros2_ws/install/micro_ros_utilities/lib:/home/rasp/ros2_ws/install/micro_ros_msgs/lib:/home/rasp/ros2_ws/install/example_interfaces/lib:/home/rasp/ros2_ws/install/builtin_interfaces/lib:/opt/ros/jazzy/opt/rviz_ogre_vendor/lib:/opt/ros/jazzy/lib/x86_64-linux-gnu:/opt/ros/jazzy/opt/gz_math_vendor/lib:/opt/ros/jazzy/opt/gz_utils_vendor/lib:/opt/ros/jazzy/opt/gz_cmake_vendor/lib:/opt/ros/jazzy/lib PYTHONPATH=/home/rasp/ros2_ws/install/visualization_msgs/lib/python3.12/site-packages:/home/rasp/ros2_ws/install/sensor_msgs/lib/python3.12/site-packages:/home/rasp/ros2_ws/install/rosidl_typesupport_microxrcedds_cpp/lib/python3.12/site-packages:/home/rasp/ros2_ws/install/geometry_msgs/lib/python3.12/site-packages:/home/rasp/ros2_ws/install/test_msgs/lib/python3.12/site-packages:/home/rasp/ros2_ws/install/std_msgs/lib/python3.12/site-packages:/home/rasp/ros2_ws/install/rosidl_typesupport_microxrcedds_c/lib/python3.12/site-packages:/home/rasp/ros2_ws/install/rcl_interfaces/lib/python3.12/site-packages:/home/rasp/ros2_ws/install/complex_msgs/lib/python3.12/site-packages:/home/rasp/ros2_ws/install/micro_ros_msgs/lib/python3.12/site-packages:/home/rasp/ros2_ws/install/example_interfaces/lib/python3.12/site-packages:/home/rasp/ros2_ws/install/builtin_interfaces/lib/python3.12/site-packages:/opt/ros/jazzy/lib/python3.12/site-packages /usr/bin/cmake --build /home/rasp/ros2_ws/build/micro_ros_demos_rclc -- -j2 -l2
[623.217s] DEBUG:colcon.colcon_core.event_handler.log_command:Invoking command in '/home/rasp/ros2_ws/build/micro_ros_demos_rclc': AMENT_PREFIX_PATH=/home/rasp/ros2_ws/install/visualization_msgs:/home/rasp/ros2_ws/install/sensor_msgs:/home/rasp/ros2_ws/install/rmw_microxrcedds:/home/rasp/ros2_ws/install/rclc_parameter:/home/rasp/ros2_ws/install/rclc:/home/rasp/ros2_ws/install/geometry_msgs:/home/rasp/ros2_ws/install/test_msgs:/home/rasp/ros2_ws/install/std_msgs:/home/rasp/ros2_ws/install/rcl_interfaces:/home/rasp/ros2_ws/install/complex_msgs:/home/rasp/ros2_ws/install/test_interface_files:/home/rasp/ros2_ws/install/micro_ros_utilities:/home/rasp/ros2_ws/install/micro_ros_msgs:/home/rasp/ros2_ws/install/example_interfaces:/home/rasp/ros2_ws/install/builtin_interfaces:${AMENT_PREFIX_PATH} CMAKE_PREFIX_PATH=/home/rasp/ros2_ws/install/visualization_msgs:/home/rasp/ros2_ws/install/sensor_msgs:/home/rasp/ros2_ws/install/rmw_microxrcedds:/home/rasp/ros2_ws/install/rclc_parameter:/home/rasp/ros2_ws/install/rosidl_typesupport_microxrcedds_cpp:/home/rasp/ros2_ws/install/rclc:/home/rasp/ros2_ws/install/geometry_msgs:/home/rasp/ros2_ws/install/test_msgs:/home/rasp/ros2_ws/install/std_msgs:/home/rasp/ros2_ws/install/rosidl_typesupport_microxrcedds_c:/home/rasp/ros2_ws/install/rcl_interfaces:/home/rasp/ros2_ws/install/microxrcedds_client:/home/rasp/ros2_ws/install/complex_msgs:/home/rasp/ros2_ws/install/test_interface_files:/home/rasp/ros2_ws/install/microcdr:/home/rasp/ros2_ws/install/micro_ros_utilities:/home/rasp/ros2_ws/install/micro_ros_msgs:/home/rasp/ros2_ws/install/example_interfaces:/home/rasp/ros2_ws/install/builtin_interfaces:/home/rasp/ros2_ws/install/micro_ros_setup:/opt/ros/jazzy/opt/gz_math_vendor:/opt/ros/jazzy/opt/gz_utils_vendor:/opt/ros/jazzy/opt/gz_cmake_vendor:/opt/ros/jazzy DEBUGINFOD_URLS=https://debuginfod.ubuntu.com LD_LIBRARY_PATH=/home/rasp/ros2_ws/install/visualization_msgs/lib:/home/rasp/ros2_ws/install/sensor_msgs/lib:/home/rasp/ros2_ws/install/rmw_microxrcedds/lib:/home/rasp/ros2_ws/install/rclc_parameter/lib:/home/rasp/ros2_ws/install/rosidl_typesupport_microxrcedds_cpp/lib:/home/rasp/ros2_ws/install/rclc/lib:/home/rasp/ros2_ws/install/geometry_msgs/lib:/home/rasp/ros2_ws/install/test_msgs/lib:/home/rasp/ros2_ws/install/std_msgs/lib:/home/rasp/ros2_ws/install/rosidl_typesupport_microxrcedds_c/lib:/home/rasp/ros2_ws/install/rcl_interfaces/lib:/home/rasp/ros2_ws/install/microxrcedds_client/lib:/home/rasp/ros2_ws/install/complex_msgs/lib:/home/rasp/ros2_ws/install/microcdr/lib:/home/rasp/ros2_ws/install/micro_ros_utilities/lib:/home/rasp/ros2_ws/install/micro_ros_msgs/lib:/home/rasp/ros2_ws/install/example_interfaces/lib:/home/rasp/ros2_ws/install/builtin_interfaces/lib:/opt/ros/jazzy/opt/rviz_ogre_vendor/lib:/opt/ros/jazzy/lib/x86_64-linux-gnu:/opt/ros/jazzy/opt/gz_math_vendor/lib:/opt/ros/jazzy/opt/gz_utils_vendor/lib:/opt/ros/jazzy/opt/gz_cmake_vendor/lib:/opt/ros/jazzy/lib PYTHONPATH=/home/rasp/ros2_ws/install/visualization_msgs/lib/python3.12/site-packages:/home/rasp/ros2_ws/install/sensor_msgs/lib/python3.12/site-packages:/home/rasp/ros2_ws/install/rosidl_typesupport_microxrcedds_cpp/lib/python3.12/site-packages:/home/rasp/ros2_ws/install/geometry_msgs/lib/python3.12/site-packages:/home/rasp/ros2_ws/install/test_msgs/lib/python3.12/site-packages:/home/rasp/ros2_ws/install/std_msgs/lib/python3.12/site-packages:/home/rasp/ros2_ws/install/rosidl_typesupport_microxrcedds_c/lib/python3.12/site-packages:/home/rasp/ros2_ws/install/rcl_interfaces/lib/python3.12/site-packages:/home/rasp/ros2_ws/install/complex_msgs/lib/python3.12/site-packages:/home/rasp/ros2_ws/install/micro_ros_msgs/lib/python3.12/site-packages:/home/rasp/ros2_ws/install/example_interfaces/lib/python3.12/site-packages:/home/rasp/ros2_ws/install/builtin_interfaces/lib/python3.12/site-packages:/opt/ros/jazzy/lib/python3.12/site-packages /usr/bin/cmake --install /home/rasp/ros2_ws/build/micro_ros_demos_rclc
[623.246s] Level 1:colcon.colcon_core.environment:create_environment_scripts_only(micro_ros_demos_rclc)
[623.246s] Level 1:colcon.colcon_core.environment:checking '/home/rasp/ros2_ws/install/micro_ros_demos_rclc' for CMake module files
[623.247s] DEBUG:colcon.colcon_core.event_handler.log_command:Invoked command in '/home/rasp/ros2_ws/build/micro_ros_demos_rclc' returned '0': AMENT_PREFIX_PATH=/home/rasp/ros2_ws/install/visualization_msgs:/home/rasp/ros2_ws/install/sensor_msgs:/home/rasp/ros2_ws/install/rmw_microxrcedds:/home/rasp/ros2_ws/install/rclc_parameter:/home/rasp/ros2_ws/install/rclc:/home/rasp/ros2_ws/install/geometry_msgs:/home/rasp/ros2_ws/install/test_msgs:/home/rasp/ros2_ws/install/std_msgs:/home/rasp/ros2_ws/install/rcl_interfaces:/home/rasp/ros2_ws/install/complex_msgs:/home/rasp/ros2_ws/install/test_interface_files:/home/rasp/ros2_ws/install/micro_ros_utilities:/home/rasp/ros2_ws/install/micro_ros_msgs:/home/rasp/ros2_ws/install/example_interfaces:/home/rasp/ros2_ws/install/builtin_interfaces:${AMENT_PREFIX_PATH} CMAKE_PREFIX_PATH=/home/rasp/ros2_ws/install/visualization_msgs:/home/rasp/ros2_ws/install/sensor_msgs:/home/rasp/ros2_ws/install/rmw_microxrcedds:/home/rasp/ros2_ws/install/rclc_parameter:/home/rasp/ros2_ws/install/rosidl_typesupport_microxrcedds_cpp:/home/rasp/ros2_ws/install/rclc:/home/rasp/ros2_ws/install/geometry_msgs:/home/rasp/ros2_ws/install/test_msgs:/home/rasp/ros2_ws/install/std_msgs:/home/rasp/ros2_ws/install/rosidl_typesupport_microxrcedds_c:/home/rasp/ros2_ws/install/rcl_interfaces:/home/rasp/ros2_ws/install/microxrcedds_client:/home/rasp/ros2_ws/install/complex_msgs:/home/rasp/ros2_ws/install/test_interface_files:/home/rasp/ros2_ws/install/microcdr:/home/rasp/ros2_ws/install/micro_ros_utilities:/home/rasp/ros2_ws/install/micro_ros_msgs:/home/rasp/ros2_ws/install/example_interfaces:/home/rasp/ros2_ws/install/builtin_interfaces:/home/rasp/ros2_ws/install/micro_ros_setup:/opt/ros/jazzy/opt/gz_math_vendor:/opt/ros/jazzy/opt/gz_utils_vendor:/opt/ros/jazzy/opt/gz_cmake_vendor:/opt/ros/jazzy DEBUGINFOD_URLS=https://debuginfod.ubuntu.com LD_LIBRARY_PATH=/home/rasp/ros2_ws/install/visualization_msgs/lib:/home/rasp/ros2_ws/install/sensor_msgs/lib:/home/rasp/ros2_ws/install/rmw_microxrcedds/lib:/home/rasp/ros2_ws/install/rclc_parameter/lib:/home/rasp/ros2_ws/install/rosidl_typesupport_microxrcedds_cpp/lib:/home/rasp/ros2_ws/install/rclc/lib:/home/rasp/ros2_ws/install/geometry_msgs/lib:/home/rasp/ros2_ws/install/test_msgs/lib:/home/rasp/ros2_ws/install/std_msgs/lib:/home/rasp/ros2_ws/install/rosidl_typesupport_microxrcedds_c/lib:/home/rasp/ros2_ws/install/rcl_interfaces/lib:/home/rasp/ros2_ws/install/microxrcedds_client/lib:/home/rasp/ros2_ws/install/complex_msgs/lib:/home/rasp/ros2_ws/install/microcdr/lib:/home/rasp/ros2_ws/install/micro_ros_utilities/lib:/home/rasp/ros2_ws/install/micro_ros_msgs/lib:/home/rasp/ros2_ws/install/example_interfaces/lib:/home/rasp/ros2_ws/install/builtin_interfaces/lib:/opt/ros/jazzy/opt/rviz_ogre_vendor/lib:/opt/ros/jazzy/lib/x86_64-linux-gnu:/opt/ros/jazzy/opt/gz_math_vendor/lib:/opt/ros/jazzy/opt/gz_utils_vendor/lib:/opt/ros/jazzy/opt/gz_cmake_vendor/lib:/opt/ros/jazzy/lib PYTHONPATH=/home/rasp/ros2_ws/install/visualization_msgs/lib/python3.12/site-packages:/home/rasp/ros2_ws/install/sensor_msgs/lib/python3.12/site-packages:/home/rasp/ros2_ws/install/rosidl_typesupport_microxrcedds_cpp/lib/python3.12/site-packages:/home/rasp/ros2_ws/install/geometry_msgs/lib/python3.12/site-packages:/home/rasp/ros2_ws/install/test_msgs/lib/python3.12/site-packages:/home/rasp/ros2_ws/install/std_msgs/lib/python3.12/site-packages:/home/rasp/ros2_ws/install/rosidl_typesupport_microxrcedds_c/lib/python3.12/site-packages:/home/rasp/ros2_ws/install/rcl_interfaces/lib/python3.12/site-packages:/home/rasp/ros2_ws/install/complex_msgs/lib/python3.12/site-packages:/home/rasp/ros2_ws/install/micro_ros_msgs/lib/python3.12/site-packages:/home/rasp/ros2_ws/install/example_interfaces/lib/python3.12/site-packages:/home/rasp/ros2_ws/install/builtin_interfaces/lib/python3.12/site-packages:/opt/ros/jazzy/lib/python3.12/site-packages /usr/bin/cmake --install /home/rasp/ros2_ws/build/micro_ros_demos_rclc
[623.248s] Level 1:colcon.colcon_core.environment:checking '/home/rasp/ros2_ws/install/micro_ros_demos_rclc' for CMake config files
[623.248s] Level 1:colcon.colcon_core.shell:create_environment_hook('micro_ros_demos_rclc', 'cmake_prefix_path')
[623.249s] INFO:colcon.colcon_core.shell:Creating environment hook '/home/rasp/ros2_ws/install/micro_ros_demos_rclc/share/micro_ros_demos_rclc/hook/cmake_prefix_path.ps1'
[623.249s] INFO:colcon.colcon_core.shell:Creating environment descriptor '/home/rasp/ros2_ws/install/micro_ros_demos_rclc/share/micro_ros_demos_rclc/hook/cmake_prefix_path.dsv'
[623.249s] INFO:colcon.colcon_core.shell:Creating environment hook '/home/rasp/ros2_ws/install/micro_ros_demos_rclc/share/micro_ros_demos_rclc/hook/cmake_prefix_path.sh'
[623.250s] Level 1:colcon.colcon_core.environment:checking '/home/rasp/ros2_ws/install/micro_ros_demos_rclc/lib'
[623.250s] Level 1:colcon.colcon_core.environment:checking '/home/rasp/ros2_ws/install/micro_ros_demos_rclc/bin'
[623.250s] Level 1:colcon.colcon_core.environment:checking '/home/rasp/ros2_ws/install/micro_ros_demos_rclc/lib/pkgconfig/micro_ros_demos_rclc.pc'
[623.250s] Level 1:colcon.colcon_core.environment:checking '/home/rasp/ros2_ws/install/micro_ros_demos_rclc/lib/python3.12/site-packages'
[623.250s] Level 1:colcon.colcon_core.environment:checking '/home/rasp/ros2_ws/install/micro_ros_demos_rclc/bin'
[623.251s] INFO:colcon.colcon_core.shell:Creating package script '/home/rasp/ros2_ws/install/micro_ros_demos_rclc/share/micro_ros_demos_rclc/package.ps1'
[623.251s] INFO:colcon.colcon_core.shell:Creating package descriptor '/home/rasp/ros2_ws/install/micro_ros_demos_rclc/share/micro_ros_demos_rclc/package.dsv'
[623.252s] INFO:colcon.colcon_core.shell:Creating package script '/home/rasp/ros2_ws/install/micro_ros_demos_rclc/share/micro_ros_demos_rclc/package.sh'
[623.252s] INFO:colcon.colcon_core.shell:Creating package script '/home/rasp/ros2_ws/install/micro_ros_demos_rclc/share/micro_ros_demos_rclc/package.bash'
[623.252s] INFO:colcon.colcon_core.shell:Creating package script '/home/rasp/ros2_ws/install/micro_ros_demos_rclc/share/micro_ros_demos_rclc/package.zsh'
[623.252s] Level 1:colcon.colcon_core.environment:create_file_with_runtime_dependencies(/home/rasp/ros2_ws/install/micro_ros_demos_rclc/share/colcon-core/packages/micro_ros_demos_rclc)
[623.253s] Level 1:colcon.colcon_core.environment:create_environment_scripts_only(micro_ros_demos_rclc)
[623.253s] Level 1:colcon.colcon_core.environment:checking '/home/rasp/ros2_ws/install/micro_ros_demos_rclc' for CMake module files
[623.254s] Level 1:colcon.colcon_core.environment:checking '/home/rasp/ros2_ws/install/micro_ros_demos_rclc' for CMake config files
[623.254s] Level 1:colcon.colcon_core.shell:create_environment_hook('micro_ros_demos_rclc', 'cmake_prefix_path')
[623.255s] INFO:colcon.colcon_core.shell:Creating environment hook '/home/rasp/ros2_ws/install/micro_ros_demos_rclc/share/micro_ros_demos_rclc/hook/cmake_prefix_path.ps1'
[623.255s] INFO:colcon.colcon_core.shell:Creating environment descriptor '/home/rasp/ros2_ws/install/micro_ros_demos_rclc/share/micro_ros_demos_rclc/hook/cmake_prefix_path.dsv'
[623.256s] INFO:colcon.colcon_core.shell:Creating environment hook '/home/rasp/ros2_ws/install/micro_ros_demos_rclc/share/micro_ros_demos_rclc/hook/cmake_prefix_path.sh'
[623.256s] Level 1:colcon.colcon_core.environment:checking '/home/rasp/ros2_ws/install/micro_ros_demos_rclc/lib'
[623.256s] Level 1:colcon.colcon_core.environment:checking '/home/rasp/ros2_ws/install/micro_ros_demos_rclc/bin'
[623.257s] Level 1:colcon.colcon_core.environment:checking '/home/rasp/ros2_ws/install/micro_ros_demos_rclc/lib/pkgconfig/micro_ros_demos_rclc.pc'
[623.257s] Level 1:colcon.colcon_core.environment:checking '/home/rasp/ros2_ws/install/micro_ros_demos_rclc/lib/python3.12/site-packages'
[623.257s] Level 1:colcon.colcon_core.environment:checking '/home/rasp/ros2_ws/install/micro_ros_demos_rclc/bin'
[623.257s] INFO:colcon.colcon_core.shell:Creating package script '/home/rasp/ros2_ws/install/micro_ros_demos_rclc/share/micro_ros_demos_rclc/package.ps1'
[623.257s] INFO:colcon.colcon_core.shell:Creating package descriptor '/home/rasp/ros2_ws/install/micro_ros_demos_rclc/share/micro_ros_demos_rclc/package.dsv'
[623.258s] INFO:colcon.colcon_core.shell:Creating package script '/home/rasp/ros2_ws/install/micro_ros_demos_rclc/share/micro_ros_demos_rclc/package.sh'
[623.258s] INFO:colcon.colcon_core.shell:Creating package script '/home/rasp/ros2_ws/install/micro_ros_demos_rclc/share/micro_ros_demos_rclc/package.bash'
[623.259s] INFO:colcon.colcon_core.shell:Creating package script '/home/rasp/ros2_ws/install/micro_ros_demos_rclc/share/micro_ros_demos_rclc/package.zsh'
[623.259s] Level 1:colcon.colcon_core.environment:create_file_with_runtime_dependencies(/home/rasp/ros2_ws/install/micro_ros_demos_rclc/share/colcon-core/packages/micro_ros_demos_rclc)
[623.260s] DEBUG:colcon.colcon_parallel_executor.executor.parallel:closing loop
[623.260s] DEBUG:colcon.colcon_parallel_executor.executor.parallel:loop closed
[623.261s] DEBUG:colcon.colcon_parallel_executor.executor.parallel:run_until_complete finished with '0'
[623.261s] DEBUG:colcon.colcon_core.event_reactor:joining thread
[623.279s] INFO:colcon.colcon_core.plugin_system:Skipping extension 'colcon_notification.desktop_notification.terminal_notifier': Not used on non-Darwin systems
[623.279s] INFO:colcon.colcon_core.plugin_system:Skipping extension 'colcon_notification.desktop_notification.win32': Not used on non-Windows systems
[623.279s] INFO:colcon.colcon_notification.desktop_notification:Sending desktop notification using 'notify2'
[623.301s] DEBUG:colcon.colcon_core.event_reactor:joined thread
[623.301s] INFO:colcon.colcon_core.shell:Creating prefix script '/home/rasp/ros2_ws/install/local_setup.ps1'
[623.302s] INFO:colcon.colcon_core.shell:Creating prefix util module '/home/rasp/ros2_ws/install/_local_setup_util_ps1.py'
[623.304s] INFO:colcon.colcon_core.shell:Creating prefix chain script '/home/rasp/ros2_ws/install/setup.ps1'
[623.306s] INFO:colcon.colcon_core.shell:Creating prefix script '/home/rasp/ros2_ws/install/local_setup.sh'
[623.307s] INFO:colcon.colcon_core.shell:Creating prefix util module '/home/rasp/ros2_ws/install/_local_setup_util_sh.py'
[623.307s] INFO:colcon.colcon_core.shell:Creating prefix chain script '/home/rasp/ros2_ws/install/setup.sh'
[623.309s] INFO:colcon.colcon_core.shell:Creating prefix script '/home/rasp/ros2_ws/install/local_setup.bash'
[623.310s] INFO:colcon.colcon_core.shell:Creating prefix chain script '/home/rasp/ros2_ws/install/setup.bash'
[623.311s] INFO:colcon.colcon_core.shell:Creating prefix script '/home/rasp/ros2_ws/install/local_setup.zsh'
[623.313s] INFO:colcon.colcon_core.shell:Creating prefix chain script '/home/rasp/ros2_ws/install/setup.zsh'
